{
  "originalSymbol": "RENDER",
  "originalFullName": "Render",
  "searchedQuery": "RENDER Render",
  "retried": false,
  "isL1": false,
  "success": true,
  "tokenCount": 15,
  "resultCount": 5635,
  "tokens": [
    {
      "address": "0xc5f0f7b66764f6ec8c8dff7ba683102295e16409",
      "chainId": 56,
      "decimals": 18,
      "name": "First Digital USD",
      "symbol": "FDUSD",
      "type": "ERC20",
      "hasLogo": true,
      "blockListsCount": 0,
      "exchangeListsCount": 0,
      "flagListsCount": 0,
      "importedListsCount": 1,
      "buyTax": 0,
      "sellTax": 0,
      "isInDex": true,
      "isHoneypot": false,
      "manualUnblock": false,
      "transactionsHourly": 1,
      "transactionsDaily": 7,
      "transactionsWeekly": 46,
      "transactionsMonthly": 208,
      "volumeUsdDaily": 56793.783805309366,
      "volumeUsdWeekly": 66844.494901117,
      "volumeUsdMonthly": 94481.0709764308,
      "logo": "https://matcha-image-proxy.api.0x.org/images/56/0xc5f0f7b66764f6ec8c8dff7ba683102295e16409"
    },
    {
      "address": "0x6de037ef9ad2725eb40118bb1702ebb27e4aeb24",
      "chainId": 1,
      "decimals": 18,
      "name": "Render Token",
      "symbol": "RNDR",
      "type": "ERC20",
      "hasLogo": true,
      "blockListsCount": 0,
      "exchangeListsCount": 1,
      "flagListsCount": 0,
      "importedListsCount": 4,
      "buyTax": 0,
      "sellTax": 0,
      "isInDex": true,
      "isHoneypot": false,
      "manualUnblock": false,
      "transactionsHourly": 1,
      "transactionsDaily": 21,
      "transactionsWeekly": 122,
      "transactionsMonthly": 525,
      "volumeUsdHourly": 29.9682265388719,
      "volumeUsdDaily": 12424.840117424455,
      "volumeUsdWeekly": 55380.4512578307,
      "volumeUsdMonthly": 363081.6206207684,
      "logo": "https://matcha-image-proxy.api.0x.org/images/1/0x6de037ef9ad2725eb40118bb1702ebb27e4aeb24"
    },
    {
      "address": "0x64f1e447f569a9b2bc9d41817f0c3f1dfbd74848",
      "chainId": 8453,
      "decimals": 18,
      "name": "Render (RENDER)",
      "symbol": "Render (RENDER)",
      "type": "ERC20",
      "issuer": {
        "name": "zora",
        "metadata": {}
      },
      "blockListsCount": 0,
      "exchangeListsCount": 0,
      "flagListsCount": 0,
      "importedListsCount": 0,
      "logo": "https://matcha-image-proxy.api.0x.org/images/8453/0x64f1e447f569a9b2bc9d41817f0c3f1dfbd74848"
    },
    {
      "address": "0xe5e0d818ec1cebdb8333e0226485959cc64a6748",
      "chainId": 8453,
      "decimals": 18,
      "name": "Render #RENDER",
      "symbol": "Render #RENDER",
      "type": "ERC20",
      "issuer": {
        "name": "zora",
        "metadata": {}
      },
      "blockListsCount": 0,
      "exchangeListsCount": 0,
      "flagListsCount": 0,
      "importedListsCount": 0,
      "logo": "https://matcha-image-proxy.api.0x.org/images/8453/0xe5e0d818ec1cebdb8333e0226485959cc64a6748"
    },
    {
      "address": "0xfac7d1e71efc2ab9db8c54fb84e3d14cc097f633",
      "chainId": 8453,
      "decimals": 18,
      "name": "What is Render (RENDER)?...",
      "symbol": "What is Render (RENDER)?...",
      "type": "ERC20",
      "issuer": {
        "name": "zora",
        "metadata": {}
      },
      "blockListsCount": 0,
      "exchangeListsCount": 0,
      "flagListsCount": 0,
      "importedListsCount": 0,
      "buyTax": 0,
      "sellTax": 0,
      "isInDex": true,
      "isHoneypot": false,
      "logo": "https://matcha-image-proxy.api.0x.org/images/8453/0xfac7d1e71efc2ab9db8c54fb84e3d14cc097f633"
    },
    {
      "address": "rndrizKT3MK1iimdxRdWabcF7Zg7AR5T4nud4EkHBof",
      "chainId": 1399811149,
      "decimals": 8,
      "name": "Render Token",
      "symbol": "RENDER",
      "type": "SPL-Token",
      "blockListsCount": 0,
      "exchangeListsCount": 0,
      "flagListsCount": 0,
      "importedListsCount": 0,
      "isHoneypot": false,
      "transactionsDaily": 182,
      "transactionsWeekly": 182,
      "transactionsMonthly": 182,
      "volumeUsdDaily": 7796.14230438582,
      "volumeUsdWeekly": 7796.14230438582,
      "volumeUsdMonthly": 7796.14230438582,
      "logo": "https://matcha-image-proxy.api.0x.org/images/1399811149/rndrizKT3MK1iimdxRdWabcF7Zg7AR5T4nud4EkHBof"
    },
    {
      "address": "0x61299774020da444af134c82fa83e3810b309991",
      "chainId": 137,
      "decimals": 18,
      "name": "Render Token",
      "symbol": "RNDR",
      "type": "ERC20",
      "hasLogo": true,
      "blockListsCount": 0,
      "exchangeListsCount": 0,
      "flagListsCount": 0,
      "importedListsCount": 1,
      "buyTax": 0,
      "sellTax": 0,
      "isInDex": true,
      "isHoneypot": false,
      "manualUnblock": false,
      "transactionsHourly": 1,
      "transactionsDaily": 5,
      "transactionsWeekly": 20,
      "transactionsMonthly": 126,
      "volumeUsdHourly": 38.3640839794459,
      "volumeUsdDaily": 106.15044520393344,
      "volumeUsdWeekly": 282.70943913434166,
      "volumeUsdMonthly": 2574.8908438475123,
      "logo": "https://matcha-image-proxy.api.0x.org/images/137/0x61299774020da444af134c82fa83e3810b309991"
    },
    {
      "address": "0x7ed9b6ac3bbf7c9b8d5a4dca5ff28b3172ddce2d",
      "chainId": 130,
      "decimals": 18,
      "name": "Render RENDER",
      "symbol": "Render RENDER",
      "type": "ERC20",
      "blockListsCount": 0,
      "exchangeListsCount": 0,
      "flagListsCount": 0,
      "importedListsCount": 0,
      "logo": "https://matcha-image-proxy.api.0x.org/images/130/0x7ed9b6ac3bbf7c9b8d5a4dca5ff28b3172ddce2d"
    },
    {
      "address": "0x17dbd556047098bca965b51de180d3a8023deff1",
      "chainId": 130,
      "decimals": 18,
      "name": "Render RENDER",
      "symbol": "Render RENDER",
      "type": "ERC20",
      "blockListsCount": 0,
      "exchangeListsCount": 0,
      "flagListsCount": 0,
      "importedListsCount": 0,
      "logo": "https://matcha-image-proxy.api.0x.org/images/130/0x17dbd556047098bca965b51de180d3a8023deff1"
    },
    {
      "address": "0xe9e73456020c4a0e8b1fe13925d7efb897585dcf",
      "chainId": 130,
      "decimals": 18,
      "name": "Render RENDER",
      "symbol": "Render RENDER",
      "type": "ERC20",
      "blockListsCount": 0,
      "exchangeListsCount": 0,
      "flagListsCount": 0,
      "importedListsCount": 0,
      "logo": "https://matcha-image-proxy.api.0x.org/images/130/0xe9e73456020c4a0e8b1fe13925d7efb897585dcf"
    },
    {
      "address": "0x7885e23f927d90a9a8b17e88bd4234404274fcde",
      "chainId": 8453,
      "decimals": 18,
      "name": "RENDER Render",
      "symbol": "RENDER Render",
      "type": "ERC20",
      "blockListsCount": 0,
      "exchangeListsCount": 0,
      "flagListsCount": 0,
      "importedListsCount": 0,
      "logo": "https://matcha-image-proxy.api.0x.org/images/8453/0x7885e23f927d90a9a8b17e88bd4234404274fcde"
    },
    {
      "address": "0xdfea2db7c97531bf62c9e5390981b77c1e1b403c",
      "chainId": 56,
      "decimals": 9,
      "name": "Render RENDER",
      "symbol": "RENDER RENDER",
      "type": "ERC20",
      "blockListsCount": 0,
      "exchangeListsCount": 0,
      "flagListsCount": 0,
      "importedListsCount": 0,
      "logo": "https://matcha-image-proxy.api.0x.org/images/56/0xdfea2db7c97531bf62c9e5390981b77c1e1b403c"
    },
    {
      "address": "0x051359190791f9d135298f92a206112bdeb19c54",
      "chainId": 8453,
      "decimals": 9,
      "name": "RENDER Render",
      "symbol": "RENDER Render",
      "type": "ERC20",
      "blockListsCount": 0,
      "exchangeListsCount": 0,
      "flagListsCount": 0,
      "importedListsCount": 0,
      "logo": "https://matcha-image-proxy.api.0x.org/images/8453/0x051359190791f9d135298f92a206112bdeb19c54"
    },
    {
      "address": "0x2fba35a8a4749b0e7490ecc1604d29e6acc71a30",
      "chainId": 130,
      "decimals": 18,
      "name": "Render RENDER",
      "symbol": "Render RENDER",
      "type": "ERC20",
      "blockListsCount": 0,
      "exchangeListsCount": 0,
      "flagListsCount": 0,
      "importedListsCount": 0,
      "logo": "https://matcha-image-proxy.api.0x.org/images/130/0x2fba35a8a4749b0e7490ecc1604d29e6acc71a30"
    },
    {
      "address": "0x4cd3092e0765c81088a586e7c5594670352c0afb",
      "chainId": 8453,
      "decimals": 18,
      "name": "Render RENDER coin",
      "symbol": "Render RENDER coin",
      "type": "ERC20",
      "blockListsCount": 0,
      "exchangeListsCount": 0,
      "flagListsCount": 0,
      "importedListsCount": 0,
      "buyTax": 0,
      "sellTax": 0,
      "isInDex": true,
      "isHoneypot": false,
      "logo": "https://matcha-image-proxy.api.0x.org/images/8453/0x4cd3092e0765c81088a586e7c5594670352c0afb"
    }
  ],
  "searchTime": "2025-12-30T01:58:26.228Z",
  "error": null
}