{
  "originalSymbol": "SUI",
  "originalFullName": "Sui",
  "searchedQuery": "SUI Sui",
  "retried": true,
  "isL1": true,
  "success": true,
  "tokenCount": 15,
  "resultCount": 10000,
  "tokens": [
    {
      "address": "0xfd7b3a77848f1c2d67e05e54d78d174a0c850335",
      "chainId": 56,
      "decimals": 18,
      "name": "Ontology Token",
      "symbol": "ONT",
      "type": "ERC20",
      "hasLogo": true,
      "issuer": {
        "name": "binance",
        "metadata": {}
      },
      "blockListsCount": 0,
      "exchangeListsCount": 0,
      "flagListsCount": 0,
      "importedListsCount": 1,
      "buyTax": 0,
      "sellTax": 0,
      "isInDex": true,
      "isHoneypot": false,
      "manualUnblock": false,
      "transactionsHourly": 1,
      "transactionsDaily": 8,
      "transactionsWeekly": 35,
      "transactionsMonthly": 83,
      "volumeUsdHourly": 0.381136897269291,
      "volumeUsdDaily": 50.25932231049642,
      "volumeUsdWeekly": 1050.3872080815602,
      "volumeUsdMonthly": 2415.653578418368,
      "logo": "https://matcha-image-proxy.api.0x.org/images/56/0xfd7b3a77848f1c2d67e05e54d78d174a0c850335"
    },
    {
      "address": "0x7ddc52c4de30e94be3a6a0a2b259b2850f421989",
      "chainId": 56,
      "decimals": 18,
      "name": "GoMining Token",
      "symbol": "GMT",
      "type": "ERC20",
      "hasLogo": true,
      "blockListsCount": 0,
      "exchangeListsCount": 0,
      "flagListsCount": 0,
      "importedListsCount": 1,
      "buyTax": 0,
      "sellTax": 0,
      "isInDex": true,
      "isHoneypot": false,
      "manualUnblock": false,
      "transactionsHourly": 3,
      "transactionsDaily": 53,
      "transactionsWeekly": 364,
      "transactionsMonthly": 1273,
      "volumeUsdHourly": 444.632338106047,
      "volumeUsdDaily": 56194.90848100235,
      "volumeUsdWeekly": 377878.9178975538,
      "volumeUsdMonthly": 1011676.4930521052,
      "logo": "https://matcha-image-proxy.api.0x.org/images/56/0x7ddc52c4de30e94be3a6a0a2b259b2850f421989"
    },
    {
      "address": "0x0bc529c00c6401aef6d220be8c6ea1667f6ad93e",
      "chainId": 1,
      "decimals": 18,
      "name": "yearn.finance",
      "symbol": "YFI",
      "type": "ERC20",
      "hasLogo": true,
      "blockListsCount": 0,
      "exchangeListsCount": 1,
      "flagListsCount": 0,
      "importedListsCount": 7,
      "buyTax": 0,
      "sellTax": 0,
      "isInDex": true,
      "isHoneypot": false,
      "manualUnblock": false,
      "transactionsHourly": 1,
      "transactionsDaily": 5,
      "transactionsWeekly": 28,
      "transactionsMonthly": 96,
      "volumeUsdHourly": 501.578010097825,
      "volumeUsdDaily": 4933.874645638041,
      "volumeUsdWeekly": 9343.736974263176,
      "volumeUsdMonthly": 51133.34720466654,
      "logo": "https://matcha-image-proxy.api.0x.org/images/1/0x0bc529c00c6401aef6d220be8c6ea1667f6ad93e"
    },
    {
      "address": "0xba100000625a3754423978a60c9317c58a424e3d",
      "chainId": 1,
      "decimals": 18,
      "name": "Balancer",
      "symbol": "BAL",
      "type": "ERC20",
      "hasLogo": true,
      "blockListsCount": 0,
      "exchangeListsCount": 0,
      "flagListsCount": 0,
      "importedListsCount": 6,
      "buyTax": 0,
      "sellTax": 0,
      "isInDex": true,
      "isHoneypot": false,
      "manualUnblock": false,
      "transactionsHourly": 1,
      "transactionsDaily": 5,
      "transactionsWeekly": 25,
      "transactionsMonthly": 118,
      "volumeUsdHourly": 30.8817108111674,
      "volumeUsdDaily": 256.92668806679706,
      "volumeUsdWeekly": 1508.993050414944,
      "volumeUsdMonthly": 40969.85531547155,
      "logo": "https://matcha-image-proxy.api.0x.org/images/1/0xba100000625a3754423978a60c9317c58a424e3d"
    },
    {
      "address": "0x18084fba666a33d37592fa2633fd49a74dd93a88",
      "chainId": 1,
      "decimals": 18,
      "name": "tBTC v2",
      "symbol": "tBTC",
      "type": "ERC20",
      "hasLogo": true,
      "blockListsCount": 0,
      "exchangeListsCount": 0,
      "flagListsCount": 0,
      "importedListsCount": 4,
      "buyTax": 0,
      "sellTax": 0,
      "isInDex": true,
      "isHoneypot": false,
      "manualUnblock": false,
      "transactionsHourly": 1,
      "transactionsDaily": 12,
      "transactionsWeekly": 84,
      "transactionsMonthly": 672,
      "volumeUsdHourly": 8.69172414134302,
      "volumeUsdDaily": 140691.0915412769,
      "volumeUsdWeekly": 1111236.371472007,
      "volumeUsdMonthly": 14452711.66413364,
      "logo": "https://matcha-image-proxy.api.0x.org/images/1/0x18084fba666a33d37592fa2633fd49a74dd93a88"
    },
    {
      "address": "0xb96450dcb16e4a30b999cb5f4087bae9c0ffac4e",
      "chainId": 8453,
      "decimals": 18,
      "name": "TREB",
      "symbol": "TREB",
      "type": "ERC20",
      "hasLogo": true,
      "blockListsCount": 0,
      "exchangeListsCount": 0,
      "flagListsCount": 0,
      "importedListsCount": 1,
      "buyTax": 0,
      "sellTax": 0,
      "isInDex": true,
      "isHoneypot": false,
      "manualUnblock": false,
      "transactionsHourly": 2,
      "transactionsDaily": 29,
      "transactionsWeekly": 264,
      "transactionsMonthly": 1166,
      "volumeUsdHourly": 55.4678394958888,
      "volumeUsdDaily": 4036.6595530836744,
      "volumeUsdWeekly": 43192.315669509895,
      "volumeUsdMonthly": 139683.8335569421,
      "logo": "https://matcha-image-proxy.api.0x.org/images/8453/0xb96450dcb16e4a30b999cb5f4087bae9c0ffac4e"
    },
    {
      "address": "0x7ddc52c4de30e94be3a6a0a2b259b2850f421989",
      "chainId": 1,
      "decimals": 18,
      "name": "GoMining Token",
      "symbol": "GMT",
      "type": "ERC20",
      "hasLogo": true,
      "blockListsCount": 0,
      "exchangeListsCount": 0,
      "flagListsCount": 0,
      "importedListsCount": 2,
      "buyTax": 0,
      "sellTax": 0,
      "isInDex": true,
      "isHoneypot": false,
      "manualUnblock": false,
      "transactionsHourly": 4,
      "transactionsDaily": 19,
      "transactionsWeekly": 116,
      "transactionsMonthly": 396,
      "volumeUsdHourly": 5736.617511453039,
      "volumeUsdDaily": 20584.37107310184,
      "volumeUsdWeekly": 73471.40665126014,
      "volumeUsdMonthly": 219215.10512879645,
      "logo": "https://matcha-image-proxy.api.0x.org/images/1/0x7ddc52c4de30e94be3a6a0a2b259b2850f421989"
    },
    {
      "address": "0x74299a718b2c44483a27325d7725f0b2646de3b1",
      "chainId": 8453,
      "decimals": 8,
      "name": "Constellation",
      "symbol": "DAG",
      "type": "ERC20",
      "hasLogo": true,
      "blockListsCount": 0,
      "exchangeListsCount": 0,
      "flagListsCount": 0,
      "importedListsCount": 0,
      "buyTax": 0,
      "sellTax": 0,
      "isInDex": true,
      "isHoneypot": false,
      "transactionsHourly": 1,
      "transactionsDaily": 20,
      "transactionsWeekly": 243,
      "transactionsMonthly": 923,
      "volumeUsdHourly": 2.97946174740246,
      "volumeUsdDaily": 879.6706132822665,
      "volumeUsdWeekly": 20362.908627644578,
      "volumeUsdMonthly": 96673.06521195204,
      "logo": "https://matcha-image-proxy.api.0x.org/images/8453/0x74299a718b2c44483a27325d7725f0b2646de3b1"
    },
    {
      "address": "0x6fb3e0a217407efff7ca062d46c26e5d60a14d69",
      "chainId": 1,
      "decimals": 18,
      "name": "IoTeX Network",
      "symbol": "IOTX",
      "type": "ERC20",
      "hasLogo": true,
      "blockListsCount": 0,
      "exchangeListsCount": 1,
      "flagListsCount": 0,
      "importedListsCount": 5,
      "buyTax": 0,
      "sellTax": 0,
      "isInDex": true,
      "isHoneypot": false,
      "manualUnblock": false,
      "transactionsHourly": 3,
      "transactionsDaily": 4,
      "transactionsWeekly": 11,
      "transactionsMonthly": 38,
      "volumeUsdHourly": 392.028548028612,
      "volumeUsdDaily": 667.592784250679,
      "volumeUsdWeekly": 1339.025239508587,
      "volumeUsdMonthly": 10263.425105615654,
      "logo": "https://matcha-image-proxy.api.0x.org/images/1/0x6fb3e0a217407efff7ca062d46c26e5d60a14d69"
    },
    {
      "address": "0x2d060ef4d6bf7f9e5edde373ab735513c0e4f944",
      "chainId": 56,
      "decimals": 18,
      "name": "AITECH",
      "symbol": "AITECH",
      "type": "ERC20",
      "hasLogo": true,
      "blockListsCount": 0,
      "exchangeListsCount": 0,
      "flagListsCount": 0,
      "importedListsCount": 1,
      "buyTax": 0,
      "sellTax": 0,
      "isInDex": true,
      "isHoneypot": false,
      "manualUnblock": false,
      "transactionsHourly": 2,
      "transactionsDaily": 14,
      "transactionsWeekly": 97,
      "transactionsMonthly": 480,
      "volumeUsdHourly": 6.775611374387274,
      "volumeUsdDaily": 1672.87634303798,
      "volumeUsdWeekly": 12197.094542045232,
      "volumeUsdMonthly": 88107.16568286966,
      "logo": "https://matcha-image-proxy.api.0x.org/images/56/0x2d060ef4d6bf7f9e5edde373ab735513c0e4f944"
    },
    {
      "address": "0xb5c064f955d8e7f38fe0460c556a72987494ee17",
      "chainId": 137,
      "decimals": 18,
      "name": "QuickSwap",
      "symbol": "QUICK",
      "type": "ERC20",
      "hasLogo": true,
      "blockListsCount": 0,
      "exchangeListsCount": 0,
      "flagListsCount": 0,
      "importedListsCount": 1,
      "buyTax": 0,
      "sellTax": 0,
      "isInDex": true,
      "isHoneypot": false,
      "manualUnblock": false,
      "transactionsHourly": 1,
      "transactionsDaily": 1,
      "transactionsWeekly": 49,
      "transactionsMonthly": 195,
      "volumeUsdHourly": 6.32032089178642,
      "volumeUsdDaily": 6.32032089178642,
      "volumeUsdWeekly": 2491.592443033755,
      "volumeUsdMonthly": 17259.980094440332,
      "logo": "https://matcha-image-proxy.api.0x.org/images/137/0xb5c064f955d8e7f38fe0460c556a72987494ee17"
    },
    {
      "address": "0xb0505e5a99abd03d94a1169e638b78edfed26ea4",
      "chainId": 8453,
      "decimals": 18,
      "name": "Sui (Universal)",
      "symbol": "uSUI",
      "type": "ERC20",
      "hasLogo": true,
      "blockListsCount": 0,
      "exchangeListsCount": 0,
      "flagListsCount": 0,
      "importedListsCount": 1,
      "buyTax": null,
      "sellTax": null,
      "isInDex": false,
      "isHoneypot": false,
      "manualUnblock": false,
      "transactionsHourly": 1,
      "transactionsDaily": 7,
      "transactionsWeekly": 46,
      "transactionsMonthly": 292,
      "volumeUsdHourly": 18.3394265066375,
      "volumeUsdDaily": 34.736392258772135,
      "volumeUsdWeekly": 5290.031288960167,
      "volumeUsdMonthly": 59376.987264102616,
      "logo": "https://matcha-image-proxy.api.0x.org/images/8453/0xb0505e5a99abd03d94a1169e638b78edfed26ea4"
    },
    {
      "address": "0x9840652dc04fb9db2c43853633f0f62be6f00f98",
      "chainId": 56,
      "decimals": 18,
      "name": "ChainGPT",
      "symbol": "CGPT",
      "type": "ERC20",
      "hasLogo": true,
      "blockListsCount": 0,
      "exchangeListsCount": 0,
      "flagListsCount": 0,
      "importedListsCount": 1,
      "buyTax": 0,
      "sellTax": 0,
      "isInDex": true,
      "isHoneypot": false,
      "manualUnblock": false,
      "transactionsHourly": 3,
      "transactionsDaily": 13,
      "transactionsWeekly": 68,
      "transactionsMonthly": 450,
      "volumeUsdHourly": 199.0983564567924,
      "volumeUsdDaily": 632.3248846113521,
      "volumeUsdWeekly": 7619.675887347665,
      "volumeUsdMonthly": 37411.00404128686,
      "logo": "https://matcha-image-proxy.api.0x.org/images/56/0x9840652dc04fb9db2c43853633f0f62be6f00f98"
    },
    {
      "address": "0x040d1edc9569d4bab2d15287dc5a4f10f56a56b8",
      "chainId": 42161,
      "decimals": 18,
      "name": "Balancer",
      "symbol": "BAL",
      "type": "ERC20",
      "hasLogo": true,
      "blockListsCount": 0,
      "exchangeListsCount": 0,
      "flagListsCount": 0,
      "importedListsCount": 2,
      "buyTax": 0,
      "sellTax": 0,
      "isInDex": true,
      "isHoneypot": false,
      "manualUnblock": false,
      "transactionsHourly": 1,
      "transactionsDaily": 2,
      "transactionsWeekly": 12,
      "transactionsMonthly": 43,
      "volumeUsdHourly": 0.00410962123535777,
      "volumeUsdDaily": 76.89698446959825,
      "volumeUsdWeekly": 332.41826106865517,
      "volumeUsdMonthly": 585.3668045819796,
      "logo": "https://matcha-image-proxy.api.0x.org/images/42161/0x040d1edc9569d4bab2d15287dc5a4f10f56a56b8"
    },
    {
      "address": "0x236aa50979d5f3de3bd1eeb40e81137f22ab794b",
      "chainId": 8453,
      "decimals": 18,
      "name": "Base tBTC v2",
      "symbol": "tBTC",
      "type": "ERC20",
      "hasLogo": true,
      "blockListsCount": 0,
      "exchangeListsCount": 0,
      "flagListsCount": 0,
      "importedListsCount": 3,
      "buyTax": 0,
      "sellTax": 0,
      "isInDex": true,
      "isHoneypot": false,
      "manualUnblock": false,
      "transactionsHourly": 1,
      "transactionsDaily": 13,
      "transactionsWeekly": 88,
      "transactionsMonthly": 319,
      "volumeUsdHourly": 0.322195950919583,
      "volumeUsdDaily": 133.53773107706408,
      "volumeUsdWeekly": 2365.7563197049226,
      "volumeUsdMonthly": 119518.91447553944,
      "logo": "https://matcha-image-proxy.api.0x.org/images/8453/0x236aa50979d5f3de3bd1eeb40e81137f22ab794b"
    }
  ],
  "searchTime": "2025-12-30T01:58:47.032Z",
  "error": null
}