{
  "originalSymbol": "MED",
  "originalFullName": "MediBloc",
  "searchedQuery": "MED MediBloc",
  "retried": false,
  "isL1": false,
  "success": true,
  "tokenCount": 15,
  "resultCount": 1442,
  "tokens": [
    {
      "address": "0xc14190266170524109c4c40db5ca05339c3c864b",
      "chainId": 8453,
      "decimals": 18,
      "name": "MED MediBloc On Base",
      "symbol": "MED MediBloc On Base",
      "type": "ERC20",
      "blockListsCount": 0,
      "exchangeListsCount": 0,
      "flagListsCount": 0,
      "importedListsCount": 0,
      "logo": "https://matcha-image-proxy.api.0x.org/images/8453/0xc14190266170524109c4c40db5ca05339c3c864b"
    },
    {
      "address": "0x11a7d418d8528fbc7ae058e1d15f8d5606472f4c",
      "chainId": 56,
      "decimals": 9,
      "name": "MED MediBloc AI Presale v2",
      "symbol": "MED MediBloc AI Presale v2",
      "type": "ERC20",
      "blockListsCount": 0,
      "exchangeListsCount": 0,
      "flagListsCount": 0,
      "importedListsCount": 0,
      "logo": "https://matcha-image-proxy.api.0x.org/images/56/0x11a7d418d8528fbc7ae058e1d15f8d5606472f4c"
    },
    {
      "address": "0xdbfb751939dd4dcf3f0573d1e8890bfd3d1fc38d",
      "chainId": 8453,
      "decimals": 18,
      "name": "Med Mc",
      "symbol": "PRMEDMC",
      "type": "ERC20",
      "blockListsCount": 0,
      "exchangeListsCount": 0,
      "flagListsCount": 0,
      "importedListsCount": 0,
      "isHoneypot": false,
      "transactionsHourly": 9,
      "transactionsDaily": 9,
      "transactionsWeekly": 9,
      "transactionsMonthly": 9,
      "volumeUsdHourly": 788.377641057022,
      "volumeUsdDaily": 788.2195443388455,
      "volumeUsdWeekly": 788.2195443388455,
      "volumeUsdMonthly": 788.2195443388455,
      "logo": "https://matcha-image-proxy.api.0x.org/images/8453/0xdbfb751939dd4dcf3f0573d1e8890bfd3d1fc38d"
    },
    {
      "address": "0xde16715d5314113b3bbf8614df36ebe096a315b7",
      "chainId": 1,
      "decimals": 18,
      "name": "MED Index",
      "symbol": "MED",
      "type": "ERC20",
      "blockListsCount": 1,
      "exchangeListsCount": 0,
      "flagListsCount": 1,
      "importedListsCount": 0,
      "buyTax": null,
      "sellTax": null,
      "isInDex": false,
      "isHoneypot": false,
      "manualUnblock": false,
      "logo": "https://matcha-image-proxy.api.0x.org/images/1/0xde16715d5314113b3bbf8614df36ebe096a315b7"
    },
    {
      "address": "0x0b77590cf21a5b6541947ff4d9b3feba40872b0b",
      "chainId": 137,
      "decimals": 18,
      "name": "MED Index",
      "symbol": "MED",
      "type": "ERC20",
      "blockListsCount": 1,
      "exchangeListsCount": 0,
      "flagListsCount": 1,
      "importedListsCount": 0,
      "buyTax": null,
      "sellTax": null,
      "isInDex": false,
      "isHoneypot": false,
      "manualUnblock": false,
      "logo": "https://matcha-image-proxy.api.0x.org/images/137/0x0b77590cf21a5b6541947ff4d9b3feba40872b0b"
    },
    {
      "address": "0x28c4e33a44dc7de07c71afc819e22567ac393027",
      "chainId": 8453,
      "decimals": 18,
      "name": "MED MediBloc Perpetual",
      "symbol": "MEDMED",
      "type": "ERC20",
      "blockListsCount": 0,
      "exchangeListsCount": 0,
      "flagListsCount": 0,
      "importedListsCount": 0,
      "logo": "https://matcha-image-proxy.api.0x.org/images/8453/0x28c4e33a44dc7de07c71afc819e22567ac393027"
    },
    {
      "address": "0x7f77a0cc3cace8c58cce9d153c070f312d1a1088",
      "chainId": 1,
      "decimals": 4,
      "name": "Med. Cannabis Note",
      "symbol": "₵",
      "type": "ERC20",
      "hasLogo": true,
      "blockListsCount": 0,
      "exchangeListsCount": 0,
      "flagListsCount": 0,
      "importedListsCount": 0,
      "buyTax": null,
      "sellTax": null,
      "isInDex": false,
      "isHoneypot": false,
      "logo": "https://matcha-image-proxy.api.0x.org/images/1/0x7f77a0cc3cace8c58cce9d153c070f312d1a1088"
    },
    {
      "address": "0xad9d6472a910ea6602f1c863bc941aceca9fa08f",
      "chainId": 8453,
      "decimals": 18,
      "name": "Med",
      "symbol": "Med",
      "type": "ERC20",
      "issuer": {
        "name": "zora",
        "metadata": {}
      },
      "blockListsCount": 0,
      "exchangeListsCount": 0,
      "flagListsCount": 0,
      "importedListsCount": 0,
      "logo": "https://matcha-image-proxy.api.0x.org/images/8453/0xad9d6472a910ea6602f1c863bc941aceca9fa08f"
    },
    {
      "address": "0xddb470d709299f18e97e224af1edb985b2b41200",
      "chainId": 8453,
      "decimals": 18,
      "name": "Med",
      "symbol": "Med",
      "type": "ERC20",
      "issuer": {
        "name": "zora",
        "metadata": {}
      },
      "blockListsCount": 0,
      "exchangeListsCount": 0,
      "flagListsCount": 0,
      "importedListsCount": 0,
      "logo": "https://matcha-image-proxy.api.0x.org/images/8453/0xddb470d709299f18e97e224af1edb985b2b41200"
    },
    {
      "address": "0xd732950ef1fb72145e9652576a9135879db9a4b8",
      "chainId": 8453,
      "decimals": 18,
      "name": "MED",
      "symbol": "MED",
      "type": "ERC20",
      "issuer": {
        "name": "zora",
        "metadata": {}
      },
      "blockListsCount": 0,
      "exchangeListsCount": 0,
      "flagListsCount": 0,
      "importedListsCount": 0,
      "logo": "https://matcha-image-proxy.api.0x.org/images/8453/0xd732950ef1fb72145e9652576a9135879db9a4b8"
    },
    {
      "address": "0x47d33c21112b5e557d68423d63b70726b7ad1144",
      "chainId": 8453,
      "decimals": 18,
      "name": "Med",
      "symbol": "Med",
      "type": "ERC20",
      "issuer": {
        "name": "zora",
        "metadata": {}
      },
      "blockListsCount": 0,
      "exchangeListsCount": 0,
      "flagListsCount": 0,
      "importedListsCount": 0,
      "logo": "https://matcha-image-proxy.api.0x.org/images/8453/0x47d33c21112b5e557d68423d63b70726b7ad1144"
    },
    {
      "address": "0x81fff509bd572e2db024f54d5bcf07ad9bbf36ae",
      "chainId": 8453,
      "decimals": 18,
      "name": "MED",
      "symbol": "MED",
      "type": "ERC20",
      "issuer": {
        "name": "zora",
        "metadata": {}
      },
      "blockListsCount": 0,
      "exchangeListsCount": 0,
      "flagListsCount": 0,
      "importedListsCount": 0,
      "logo": "https://matcha-image-proxy.api.0x.org/images/8453/0x81fff509bd572e2db024f54d5bcf07ad9bbf36ae"
    },
    {
      "address": "0xad289d971e895cd0dc7af8544d3b48ab83146b50",
      "chainId": 8453,
      "decimals": 18,
      "name": "Med",
      "symbol": "Med",
      "type": "ERC20",
      "issuer": {
        "name": "zora",
        "metadata": {}
      },
      "blockListsCount": 0,
      "exchangeListsCount": 0,
      "flagListsCount": 0,
      "importedListsCount": 0,
      "logo": "https://matcha-image-proxy.api.0x.org/images/8453/0xad289d971e895cd0dc7af8544d3b48ab83146b50"
    },
    {
      "address": "0xe66e83eb22c24e246fb0b9157d4b3f981d2fb572",
      "chainId": 8453,
      "decimals": 18,
      "name": "med",
      "symbol": "med",
      "type": "ERC20",
      "issuer": {
        "name": "zora",
        "metadata": {}
      },
      "blockListsCount": 0,
      "exchangeListsCount": 0,
      "flagListsCount": 0,
      "importedListsCount": 0,
      "logo": "https://matcha-image-proxy.api.0x.org/images/8453/0xe66e83eb22c24e246fb0b9157d4b3f981d2fb572"
    },
    {
      "address": "0x8bf50a22d4b21381a747d50d96a9729f25f2ef8d",
      "chainId": 8453,
      "decimals": 18,
      "name": "Med",
      "symbol": "Med",
      "type": "ERC20",
      "issuer": {
        "name": "zora",
        "metadata": {}
      },
      "blockListsCount": 0,
      "exchangeListsCount": 0,
      "flagListsCount": 0,
      "importedListsCount": 0,
      "logo": "https://matcha-image-proxy.api.0x.org/images/8453/0x8bf50a22d4b21381a747d50d96a9729f25f2ef8d"
    }
  ],
  "searchTime": "2025-12-30T01:58:23.811Z",
  "error": null
}