{
  "originalSymbol": "SUN",
  "originalFullName": "SUN",
  "searchedQuery": "SUN SUN",
  "retried": false,
  "isL1": false,
  "success": true,
  "tokenCount": 15,
  "resultCount": 10000,
  "tokens": [
    {
      "address": "0xac0f66379a6d7801d7726d5a943356a172549adb",
      "chainId": 137,
      "decimals": 18,
      "name": "Geodnet Token",
      "symbol": "GEOD",
      "type": "ERC20",
      "hasLogo": true,
      "blockListsCount": 0,
      "exchangeListsCount": 0,
      "flagListsCount": 0,
      "importedListsCount": 1,
      "buyTax": 0,
      "sellTax": 0,
      "isInDex": true,
      "isHoneypot": false,
      "manualUnblock": false,
      "transactionsHourly": 3,
      "transactionsDaily": 65,
      "transactionsWeekly": 510,
      "transactionsMonthly": 3141,
      "volumeUsdHourly": 1221.0562392457584,
      "volumeUsdDaily": 9841.82879018874,
      "volumeUsdWeekly": 38865.19166171271,
      "volumeUsdMonthly": 276546.670729907,
      "logo": "https://matcha-image-proxy.api.0x.org/images/137/0xac0f66379a6d7801d7726d5a943356a172549adb"
    },
    {
      "address": "0x8500227e0cfcbe94d95496a82f6099d3302fdf3c",
      "chainId": 8453,
      "decimals": 18,
      "name": "Sun sun sun",
      "symbol": "Sun sun sun",
      "type": "ERC20",
      "issuer": {
        "name": "zora",
        "metadata": {}
      },
      "blockListsCount": 0,
      "exchangeListsCount": 0,
      "flagListsCount": 0,
      "importedListsCount": 0,
      "logo": "https://matcha-image-proxy.api.0x.org/images/8453/0x8500227e0cfcbe94d95496a82f6099d3302fdf3c"
    },
    {
      "address": "0x8435341a4b22447898e36b2d10479962939f2991",
      "chainId": 8453,
      "decimals": 18,
      "name": "Sun sun sun",
      "symbol": "Sun sun sun",
      "type": "ERC20",
      "issuer": {
        "name": "zora",
        "metadata": {}
      },
      "blockListsCount": 0,
      "exchangeListsCount": 0,
      "flagListsCount": 0,
      "importedListsCount": 0,
      "logo": "https://matcha-image-proxy.api.0x.org/images/8453/0x8435341a4b22447898e36b2d10479962939f2991"
    },
    {
      "address": "0x87fae3d9af7a81eb8dcb6a742481d349629eaba2",
      "chainId": 8453,
      "decimals": 18,
      "name": "Sun Sun",
      "symbol": "Sun Sun",
      "type": "ERC20",
      "issuer": {
        "name": "zora",
        "metadata": {}
      },
      "blockListsCount": 0,
      "exchangeListsCount": 0,
      "flagListsCount": 0,
      "importedListsCount": 0,
      "logo": "https://matcha-image-proxy.api.0x.org/images/8453/0x87fae3d9af7a81eb8dcb6a742481d349629eaba2"
    },
    {
      "address": "0x8c680c459af814d103e4e89db0f6977ff6296a99",
      "chainId": 8453,
      "decimals": 18,
      "name": "SUN SUN",
      "symbol": "SUN SUN",
      "type": "ERC20",
      "issuer": {
        "name": "zora",
        "metadata": {}
      },
      "blockListsCount": 0,
      "exchangeListsCount": 0,
      "flagListsCount": 0,
      "importedListsCount": 0,
      "logo": "https://matcha-image-proxy.api.0x.org/images/8453/0x8c680c459af814d103e4e89db0f6977ff6296a99"
    },
    {
      "address": "0x1b088fdd23a49e0e9fc5d7240e0f3685a3552663",
      "chainId": 8453,
      "decimals": 18,
      "name": "SUN SUN",
      "symbol": "SUN SUN",
      "type": "ERC20",
      "issuer": {
        "name": "zora",
        "metadata": {}
      },
      "blockListsCount": 0,
      "exchangeListsCount": 0,
      "flagListsCount": 0,
      "importedListsCount": 0,
      "logo": "https://matcha-image-proxy.api.0x.org/images/8453/0x1b088fdd23a49e0e9fc5d7240e0f3685a3552663"
    },
    {
      "address": "0x7d88f41b1097998ac8d4b21f0c4c8bbd1948a0d1",
      "chainId": 8453,
      "decimals": 18,
      "name": "sun sun sun ily..",
      "symbol": "sun sun sun ily..",
      "type": "ERC20",
      "issuer": {
        "name": "zora",
        "metadata": {}
      },
      "blockListsCount": 0,
      "exchangeListsCount": 0,
      "flagListsCount": 0,
      "importedListsCount": 0,
      "buyTax": null,
      "sellTax": null,
      "isInDex": false,
      "isHoneypot": false,
      "logo": "https://matcha-image-proxy.api.0x.org/images/8453/0x7d88f41b1097998ac8d4b21f0c4c8bbd1948a0d1"
    },
    {
      "address": "0x532ee25f6c64a13671462b0b93c17488038505b8",
      "chainId": 8453,
      "decimals": 18,
      "name": "usn sun sun",
      "symbol": "usn sun sun",
      "type": "ERC20",
      "issuer": {
        "name": "zora",
        "metadata": {}
      },
      "blockListsCount": 0,
      "exchangeListsCount": 0,
      "flagListsCount": 0,
      "importedListsCount": 0,
      "buyTax": 0,
      "sellTax": 0,
      "isInDex": true,
      "isHoneypot": false,
      "logo": "https://matcha-image-proxy.api.0x.org/images/8453/0x532ee25f6c64a13671462b0b93c17488038505b8"
    },
    {
      "address": "0x0fcfd48b4dbba8323b44a97f62e6e6554ef90ca6",
      "chainId": 8453,
      "decimals": 18,
      "name": "Sun sun down",
      "symbol": "Sun sun down",
      "type": "ERC20",
      "issuer": {
        "name": "zora",
        "metadata": {}
      },
      "blockListsCount": 0,
      "exchangeListsCount": 0,
      "flagListsCount": 0,
      "importedListsCount": 0,
      "buyTax": null,
      "sellTax": null,
      "isInDex": false,
      "isHoneypot": false,
      "logo": "https://matcha-image-proxy.api.0x.org/images/8453/0x0fcfd48b4dbba8323b44a97f62e6e6554ef90ca6"
    },
    {
      "address": "0x1749fd4e7e1be9abaf171dc269317999c998f59b",
      "chainId": 8453,
      "decimals": 18,
      "name": "@SUN (SUN) Lists on Kraken With a $90,000 Reef Program Airdrop Un",
      "symbol": "@SUN (SUN) Lists on Kraken With a $90,000 Reef Program Airdrop Un",
      "type": "ERC20",
      "issuer": {
        "name": "zora",
        "metadata": {}
      },
      "blockListsCount": 0,
      "exchangeListsCount": 0,
      "flagListsCount": 0,
      "importedListsCount": 0,
      "logo": "https://matcha-image-proxy.api.0x.org/images/8453/0x1749fd4e7e1be9abaf171dc269317999c998f59b"
    },
    {
      "address": "0x3e12b9d6a4d12cd9b4a6d613872d0eb32f68b380",
      "chainId": 8453,
      "decimals": 18,
      "name": "Flower",
      "symbol": "FLOWER",
      "type": "ERC20",
      "hasLogo": true,
      "blockListsCount": 0,
      "exchangeListsCount": 0,
      "flagListsCount": 0,
      "importedListsCount": 1,
      "buyTax": 0,
      "sellTax": 0,
      "isInDex": true,
      "isHoneypot": false,
      "manualUnblock": false,
      "transactionsHourly": 3,
      "transactionsDaily": 113,
      "transactionsWeekly": 943,
      "transactionsMonthly": 3861,
      "volumeUsdHourly": 24.995908845760923,
      "volumeUsdDaily": 3119.925780480601,
      "volumeUsdWeekly": 41812.962041935374,
      "volumeUsdMonthly": 148652.01461336942,
      "logo": "https://matcha-image-proxy.api.0x.org/images/8453/0x3e12b9d6a4d12cd9b4a6d613872d0eb32f68b380"
    },
    {
      "address": "0x9e18d5bab2fa94a6a95f509ecb38f8f68322abd3",
      "chainId": 1,
      "decimals": 9,
      "name": "AMATERASU OMIKAMI",
      "symbol": "OMIKAMI",
      "type": "ERC20",
      "hasLogo": true,
      "blockListsCount": 0,
      "exchangeListsCount": 0,
      "flagListsCount": 0,
      "importedListsCount": 2,
      "buyTax": 0,
      "sellTax": 0,
      "isInDex": true,
      "isHoneypot": false,
      "manualUnblock": false,
      "transactionsHourly": 2,
      "transactionsDaily": 8,
      "transactionsWeekly": 66,
      "transactionsMonthly": 303,
      "volumeUsdHourly": 1128.421215033033,
      "volumeUsdDaily": 1600.1382816310938,
      "volumeUsdWeekly": 11560.45278127346,
      "volumeUsdMonthly": 58999.531688112584,
      "logo": "https://matcha-image-proxy.api.0x.org/images/1/0x9e18d5bab2fa94a6a95f509ecb38f8f68322abd3"
    },
    {
      "address": "0x947f747b5a3990d66fef5b1c8d4f807314626cb9",
      "chainId": 8453,
      "decimals": 9,
      "name": "Edge  SUN SUN",
      "symbol": "Edge  SUN SUN",
      "type": "ERC20",
      "blockListsCount": 0,
      "exchangeListsCount": 0,
      "flagListsCount": 0,
      "importedListsCount": 0,
      "buyTax": 0,
      "sellTax": 0,
      "isInDex": true,
      "isHoneypot": false,
      "logo": "https://matcha-image-proxy.api.0x.org/images/8453/0x947f747b5a3990d66fef5b1c8d4f807314626cb9"
    },
    {
      "address": "0xcbbe76231da8c1651fee146ca996bbd920239e5a",
      "chainId": 8453,
      "decimals": 18,
      "name": "SUN Sun New On Base",
      "symbol": "SUN Sun New On Base",
      "type": "ERC20",
      "blockListsCount": 0,
      "exchangeListsCount": 0,
      "flagListsCount": 0,
      "importedListsCount": 0,
      "logo": "https://matcha-image-proxy.api.0x.org/images/8453/0xcbbe76231da8c1651fee146ca996bbd920239e5a"
    },
    {
      "address": "0x71f06f4644c0008d8c49316fce58815e8f4527a0",
      "chainId": 56,
      "decimals": 18,
      "name": "SUN Sun New On Binance Alpha",
      "symbol": "SUN Sun Ne",
      "type": "ERC20",
      "blockListsCount": 0,
      "exchangeListsCount": 0,
      "flagListsCount": 0,
      "importedListsCount": 0,
      "logo": "https://matcha-image-proxy.api.0x.org/images/56/0x71f06f4644c0008d8c49316fce58815e8f4527a0"
    }
  ],
  "searchTime": "2025-12-30T01:58:49.827Z",
  "error": null
}