{
  "originalSymbol": "A",
  "originalFullName": "A",
  "searchedQuery": "A A",
  "retried": false,
  "isL1": false,
  "success": true,
  "tokenCount": 15,
  "resultCount": 10000,
  "tokens": [
    {
      "address": "0x00000000efe302beaa2b3e6e1b18d08d69a9012a",
      "chainId": 143,
      "decimals": 6,
      "name": "AUSD",
      "symbol": "AUSD",
      "type": "ERC20",
      "hasLogo": true,
      "blockListsCount": 0,
      "exchangeListsCount": 0,
      "flagListsCount": 0,
      "importedListsCount": 2,
      "isHoneypot": false,
      "manualUnblock": false,
      "transactionsHourly": 19,
      "transactionsDaily": 154,
      "transactionsWeekly": 1147,
      "transactionsMonthly": 6391,
      "volumeUsdHourly": 700004.0829981398,
      "volumeUsdDaily": 1657181.7895791077,
      "volumeUsdWeekly": 3902946.99635389,
      "volumeUsdMonthly": 20143842.424609873,
      "logo": "https://matcha-image-proxy.api.0x.org/images/143/0x00000000efe302beaa2b3e6e1b18d08d69a9012a"
    },
    {
      "address": "0xeeeeeeeeeeeeeeeeeeeeeeeeeeeeeeeeeeeeeeee",
      "chainId": 43114,
      "decimals": 18,
      "name": "Avalanche",
      "symbol": "AVAX",
      "type": "Native",
      "hasLogo": true,
      "blockListsCount": 0,
      "exchangeListsCount": 0,
      "flagListsCount": 0,
      "importedListsCount": 0,
      "transactionsHourly": 4,
      "transactionsDaily": 222,
      "transactionsWeekly": 2263,
      "transactionsMonthly": 11210,
      "volumeUsdHourly": 99.72320003573124,
      "volumeUsdDaily": 59667.67295716874,
      "volumeUsdWeekly": 398779.3645249612,
      "volumeUsdMonthly": 4581964.188841904,
      "logo": "https://matcha-image-proxy.api.0x.org/images/43114/0xeeeeeeeeeeeeeeeeeeeeeeeeeeeeeeeeeeeeeeee"
    },
    {
      "address": "0x3ee2200efb3400fabb9aacf31297cbdd1d435d47",
      "chainId": 56,
      "decimals": 18,
      "name": "Cardano Token",
      "symbol": "ADA",
      "type": "ERC20",
      "hasLogo": true,
      "issuer": {
        "name": "binance",
        "metadata": {}
      },
      "blockListsCount": 0,
      "exchangeListsCount": 0,
      "flagListsCount": 0,
      "importedListsCount": 1,
      "buyTax": 0,
      "sellTax": 0,
      "isInDex": true,
      "isHoneypot": false,
      "manualUnblock": false,
      "transactionsHourly": 1,
      "transactionsDaily": 25,
      "transactionsWeekly": 139,
      "transactionsMonthly": 837,
      "volumeUsdHourly": 0.745402278894262,
      "volumeUsdDaily": 3458.2972933365963,
      "volumeUsdWeekly": 63990.860843890994,
      "volumeUsdMonthly": 412843.7286674285,
      "logo": "https://matcha-image-proxy.api.0x.org/images/56/0x3ee2200efb3400fabb9aacf31297cbdd1d435d47"
    },
    {
      "address": "0x912ce59144191c1204e64559fe8253a0e49e6548",
      "chainId": 42161,
      "decimals": 18,
      "name": "Arbitrum",
      "symbol": "ARB",
      "type": "ERC20",
      "hasLogo": true,
      "blockListsCount": 0,
      "exchangeListsCount": 1,
      "flagListsCount": 0,
      "importedListsCount": 2,
      "buyTax": 0,
      "sellTax": 0,
      "isInDex": true,
      "isHoneypot": false,
      "manualUnblock": false,
      "transactionsHourly": 4,
      "transactionsDaily": 162,
      "transactionsWeekly": 1222,
      "transactionsMonthly": 7173,
      "volumeUsdHourly": 87.90373115355268,
      "volumeUsdDaily": 21903.97191647126,
      "volumeUsdWeekly": 301558.7807484356,
      "volumeUsdMonthly": 2223108.550428171,
      "logo": "https://matcha-image-proxy.api.0x.org/images/42161/0x912ce59144191c1204e64559fe8253a0e49e6548"
    },
    {
      "address": "0x1ce0c2827e2ef14d5c4f29a091d735a204794041",
      "chainId": 56,
      "decimals": 18,
      "name": "Avalanche",
      "symbol": "AVAX",
      "type": "ERC20",
      "hasLogo": true,
      "issuer": {
        "name": "binance",
        "metadata": {}
      },
      "blockListsCount": 0,
      "exchangeListsCount": 0,
      "flagListsCount": 0,
      "importedListsCount": 1,
      "buyTax": 0,
      "sellTax": 0,
      "isInDex": true,
      "isHoneypot": false,
      "manualUnblock": false,
      "transactionsHourly": 1,
      "transactionsDaily": 12,
      "transactionsWeekly": 74,
      "transactionsMonthly": 400,
      "volumeUsdHourly": 1892.32953569439,
      "volumeUsdDaily": 2027.7936936866756,
      "volumeUsdWeekly": 10460.395628458493,
      "volumeUsdMonthly": 110433.64033998012,
      "logo": "https://matcha-image-proxy.api.0x.org/images/56/0x1ce0c2827e2ef14d5c4f29a091d735a204794041"
    },
    {
      "address": "0xff970a61a04b1ca14834a43f5de4533ebddb5cc8",
      "chainId": 42161,
      "decimals": 6,
      "name": "USD Coin (Arb1)",
      "symbol": "USDC",
      "type": "ERC20",
      "hasLogo": true,
      "blockListsCount": 0,
      "exchangeListsCount": 0,
      "flagListsCount": 0,
      "importedListsCount": 2,
      "buyTax": 0,
      "sellTax": 0,
      "isInDex": true,
      "isHoneypot": false,
      "manualUnblock": false,
      "transactionsHourly": 2,
      "transactionsDaily": 208,
      "transactionsWeekly": 1602,
      "transactionsMonthly": 15468,
      "volumeUsdHourly": 2102.77261236448,
      "volumeUsdDaily": 57706.6486581127,
      "volumeUsdWeekly": 14012994.061242172,
      "volumeUsdMonthly": 82746617.59441073,
      "logo": "https://matcha-image-proxy.api.0x.org/images/42161/0xff970a61a04b1ca14834a43f5de4533ebddb5cc8"
    },
    {
      "address": "0x0eb3a705fc54725037cc9e008bdede697f62f335",
      "chainId": 56,
      "decimals": 18,
      "name": "Cosmos Token",
      "symbol": "ATOM",
      "type": "ERC20",
      "hasLogo": true,
      "issuer": {
        "name": "binance",
        "metadata": {}
      },
      "blockListsCount": 0,
      "exchangeListsCount": 0,
      "flagListsCount": 0,
      "importedListsCount": 1,
      "buyTax": 0,
      "sellTax": 0,
      "isInDex": true,
      "isHoneypot": false,
      "manualUnblock": false,
      "transactionsHourly": 1,
      "transactionsDaily": 7,
      "transactionsWeekly": 59,
      "transactionsMonthly": 319,
      "volumeUsdHourly": 3.4646837233204,
      "volumeUsdDaily": 1420.551392127992,
      "volumeUsdWeekly": 4786.11929518259,
      "volumeUsdMonthly": 17551.813092400767,
      "logo": "https://matcha-image-proxy.api.0x.org/images/56/0x0eb3a705fc54725037cc9e008bdede697f62f335"
    },
    {
      "address": "0x940181a94a35a4569e4529a3cdfb74e38fd98631",
      "chainId": 8453,
      "decimals": 18,
      "name": "Aerodrome",
      "symbol": "AERO",
      "type": "ERC20",
      "hasLogo": true,
      "blockListsCount": 0,
      "exchangeListsCount": 0,
      "flagListsCount": 0,
      "importedListsCount": 2,
      "buyTax": 0,
      "sellTax": 0,
      "isInDex": true,
      "isHoneypot": false,
      "manualUnblock": false,
      "transactionsHourly": 45,
      "transactionsDaily": 884,
      "transactionsWeekly": 14061,
      "transactionsMonthly": 70627,
      "volumeUsdHourly": 76324.47937510622,
      "volumeUsdDaily": 272911.6753339373,
      "volumeUsdWeekly": 1364705.4861352672,
      "volumeUsdMonthly": 18190629.015769176,
      "logo": "https://matcha-image-proxy.api.0x.org/images/8453/0x940181a94a35a4569e4529a3cdfb74e38fd98631"
    },
    {
      "address": "0xd6df932a45c0f255f85145f286ea0b292b21c90b",
      "chainId": 137,
      "decimals": 18,
      "name": "Aave (PoS)",
      "symbol": "AAVE",
      "type": "ERC20",
      "hasLogo": true,
      "blockListsCount": 0,
      "exchangeListsCount": 0,
      "flagListsCount": 0,
      "importedListsCount": 2,
      "buyTax": 0,
      "sellTax": 0,
      "isInDex": true,
      "isHoneypot": false,
      "manualUnblock": false,
      "transactionsHourly": 1,
      "transactionsDaily": 20,
      "transactionsWeekly": 198,
      "transactionsMonthly": 1242,
      "volumeUsdHourly": 7.22904818964392e-13,
      "volumeUsdDaily": 1491.3544107551734,
      "volumeUsdWeekly": 21984.146579129065,
      "volumeUsdMonthly": 633307.8297620093,
      "logo": "https://matcha-image-proxy.api.0x.org/images/137/0xd6df932a45c0f255f85145f286ea0b292b21c90b"
    },
    {
      "address": "0x696f9436b67233384889472cd7cd58a6fb5df4f1",
      "chainId": 8453,
      "decimals": 18,
      "name": "Avantis",
      "symbol": "AVNT",
      "type": "ERC20",
      "hasLogo": true,
      "blockListsCount": 0,
      "exchangeListsCount": 0,
      "flagListsCount": 0,
      "importedListsCount": 2,
      "buyTax": 0,
      "sellTax": 0,
      "isInDex": true,
      "isHoneypot": false,
      "manualUnblock": false,
      "transactionsHourly": 52,
      "transactionsDaily": 712,
      "transactionsWeekly": 9395,
      "transactionsMonthly": 21066,
      "volumeUsdHourly": 1498.2906898740418,
      "volumeUsdDaily": 134449.47509563665,
      "volumeUsdWeekly": 686740.4906767702,
      "volumeUsdMonthly": 2262778.179616389,
      "logo": "https://matcha-image-proxy.api.0x.org/images/8453/0x696f9436b67233384889472cd7cd58a6fb5df4f1"
    },
    {
      "address": "XsbEhLAtcf6HdfpFZ5xEMdqW8nfAvcsP5bdudRLJzJp",
      "chainId": 1399811149,
      "decimals": 8,
      "name": "Apple xStock",
      "symbol": "AAPLx",
      "type": "SPL-Token",
      "issuer": {
        "name": "xstocks",
        "metadata": {}
      },
      "blockListsCount": 1,
      "exchangeListsCount": 0,
      "flagListsCount": 0,
      "importedListsCount": 0,
      "isHoneypot": false,
      "manualUnblock": false,
      "transactionsDaily": 56,
      "transactionsWeekly": 56,
      "transactionsMonthly": 56,
      "volumeUsdDaily": 688.12160604268,
      "volumeUsdWeekly": 688.12160604268,
      "volumeUsdMonthly": 688.12160604268,
      "logo": "https://matcha-image-proxy.api.0x.org/images/1399811149/XsbEhLAtcf6HdfpFZ5xEMdqW8nfAvcsP5bdudRLJzJp"
    },
    {
      "address": "0x715d400f88c167884bbcc41c5fea407ed4d2f8a0",
      "chainId": 56,
      "decimals": 18,
      "name": "Axie Infinity Shard",
      "symbol": "AXS",
      "type": "ERC20",
      "hasLogo": true,
      "issuer": {
        "name": "binance",
        "metadata": {}
      },
      "blockListsCount": 0,
      "exchangeListsCount": 0,
      "flagListsCount": 0,
      "importedListsCount": 2,
      "buyTax": 0,
      "sellTax": 0,
      "isInDex": true,
      "isHoneypot": false,
      "manualUnblock": false,
      "transactionsHourly": 1,
      "transactionsDaily": 6,
      "transactionsWeekly": 35,
      "transactionsMonthly": 119,
      "volumeUsdHourly": 12.6757676831034,
      "volumeUsdDaily": 41.3475566579641,
      "volumeUsdWeekly": 597.347658575177,
      "volumeUsdMonthly": 3206.1369877263674,
      "logo": "https://matcha-image-proxy.api.0x.org/images/56/0x715d400f88c167884bbcc41c5fea407ed4d2f8a0"
    },
    {
      "address": "0x000ae314e2a2172a039b26378814c252734f556a",
      "chainId": 56,
      "decimals": 18,
      "name": "Aster",
      "symbol": "ASTER",
      "type": "ERC20",
      "hasLogo": true,
      "blockListsCount": 0,
      "exchangeListsCount": 0,
      "flagListsCount": 0,
      "importedListsCount": 2,
      "buyTax": 0,
      "sellTax": 0,
      "isInDex": true,
      "isHoneypot": false,
      "manualUnblock": false,
      "transactionsHourly": 4,
      "transactionsDaily": 94,
      "transactionsWeekly": 1653,
      "transactionsMonthly": 5603,
      "volumeUsdHourly": 411.0195921774795,
      "volumeUsdDaily": 115062.00127438131,
      "volumeUsdWeekly": 808837.8650555401,
      "volumeUsdMonthly": 5892237.932478384,
      "logo": "https://matcha-image-proxy.api.0x.org/images/56/0x000ae314e2a2172a039b26378814c252734f556a"
    },
    {
      "address": "0xb31f66aa3c1e785363f0875a1b74e27b85fd66c7",
      "chainId": 43114,
      "decimals": 18,
      "name": "Wrapped AVAX",
      "symbol": "WAVAX",
      "type": "ERC20",
      "hasLogo": true,
      "blockListsCount": 0,
      "exchangeListsCount": 0,
      "flagListsCount": 0,
      "importedListsCount": 2,
      "buyTax": 0,
      "sellTax": 0,
      "isInDex": true,
      "isHoneypot": false,
      "manualUnblock": false,
      "transactionsHourly": 3,
      "transactionsDaily": 32,
      "transactionsWeekly": 213,
      "transactionsMonthly": 1104,
      "volumeUsdHourly": 3107.295964820395,
      "volumeUsdDaily": 8073.743842153439,
      "volumeUsdWeekly": 24891.367742071063,
      "volumeUsdMonthly": 1262720.350086831,
      "logo": "https://matcha-image-proxy.api.0x.org/images/43114/0xb31f66aa3c1e785363f0875a1b74e27b85fd66c7"
    },
    {
      "address": "0x001208f7f53f78db2b32e1c68198d3e8f320aa23",
      "chainId": 56,
      "decimals": 9,
      "name": "APD",
      "symbol": "APD",
      "type": "ERC20",
      "hasLogo": true,
      "blockListsCount": 0,
      "exchangeListsCount": 0,
      "flagListsCount": 0,
      "importedListsCount": 1,
      "buyTax": 0,
      "sellTax": 0,
      "isInDex": true,
      "isHoneypot": false,
      "manualUnblock": false,
      "transactionsHourly": 1,
      "transactionsDaily": 139,
      "transactionsWeekly": 1748,
      "transactionsMonthly": 3041,
      "volumeUsdHourly": 39.9497509630377,
      "volumeUsdDaily": 81520.78535945964,
      "volumeUsdWeekly": 1115116.9610846827,
      "volumeUsdMonthly": 2251371.5565394834,
      "logo": "https://matcha-image-proxy.api.0x.org/images/56/0x001208f7f53f78db2b32e1c68198d3e8f320aa23"
    }
  ],
  "searchTime": "2025-12-30T01:57:14.263Z",
  "error": null
}