{
  "originalSymbol": "ERA",
  "originalFullName": "Era",
  "searchedQuery": "ERA Era",
  "retried": false,
  "isL1": false,
  "success": true,
  "tokenCount": 15,
  "resultCount": 10000,
  "tokens": [
    {
      "address": "0x9ac9468e7e3e1d194080827226b45d0b892c77fd",
      "chainId": 1,
      "decimals": 9,
      "name": "Yee Token",
      "symbol": "Yee",
      "type": "ERC20",
      "hasLogo": true,
      "blockListsCount": 0,
      "exchangeListsCount": 0,
      "flagListsCount": 0,
      "importedListsCount": 2,
      "buyTax": 0,
      "sellTax": 0,
      "isInDex": true,
      "isHoneypot": false,
      "manualUnblock": false,
      "transactionsHourly": 5,
      "transactionsDaily": 89,
      "transactionsWeekly": 786,
      "transactionsMonthly": 3589,
      "volumeUsdHourly": 3740.573705113945,
      "volumeUsdDaily": 177402.02779978924,
      "volumeUsdWeekly": 700915.0858314718,
      "volumeUsdMonthly": 2246020.24007648,
      "logo": "https://matcha-image-proxy.api.0x.org/images/1/0x9ac9468e7e3e1d194080827226b45d0b892c77fd"
    },
    {
      "address": "0x40e3d1a4b2c47d9aa61261f5606136ef73e28042",
      "chainId": 1,
      "decimals": 18,
      "name": "OpenServ",
      "symbol": "SERV",
      "type": "ERC20",
      "hasLogo": true,
      "blockListsCount": 0,
      "exchangeListsCount": 0,
      "flagListsCount": 0,
      "importedListsCount": 2,
      "buyTax": 0,
      "sellTax": 0,
      "isInDex": true,
      "isHoneypot": false,
      "manualUnblock": false,
      "transactionsHourly": 1,
      "transactionsDaily": 11,
      "transactionsWeekly": 58,
      "transactionsMonthly": 270,
      "volumeUsdHourly": 357.927646070322,
      "volumeUsdDaily": 9526.876694079972,
      "volumeUsdWeekly": 69247.78587227971,
      "volumeUsdMonthly": 421816.5445421089,
      "logo": "https://matcha-image-proxy.api.0x.org/images/1/0x40e3d1a4b2c47d9aa61261f5606136ef73e28042"
    },
    {
      "address": "0x2273c410c612e283947fae87164f813e6ceb37c1",
      "chainId": 8453,
      "decimals": 18,
      "name": "@BINANCE X ERA $ERA DISTRIBUTION COMPLETECHK YOUR BINANCE REWA",
      "symbol": "@BINANCE X ERA $ERA DISTRIBUTION COMPLETECHK YOUR BINANCE REWA",
      "type": "ERC20",
      "issuer": {
        "name": "zora",
        "metadata": {}
      },
      "blockListsCount": 0,
      "exchangeListsCount": 0,
      "flagListsCount": 0,
      "importedListsCount": 0,
      "logo": "https://matcha-image-proxy.api.0x.org/images/8453/0x2273c410c612e283947fae87164f813e6ceb37c1"
    },
    {
      "address": "0x1b5ce2a593a840e3ad3549a34d7b3dec697c114d",
      "chainId": 8453,
      "decimals": 18,
      "name": "Altcoinist",
      "symbol": "ALTT",
      "type": "ERC20",
      "hasLogo": true,
      "blockListsCount": 0,
      "exchangeListsCount": 0,
      "flagListsCount": 0,
      "importedListsCount": 1,
      "buyTax": 0,
      "sellTax": 0,
      "isInDex": true,
      "isHoneypot": false,
      "manualUnblock": false,
      "transactionsHourly": 5,
      "transactionsDaily": 23,
      "transactionsWeekly": 102,
      "transactionsMonthly": 486,
      "volumeUsdHourly": 308.8028337235359,
      "volumeUsdDaily": 792.0839054448463,
      "volumeUsdWeekly": 4645.2104722404965,
      "volumeUsdMonthly": 33018.05068646755,
      "logo": "https://matcha-image-proxy.api.0x.org/images/8453/0x1b5ce2a593a840e3ad3549a34d7b3dec697c114d"
    },
    {
      "address": "0x3ce1327867077b551ae9a6987bf10c9fd08edce1",
      "chainId": 137,
      "decimals": 18,
      "name": "SwissCheese Token",
      "symbol": "SWCH",
      "type": "ERC20",
      "hasLogo": true,
      "blockListsCount": 0,
      "exchangeListsCount": 0,
      "flagListsCount": 0,
      "importedListsCount": 1,
      "buyTax": 0,
      "sellTax": 0,
      "isInDex": true,
      "isHoneypot": false,
      "manualUnblock": false,
      "transactionsHourly": 1,
      "transactionsDaily": 21,
      "transactionsWeekly": 115,
      "transactionsMonthly": 627,
      "volumeUsdHourly": 1.16518688361846,
      "volumeUsdDaily": 511.3653675131859,
      "volumeUsdWeekly": 2261.851587952184,
      "volumeUsdMonthly": 15191.233867915656,
      "logo": "https://matcha-image-proxy.api.0x.org/images/137/0x3ce1327867077b551ae9a6987bf10c9fd08edce1"
    },
    {
      "address": "0x5576d6ed9181f2225aff5282ac0ed29f755437ea",
      "chainId": 8453,
      "decimals": 18,
      "name": "OpenServ",
      "symbol": "SERV",
      "type": "ERC20",
      "hasLogo": true,
      "blockListsCount": 0,
      "exchangeListsCount": 0,
      "flagListsCount": 0,
      "importedListsCount": 1,
      "buyTax": 0,
      "sellTax": 0,
      "isInDex": true,
      "isHoneypot": false,
      "manualUnblock": false,
      "transactionsHourly": 1,
      "transactionsDaily": 9,
      "transactionsWeekly": 39,
      "transactionsMonthly": 242,
      "volumeUsdHourly": 358.497837807884,
      "volumeUsdDaily": 2359.587229968747,
      "volumeUsdWeekly": 7810.7150004001505,
      "volumeUsdMonthly": 71698.22297688897,
      "logo": "https://matcha-image-proxy.api.0x.org/images/8453/0x5576d6ed9181f2225aff5282ac0ed29f755437ea"
    },
    {
      "address": "0x3fb83a9a2c4408909c058b0bfe5b4823f54fafe2",
      "chainId": 137,
      "decimals": 18,
      "name": "bitsCrunch Token(PoS)",
      "symbol": "BCUT",
      "type": "ERC20",
      "hasLogo": true,
      "blockListsCount": 0,
      "exchangeListsCount": 0,
      "flagListsCount": 0,
      "importedListsCount": 1,
      "buyTax": 0,
      "sellTax": 0,
      "isInDex": true,
      "isHoneypot": false,
      "manualUnblock": false,
      "transactionsHourly": 1,
      "transactionsDaily": 32,
      "transactionsWeekly": 125,
      "transactionsMonthly": 261,
      "volumeUsdHourly": 19.9726052941532,
      "volumeUsdDaily": 1148.644930995908,
      "volumeUsdWeekly": 2597.808798006371,
      "volumeUsdMonthly": 4282.652776046231,
      "logo": "https://matcha-image-proxy.api.0x.org/images/137/0x3fb83a9a2c4408909c058b0bfe5b4823f54fafe2"
    },
    {
      "address": "0xab10e517f3138b17108b32129e8c8446ad44a267",
      "chainId": 8453,
      "decimals": 18,
      "name": "Battle.tech by Virtuals",
      "symbol": "BTA",
      "type": "ERC20",
      "hasLogo": true,
      "blockListsCount": 0,
      "exchangeListsCount": 0,
      "flagListsCount": 0,
      "importedListsCount": 1,
      "buyTax": 0,
      "sellTax": 0,
      "isInDex": true,
      "isHoneypot": false,
      "manualUnblock": false,
      "transactionsHourly": 2,
      "transactionsDaily": 3,
      "transactionsWeekly": 577,
      "transactionsMonthly": 580,
      "volumeUsdHourly": 37.0892084700695,
      "volumeUsdDaily": 61.5061007676493,
      "volumeUsdWeekly": 55546.53460958065,
      "volumeUsdMonthly": 55657.328559132206,
      "logo": "https://matcha-image-proxy.api.0x.org/images/8453/0xab10e517f3138b17108b32129e8c8446ad44a267"
    },
    {
      "address": "0xcf91b70017eabde82c9671e30e5502d312ea6eb2",
      "chainId": 1,
      "decimals": 9,
      "name": "I love puppies",
      "symbol": "puppies",
      "type": "ERC20",
      "hasLogo": true,
      "blockListsCount": 0,
      "exchangeListsCount": 0,
      "flagListsCount": 0,
      "importedListsCount": 2,
      "buyTax": 0,
      "sellTax": 0,
      "isInDex": true,
      "isHoneypot": false,
      "manualUnblock": false,
      "transactionsHourly": 1,
      "transactionsDaily": 4,
      "transactionsWeekly": 30,
      "transactionsMonthly": 213,
      "volumeUsdHourly": 439.077203871508,
      "volumeUsdDaily": 673.3924576191566,
      "volumeUsdWeekly": 5922.923957408764,
      "volumeUsdMonthly": 108131.42906392126,
      "logo": "https://matcha-image-proxy.api.0x.org/images/1/0xcf91b70017eabde82c9671e30e5502d312ea6eb2"
    },
    {
      "address": "0x3c3a81e81dc49a522a592e7622a7e711c06bf354",
      "chainId": 1,
      "decimals": 18,
      "name": "Mantle",
      "symbol": "MNT",
      "type": "ERC20",
      "hasLogo": true,
      "blockListsCount": 0,
      "exchangeListsCount": 1,
      "flagListsCount": 0,
      "importedListsCount": 3,
      "buyTax": 0,
      "sellTax": 0,
      "isInDex": true,
      "isHoneypot": false,
      "manualUnblock": false,
      "transactionsHourly": 1,
      "transactionsDaily": 5,
      "transactionsWeekly": 53,
      "transactionsMonthly": 365,
      "volumeUsdHourly": 15.7484959703618,
      "volumeUsdDaily": 3200.647983855655,
      "volumeUsdWeekly": 32887.26561379514,
      "volumeUsdMonthly": 264106.6122655139,
      "logo": "https://matcha-image-proxy.api.0x.org/images/1/0x3c3a81e81dc49a522a592e7622a7e711c06bf354"
    },
    {
      "address": "0xe2ad0bf751834f2fbdc62a41014f84d67ca1de2a",
      "chainId": 1,
      "decimals": 18,
      "name": "Caldera",
      "symbol": "ERA",
      "type": "ERC20",
      "hasLogo": true,
      "blockListsCount": 0,
      "exchangeListsCount": 0,
      "flagListsCount": 0,
      "importedListsCount": 3,
      "buyTax": 0,
      "sellTax": 0,
      "isInDex": false,
      "isHoneypot": false,
      "manualUnblock": false,
      "transactionsHourly": 1,
      "transactionsDaily": 5,
      "transactionsWeekly": 64,
      "transactionsMonthly": 413,
      "volumeUsdHourly": 37.8570414570381,
      "volumeUsdDaily": 262.1552921902749,
      "volumeUsdWeekly": 3760.967806036424,
      "volumeUsdMonthly": 24550.765496836782,
      "logo": "https://matcha-image-proxy.api.0x.org/images/1/0xe2ad0bf751834f2fbdc62a41014f84d67ca1de2a"
    },
    {
      "address": "0x64d0f55cd8c7133a9d7102b13987235f486f2224",
      "chainId": 1,
      "decimals": 18,
      "name": "SwissBorg Token",
      "symbol": "BORG",
      "type": "ERC20",
      "hasLogo": true,
      "blockListsCount": 0,
      "exchangeListsCount": 0,
      "flagListsCount": 0,
      "importedListsCount": 2,
      "buyTax": 0,
      "sellTax": 0,
      "isInDex": true,
      "isHoneypot": false,
      "manualUnblock": false,
      "transactionsHourly": 1,
      "transactionsDaily": 8,
      "transactionsWeekly": 34,
      "transactionsMonthly": 178,
      "volumeUsdHourly": 517.906437971299,
      "volumeUsdDaily": 2794.270653530418,
      "volumeUsdWeekly": 10749.271975820777,
      "volumeUsdMonthly": 66730.64861780837,
      "logo": "https://matcha-image-proxy.api.0x.org/images/1/0x64d0f55cd8c7133a9d7102b13987235f486f2224"
    },
    {
      "address": "0x22b1458e780f8fa71e2f84502cee8b5a3cc731fa",
      "chainId": 56,
      "decimals": 18,
      "name": "MemeCore",
      "symbol": "M",
      "type": "ERC20",
      "hasLogo": true,
      "blockListsCount": 0,
      "exchangeListsCount": 0,
      "flagListsCount": 0,
      "importedListsCount": 1,
      "buyTax": null,
      "sellTax": null,
      "isInDex": true,
      "isHoneypot": false,
      "manualUnblock": false,
      "transactionsHourly": 1,
      "transactionsDaily": 5,
      "transactionsWeekly": 79,
      "transactionsMonthly": 577,
      "volumeUsdHourly": 0.0277635495198956,
      "volumeUsdDaily": 45.40909591192055,
      "volumeUsdWeekly": 3973.802873262193,
      "volumeUsdMonthly": 83197.15656238052,
      "logo": "https://matcha-image-proxy.api.0x.org/images/56/0x22b1458e780f8fa71e2f84502cee8b5a3cc731fa"
    },
    {
      "address": "0xacd2c239012d17beb128b0944d49015104113650",
      "chainId": 1,
      "decimals": 18,
      "name": "KarratCoin",
      "symbol": "KARRAT",
      "type": "ERC20",
      "hasLogo": true,
      "blockListsCount": 0,
      "exchangeListsCount": 1,
      "flagListsCount": 0,
      "importedListsCount": 2,
      "buyTax": 0,
      "sellTax": 0,
      "isInDex": true,
      "isHoneypot": false,
      "manualUnblock": false,
      "transactionsHourly": 1,
      "transactionsDaily": 7,
      "transactionsWeekly": 42,
      "transactionsMonthly": 151,
      "volumeUsdHourly": 72.8622639233957,
      "volumeUsdDaily": 1493.5842516862342,
      "volumeUsdWeekly": 11935.966801534252,
      "volumeUsdMonthly": 48658.87781177103,
      "logo": "https://matcha-image-proxy.api.0x.org/images/1/0xacd2c239012d17beb128b0944d49015104113650"
    },
    {
      "address": "0xb59490ab09a0f526cc7305822ac65f2ab12f9723",
      "chainId": 1,
      "decimals": 18,
      "name": "Litentry",
      "symbol": "LIT",
      "type": "ERC20",
      "hasLogo": true,
      "blockListsCount": 0,
      "exchangeListsCount": 1,
      "flagListsCount": 0,
      "importedListsCount": 3,
      "buyTax": 0,
      "sellTax": 0,
      "isInDex": true,
      "isHoneypot": false,
      "manualUnblock": false,
      "transactionsHourly": 1,
      "transactionsDaily": 1,
      "transactionsWeekly": 11,
      "transactionsMonthly": 45,
      "volumeUsdHourly": 104.490907074877,
      "volumeUsdDaily": 105.759747269062,
      "volumeUsdWeekly": 254.6583099384121,
      "volumeUsdMonthly": 2461.029966975389,
      "logo": "https://matcha-image-proxy.api.0x.org/images/1/0xb59490ab09a0f526cc7305822ac65f2ab12f9723"
    }
  ],
  "searchTime": "2025-12-30T01:57:24.253Z",
  "error": null
}