{
  "originalSymbol": "W",
  "originalFullName": "Wormhole",
  "searchedQuery": "W Wormhole",
  "retried": false,
  "isL1": false,
  "success": true,
  "tokenCount": 15,
  "resultCount": 10000,
  "tokens": [
    {
      "address": "0xb0ffa8000886e57f86dd5264b9582b2ad87b2b91",
      "chainId": 8453,
      "decimals": 18,
      "name": "Wormhole Token",
      "symbol": "W",
      "type": "ERC20",
      "hasLogo": true,
      "blockListsCount": 0,
      "exchangeListsCount": 0,
      "flagListsCount": 0,
      "importedListsCount": 1,
      "buyTax": 0,
      "sellTax": 0,
      "isInDex": true,
      "isHoneypot": false,
      "manualUnblock": false,
      "transactionsHourly": 2,
      "transactionsDaily": 28,
      "transactionsWeekly": 302,
      "transactionsMonthly": 2478,
      "volumeUsdHourly": 37.92428346507328,
      "volumeUsdDaily": 868.8003787024664,
      "volumeUsdWeekly": 12297.666178664333,
      "volumeUsdMonthly": 91300.32309116142,
      "logo": "https://matcha-image-proxy.api.0x.org/images/8453/0xb0ffa8000886e57f86dd5264b9582b2ad87b2b91"
    },
    {
      "address": "85VBFQZC9TZkfaptBWjvUw7YbZjy52A6mjtPGjstQAmQ",
      "chainId": 1399811149,
      "decimals": 6,
      "name": "Wormhole Token",
      "symbol": "W",
      "type": "SPL-Token",
      "blockListsCount": 0,
      "exchangeListsCount": 0,
      "flagListsCount": 0,
      "importedListsCount": 0,
      "isHoneypot": false,
      "transactionsDaily": 139,
      "transactionsWeekly": 139,
      "transactionsMonthly": 139,
      "volumeUsdDaily": 5608.194769066534,
      "volumeUsdWeekly": 5608.194769066534,
      "volumeUsdMonthly": 5608.194769066534,
      "logo": "https://matcha-image-proxy.api.0x.org/images/1399811149/85VBFQZC9TZkfaptBWjvUw7YbZjy52A6mjtPGjstQAmQ"
    },
    {
      "address": "0xd31a59c85ae9d8edefec411d448f90841571b89c",
      "chainId": 1,
      "decimals": 9,
      "name": "Wrapped SOL",
      "symbol": "SOL",
      "type": "ERC20",
      "hasLogo": true,
      "blockListsCount": 0,
      "exchangeListsCount": 0,
      "flagListsCount": 0,
      "importedListsCount": 4,
      "buyTax": 0,
      "sellTax": 0,
      "isInDex": true,
      "isHoneypot": false,
      "manualUnblock": false,
      "transactionsHourly": 1,
      "transactionsDaily": 30,
      "transactionsWeekly": 261,
      "transactionsMonthly": 1391,
      "volumeUsdHourly": 39.9576353851625,
      "volumeUsdDaily": 26869.4964407116,
      "volumeUsdWeekly": 104412.973729423,
      "volumeUsdMonthly": 1606872.525458009,
      "logo": "https://matcha-image-proxy.api.0x.org/images/1/0xd31a59c85ae9d8edefec411d448f90841571b89c"
    },
    {
      "address": "0x81a22890c75b529722f6063e766167c1cc849a0b",
      "chainId": 8453,
      "decimals": 18,
      "name": "@upcoming days will be purple onlystake $W(wormhole)and $PYTH(py",
      "symbol": "@upcoming days will be purple onlystake $W(wormhole)and $PYTH(py",
      "type": "ERC20",
      "issuer": {
        "name": "zora",
        "metadata": {}
      },
      "blockListsCount": 0,
      "exchangeListsCount": 0,
      "flagListsCount": 0,
      "importedListsCount": 0,
      "logo": "https://matcha-image-proxy.api.0x.org/images/8453/0x81a22890c75b529722f6063e766167c1cc849a0b"
    },
    {
      "address": "0x3553f861dec0257bada9f8ed268bf0d74e45e89c",
      "chainId": 137,
      "decimals": 6,
      "name": "USDT (Wormhole)",
      "symbol": "USDT",
      "type": "ERC20",
      "hasLogo": true,
      "blockListsCount": 0,
      "exchangeListsCount": 0,
      "flagListsCount": 0,
      "importedListsCount": 1,
      "buyTax": 0,
      "sellTax": 0,
      "isInDex": true,
      "isHoneypot": false,
      "manualUnblock": false,
      "transactionsHourly": 2,
      "transactionsDaily": 2,
      "transactionsWeekly": 30,
      "transactionsMonthly": 103,
      "volumeUsdHourly": 31.8452125046514,
      "volumeUsdDaily": 31.8452125046514,
      "volumeUsdWeekly": 12193.847826390243,
      "volumeUsdMonthly": 33335.99362841917,
      "logo": "https://matcha-image-proxy.api.0x.org/images/137/0x3553f861dec0257bada9f8ed268bf0d74e45e89c"
    },
    {
      "address": "0x03ff0ff224f904be3118461335064bb48df47938",
      "chainId": 56,
      "decimals": 18,
      "name": "Harmony ONE",
      "symbol": "ONE",
      "type": "ERC20",
      "hasLogo": true,
      "blockListsCount": 0,
      "exchangeListsCount": 0,
      "flagListsCount": 0,
      "importedListsCount": 1,
      "buyTax": 0,
      "sellTax": 0,
      "isInDex": true,
      "isHoneypot": false,
      "manualUnblock": false,
      "transactionsHourly": 1,
      "transactionsDaily": 22,
      "transactionsWeekly": 62,
      "transactionsMonthly": 210,
      "volumeUsdHourly": 11.0108646663505,
      "volumeUsdDaily": 165.96124642177142,
      "volumeUsdWeekly": 925.33492756943,
      "volumeUsdMonthly": 5217.185783133162,
      "logo": "https://matcha-image-proxy.api.0x.org/images/56/0x03ff0ff224f904be3118461335064bb48df47938"
    },
    {
      "address": "0x4db5a66e937a9f4473fa95b1caf1d1e1d62e29ea",
      "chainId": 56,
      "decimals": 18,
      "name": "Wrapped Ether (Wormhole)",
      "symbol": "WETH",
      "type": "ERC20",
      "hasLogo": true,
      "blockListsCount": 0,
      "exchangeListsCount": 0,
      "flagListsCount": 0,
      "importedListsCount": 1,
      "buyTax": 0,
      "sellTax": 0,
      "isInDex": true,
      "isHoneypot": false,
      "manualUnblock": false,
      "transactionsHourly": 1,
      "transactionsDaily": 15,
      "transactionsWeekly": 72,
      "transactionsMonthly": 403,
      "volumeUsdHourly": 0.0935383863307058,
      "volumeUsdDaily": 1541.028885713763,
      "volumeUsdWeekly": 10330.53010147706,
      "volumeUsdMonthly": 72232.45983098658,
      "logo": "https://matcha-image-proxy.api.0x.org/images/56/0x4db5a66e937a9f4473fa95b1caf1d1e1d62e29ea"
    },
    {
      "address": "0xd93f7e271cb87c23aaa73edc008a79646d1f9912",
      "chainId": 137,
      "decimals": 9,
      "name": "Wrapped SOL (Wormhole)",
      "symbol": "SOL",
      "type": "ERC20",
      "hasLogo": true,
      "blockListsCount": 0,
      "exchangeListsCount": 0,
      "flagListsCount": 0,
      "importedListsCount": 1,
      "buyTax": 0,
      "sellTax": 0,
      "isInDex": true,
      "isHoneypot": false,
      "manualUnblock": false,
      "transactionsHourly": 1,
      "transactionsDaily": 10,
      "transactionsWeekly": 94,
      "transactionsMonthly": 698,
      "volumeUsdHourly": 244.808163122571,
      "volumeUsdDaily": 958.0331163665658,
      "volumeUsdWeekly": 6009.632242852026,
      "volumeUsdMonthly": 54136.33296786333,
      "logo": "https://matcha-image-proxy.api.0x.org/images/137/0xd93f7e271cb87c23aaa73edc008a79646d1f9912"
    },
    {
      "address": "0xb0ffa8000886e57f86dd5264b9582b2ad87b2b91",
      "chainId": 1,
      "decimals": 18,
      "name": "Wormhole Token",
      "symbol": "W",
      "type": "ERC20",
      "hasLogo": true,
      "blockListsCount": 0,
      "exchangeListsCount": 0,
      "flagListsCount": 0,
      "importedListsCount": 2,
      "buyTax": 0,
      "sellTax": 0,
      "isInDex": true,
      "isHoneypot": false,
      "manualUnblock": false,
      "transactionsHourly": 1,
      "transactionsDaily": 2,
      "transactionsWeekly": 19,
      "transactionsMonthly": 115,
      "volumeUsdHourly": 296.525861772935,
      "volumeUsdDaily": 367.7421389065133,
      "volumeUsdWeekly": 2666.853563380038,
      "volumeUsdMonthly": 40212.62001290293,
      "logo": "https://matcha-image-proxy.api.0x.org/images/1/0xb0ffa8000886e57f86dd5264b9582b2ad87b2b91"
    },
    {
      "address": "0x661f5740c6010fa0ce42f6044654f5d2b6fbabc1",
      "chainId": 8453,
      "decimals": 18,
      "name": "W Wormhole On Base",
      "symbol": "W Wormhole On Base",
      "type": "ERC20",
      "blockListsCount": 0,
      "exchangeListsCount": 0,
      "flagListsCount": 0,
      "importedListsCount": 0,
      "logo": "https://matcha-image-proxy.api.0x.org/images/8453/0x661f5740c6010fa0ce42f6044654f5d2b6fbabc1"
    },
    {
      "address": "0x7e89fa61bbaa64e12b953e34f3d99ef9a69d4411",
      "chainId": 56,
      "decimals": 18,
      "name": "W Wormhole On Binance Alpha",
      "symbol": "W Wormhole",
      "type": "ERC20",
      "blockListsCount": 0,
      "exchangeListsCount": 0,
      "flagListsCount": 0,
      "importedListsCount": 0,
      "logo": "https://matcha-image-proxy.api.0x.org/images/56/0x7e89fa61bbaa64e12b953e34f3d99ef9a69d4411"
    },
    {
      "address": "J3NKxxXZcnNiMjKw9hYb2K4LUxgwB6t1FtPtQVsv3KFr",
      "chainId": 1399811149,
      "decimals": 8,
      "name": "SPX6900 (Wormhole)",
      "symbol": "SPX",
      "type": "SPL-Token",
      "blockListsCount": 0,
      "exchangeListsCount": 0,
      "flagListsCount": 0,
      "importedListsCount": 0,
      "isHoneypot": false,
      "transactionsDaily": 905,
      "transactionsWeekly": 905,
      "transactionsMonthly": 905,
      "volumeUsdDaily": 30873.97455994179,
      "volumeUsdWeekly": 30873.97455994179,
      "volumeUsdMonthly": 30873.97455994179,
      "logo": "https://matcha-image-proxy.api.0x.org/images/1399811149/J3NKxxXZcnNiMjKw9hYb2K4LUxgwB6t1FtPtQVsv3KFr"
    },
    {
      "address": "0xf4d2888d29d722226fafa5d9b24f9164c092421e",
      "chainId": 1,
      "decimals": 18,
      "name": "LooksRare Token",
      "symbol": "LOOKS",
      "type": "ERC20",
      "hasLogo": true,
      "blockListsCount": 0,
      "exchangeListsCount": 0,
      "flagListsCount": 0,
      "importedListsCount": 2,
      "buyTax": 0,
      "sellTax": 0,
      "isInDex": true,
      "isHoneypot": false,
      "manualUnblock": false,
      "transactionsHourly": 1,
      "transactionsDaily": 6,
      "transactionsWeekly": 20,
      "transactionsMonthly": 62,
      "volumeUsdHourly": -0.557367256118625,
      "volumeUsdDaily": 110.3094901687575,
      "volumeUsdWeekly": 212.73348651161197,
      "volumeUsdMonthly": 2247.014790953481,
      "logo": "https://matcha-image-proxy.api.0x.org/images/1/0xf4d2888d29d722226fafa5d9b24f9164c092421e"
    },
    {
      "address": "0xb0ffa8000886e57f86dd5264b9582b2ad87b2b91",
      "chainId": 42161,
      "decimals": 18,
      "name": "Wormhole Token",
      "symbol": "W",
      "type": "ERC20",
      "hasLogo": true,
      "blockListsCount": 0,
      "exchangeListsCount": 0,
      "flagListsCount": 0,
      "importedListsCount": 1,
      "buyTax": 0,
      "sellTax": 0,
      "isInDex": true,
      "isHoneypot": false,
      "manualUnblock": false,
      "transactionsHourly": 1,
      "transactionsDaily": 1,
      "transactionsWeekly": 14,
      "transactionsMonthly": 93,
      "volumeUsdHourly": 85.0263549305358,
      "volumeUsdDaily": 85.0279935208043,
      "volumeUsdWeekly": 804.8927527226181,
      "volumeUsdMonthly": 5947.318931508501,
      "logo": "https://matcha-image-proxy.api.0x.org/images/42161/0xb0ffa8000886e57f86dd5264b9582b2ad87b2b91"
    },
    {
      "address": "0xfa54ff1a158b5189ebba6ae130ced6bbd3aea76e",
      "chainId": 56,
      "decimals": 9,
      "name": "Wrapped SOL (Wormhole)",
      "symbol": "SOL",
      "type": "ERC20",
      "hasLogo": true,
      "blockListsCount": 0,
      "exchangeListsCount": 0,
      "flagListsCount": 0,
      "importedListsCount": 2,
      "buyTax": 0,
      "sellTax": 0,
      "isInDex": true,
      "isHoneypot": false,
      "manualUnblock": false,
      "transactionsHourly": 2,
      "transactionsDaily": 5,
      "transactionsWeekly": 36,
      "transactionsMonthly": 151,
      "volumeUsdHourly": 9.34134022803918,
      "volumeUsdDaily": 210.74216339909,
      "volumeUsdWeekly": 1177.1887268257951,
      "volumeUsdMonthly": 7011.7275430670115,
      "logo": "https://matcha-image-proxy.api.0x.org/images/56/0xfa54ff1a158b5189ebba6ae130ced6bbd3aea76e"
    }
  ],
  "searchTime": "2025-12-30T01:57:45.979Z",
  "error": null
}