{
  "originalSymbol": "DKA",
  "originalFullName": "dKargo",
  "searchedQuery": "DKA dKargo",
  "retried": false,
  "isL1": false,
  "success": true,
  "tokenCount": 15,
  "resultCount": 582,
  "tokens": [
    {
      "address": "0x8722aacee0a718ce724c9438065c42fb975f0cae",
      "chainId": 56,
      "decimals": 18,
      "name": "DKA dKargo On Binance Alpha",
      "symbol": "DKA dKargo",
      "type": "ERC20",
      "blockListsCount": 0,
      "exchangeListsCount": 0,
      "flagListsCount": 0,
      "importedListsCount": 0,
      "logo": "https://matcha-image-proxy.api.0x.org/images/56/0x8722aacee0a718ce724c9438065c42fb975f0cae"
    },
    {
      "address": "0x8d53b0dd8ddedc539310a462b86bda482900420f",
      "chainId": 8453,
      "decimals": 18,
      "name": "DKA dKargo On Base",
      "symbol": "DKA dKargo On Base",
      "type": "ERC20",
      "blockListsCount": 0,
      "exchangeListsCount": 0,
      "flagListsCount": 0,
      "importedListsCount": 0,
      "logo": "https://matcha-image-proxy.api.0x.org/images/8453/0x8d53b0dd8ddedc539310a462b86bda482900420f"
    },
    {
      "address": "0xf12dfc7212c7c3df5f769694455d21cfe2b6baa3",
      "chainId": 130,
      "decimals": 18,
      "name": "STOCK DKA",
      "symbol": "STOCK DKA",
      "type": "ERC20",
      "blockListsCount": 1,
      "exchangeListsCount": 0,
      "flagListsCount": 1,
      "importedListsCount": 0,
      "manualUnblock": false,
      "logo": "https://matcha-image-proxy.api.0x.org/images/130/0xf12dfc7212c7c3df5f769694455d21cfe2b6baa3"
    },
    {
      "address": "0x79938b5596faeb8a2214738396b1ff76ff50a4ec",
      "chainId": 8453,
      "decimals": 18,
      "name": "DKA dKargo Perpetual",
      "symbol": "DKADKA",
      "type": "ERC20",
      "blockListsCount": 0,
      "exchangeListsCount": 0,
      "flagListsCount": 0,
      "importedListsCount": 0,
      "logo": "https://matcha-image-proxy.api.0x.org/images/8453/0x79938b5596faeb8a2214738396b1ff76ff50a4ec"
    },
    {
      "address": "0x5dc60c4d5e75d22588fa17ffeb90a63e535efce0",
      "chainId": 1,
      "decimals": 18,
      "name": "dKargo",
      "symbol": "DKA",
      "type": "ERC20",
      "hasLogo": true,
      "blockListsCount": 0,
      "exchangeListsCount": 0,
      "flagListsCount": 0,
      "importedListsCount": 2,
      "buyTax": 0,
      "sellTax": 0,
      "isInDex": true,
      "isHoneypot": false,
      "manualUnblock": false,
      "transactionsHourly": 1,
      "transactionsDaily": 1,
      "transactionsWeekly": 3,
      "transactionsMonthly": 18,
      "volumeUsdHourly": 1.31356902067616,
      "volumeUsdDaily": 1.31356902067616,
      "volumeUsdWeekly": 11.272638260116434,
      "volumeUsdMonthly": 291.45029011643436,
      "logo": "https://matcha-image-proxy.api.0x.org/images/1/0x5dc60c4d5e75d22588fa17ffeb90a63e535efce0"
    },
    {
      "address": "0xe6e74dfacd8f5806e5f5cd762e6b6d6618dd2086",
      "chainId": 8453,
      "decimals": 18,
      "name": "DKA",
      "symbol": "DKA",
      "type": "ERC20",
      "issuer": {
        "name": "zora",
        "metadata": {}
      },
      "blockListsCount": 0,
      "exchangeListsCount": 0,
      "flagListsCount": 0,
      "importedListsCount": 0,
      "logo": "https://matcha-image-proxy.api.0x.org/images/8453/0xe6e74dfacd8f5806e5f5cd762e6b6d6618dd2086"
    },
    {
      "address": "0xd4c7f855dd5cad1b9ee5c66a9dcb1eb1cbd5db07",
      "chainId": 8453,
      "decimals": 18,
      "name": "DKA",
      "symbol": "DKA",
      "type": "ERC20",
      "blockListsCount": 0,
      "exchangeListsCount": 0,
      "flagListsCount": 0,
      "importedListsCount": 0,
      "logo": "https://matcha-image-proxy.api.0x.org/images/8453/0xd4c7f855dd5cad1b9ee5c66a9dcb1eb1cbd5db07"
    },
    {
      "address": "0x58cb2140f9f6eb8d51b6754f44d9f20746498b07",
      "chainId": 8453,
      "decimals": 18,
      "name": "DKA",
      "symbol": "DKA",
      "type": "ERC20",
      "blockListsCount": 0,
      "exchangeListsCount": 0,
      "flagListsCount": 0,
      "importedListsCount": 0,
      "logo": "https://matcha-image-proxy.api.0x.org/images/8453/0x58cb2140f9f6eb8d51b6754f44d9f20746498b07"
    },
    {
      "address": "0x98a76577565cc293cf7c1ae60d6ec83c8cb68b07",
      "chainId": 8453,
      "decimals": 18,
      "name": "DKA",
      "symbol": "DKA",
      "type": "ERC20",
      "blockListsCount": 0,
      "exchangeListsCount": 0,
      "flagListsCount": 0,
      "importedListsCount": 0,
      "logo": "https://matcha-image-proxy.api.0x.org/images/8453/0x98a76577565cc293cf7c1ae60d6ec83c8cb68b07"
    },
    {
      "address": "0x40f5e8026f9803767540cd32d3c7c7e847359a14",
      "chainId": 130,
      "decimals": 18,
      "name": "dKargo DKA",
      "symbol": "dKargo DKA",
      "type": "ERC20",
      "blockListsCount": 0,
      "exchangeListsCount": 0,
      "flagListsCount": 0,
      "importedListsCount": 0,
      "logo": "https://matcha-image-proxy.api.0x.org/images/130/0x40f5e8026f9803767540cd32d3c7c7e847359a14"
    },
    {
      "address": "0x312625e3c31134b9dea70a4f4b2584d3d6adc31f",
      "chainId": 130,
      "decimals": 18,
      "name": "dKargo DKA",
      "symbol": "dKargo DKA",
      "type": "ERC20",
      "blockListsCount": 0,
      "exchangeListsCount": 0,
      "flagListsCount": 0,
      "importedListsCount": 0,
      "logo": "https://matcha-image-proxy.api.0x.org/images/130/0x312625e3c31134b9dea70a4f4b2584d3d6adc31f"
    },
    {
      "address": "0xa036043de65e4a1f5095e83bb88fc509994887fe",
      "chainId": 130,
      "decimals": 18,
      "name": "dKargo DKA",
      "symbol": "dKargo DKA",
      "type": "ERC20",
      "blockListsCount": 0,
      "exchangeListsCount": 0,
      "flagListsCount": 0,
      "importedListsCount": 0,
      "logo": "https://matcha-image-proxy.api.0x.org/images/130/0xa036043de65e4a1f5095e83bb88fc509994887fe"
    },
    {
      "address": "0x42133919da6130d5e76f21aa6e0024b4ddfa1a63",
      "chainId": 8453,
      "decimals": 18,
      "name": "dKargo DKA",
      "symbol": "dKargo DKA",
      "type": "ERC20",
      "blockListsCount": 0,
      "exchangeListsCount": 0,
      "flagListsCount": 0,
      "importedListsCount": 0,
      "buyTax": 0,
      "sellTax": 0,
      "isInDex": true,
      "isHoneypot": false,
      "logo": "https://matcha-image-proxy.api.0x.org/images/8453/0x42133919da6130d5e76f21aa6e0024b4ddfa1a63"
    },
    {
      "address": "0xfe1586db73d8336c25ca39484f43f072b0edcbbc",
      "chainId": 8453,
      "decimals": 18,
      "name": "DKA XRD",
      "symbol": "DKA XRD",
      "type": "ERC20",
      "blockListsCount": 0,
      "exchangeListsCount": 0,
      "flagListsCount": 0,
      "importedListsCount": 0,
      "buyTax": 0,
      "sellTax": 0,
      "isInDex": true,
      "isHoneypot": false,
      "logo": "https://matcha-image-proxy.api.0x.org/images/8453/0xfe1586db73d8336c25ca39484f43f072b0edcbbc"
    },
    {
      "address": "0xc2af2291b506a3b0e5bcf73066db4a75dfb0a7f8",
      "chainId": 8453,
      "decimals": 18,
      "name": "XYO DKA",
      "symbol": "XYO DKA",
      "type": "ERC20",
      "blockListsCount": 0,
      "exchangeListsCount": 0,
      "flagListsCount": 0,
      "importedListsCount": 0,
      "buyTax": 0,
      "sellTax": 0,
      "isInDex": true,
      "isHoneypot": false,
      "logo": "https://matcha-image-proxy.api.0x.org/images/8453/0xc2af2291b506a3b0e5bcf73066db4a75dfb0a7f8"
    }
  ],
  "searchTime": "2025-12-30T01:56:53.187Z",
  "error": null
}