{
  "originalSymbol": "XTZ",
  "originalFullName": "Tezos",
  "searchedQuery": "XTZ Tezos",
  "retried": true,
  "isL1": true,
  "success": true,
  "tokenCount": 15,
  "resultCount": 1204,
  "tokens": [
    {
      "address": "0x91f9cc2649ac70a071602cade9b0c1a5868af51d",
      "chainId": 8453,
      "decimals": 18,
      "name": "Wrapped XTZ",
      "symbol": "WXTZ",
      "type": "ERC20",
      "hasLogo": true,
      "blockListsCount": 0,
      "exchangeListsCount": 0,
      "flagListsCount": 0,
      "importedListsCount": 1,
      "buyTax": 0,
      "sellTax": 0,
      "isInDex": true,
      "isHoneypot": false,
      "manualUnblock": false,
      "transactionsHourly": 1,
      "transactionsDaily": 2,
      "transactionsWeekly": 7,
      "transactionsMonthly": 6227,
      "volumeUsdHourly": 99.9902182499894,
      "volumeUsdDaily": 199.9904765334434,
      "volumeUsdWeekly": 394.9334647378761,
      "volumeUsdMonthly": 71581.69225053825,
      "logo": "https://matcha-image-proxy.api.0x.org/images/8453/0x91f9cc2649ac70a071602cade9b0c1a5868af51d"
    },
    {
      "address": "0x16939ef78684453bfdfb47825f8a5f714f12623a",
      "chainId": 56,
      "decimals": 18,
      "name": "Tezos Token",
      "symbol": "XTZ",
      "type": "ERC20",
      "hasLogo": true,
      "issuer": {
        "name": "binance",
        "metadata": {}
      },
      "blockListsCount": 0,
      "exchangeListsCount": 0,
      "flagListsCount": 0,
      "importedListsCount": 1,
      "buyTax": 0,
      "sellTax": 0,
      "isInDex": true,
      "isHoneypot": false,
      "manualUnblock": false,
      "transactionsHourly": 1,
      "transactionsDaily": 1,
      "transactionsWeekly": 5,
      "transactionsMonthly": 33,
      "volumeUsdHourly": 1.27090676538513,
      "volumeUsdDaily": 1.27081389188251,
      "volumeUsdWeekly": 5.07634377090273,
      "volumeUsdMonthly": 2805.584224003137,
      "logo": "https://matcha-image-proxy.api.0x.org/images/56/0x16939ef78684453bfdfb47825f8a5f714f12623a"
    },
    {
      "address": "0x6b1a8f210ec6b7b6643cea3583fb0c079f367898",
      "chainId": 1,
      "decimals": 18,
      "name": "Baanx",
      "symbol": "BXX",
      "type": "ERC20",
      "hasLogo": true,
      "blockListsCount": 0,
      "exchangeListsCount": 0,
      "flagListsCount": 0,
      "importedListsCount": 2,
      "buyTax": 0,
      "sellTax": 0,
      "isInDex": true,
      "isHoneypot": false,
      "manualUnblock": false,
      "transactionsHourly": 1,
      "transactionsDaily": 2,
      "transactionsWeekly": 21,
      "transactionsMonthly": 127,
      "volumeUsdHourly": 14.2587151060136,
      "volumeUsdDaily": 293.5423708135416,
      "volumeUsdWeekly": 5137.538661851011,
      "volumeUsdMonthly": 38213.50547437309,
      "logo": "https://matcha-image-proxy.api.0x.org/images/1/0x6b1a8f210ec6b7b6643cea3583fb0c079f367898"
    },
    {
      "address": "0xc9b53ab2679f573e480d01e0f49e2b5cfb7a3eab",
      "chainId": 1,
      "decimals": 18,
      "name": "Wrapped XTZ",
      "symbol": "WXTZ",
      "type": "ERC20",
      "hasLogo": true,
      "blockListsCount": 0,
      "exchangeListsCount": 0,
      "flagListsCount": 0,
      "importedListsCount": 2,
      "buyTax": 0,
      "sellTax": 0,
      "isInDex": true,
      "isHoneypot": false,
      "manualUnblock": false,
      "transactionsHourly": 1,
      "transactionsDaily": 1,
      "transactionsWeekly": 1,
      "transactionsMonthly": 8,
      "volumeUsdHourly": 801.742499499371,
      "volumeUsdDaily": 801.743049380798,
      "volumeUsdWeekly": 801.743049380798,
      "volumeUsdMonthly": 937.429439690752,
      "logo": "https://matcha-image-proxy.api.0x.org/images/1/0xc9b53ab2679f573e480d01e0f49e2b5cfb7a3eab"
    },
    {
      "address": "0x08c81699f9a357a9f0d04a09b353576ca328d60d",
      "chainId": 8453,
      "decimals": 18,
      "name": "nftxbt by Virtuals",
      "symbol": "NFTXBT",
      "type": "ERC20",
      "hasLogo": true,
      "blockListsCount": 0,
      "exchangeListsCount": 0,
      "flagListsCount": 0,
      "importedListsCount": 1,
      "buyTax": 0,
      "sellTax": 0,
      "isInDex": true,
      "isHoneypot": false,
      "manualUnblock": false,
      "transactionsHourly": 1,
      "transactionsDaily": 2,
      "transactionsWeekly": 7,
      "transactionsMonthly": 77,
      "volumeUsdHourly": 3.00094980646026,
      "volumeUsdDaily": 202.244795021314,
      "volumeUsdWeekly": 356.8596924339143,
      "volumeUsdMonthly": 14652.050367501211,
      "logo": "https://matcha-image-proxy.api.0x.org/images/8453/0x08c81699f9a357a9f0d04a09b353576ca328d60d"
    },
    {
      "address": "0x7424f00845777a06e21f0bd8873f814a8a814b2d",
      "chainId": 42161,
      "decimals": 18,
      "name": "Wrapped XTZ",
      "symbol": "WXTZ",
      "type": "ERC20",
      "hasLogo": true,
      "blockListsCount": 0,
      "exchangeListsCount": 0,
      "flagListsCount": 0,
      "importedListsCount": 1,
      "buyTax": 0,
      "sellTax": 0,
      "isInDex": true,
      "isHoneypot": false,
      "manualUnblock": false,
      "transactionsHourly": 1,
      "transactionsDaily": 1,
      "transactionsWeekly": 1,
      "transactionsMonthly": 2,
      "volumeUsdHourly": 799.876030775049,
      "volumeUsdDaily": 799.876579376344,
      "volumeUsdWeekly": 799.876579376344,
      "volumeUsdMonthly": 1553.059651592681,
      "logo": "https://matcha-image-proxy.api.0x.org/images/42161/0x7424f00845777a06e21f0bd8873f814a8a814b2d"
    },
    {
      "address": "0xbc41d05287498dec58129560de6bd1b8d4e3ac1d",
      "chainId": 1,
      "decimals": 18,
      "name": "3X Short Tezos Token",
      "symbol": "XTZBEAR",
      "type": "ERC20",
      "hasLogo": true,
      "blockListsCount": 1,
      "exchangeListsCount": 0,
      "flagListsCount": 1,
      "importedListsCount": 0,
      "buyTax": 0,
      "sellTax": 0,
      "isInDex": false,
      "isHoneypot": false,
      "manualUnblock": false,
      "logo": "https://matcha-image-proxy.api.0x.org/images/1/0xbc41d05287498dec58129560de6bd1b8d4e3ac1d"
    },
    {
      "address": "0xa3865e64121537b5b59b5e239db4acbe6f36aa74",
      "chainId": 1,
      "decimals": 18,
      "name": "Wrapped Tezos",
      "symbol": "WXTZ",
      "type": "ERC20",
      "hasLogo": true,
      "blockListsCount": 0,
      "exchangeListsCount": 0,
      "flagListsCount": 0,
      "importedListsCount": 1,
      "buyTax": 0,
      "sellTax": 0,
      "isInDex": true,
      "isHoneypot": false,
      "manualUnblock": false,
      "transactionsHourly": 1,
      "transactionsDaily": 1,
      "transactionsWeekly": 1,
      "transactionsMonthly": 1,
      "volumeUsdHourly": 22.1915475302647,
      "volumeUsdDaily": 22.2204493528086,
      "volumeUsdWeekly": 22.2204493528086,
      "volumeUsdMonthly": 22.2204493528086,
      "logo": "https://matcha-image-proxy.api.0x.org/images/1/0xa3865e64121537b5b59b5e239db4acbe6f36aa74"
    },
    {
      "address": "0xb143a39ad1f4177f49aa55d7c6eae897f8acb519",
      "chainId": 8453,
      "decimals": 18,
      "name": "WXTZ Lofi",
      "symbol": "WXTZ Lofi",
      "type": "ERC20",
      "blockListsCount": 0,
      "exchangeListsCount": 0,
      "flagListsCount": 0,
      "importedListsCount": 0,
      "buyTax": 0,
      "sellTax": 0,
      "isInDex": true,
      "isHoneypot": false,
      "logo": "https://matcha-image-proxy.api.0x.org/images/8453/0xb143a39ad1f4177f49aa55d7c6eae897f8acb519"
    },
    {
      "address": "0x2f3e306d9f02ee8e8850f9040404918d0b345207",
      "chainId": 137,
      "decimals": 5,
      "name": "DOGAMI",
      "symbol": "DOGA",
      "type": "ERC20",
      "hasLogo": true,
      "blockListsCount": 0,
      "exchangeListsCount": 0,
      "flagListsCount": 0,
      "importedListsCount": 1,
      "buyTax": 0,
      "sellTax": 0,
      "isInDex": true,
      "isHoneypot": false,
      "manualUnblock": false,
      "transactionsHourly": 2,
      "transactionsDaily": 2,
      "transactionsWeekly": 2,
      "transactionsMonthly": 5,
      "volumeUsdHourly": 17.6664427556606,
      "volumeUsdDaily": 17.6664427556606,
      "volumeUsdWeekly": 17.110319979337696,
      "volumeUsdMonthly": 47.83112983850061,
      "logo": "https://matcha-image-proxy.api.0x.org/images/137/0x2f3e306d9f02ee8e8850f9040404918d0b345207"
    },
    {
      "address": "0x497777aec45fde7658ab2fa9f9cc74d1b26d0029",
      "chainId": 8453,
      "decimals": 9,
      "name": "Wrapped XTZ WXTZ",
      "symbol": "Wrapped XTZ WXTZ",
      "type": "ERC20",
      "blockListsCount": 0,
      "exchangeListsCount": 0,
      "flagListsCount": 0,
      "importedListsCount": 0,
      "buyTax": 0,
      "sellTax": 0,
      "isInDex": true,
      "isHoneypot": false,
      "logo": "https://matcha-image-proxy.api.0x.org/images/8453/0x497777aec45fde7658ab2fa9f9cc74d1b26d0029"
    },
    {
      "address": "0x57a46da72a2ceaab17d9877b37caefa98b7158a4",
      "chainId": 8453,
      "decimals": 18,
      "name": "Wrapped XTZ WXTZ",
      "symbol": "Wrapped XTZ WXTZ",
      "type": "ERC20",
      "blockListsCount": 0,
      "exchangeListsCount": 0,
      "flagListsCount": 0,
      "importedListsCount": 0,
      "buyTax": 0,
      "sellTax": 0,
      "isInDex": true,
      "isHoneypot": false,
      "logo": "https://matcha-image-proxy.api.0x.org/images/8453/0x57a46da72a2ceaab17d9877b37caefa98b7158a4"
    },
    {
      "address": "0x9eb28ddd30f14ef266a44d94520e337ea4989b99",
      "chainId": 8453,
      "decimals": 9,
      "name": "Wrapped XTZ WXTZ",
      "symbol": "Wrapped XTZ WXTZ",
      "type": "ERC20",
      "blockListsCount": 0,
      "exchangeListsCount": 0,
      "flagListsCount": 0,
      "importedListsCount": 0,
      "logo": "https://matcha-image-proxy.api.0x.org/images/8453/0x9eb28ddd30f14ef266a44d94520e337ea4989b99"
    },
    {
      "address": "0x968f38c5e19e760f2bfac580b1a8347c2b1cb088",
      "chainId": 8453,
      "decimals": 18,
      "name": "Wrapped XTZ WXTZ",
      "symbol": "Wrapped XTZ WXTZ",
      "type": "ERC20",
      "blockListsCount": 0,
      "exchangeListsCount": 0,
      "flagListsCount": 0,
      "importedListsCount": 0,
      "buyTax": 0,
      "sellTax": 0,
      "isInDex": true,
      "isHoneypot": false,
      "logo": "https://matcha-image-proxy.api.0x.org/images/8453/0x968f38c5e19e760f2bfac580b1a8347c2b1cb088"
    },
    {
      "address": "0x17e28a28b46faa2d76600d4af79f9007d8e9a210",
      "chainId": 8453,
      "decimals": 18,
      "name": "Wrapped XTZ WXTZ",
      "symbol": "Wrapped XTZ WXTZ",
      "type": "ERC20",
      "blockListsCount": 0,
      "exchangeListsCount": 0,
      "flagListsCount": 0,
      "importedListsCount": 0,
      "buyTax": 0,
      "sellTax": 0,
      "isInDex": true,
      "isHoneypot": false,
      "logo": "https://matcha-image-proxy.api.0x.org/images/8453/0x17e28a28b46faa2d76600d4af79f9007d8e9a210"
    }
  ],
  "searchTime": "2025-12-30T01:58:12.383Z",
  "error": null
}