{
  "originalSymbol": "DOOD",
  "originalFullName": "Doodles",
  "searchedQuery": "DOOD Doodles",
  "retried": false,
  "isL1": false,
  "success": true,
  "tokenCount": 15,
  "resultCount": 3983,
  "tokens": [
    {
      "address": "0x9cbe35abd148b9ab12ee4428e79da8de35c3a03d",
      "chainId": 8453,
      "decimals": 18,
      "name": "$DOOD DOODLES nft",
      "symbol": "$DOOD DOODLES nft",
      "type": "ERC20",
      "issuer": {
        "name": "zora",
        "metadata": {}
      },
      "blockListsCount": 0,
      "exchangeListsCount": 0,
      "flagListsCount": 0,
      "importedListsCount": 0,
      "buyTax": null,
      "sellTax": null,
      "isInDex": false,
      "isHoneypot": false,
      "logo": "https://matcha-image-proxy.api.0x.org/images/8453/0x9cbe35abd148b9ab12ee4428e79da8de35c3a03d"
    },
    {
      "address": "DvjbEsdca43oQcw2h3HW1CT7N3x5vRcr3QrvTUHnXvgV",
      "chainId": 1399811149,
      "decimals": 9,
      "name": "Doodles",
      "symbol": "DOOD",
      "type": "SPL-Token",
      "blockListsCount": 0,
      "exchangeListsCount": 0,
      "flagListsCount": 0,
      "importedListsCount": 0,
      "isHoneypot": false,
      "transactionsDaily": 96,
      "transactionsWeekly": 96,
      "transactionsMonthly": 96,
      "volumeUsdDaily": 8561.34790828889,
      "volumeUsdWeekly": 8561.34790828889,
      "volumeUsdMonthly": 8561.34790828889,
      "logo": "https://matcha-image-proxy.api.0x.org/images/1399811149/DvjbEsdca43oQcw2h3HW1CT7N3x5vRcr3QrvTUHnXvgV"
    },
    {
      "address": "0x722294f6c97102fb0ddb5b907c8d16bdeab3f6d9",
      "chainId": 56,
      "decimals": 18,
      "name": "Doodles",
      "symbol": "DOOD",
      "type": "ERC20",
      "hasLogo": true,
      "blockListsCount": 0,
      "exchangeListsCount": 0,
      "flagListsCount": 0,
      "importedListsCount": 1,
      "buyTax": 0,
      "sellTax": 0,
      "isInDex": true,
      "isHoneypot": false,
      "manualUnblock": false,
      "transactionsHourly": 1,
      "transactionsDaily": 1,
      "transactionsWeekly": 18,
      "transactionsMonthly": 127,
      "volumeUsdHourly": 1.39709586591938,
      "volumeUsdDaily": 1.39709586591938,
      "volumeUsdWeekly": 478.4193488036731,
      "volumeUsdMonthly": 22963.772455295133,
      "logo": "https://matcha-image-proxy.api.0x.org/images/56/0x722294f6c97102fb0ddb5b907c8d16bdeab3f6d9"
    },
    {
      "address": "0xa79290b63cb9c4bf25943a9f28b4662882222944",
      "chainId": 8453,
      "decimals": 18,
      "name": "doodles",
      "symbol": "doodles",
      "type": "ERC20",
      "issuer": {
        "name": "zora",
        "metadata": {}
      },
      "blockListsCount": 0,
      "exchangeListsCount": 0,
      "flagListsCount": 0,
      "importedListsCount": 0,
      "buyTax": 0,
      "sellTax": 0,
      "isInDex": true,
      "isHoneypot": false,
      "transactionsHourly": 2,
      "transactionsDaily": 7,
      "transactionsWeekly": 56,
      "transactionsMonthly": 330,
      "volumeUsdHourly": 2.0066424913910947,
      "volumeUsdDaily": 5.9632315584013895,
      "volumeUsdWeekly": 93.9331521868576,
      "volumeUsdMonthly": 1157.5463363199765,
      "logo": "https://matcha-image-proxy.api.0x.org/images/8453/0xa79290b63cb9c4bf25943a9f28b4662882222944"
    },
    {
      "address": "0x51c52ea52cf63f515f6f65443c1d1d167cc820c0",
      "chainId": 1,
      "decimals": 9,
      "name": "Brodie That Dood",
      "symbol": "BRODIE",
      "type": "ERC20",
      "blockListsCount": 0,
      "exchangeListsCount": 0,
      "flagListsCount": 0,
      "importedListsCount": 0,
      "buyTax": 0,
      "sellTax": 0,
      "isInDex": true,
      "isHoneypot": false,
      "transactionsHourly": 7,
      "transactionsDaily": 7,
      "transactionsWeekly": 7,
      "transactionsMonthly": 7,
      "volumeUsdHourly": 277.1729634162689,
      "volumeUsdDaily": 277.1729634162689,
      "volumeUsdWeekly": 270.7345574047223,
      "volumeUsdMonthly": 270.7345574047223,
      "logo": "https://matcha-image-proxy.api.0x.org/images/1/0x51c52ea52cf63f515f6f65443c1d1d167cc820c0"
    },
    {
      "address": "0x5fa7e61530bbbe61e90c8c73ce71f51b377a9711",
      "chainId": 8453,
      "decimals": 18,
      "name": "Doodles",
      "symbol": "DOOD",
      "type": "ERC20",
      "issuer": {
        "name": "zora",
        "metadata": {}
      },
      "blockListsCount": 0,
      "exchangeListsCount": 0,
      "flagListsCount": 0,
      "importedListsCount": 0,
      "buyTax": null,
      "sellTax": null,
      "isInDex": false,
      "isHoneypot": false,
      "transactionsHourly": 4,
      "transactionsDaily": 4,
      "transactionsWeekly": 4,
      "transactionsMonthly": 4,
      "volumeUsdHourly": 36.1958144794114,
      "volumeUsdDaily": 36.1958144794114,
      "volumeUsdWeekly": 35.81733155534183,
      "volumeUsdMonthly": 35.81733155534183,
      "logo": "https://matcha-image-proxy.api.0x.org/images/8453/0x5fa7e61530bbbe61e90c8c73ce71f51b377a9711"
    },
    {
      "address": "0xc468acf451922712cf45af9801df89578b0418b4",
      "chainId": 56,
      "decimals": 18,
      "name": "DOODiPALS",
      "symbol": "DOODi",
      "type": "ERC20",
      "hasLogo": true,
      "blockListsCount": 0,
      "exchangeListsCount": 0,
      "flagListsCount": 0,
      "importedListsCount": 0,
      "buyTax": 0,
      "sellTax": 0,
      "isInDex": true,
      "isHoneypot": false,
      "transactionsHourly": 1,
      "transactionsDaily": 1,
      "transactionsWeekly": 1,
      "transactionsMonthly": 2,
      "volumeUsdHourly": 115.316093562398,
      "volumeUsdDaily": 115.316093562398,
      "volumeUsdWeekly": 113.843103585758,
      "volumeUsdMonthly": 114.6175293034763,
      "logo": "https://matcha-image-proxy.api.0x.org/images/56/0xc468acf451922712cf45af9801df89578b0418b4"
    },
    {
      "address": "0x190ebefdc8c7ec9c929bf14d07d908fded5d9da8",
      "chainId": 1,
      "decimals": 18,
      "name": ",DvjbEsdca43oQcw2h3HW1CT7N3x5vRcr3QrvTUHnXvgV",
      "symbol": "DOOD",
      "type": "ERC20",
      "blockListsCount": 1,
      "exchangeListsCount": 0,
      "flagListsCount": 1,
      "importedListsCount": 0,
      "buyTax": 0,
      "sellTax": null,
      "isInDex": true,
      "isHoneypot": false,
      "manualUnblock": false,
      "transactionsHourly": 1,
      "transactionsDaily": 1,
      "transactionsWeekly": 1,
      "transactionsMonthly": 1,
      "volumeUsdHourly": 499.855079644485,
      "volumeUsdDaily": 499.861008937829,
      "volumeUsdWeekly": 499.861008937829,
      "volumeUsdMonthly": 499.861008937829,
      "logo": "https://matcha-image-proxy.api.0x.org/images/1/0x190ebefdc8c7ec9c929bf14d07d908fded5d9da8"
    },
    {
      "address": "0x77e71e43263e0ff66d0c4c1e04e7209a5c3bcbb3",
      "chainId": 8453,
      "decimals": 18,
      "name": "Dood",
      "symbol": "Dood",
      "type": "ERC20",
      "issuer": {
        "name": "zora",
        "metadata": {}
      },
      "blockListsCount": 0,
      "exchangeListsCount": 0,
      "flagListsCount": 0,
      "importedListsCount": 0,
      "logo": "https://matcha-image-proxy.api.0x.org/images/8453/0x77e71e43263e0ff66d0c4c1e04e7209a5c3bcbb3"
    },
    {
      "address": "0x21d5362141fbbb49d7358abd81e8c081bedaa0ec",
      "chainId": 8453,
      "decimals": 18,
      "name": "Dood",
      "symbol": "DOOD",
      "type": "ERC20",
      "issuer": {
        "name": "zora",
        "metadata": {}
      },
      "blockListsCount": 0,
      "exchangeListsCount": 0,
      "flagListsCount": 0,
      "importedListsCount": 0,
      "logo": "https://matcha-image-proxy.api.0x.org/images/8453/0x21d5362141fbbb49d7358abd81e8c081bedaa0ec"
    },
    {
      "address": "0xca40d785522498aafb6204c5d28df572f3143ac3",
      "chainId": 8453,
      "decimals": 18,
      "name": "$DOOD",
      "symbol": "$DOOD",
      "type": "ERC20",
      "issuer": {
        "name": "zora",
        "metadata": {}
      },
      "blockListsCount": 0,
      "exchangeListsCount": 0,
      "flagListsCount": 0,
      "importedListsCount": 0,
      "logo": "https://matcha-image-proxy.api.0x.org/images/8453/0xca40d785522498aafb6204c5d28df572f3143ac3"
    },
    {
      "address": "0x25a4cff870970018f75c24c0d9c7affbf566f44c",
      "chainId": 8453,
      "decimals": 18,
      "name": "DOOD",
      "symbol": "DOOD",
      "type": "ERC20",
      "issuer": {
        "name": "zora",
        "metadata": {}
      },
      "blockListsCount": 0,
      "exchangeListsCount": 0,
      "flagListsCount": 0,
      "importedListsCount": 0,
      "logo": "https://matcha-image-proxy.api.0x.org/images/8453/0x25a4cff870970018f75c24c0d9c7affbf566f44c"
    },
    {
      "address": "0xc2d2f4d6bc635f00906077a18f6cfea7ba6d77eb",
      "chainId": 8453,
      "decimals": 18,
      "name": "Dood",
      "symbol": "Dood",
      "type": "ERC20",
      "issuer": {
        "name": "zora",
        "metadata": {}
      },
      "blockListsCount": 0,
      "exchangeListsCount": 0,
      "flagListsCount": 0,
      "importedListsCount": 0,
      "buyTax": null,
      "sellTax": null,
      "isInDex": false,
      "isHoneypot": false,
      "logo": "https://matcha-image-proxy.api.0x.org/images/8453/0xc2d2f4d6bc635f00906077a18f6cfea7ba6d77eb"
    },
    {
      "address": "0x64ef0bf97337b8b72b47165b7a9ef00b579d827f",
      "chainId": 8453,
      "decimals": 18,
      "name": "$Dood",
      "symbol": "$Dood",
      "type": "ERC20",
      "issuer": {
        "name": "zora",
        "metadata": {}
      },
      "blockListsCount": 0,
      "exchangeListsCount": 0,
      "flagListsCount": 0,
      "importedListsCount": 0,
      "buyTax": null,
      "sellTax": null,
      "isInDex": false,
      "isHoneypot": false,
      "logo": "https://matcha-image-proxy.api.0x.org/images/8453/0x64ef0bf97337b8b72b47165b7a9ef00b579d827f"
    },
    {
      "address": "0x3fba332478289e8034296009f72cf741407266b8",
      "chainId": 8453,
      "decimals": 18,
      "name": "$DOOD",
      "symbol": "$DOOD",
      "type": "ERC20",
      "issuer": {
        "name": "zora",
        "metadata": {}
      },
      "blockListsCount": 0,
      "exchangeListsCount": 0,
      "flagListsCount": 0,
      "importedListsCount": 0,
      "buyTax": null,
      "sellTax": null,
      "isInDex": false,
      "isHoneypot": false,
      "logo": "https://matcha-image-proxy.api.0x.org/images/8453/0x3fba332478289e8034296009f72cf741407266b8"
    }
  ],
  "searchTime": "2025-12-30T01:56:41.709Z",
  "error": null
}