{
  "originalSymbol": "ADA",
  "originalFullName": "Ada",
  "searchedQuery": "ADA Ada",
  "retried": true,
  "isL1": true,
  "success": true,
  "tokenCount": 15,
  "resultCount": 10000,
  "tokens": [
    {
      "address": "0x3ee2200efb3400fabb9aacf31297cbdd1d435d47",
      "chainId": 56,
      "decimals": 18,
      "name": "Cardano Token",
      "symbol": "ADA",
      "type": "ERC20",
      "hasLogo": true,
      "issuer": {
        "name": "binance",
        "metadata": {}
      },
      "blockListsCount": 0,
      "exchangeListsCount": 0,
      "flagListsCount": 0,
      "importedListsCount": 1,
      "buyTax": 0,
      "sellTax": 0,
      "isInDex": true,
      "isHoneypot": false,
      "manualUnblock": false,
      "transactionsHourly": 1,
      "transactionsDaily": 25,
      "transactionsWeekly": 139,
      "transactionsMonthly": 837,
      "volumeUsdHourly": 0.745402278894262,
      "volumeUsdDaily": 3458.2972933365963,
      "volumeUsdWeekly": 63990.860843890994,
      "volumeUsdMonthly": 412843.7286674285,
      "logo": "https://matcha-image-proxy.api.0x.org/images/56/0x3ee2200efb3400fabb9aacf31297cbdd1d435d47"
    },
    {
      "address": "0xcbada732173e39521cdbe8bf59a6dc85a9fc7b8c",
      "chainId": 8453,
      "decimals": 6,
      "name": "Coinbase Wrapped ADA",
      "symbol": "cbADA",
      "type": "ERC20",
      "hasLogo": true,
      "issuer": {
        "name": "coinbase",
        "metadata": {}
      },
      "blockListsCount": 0,
      "exchangeListsCount": 0,
      "flagListsCount": 0,
      "importedListsCount": 2,
      "buyTax": 0,
      "sellTax": 0,
      "isInDex": true,
      "isHoneypot": false,
      "manualUnblock": false,
      "transactionsHourly": 2,
      "transactionsDaily": 38,
      "transactionsWeekly": 292,
      "transactionsMonthly": 948,
      "volumeUsdHourly": 5.98421704869642,
      "volumeUsdDaily": 5178.744261017073,
      "volumeUsdWeekly": 26202.581672145905,
      "volumeUsdMonthly": 113995.50005147024,
      "logo": "https://matcha-image-proxy.api.0x.org/images/8453/0xcbada732173e39521cdbe8bf59a6dc85a9fc7b8c"
    },
    {
      "address": "0x590830dfdf9a3f68afcdde2694773debdf267774",
      "chainId": 8453,
      "decimals": 18,
      "name": "Giza",
      "symbol": "GIZA",
      "type": "ERC20",
      "hasLogo": true,
      "blockListsCount": 0,
      "exchangeListsCount": 0,
      "flagListsCount": 0,
      "importedListsCount": 1,
      "buyTax": 0,
      "sellTax": 0,
      "isInDex": true,
      "isHoneypot": false,
      "manualUnblock": false,
      "transactionsHourly": 1,
      "transactionsDaily": 66,
      "transactionsWeekly": 1810,
      "transactionsMonthly": 2774,
      "volumeUsdHourly": 0.00888939409266954,
      "volumeUsdDaily": 7709.498288280651,
      "volumeUsdWeekly": 155800.02958275753,
      "volumeUsdMonthly": 459667.3392865392,
      "logo": "https://matcha-image-proxy.api.0x.org/images/8453/0x590830dfdf9a3f68afcdde2694773debdf267774"
    },
    {
      "address": "0xc08cd26474722ce93f4d0c34d16201461c10aa8c",
      "chainId": 8453,
      "decimals": 18,
      "name": "CARV",
      "symbol": "CARV",
      "type": "ERC20",
      "hasLogo": true,
      "blockListsCount": 0,
      "exchangeListsCount": 0,
      "flagListsCount": 0,
      "importedListsCount": 1,
      "buyTax": 0,
      "sellTax": 0,
      "isInDex": true,
      "isHoneypot": false,
      "manualUnblock": false,
      "transactionsHourly": 2,
      "transactionsDaily": 41,
      "transactionsWeekly": 4325,
      "transactionsMonthly": 10275,
      "volumeUsdHourly": 1.04370555108511,
      "volumeUsdDaily": 1737.0648242410596,
      "volumeUsdWeekly": 82188.72562361164,
      "volumeUsdMonthly": 293088.0772420752,
      "logo": "https://matcha-image-proxy.api.0x.org/images/8453/0xc08cd26474722ce93f4d0c34d16201461c10aa8c"
    },
    {
      "address": "0x815269d17c10f0f3df7249370e0c1b9efe781aa8",
      "chainId": 8453,
      "decimals": 18,
      "name": "SANTA by Virtuals",
      "symbol": "SANTA",
      "type": "ERC20",
      "hasLogo": true,
      "blockListsCount": 0,
      "exchangeListsCount": 0,
      "flagListsCount": 0,
      "importedListsCount": 1,
      "buyTax": 0,
      "sellTax": 0,
      "isInDex": true,
      "isHoneypot": false,
      "manualUnblock": false,
      "transactionsHourly": 2,
      "transactionsDaily": 38,
      "transactionsWeekly": 394,
      "transactionsMonthly": 1949,
      "volumeUsdHourly": 82.9350174318905,
      "volumeUsdDaily": 7578.6251341181805,
      "volumeUsdWeekly": 87801.14146424696,
      "volumeUsdMonthly": 399638.2142547294,
      "logo": "https://matcha-image-proxy.api.0x.org/images/8453/0x815269d17c10f0f3df7249370e0c1b9efe781aa8"
    },
    {
      "address": "0x7300b37dfdfab110d83290a29dfb31b1740219fe",
      "chainId": 8453,
      "decimals": 18,
      "name": "Mamo",
      "symbol": "MAMO",
      "type": "ERC20",
      "hasLogo": true,
      "blockListsCount": 0,
      "exchangeListsCount": 0,
      "flagListsCount": 0,
      "importedListsCount": 2,
      "buyTax": 0,
      "sellTax": 0,
      "isInDex": true,
      "isHoneypot": false,
      "manualUnblock": false,
      "transactionsHourly": 2,
      "transactionsDaily": 45,
      "transactionsWeekly": 301,
      "transactionsMonthly": 1131,
      "volumeUsdHourly": 111.40331851068495,
      "volumeUsdDaily": 4496.038570689366,
      "volumeUsdWeekly": 32750.06691526857,
      "volumeUsdMonthly": 699970.2609177099,
      "logo": "https://matcha-image-proxy.api.0x.org/images/8453/0x7300b37dfdfab110d83290a29dfb31b1740219fe"
    },
    {
      "address": "0xd4554bea546efa83c1e6b389ecac40ea999b3e78",
      "chainId": 8453,
      "decimals": 18,
      "name": "Subsquid",
      "symbol": "SQD",
      "type": "ERC20",
      "hasLogo": true,
      "blockListsCount": 0,
      "exchangeListsCount": 0,
      "flagListsCount": 0,
      "importedListsCount": 1,
      "buyTax": 0,
      "sellTax": 0,
      "isInDex": true,
      "isHoneypot": false,
      "manualUnblock": false,
      "transactionsHourly": 3,
      "transactionsDaily": 85,
      "transactionsWeekly": 347,
      "transactionsMonthly": 479,
      "volumeUsdHourly": 211.43509367559193,
      "volumeUsdDaily": 2992.9361255558347,
      "volumeUsdWeekly": 32076.11223562376,
      "volumeUsdMonthly": 39058.30535477415,
      "logo": "https://matcha-image-proxy.api.0x.org/images/8453/0xd4554bea546efa83c1e6b389ecac40ea999b3e78"
    },
    {
      "address": "0x40e3d1a4b2c47d9aa61261f5606136ef73e28042",
      "chainId": 1,
      "decimals": 18,
      "name": "OpenServ",
      "symbol": "SERV",
      "type": "ERC20",
      "hasLogo": true,
      "blockListsCount": 0,
      "exchangeListsCount": 0,
      "flagListsCount": 0,
      "importedListsCount": 2,
      "buyTax": 0,
      "sellTax": 0,
      "isInDex": true,
      "isHoneypot": false,
      "manualUnblock": false,
      "transactionsHourly": 1,
      "transactionsDaily": 11,
      "transactionsWeekly": 58,
      "transactionsMonthly": 270,
      "volumeUsdHourly": 357.927646070322,
      "volumeUsdDaily": 9526.876694079972,
      "volumeUsdWeekly": 69247.78587227971,
      "volumeUsdMonthly": 421816.5445421089,
      "logo": "https://matcha-image-proxy.api.0x.org/images/1/0x40e3d1a4b2c47d9aa61261f5606136ef73e28042"
    },
    {
      "address": "0xcc4adb618253ed0d4d8a188fb901d70c54735e03",
      "chainId": 8453,
      "decimals": 18,
      "name": "Agent Zero Token",
      "symbol": "A0T",
      "type": "ERC20",
      "hasLogo": true,
      "blockListsCount": 0,
      "exchangeListsCount": 0,
      "flagListsCount": 0,
      "importedListsCount": 1,
      "buyTax": 0,
      "sellTax": 0,
      "isInDex": true,
      "isHoneypot": false,
      "manualUnblock": false,
      "transactionsHourly": 1,
      "transactionsDaily": 7,
      "transactionsWeekly": 85,
      "transactionsMonthly": 831,
      "volumeUsdHourly": 220.171420268927,
      "volumeUsdDaily": 3311.495319836766,
      "volumeUsdWeekly": 53820.13350321755,
      "volumeUsdMonthly": 474474.0078700514,
      "logo": "https://matcha-image-proxy.api.0x.org/images/8453/0xcc4adb618253ed0d4d8a188fb901d70c54735e03"
    },
    {
      "address": "0x1337420ded5adb9980cfc35f8f2b054ea86f8ab1",
      "chainId": 42161,
      "decimals": 18,
      "name": "Subsquid",
      "symbol": "SQD",
      "type": "ERC20",
      "hasLogo": true,
      "blockListsCount": 0,
      "exchangeListsCount": 0,
      "flagListsCount": 0,
      "importedListsCount": 2,
      "buyTax": 0,
      "sellTax": 0,
      "isInDex": true,
      "isHoneypot": false,
      "manualUnblock": false,
      "transactionsHourly": 2,
      "transactionsDaily": 14,
      "transactionsWeekly": 101,
      "transactionsMonthly": 206,
      "volumeUsdHourly": 499.7257254737564,
      "volumeUsdDaily": 6623.396199366541,
      "volumeUsdWeekly": 37600.59708368563,
      "volumeUsdMonthly": 66226.71352196505,
      "logo": "https://matcha-image-proxy.api.0x.org/images/42161/0x1337420ded5adb9980cfc35f8f2b054ea86f8ab1"
    },
    {
      "address": "0x3212dc0f8c834e4de893532d27cc9b6001684db0",
      "chainId": 42161,
      "decimals": 18,
      "name": "Pear",
      "symbol": "PEAR",
      "type": "ERC20",
      "hasLogo": true,
      "blockListsCount": 0,
      "exchangeListsCount": 0,
      "flagListsCount": 0,
      "importedListsCount": 1,
      "buyTax": null,
      "sellTax": null,
      "isInDex": true,
      "isHoneypot": false,
      "manualUnblock": false,
      "transactionsHourly": 1,
      "transactionsDaily": 10,
      "transactionsWeekly": 97,
      "transactionsMonthly": 274,
      "volumeUsdHourly": 586.922367201723,
      "volumeUsdDaily": 1608.4170559556687,
      "volumeUsdWeekly": 55749.03264080087,
      "volumeUsdMonthly": 161157.93304035594,
      "logo": "https://matcha-image-proxy.api.0x.org/images/42161/0x3212dc0f8c834e4de893532d27cc9b6001684db0"
    },
    {
      "address": "0xe50e3d1a46070444f44df911359033f2937fcc13",
      "chainId": 56,
      "decimals": 18,
      "name": "Subsquid",
      "symbol": "SQD",
      "type": "ERC20",
      "hasLogo": true,
      "blockListsCount": 0,
      "exchangeListsCount": 0,
      "flagListsCount": 0,
      "importedListsCount": 1,
      "buyTax": 0,
      "sellTax": 0,
      "isInDex": true,
      "isHoneypot": false,
      "manualUnblock": false,
      "transactionsHourly": 2,
      "transactionsDaily": 24,
      "transactionsWeekly": 71,
      "transactionsMonthly": 113,
      "volumeUsdHourly": 264.2528949859623,
      "volumeUsdDaily": 3942.529399353673,
      "volumeUsdWeekly": 10668.803041271844,
      "volumeUsdMonthly": 25108.355692233225,
      "logo": "https://matcha-image-proxy.api.0x.org/images/56/0xe50e3d1a46070444f44df911359033f2937fcc13"
    },
    {
      "address": "0x14fee680690900ba0cccfc76ad70fd1b95d10e16",
      "chainId": 1,
      "decimals": 9,
      "name": "PAAL AI",
      "symbol": "$PAAL",
      "type": "ERC20",
      "hasLogo": true,
      "blockListsCount": 0,
      "exchangeListsCount": 0,
      "flagListsCount": 0,
      "importedListsCount": 2,
      "buyTax": 0,
      "sellTax": 0,
      "isInDex": true,
      "isHoneypot": false,
      "manualUnblock": false,
      "transactionsHourly": 2,
      "transactionsDaily": 12,
      "transactionsWeekly": 76,
      "transactionsMonthly": 253,
      "volumeUsdHourly": 97.6070724315286,
      "volumeUsdDaily": 791.5027355533188,
      "volumeUsdWeekly": 18423.74159756043,
      "volumeUsdMonthly": 83004.37706219303,
      "logo": "https://matcha-image-proxy.api.0x.org/images/1/0x14fee680690900ba0cccfc76ad70fd1b95d10e16"
    },
    {
      "address": "0x9e18d5bab2fa94a6a95f509ecb38f8f68322abd3",
      "chainId": 1,
      "decimals": 9,
      "name": "AMATERASU OMIKAMI",
      "symbol": "OMIKAMI",
      "type": "ERC20",
      "hasLogo": true,
      "blockListsCount": 0,
      "exchangeListsCount": 0,
      "flagListsCount": 0,
      "importedListsCount": 2,
      "buyTax": 0,
      "sellTax": 0,
      "isInDex": true,
      "isHoneypot": false,
      "manualUnblock": false,
      "transactionsHourly": 2,
      "transactionsDaily": 8,
      "transactionsWeekly": 66,
      "transactionsMonthly": 303,
      "volumeUsdHourly": 1128.421215033033,
      "volumeUsdDaily": 1600.1382816310938,
      "volumeUsdWeekly": 11560.45278127346,
      "volumeUsdMonthly": 58999.531688112584,
      "logo": "https://matcha-image-proxy.api.0x.org/images/1/0x9e18d5bab2fa94a6a95f509ecb38f8f68322abd3"
    },
    {
      "address": "0xc3d64ee7056cfd33c8382679773f8d6277e5c2c9",
      "chainId": 8453,
      "decimals": 18,
      "name": "IAMAI by Virtuals",
      "symbol": "IAMAI",
      "type": "ERC20",
      "hasLogo": true,
      "blockListsCount": 0,
      "exchangeListsCount": 0,
      "flagListsCount": 0,
      "importedListsCount": 1,
      "buyTax": 0,
      "sellTax": 0,
      "isInDex": true,
      "isHoneypot": false,
      "manualUnblock": false,
      "transactionsHourly": 1,
      "transactionsDaily": 12,
      "transactionsWeekly": 153,
      "transactionsMonthly": 157,
      "volumeUsdHourly": 0.989799915110666,
      "volumeUsdDaily": 499.0626081153553,
      "volumeUsdWeekly": 13288.648039065383,
      "volumeUsdMonthly": 13399.118531186965,
      "logo": "https://matcha-image-proxy.api.0x.org/images/8453/0xc3d64ee7056cfd33c8382679773f8d6277e5c2c9"
    }
  ],
  "searchTime": "2025-12-30T01:58:21.705Z",
  "error": null
}