{
  "originalSymbol": "DOT",
  "originalFullName": "Polkadot",
  "searchedQuery": "DOT Polkadot",
  "retried": true,
  "isL1": true,
  "success": true,
  "tokenCount": 15,
  "resultCount": 2869,
  "tokens": [
    {
      "address": "0x7083609fce4d1d8dc0c979aab8c869ea2c873402",
      "chainId": 56,
      "decimals": 18,
      "name": "Polkadot Token",
      "symbol": "DOT",
      "type": "ERC20",
      "hasLogo": true,
      "issuer": {
        "name": "binance",
        "metadata": {}
      },
      "blockListsCount": 0,
      "exchangeListsCount": 0,
      "flagListsCount": 0,
      "importedListsCount": 1,
      "buyTax": 0,
      "sellTax": 0,
      "isInDex": true,
      "isHoneypot": false,
      "manualUnblock": false,
      "transactionsHourly": 1,
      "transactionsDaily": 16,
      "transactionsWeekly": 118,
      "transactionsMonthly": 573,
      "volumeUsdHourly": 39.367107853979,
      "volumeUsdDaily": 20233.357141618675,
      "volumeUsdWeekly": 33104.72811066818,
      "volumeUsdMonthly": 121233.43000548516,
      "logo": "https://matcha-image-proxy.api.0x.org/images/56/0x7083609fce4d1d8dc0c979aab8c869ea2c873402"
    },
    {
      "address": "0x7d1afa7b718fb893db30a3abc0cfc608aacfebb0",
      "chainId": 1,
      "decimals": 18,
      "name": "Matic Token",
      "symbol": "MATIC",
      "type": "ERC20",
      "hasLogo": true,
      "blockListsCount": 0,
      "exchangeListsCount": 0,
      "flagListsCount": 0,
      "importedListsCount": 2,
      "buyTax": 0,
      "sellTax": 0,
      "isInDex": true,
      "isHoneypot": false,
      "manualUnblock": false,
      "transactionsHourly": 1,
      "transactionsDaily": 27,
      "transactionsWeekly": 136,
      "transactionsMonthly": 516,
      "volumeUsdHourly": 47.9814557446969,
      "volumeUsdDaily": 885.4950630403181,
      "volumeUsdWeekly": 5418.002255760821,
      "volumeUsdMonthly": 71188.94383567675,
      "logo": "https://matcha-image-proxy.api.0x.org/images/1/0x7d1afa7b718fb893db30a3abc0cfc608aacfebb0"
    },
    {
      "address": "0x8d010bf9c26881788b4e6bf5fd1bdc358c8f90b8",
      "chainId": 8453,
      "decimals": 18,
      "name": "Polkadot Token (Relay Chain)",
      "symbol": "DOT",
      "type": "ERC20",
      "hasLogo": true,
      "blockListsCount": 0,
      "exchangeListsCount": 0,
      "flagListsCount": 0,
      "importedListsCount": 1,
      "buyTax": 0,
      "sellTax": 0,
      "isInDex": true,
      "isHoneypot": false,
      "manualUnblock": false,
      "transactionsHourly": 4,
      "transactionsDaily": 144,
      "transactionsWeekly": 1293,
      "transactionsMonthly": 5316,
      "volumeUsdHourly": 0.7733126856855028,
      "volumeUsdDaily": 393.1260352439213,
      "volumeUsdWeekly": 13178.0869168217,
      "volumeUsdMonthly": 71299.46867534996,
      "logo": "https://matcha-image-proxy.api.0x.org/images/8453/0x8d010bf9c26881788b4e6bf5fd1bdc358c8f90b8"
    },
    {
      "address": "0x80c62fe4487e1351b47ba49809ebd60ed085bf52",
      "chainId": 1,
      "decimals": 18,
      "name": "Clover",
      "symbol": "CLV",
      "type": "ERC20",
      "hasLogo": true,
      "blockListsCount": 0,
      "exchangeListsCount": 0,
      "flagListsCount": 0,
      "importedListsCount": 3,
      "buyTax": 0,
      "sellTax": 0,
      "isInDex": true,
      "isHoneypot": false,
      "manualUnblock": false,
      "transactionsHourly": 1,
      "transactionsDaily": 35,
      "transactionsWeekly": 151,
      "transactionsMonthly": 267,
      "volumeUsdHourly": 10.451234532134,
      "volumeUsdDaily": 5954.295228353594,
      "volumeUsdWeekly": 36376.686896463354,
      "volumeUsdMonthly": 81558.65913347251,
      "logo": "https://matcha-image-proxy.api.0x.org/images/1/0x80c62fe4487e1351b47ba49809ebd60ed085bf52"
    },
    {
      "address": "0x40fd72257597aa14c7231a7b1aaa29fce868f677",
      "chainId": 1,
      "decimals": 18,
      "name": "Sora Token",
      "symbol": "XOR",
      "type": "ERC20",
      "hasLogo": true,
      "blockListsCount": 0,
      "exchangeListsCount": 0,
      "flagListsCount": 0,
      "importedListsCount": 2,
      "buyTax": 0,
      "sellTax": 0,
      "isInDex": true,
      "isHoneypot": false,
      "manualUnblock": false,
      "transactionsHourly": 1,
      "transactionsDaily": 49,
      "transactionsWeekly": 388,
      "transactionsMonthly": 1435,
      "volumeUsdHourly": 2.52373868176128,
      "volumeUsdDaily": 442.0196066391781,
      "volumeUsdWeekly": 3619.5278840146743,
      "volumeUsdMonthly": 26673.249080602,
      "logo": "https://matcha-image-proxy.api.0x.org/images/1/0x40fd72257597aa14c7231a7b1aaa29fce868f677"
    },
    {
      "address": "0xf629cbd94d3791c9250152bd8dfbdf380e2a3b9c",
      "chainId": 1,
      "decimals": 18,
      "name": "Enjin Coin",
      "symbol": "ENJ",
      "type": "ERC20",
      "hasLogo": true,
      "blockListsCount": 0,
      "exchangeListsCount": 0,
      "flagListsCount": 0,
      "importedListsCount": 5,
      "buyTax": 0,
      "sellTax": 0,
      "isInDex": true,
      "isHoneypot": false,
      "manualUnblock": false,
      "transactionsHourly": 1,
      "transactionsDaily": 9,
      "transactionsWeekly": 43,
      "transactionsMonthly": 143,
      "volumeUsdHourly": 0.401587820305643,
      "volumeUsdDaily": 808.8245549037757,
      "volumeUsdWeekly": 5761.92591953484,
      "volumeUsdMonthly": 36073.7740211593,
      "logo": "https://matcha-image-proxy.api.0x.org/images/1/0xf629cbd94d3791c9250152bd8dfbdf380e2a3b9c"
    },
    {
      "address": "0x656c00e1bcd96f256f224ad9112ff426ef053733",
      "chainId": 1,
      "decimals": 18,
      "name": "Efinity Token",
      "symbol": "EFI",
      "type": "ERC20",
      "hasLogo": true,
      "blockListsCount": 0,
      "exchangeListsCount": 0,
      "flagListsCount": 0,
      "importedListsCount": 2,
      "buyTax": 0,
      "sellTax": 0,
      "isInDex": true,
      "isHoneypot": false,
      "manualUnblock": false,
      "transactionsHourly": 3,
      "transactionsDaily": 11,
      "transactionsWeekly": 24,
      "transactionsMonthly": 80,
      "volumeUsdHourly": 431.9205663445311,
      "volumeUsdDaily": 933.498663943722,
      "volumeUsdWeekly": 2969.4563728118605,
      "volumeUsdMonthly": 7393.573954260479,
      "logo": "https://matcha-image-proxy.api.0x.org/images/1/0x656c00e1bcd96f256f224ad9112ff426ef053733"
    },
    {
      "address": "0xb59490ab09a0f526cc7305822ac65f2ab12f9723",
      "chainId": 1,
      "decimals": 18,
      "name": "Litentry",
      "symbol": "LIT",
      "type": "ERC20",
      "hasLogo": true,
      "blockListsCount": 0,
      "exchangeListsCount": 1,
      "flagListsCount": 0,
      "importedListsCount": 3,
      "buyTax": 0,
      "sellTax": 0,
      "isInDex": true,
      "isHoneypot": false,
      "manualUnblock": false,
      "transactionsHourly": 1,
      "transactionsDaily": 1,
      "transactionsWeekly": 11,
      "transactionsMonthly": 45,
      "volumeUsdHourly": 104.490907074877,
      "volumeUsdDaily": 105.759747269062,
      "volumeUsdWeekly": 254.6583099384121,
      "volumeUsdMonthly": 2461.029966975389,
      "logo": "https://matcha-image-proxy.api.0x.org/images/1/0xb59490ab09a0f526cc7305822ac65f2ab12f9723"
    },
    {
      "address": "0xcc42724c6683b7e57334c4e856f4c9965ed682bd",
      "chainId": 56,
      "decimals": 18,
      "name": "Matic Token",
      "symbol": "MATIC",
      "type": "ERC20",
      "hasLogo": true,
      "blockListsCount": 0,
      "exchangeListsCount": 0,
      "flagListsCount": 0,
      "importedListsCount": 1,
      "buyTax": 0,
      "sellTax": 0,
      "isInDex": true,
      "isHoneypot": false,
      "manualUnblock": false,
      "transactionsHourly": 1,
      "transactionsDaily": 9,
      "transactionsWeekly": 54,
      "transactionsMonthly": 233,
      "volumeUsdHourly": 0.00443311914750019,
      "volumeUsdDaily": 38.36716942523673,
      "volumeUsdWeekly": 4603.401470766762,
      "volumeUsdMonthly": 17448.70535877127,
      "logo": "https://matcha-image-proxy.api.0x.org/images/56/0xcc42724c6683b7e57334c4e856f4c9965ed682bd"
    },
    {
      "address": "0x196c20da81fbc324ecdf55501e95ce9f0bd84d14",
      "chainId": 1,
      "decimals": 10,
      "name": "Polkadot",
      "symbol": "DOT",
      "type": "ERC20",
      "hasLogo": true,
      "blockListsCount": 0,
      "exchangeListsCount": 0,
      "flagListsCount": 0,
      "importedListsCount": 2,
      "buyTax": 0,
      "sellTax": 0,
      "isInDex": true,
      "isHoneypot": false,
      "manualUnblock": false,
      "transactionsHourly": 1,
      "transactionsDaily": 4,
      "transactionsWeekly": 25,
      "transactionsMonthly": 130,
      "volumeUsdHourly": 1.12719749318822,
      "volumeUsdDaily": 88.86106498521895,
      "volumeUsdWeekly": 2837.521768350086,
      "volumeUsdMonthly": 17315.081620917383,
      "logo": "https://matcha-image-proxy.api.0x.org/images/1/0x196c20da81fbc324ecdf55501e95ce9f0bd84d14"
    },
    {
      "address": "0x7de91b204c1c737bcee6f000aaa6569cf7061cb7",
      "chainId": 1,
      "decimals": 9,
      "name": "Robonomics",
      "symbol": "XRT",
      "type": "ERC20",
      "hasLogo": true,
      "blockListsCount": 0,
      "exchangeListsCount": 0,
      "flagListsCount": 0,
      "importedListsCount": 2,
      "buyTax": 0,
      "sellTax": 0,
      "isInDex": true,
      "isHoneypot": false,
      "manualUnblock": false,
      "transactionsHourly": 2,
      "transactionsDaily": 4,
      "transactionsWeekly": 19,
      "transactionsMonthly": 105,
      "volumeUsdHourly": 124.2714152097962,
      "volumeUsdDaily": 159.7644112945308,
      "volumeUsdWeekly": 1706.6897895799154,
      "volumeUsdMonthly": 38005.65379277188,
      "logo": "https://matcha-image-proxy.api.0x.org/images/1/0x7de91b204c1c737bcee6f000aaa6569cf7061cb7"
    },
    {
      "address": "0x32a7c02e79c4ea1008dd6564b35f131428673c41",
      "chainId": 1,
      "decimals": 18,
      "name": "CRUST",
      "symbol": "CRU",
      "type": "ERC20",
      "hasLogo": true,
      "blockListsCount": 0,
      "exchangeListsCount": 0,
      "flagListsCount": 0,
      "importedListsCount": 2,
      "buyTax": 0,
      "sellTax": 0,
      "isInDex": true,
      "isHoneypot": false,
      "manualUnblock": false,
      "transactionsHourly": 1,
      "transactionsDaily": 3,
      "transactionsWeekly": 11,
      "transactionsMonthly": 69,
      "volumeUsdHourly": 6.40878480770216,
      "volumeUsdDaily": 137.38901280750355,
      "volumeUsdWeekly": 1321.925603348261,
      "volumeUsdMonthly": 15799.579766392308,
      "logo": "https://matcha-image-proxy.api.0x.org/images/1/0x32a7c02e79c4ea1008dd6564b35f131428673c41"
    },
    {
      "address": "0x09e889bb4d5b474f561db0491c38702f367a4e4d",
      "chainId": 56,
      "decimals": 18,
      "name": "Clover",
      "symbol": "CLV",
      "type": "ERC20",
      "hasLogo": true,
      "blockListsCount": 0,
      "exchangeListsCount": 0,
      "flagListsCount": 0,
      "importedListsCount": 2,
      "buyTax": 0,
      "sellTax": 0,
      "isInDex": true,
      "isHoneypot": false,
      "manualUnblock": false,
      "transactionsHourly": 1,
      "transactionsDaily": 5,
      "transactionsWeekly": 18,
      "transactionsMonthly": 28,
      "volumeUsdHourly": 2.11885872004687,
      "volumeUsdDaily": 61.03386330079404,
      "volumeUsdWeekly": 1135.878372760721,
      "volumeUsdMonthly": 1288.0033492183095,
      "logo": "https://matcha-image-proxy.api.0x.org/images/56/0x09e889bb4d5b474f561db0491c38702f367a4e4d"
    },
    {
      "address": "0x7bc75e291e656e8658d66be1cc8154a3769a35dd",
      "chainId": 56,
      "decimals": 18,
      "name": "iMe Lab",
      "symbol": "LIME",
      "type": "ERC20",
      "hasLogo": true,
      "blockListsCount": 0,
      "exchangeListsCount": 0,
      "flagListsCount": 0,
      "importedListsCount": 1,
      "buyTax": 0,
      "sellTax": 0,
      "isInDex": true,
      "isHoneypot": false,
      "manualUnblock": false,
      "transactionsHourly": 1,
      "transactionsDaily": 2,
      "transactionsWeekly": 9,
      "transactionsMonthly": 43,
      "volumeUsdHourly": 13.472133058423,
      "volumeUsdDaily": 14.98076776766558,
      "volumeUsdWeekly": 982.7911416882256,
      "volumeUsdMonthly": 2326.553334864658,
      "logo": "https://matcha-image-proxy.api.0x.org/images/56/0x7bc75e291e656e8658d66be1cc8154a3769a35dd"
    },
    {
      "address": "0xf7413489c474ca4399eee604716c72879eea3615",
      "chainId": 1,
      "decimals": 18,
      "name": "APYSwap",
      "symbol": "APYS",
      "type": "ERC20",
      "hasLogo": true,
      "blockListsCount": 1,
      "exchangeListsCount": 0,
      "flagListsCount": 1,
      "importedListsCount": 2,
      "buyTax": 0,
      "sellTax": 0,
      "isInDex": true,
      "isHoneypot": false,
      "manualUnblock": false,
      "transactionsHourly": 1,
      "transactionsDaily": 1,
      "transactionsWeekly": 2,
      "transactionsMonthly": 4,
      "volumeUsdHourly": 49.9731727130484,
      "volumeUsdDaily": 49.9731727130484,
      "volumeUsdWeekly": 69.9486872732468,
      "volumeUsdMonthly": 109.64136991681283,
      "logo": "https://matcha-image-proxy.api.0x.org/images/1/0xf7413489c474ca4399eee604716c72879eea3615"
    }
  ],
  "searchTime": "2025-12-30T01:58:30.133Z",
  "error": null
}