{
  "originalSymbol": "IP",
  "originalFullName": "Story",
  "searchedQuery": "IP Story",
  "retried": false,
  "isL1": false,
  "success": true,
  "tokenCount": 15,
  "resultCount": 10000,
  "tokens": [
    {
      "address": "0xb1a03eda10342529bbf8eb700a06c60441fef25d",
      "chainId": 8453,
      "decimals": 18,
      "name": "Mister Miggles",
      "symbol": "MIGGLES",
      "type": "ERC20",
      "hasLogo": true,
      "blockListsCount": 0,
      "exchangeListsCount": 0,
      "flagListsCount": 0,
      "importedListsCount": 1,
      "buyTax": 0,
      "sellTax": 0,
      "isInDex": true,
      "isHoneypot": false,
      "manualUnblock": false,
      "transactionsHourly": 9,
      "transactionsDaily": 131,
      "transactionsWeekly": 1306,
      "transactionsMonthly": 5375,
      "volumeUsdHourly": 10.38247116371147,
      "volumeUsdDaily": 2561.419737021426,
      "volumeUsdWeekly": 73882.24137319278,
      "volumeUsdMonthly": 379334.3479066595,
      "logo": "https://matcha-image-proxy.api.0x.org/images/8453/0xb1a03eda10342529bbf8eb700a06c60441fef25d"
    },
    {
      "address": "0x226a2fa2556c48245e57cd1cba4c6c9e67077dd2",
      "chainId": 8453,
      "decimals": 18,
      "name": "BIO",
      "symbol": "BIO",
      "type": "ERC20",
      "hasLogo": true,
      "blockListsCount": 0,
      "exchangeListsCount": 0,
      "flagListsCount": 0,
      "importedListsCount": 1,
      "buyTax": 0,
      "sellTax": 0,
      "isInDex": true,
      "isHoneypot": false,
      "manualUnblock": false,
      "transactionsHourly": 1,
      "transactionsDaily": 23,
      "transactionsWeekly": 206,
      "transactionsMonthly": 913,
      "volumeUsdHourly": 856.940132268444,
      "volumeUsdDaily": 3500.2732372970604,
      "volumeUsdWeekly": 35386.85431476038,
      "volumeUsdMonthly": 171692.91357755018,
      "logo": "https://matcha-image-proxy.api.0x.org/images/8453/0x226a2fa2556c48245e57cd1cba4c6c9e67077dd2"
    },
    {
      "address": "0x834833e35b7a68bf9c4e5486a2398ff385bd23f2",
      "chainId": 8453,
      "decimals": 18,
      "name": "IP Story",
      "symbol": "IP Story",
      "type": "ERC20",
      "issuer": {
        "name": "zora",
        "metadata": {}
      },
      "blockListsCount": 0,
      "exchangeListsCount": 0,
      "flagListsCount": 0,
      "importedListsCount": 0,
      "logo": "https://matcha-image-proxy.api.0x.org/images/8453/0x834833e35b7a68bf9c4e5486a2398ff385bd23f2"
    },
    {
      "address": "0x9facfce553444499f7e8d23b02a60c6db0044e92",
      "chainId": 8453,
      "decimals": 18,
      "name": "IP (Story Protocol)",
      "symbol": "IP (Story Protocol)",
      "type": "ERC20",
      "issuer": {
        "name": "zora",
        "metadata": {}
      },
      "blockListsCount": 0,
      "exchangeListsCount": 0,
      "flagListsCount": 0,
      "importedListsCount": 0,
      "logo": "https://matcha-image-proxy.api.0x.org/images/8453/0x9facfce553444499f7e8d23b02a60c6db0044e92"
    },
    {
      "address": "0xf6e932ca12afa26665dc4dde7e27be02a7c02e50",
      "chainId": 8453,
      "decimals": 18,
      "name": "Mochi",
      "symbol": "MOCHI",
      "type": "ERC20",
      "hasLogo": true,
      "blockListsCount": 0,
      "exchangeListsCount": 0,
      "flagListsCount": 0,
      "importedListsCount": 1,
      "buyTax": 0,
      "sellTax": 0,
      "isInDex": true,
      "isHoneypot": false,
      "manualUnblock": false,
      "transactionsHourly": 3,
      "transactionsDaily": 14,
      "transactionsWeekly": 155,
      "transactionsMonthly": 776,
      "volumeUsdHourly": 40.207259918403174,
      "volumeUsdDaily": 920.1700848237258,
      "volumeUsdWeekly": 18926.95296640495,
      "volumeUsdMonthly": 117242.5321045396,
      "logo": "https://matcha-image-proxy.api.0x.org/images/8453/0xf6e932ca12afa26665dc4dde7e27be02a7c02e50"
    },
    {
      "address": "0x3792dbdd07e87413247df995e692806aa13d3299",
      "chainId": 8453,
      "decimals": 18,
      "name": "OMI Token",
      "symbol": "OMI",
      "type": "ERC20",
      "hasLogo": true,
      "blockListsCount": 0,
      "exchangeListsCount": 0,
      "flagListsCount": 0,
      "importedListsCount": 2,
      "buyTax": 0,
      "sellTax": 0,
      "isInDex": true,
      "isHoneypot": false,
      "manualUnblock": false,
      "transactionsHourly": 1,
      "transactionsDaily": 11,
      "transactionsWeekly": 198,
      "transactionsMonthly": 717,
      "volumeUsdHourly": 59.0330074607525,
      "volumeUsdDaily": 1907.8128068031108,
      "volumeUsdWeekly": 38959.73585461536,
      "volumeUsdMonthly": 123845.72989239484,
      "logo": "https://matcha-image-proxy.api.0x.org/images/8453/0x3792dbdd07e87413247df995e692806aa13d3299"
    },
    {
      "address": "0x6894cde390a3f51155ea41ed24a33a4827d3063d",
      "chainId": 56,
      "decimals": 18,
      "name": "Simons Cat",
      "symbol": "CAT",
      "type": "ERC20",
      "hasLogo": true,
      "blockListsCount": 0,
      "exchangeListsCount": 0,
      "flagListsCount": 0,
      "importedListsCount": 1,
      "buyTax": 0,
      "sellTax": 0,
      "isInDex": true,
      "isHoneypot": false,
      "manualUnblock": false,
      "transactionsHourly": 1,
      "transactionsDaily": 14,
      "transactionsWeekly": 82,
      "transactionsMonthly": 368,
      "volumeUsdHourly": 0.00872337794264892,
      "volumeUsdDaily": 982.3508533199127,
      "volumeUsdWeekly": 8709.40340950889,
      "volumeUsdMonthly": 23212.963380093264,
      "logo": "https://matcha-image-proxy.api.0x.org/images/56/0x6894cde390a3f51155ea41ed24a33a4827d3063d"
    },
    {
      "address": "0xcb1592591996765ec0efc1f92599a19767ee5ffa",
      "chainId": 1,
      "decimals": 18,
      "name": "BIO",
      "symbol": "BIO",
      "type": "ERC20",
      "hasLogo": true,
      "blockListsCount": 0,
      "exchangeListsCount": 1,
      "flagListsCount": 0,
      "importedListsCount": 3,
      "buyTax": 0,
      "sellTax": 0,
      "isInDex": true,
      "isHoneypot": false,
      "manualUnblock": false,
      "transactionsHourly": 5,
      "transactionsDaily": 5,
      "transactionsWeekly": 29,
      "transactionsMonthly": 196,
      "volumeUsdHourly": 62104.87163110244,
      "volumeUsdDaily": 62104.87163110244,
      "volumeUsdWeekly": 74255.97586605033,
      "volumeUsdMonthly": 292668.4319595129,
      "logo": "https://matcha-image-proxy.api.0x.org/images/1/0xcb1592591996765ec0efc1f92599a19767ee5ffa"
    },
    {
      "address": "0xed35af169af46a02ee13b9d79eb57d6d68c1749e",
      "chainId": 1,
      "decimals": 18,
      "name": "OMI Token",
      "symbol": "OMI",
      "type": "ERC20",
      "hasLogo": true,
      "blockListsCount": 0,
      "exchangeListsCount": 0,
      "flagListsCount": 0,
      "importedListsCount": 3,
      "buyTax": 0,
      "sellTax": 0,
      "isInDex": true,
      "isHoneypot": false,
      "manualUnblock": false,
      "transactionsHourly": 1,
      "transactionsDaily": 5,
      "transactionsWeekly": 75,
      "transactionsMonthly": 187,
      "volumeUsdHourly": 187.605774759442,
      "volumeUsdDaily": 2098.9948306825418,
      "volumeUsdWeekly": 22434.67120523186,
      "volumeUsdMonthly": 54731.09437386653,
      "logo": "https://matcha-image-proxy.api.0x.org/images/1/0xed35af169af46a02ee13b9d79eb57d6d68c1749e"
    },
    {
      "address": "0xafb89a09d82fbde58f18ac6437b3fc81724e4df6",
      "chainId": 8453,
      "decimals": 18,
      "name": "The Doge NFT",
      "symbol": "DOG",
      "type": "ERC20",
      "hasLogo": true,
      "blockListsCount": 0,
      "exchangeListsCount": 0,
      "flagListsCount": 0,
      "importedListsCount": 2,
      "buyTax": 0,
      "sellTax": 0,
      "isInDex": true,
      "isHoneypot": false,
      "manualUnblock": false,
      "transactionsHourly": 1,
      "transactionsDaily": 27,
      "transactionsWeekly": 236,
      "transactionsMonthly": 811,
      "volumeUsdHourly": 0.0343761428234304,
      "volumeUsdDaily": 818.7176664207917,
      "volumeUsdWeekly": 1109.256269225211,
      "volumeUsdMonthly": 4303.449351721485,
      "logo": "https://matcha-image-proxy.api.0x.org/images/8453/0xafb89a09d82fbde58f18ac6437b3fc81724e4df6"
    },
    {
      "address": "0xdbb7a34bf10169d6d2d0d02a6cbb436cf4381bfa",
      "chainId": 1,
      "decimals": 18,
      "name": "Zentry",
      "symbol": "ZENT",
      "type": "ERC20",
      "hasLogo": true,
      "blockListsCount": 0,
      "exchangeListsCount": 0,
      "flagListsCount": 0,
      "importedListsCount": 3,
      "buyTax": 0,
      "sellTax": 0,
      "isInDex": true,
      "isHoneypot": false,
      "manualUnblock": false,
      "transactionsHourly": 1,
      "transactionsDaily": 5,
      "transactionsWeekly": 79,
      "transactionsMonthly": 162,
      "volumeUsdHourly": 14.3487115005112,
      "volumeUsdDaily": 261.3954542086981,
      "volumeUsdWeekly": 32812.12746667712,
      "volumeUsdMonthly": 103876.36767303616,
      "logo": "https://matcha-image-proxy.api.0x.org/images/1/0xdbb7a34bf10169d6d2d0d02a6cbb436cf4381bfa"
    },
    {
      "address": "0x72e4f9f808c49a2a61de9c5896298920dc4eeea9",
      "chainId": 1,
      "decimals": 8,
      "name": "HarryPotterObamaSonic10Inu",
      "symbol": "BITCOIN",
      "type": "ERC20",
      "hasLogo": true,
      "blockListsCount": 0,
      "exchangeListsCount": 0,
      "flagListsCount": 0,
      "importedListsCount": 4,
      "buyTax": 0,
      "sellTax": 0,
      "isInDex": true,
      "isHoneypot": false,
      "manualUnblock": false,
      "transactionsHourly": 1,
      "transactionsDaily": 20,
      "transactionsWeekly": 99,
      "transactionsMonthly": 349,
      "volumeUsdHourly": 864.221889471445,
      "volumeUsdDaily": 32968.94358889556,
      "volumeUsdWeekly": 137090.8190100691,
      "volumeUsdMonthly": 798381.9337899068,
      "logo": "https://matcha-image-proxy.api.0x.org/images/1/0x72e4f9f808c49a2a61de9c5896298920dc4eeea9"
    },
    {
      "address": "0xf0949dd87d2531d665010d6274f06a357669457a",
      "chainId": 137,
      "decimals": 18,
      "name": "RealityMetaverse(PoS)",
      "symbol": "RMV",
      "type": "ERC20",
      "hasLogo": true,
      "blockListsCount": 0,
      "exchangeListsCount": 0,
      "flagListsCount": 0,
      "importedListsCount": 1,
      "buyTax": 0,
      "sellTax": 0,
      "isInDex": true,
      "isHoneypot": false,
      "manualUnblock": false,
      "transactionsHourly": 1,
      "transactionsDaily": 11,
      "transactionsWeekly": 85,
      "transactionsMonthly": 248,
      "volumeUsdHourly": 20.2499184606355,
      "volumeUsdDaily": 279.2336250346918,
      "volumeUsdWeekly": 2651.3038892216027,
      "volumeUsdMonthly": 7007.991327485949,
      "logo": "https://matcha-image-proxy.api.0x.org/images/137/0xf0949dd87d2531d665010d6274f06a357669457a"
    },
    {
      "address": "0x01fb3b96120b10f5aaa38a300efccd3fc6b7d0fe",
      "chainId": 8453,
      "decimals": 18,
      "name": "IP Story On Base",
      "symbol": "IP Story On Base",
      "type": "ERC20",
      "blockListsCount": 0,
      "exchangeListsCount": 0,
      "flagListsCount": 0,
      "importedListsCount": 0,
      "logo": "https://matcha-image-proxy.api.0x.org/images/8453/0x01fb3b96120b10f5aaa38a300efccd3fc6b7d0fe"
    },
    {
      "address": "0x9c6e44389922d65a30e5ae3edade7554efd937ea",
      "chainId": 56,
      "decimals": 9,
      "name": "IP Story AI Presale v2",
      "symbol": "IP Story AI Presale v2",
      "type": "ERC20",
      "blockListsCount": 0,
      "exchangeListsCount": 0,
      "flagListsCount": 0,
      "importedListsCount": 0,
      "logo": "https://matcha-image-proxy.api.0x.org/images/56/0x9c6e44389922d65a30e5ae3edade7554efd937ea"
    }
  ],
  "searchTime": "2025-12-30T01:57:30.999Z",
  "error": null
}