{
  "originalSymbol": "MINA",
  "originalFullName": "Mina",
  "searchedQuery": "MINA Mina",
  "retried": true,
  "isL1": true,
  "success": true,
  "tokenCount": 15,
  "resultCount": 4234,
  "tokens": [
    {
      "address": "0xe7cb24f449973d5b3520e5b93d88b405903c75fb",
      "chainId": 56,
      "decimals": 8,
      "name": "(BNbitcoin Token - minable bitcoin on BSC",
      "symbol": "BNBTC",
      "type": "ERC20",
      "hasLogo": true,
      "blockListsCount": 0,
      "exchangeListsCount": 0,
      "flagListsCount": 0,
      "importedListsCount": 0,
      "buyTax": 0,
      "sellTax": 0,
      "isInDex": true,
      "isHoneypot": false,
      "transactionsHourly": 1,
      "transactionsDaily": 1,
      "transactionsWeekly": 5,
      "transactionsMonthly": 28,
      "volumeUsdHourly": 72.3662667387541,
      "volumeUsdDaily": 72.3662667387541,
      "volumeUsdWeekly": 77.69945749909886,
      "volumeUsdMonthly": 660.2204299679709,
      "logo": "https://matcha-image-proxy.api.0x.org/images/56/0xe7cb24f449973d5b3520e5b93d88b405903c75fb"
    },
    {
      "address": "0x97a9bac06f90940bce9caec2b880ff17707519e4",
      "chainId": 1,
      "decimals": 18,
      "name": "Minato",
      "symbol": "MNTO",
      "type": "ERC20",
      "hasLogo": true,
      "blockListsCount": 0,
      "exchangeListsCount": 0,
      "flagListsCount": 0,
      "importedListsCount": 2,
      "buyTax": 0,
      "sellTax": 0,
      "isInDex": true,
      "isHoneypot": false,
      "manualUnblock": false,
      "transactionsHourly": 1,
      "transactionsDaily": 1,
      "transactionsWeekly": 1,
      "transactionsMonthly": 1,
      "volumeUsdDaily": 360.710210658478,
      "volumeUsdWeekly": 360.710210658478,
      "volumeUsdMonthly": 360.710210658478,
      "logo": "https://matcha-image-proxy.api.0x.org/images/1/0x97a9bac06f90940bce9caec2b880ff17707519e4"
    },
    {
      "address": "0x3819f64f282bf135d62168c1e513280daf905e06",
      "chainId": 1,
      "decimals": 9,
      "name": "Hedron",
      "symbol": "HDRN",
      "type": "ERC20",
      "hasLogo": true,
      "blockListsCount": 0,
      "exchangeListsCount": 0,
      "flagListsCount": 0,
      "importedListsCount": 2,
      "buyTax": 0,
      "sellTax": 0,
      "isInDex": true,
      "isHoneypot": false,
      "manualUnblock": false,
      "transactionsHourly": 1,
      "transactionsDaily": 1,
      "transactionsWeekly": 4,
      "transactionsMonthly": 24,
      "volumeUsdHourly": -0.18172861168934,
      "volumeUsdDaily": -0.18172861168934,
      "volumeUsdWeekly": 29.073043438390243,
      "volumeUsdMonthly": 501.2186739875218,
      "logo": "https://matcha-image-proxy.api.0x.org/images/1/0x3819f64f282bf135d62168c1e513280daf905e06"
    },
    {
      "address": "0xf2185b1c3e8c5d24399d4ec0716e0e5b63be5b07",
      "chainId": 8453,
      "decimals": 18,
      "name": "Minapool",
      "symbol": "MINA",
      "type": "ERC20",
      "blockListsCount": 0,
      "exchangeListsCount": 0,
      "flagListsCount": 0,
      "importedListsCount": 0,
      "isHoneypot": false,
      "transactionsHourly": 5,
      "transactionsDaily": 5,
      "transactionsWeekly": 5,
      "transactionsMonthly": 5,
      "volumeUsdHourly": 144.11124081742196,
      "volumeUsdDaily": 144.13880529933783,
      "volumeUsdWeekly": 144.13880529933783,
      "volumeUsdMonthly": 144.13880529933783,
      "logo": "https://matcha-image-proxy.api.0x.org/images/8453/0xf2185b1c3e8c5d24399d4ec0716e0e5b63be5b07"
    },
    {
      "address": "0x854a63b35b70a7becbed508ff0b6ff5038d0c917",
      "chainId": 56,
      "decimals": 18,
      "name": "Minato",
      "symbol": "MNTO",
      "type": "ERC20",
      "hasLogo": true,
      "blockListsCount": 0,
      "exchangeListsCount": 0,
      "flagListsCount": 0,
      "importedListsCount": 1,
      "buyTax": 0,
      "sellTax": 0,
      "isInDex": true,
      "isHoneypot": false,
      "manualUnblock": false,
      "transactionsHourly": 1,
      "transactionsDaily": 1,
      "transactionsWeekly": 1,
      "transactionsMonthly": 4,
      "volumeUsdHourly": 9.99344383245249,
      "volumeUsdDaily": 9.99344383245249,
      "volumeUsdWeekly": 9.99660954892935,
      "volumeUsdMonthly": 150.24399391530673,
      "logo": "https://matcha-image-proxy.api.0x.org/images/56/0x854a63b35b70a7becbed508ff0b6ff5038d0c917"
    },
    {
      "address": "0x4c9f66b2806538cf00ef596e09fb05bcb0d17dc8",
      "chainId": 137,
      "decimals": 18,
      "name": "Minato (PoS)",
      "symbol": "MNTO",
      "type": "ERC20",
      "hasLogo": true,
      "blockListsCount": 0,
      "exchangeListsCount": 0,
      "flagListsCount": 0,
      "importedListsCount": 1,
      "buyTax": null,
      "sellTax": null,
      "isInDex": false,
      "isHoneypot": false,
      "manualUnblock": false,
      "logo": "https://matcha-image-proxy.api.0x.org/images/137/0x4c9f66b2806538cf00ef596e09fb05bcb0d17dc8"
    },
    {
      "address": "0xf0dfad1817b5ba73726b02ab34dd4b4b00bcd392",
      "chainId": 42161,
      "decimals": 18,
      "name": "Minato",
      "symbol": "MNTO",
      "type": "ERC20",
      "hasLogo": true,
      "blockListsCount": 0,
      "exchangeListsCount": 0,
      "flagListsCount": 0,
      "importedListsCount": 1,
      "buyTax": null,
      "sellTax": null,
      "isInDex": false,
      "isHoneypot": null,
      "manualUnblock": false,
      "logo": "https://matcha-image-proxy.api.0x.org/images/42161/0xf0dfad1817b5ba73726b02ab34dd4b4b00bcd392"
    },
    {
      "address": "0x19100a010deff47cc1178e14db90f56acab295d3",
      "chainId": 8453,
      "decimals": 9,
      "name": "Minar Apple",
      "symbol": "Minar Apple",
      "type": "ERC20",
      "blockListsCount": 1,
      "exchangeListsCount": 0,
      "flagListsCount": 1,
      "importedListsCount": 0,
      "manualUnblock": false,
      "logo": "https://matcha-image-proxy.api.0x.org/images/8453/0x19100a010deff47cc1178e14db90f56acab295d3"
    },
    {
      "address": "0xbc1edae5c1babfc356e7c1d735294d0a7f384a36",
      "chainId": 130,
      "decimals": 18,
      "name": "MINA Seedify.fund",
      "symbol": "MINA Seedify.fund",
      "type": "ERC20",
      "blockListsCount": 1,
      "exchangeListsCount": 0,
      "flagListsCount": 1,
      "importedListsCount": 0,
      "manualUnblock": false,
      "logo": "https://matcha-image-proxy.api.0x.org/images/130/0xbc1edae5c1babfc356e7c1d735294d0a7f384a36"
    },
    {
      "address": "0x8594c2692b602aa5ba3132258bb68d5eb06ae7a5",
      "chainId": 8453,
      "decimals": 9,
      "name": "Minati Coin Dynamic Crypto Index",
      "symbol": "MINATI",
      "type": "ERC20",
      "blockListsCount": 1,
      "exchangeListsCount": 0,
      "flagListsCount": 1,
      "importedListsCount": 0,
      "buyTax": 0,
      "sellTax": 0,
      "isInDex": true,
      "isHoneypot": false,
      "manualUnblock": false,
      "logo": "https://matcha-image-proxy.api.0x.org/images/8453/0x8594c2692b602aa5ba3132258bb68d5eb06ae7a5"
    },
    {
      "address": "0x2f6666d2617fa02e68b729edd0669c5b27d4cddc",
      "chainId": 130,
      "decimals": 18,
      "name": "H2o Securities Minar",
      "symbol": "H2o Securities Minar",
      "type": "ERC20",
      "blockListsCount": 1,
      "exchangeListsCount": 0,
      "flagListsCount": 1,
      "importedListsCount": 0,
      "manualUnblock": false,
      "logo": "https://matcha-image-proxy.api.0x.org/images/130/0x2f6666d2617fa02e68b729edd0669c5b27d4cddc"
    },
    {
      "address": "8jShWzzvs8weYYn8yACd9sqqsyP1ST9hx9HF3gyfKQiZ",
      "chainId": 1399811149,
      "decimals": 6,
      "name": "NICKY MINAJ GOOGLE ASS",
      "symbol": "NICKYASS",
      "type": "SPL-Token",
      "blockListsCount": 1,
      "exchangeListsCount": 0,
      "flagListsCount": 1,
      "importedListsCount": 0,
      "manualUnblock": false,
      "logo": "https://matcha-image-proxy.api.0x.org/images/1399811149/8jShWzzvs8weYYn8yACd9sqqsyP1ST9hx9HF3gyfKQiZ"
    },
    {
      "address": "BRxZcgNqhJbdmhTJqjoqtRNDZFS14pqfHmYdDeirJixH",
      "chainId": 1399811149,
      "decimals": 6,
      "name": "Minato and Hura Google Companion",
      "symbol": "M&H",
      "type": "SPL-Token",
      "blockListsCount": 1,
      "exchangeListsCount": 0,
      "flagListsCount": 1,
      "importedListsCount": 0,
      "manualUnblock": false,
      "logo": "https://matcha-image-proxy.api.0x.org/images/1399811149/BRxZcgNqhJbdmhTJqjoqtRNDZFS14pqfHmYdDeirJixH"
    },
    {
      "address": "0x4f0ffc13be6e72d0a4df1acb6db448209aa3d441",
      "chainId": 8453,
      "decimals": 18,
      "name": "MINARA",
      "symbol": "MINARA",
      "type": "ERC20",
      "issuer": {
        "name": "zora",
        "metadata": {}
      },
      "blockListsCount": 0,
      "exchangeListsCount": 0,
      "flagListsCount": 0,
      "importedListsCount": 0,
      "logo": "https://matcha-image-proxy.api.0x.org/images/8453/0x4f0ffc13be6e72d0a4df1acb6db448209aa3d441"
    },
    {
      "address": "0xd60c6710d7a9d2760f43f51c04d6c0245c8a029c",
      "chainId": 8453,
      "decimals": 18,
      "name": "minapp",
      "symbol": "minapp",
      "type": "ERC20",
      "issuer": {
        "name": "zora",
        "metadata": {}
      },
      "blockListsCount": 0,
      "exchangeListsCount": 0,
      "flagListsCount": 0,
      "importedListsCount": 0,
      "logo": "https://matcha-image-proxy.api.0x.org/images/8453/0xd60c6710d7a9d2760f43f51c04d6c0245c8a029c"
    }
  ],
  "searchTime": "2025-12-30T01:58:37.771Z",
  "error": null
}