{
  "originalSymbol": "T",
  "originalFullName": "Threshold",
  "searchedQuery": "T Threshold",
  "retried": false,
  "isL1": false,
  "success": true,
  "tokenCount": 15,
  "resultCount": 10000,
  "tokens": [
    {
      "address": "JAbECzHVVW66AtTgReU6X9PcpS7kzqxmonkre7Cgpump",
      "chainId": 1399811149,
      "decimals": 6,
      "name": "Triple T",
      "symbol": "T",
      "type": "SPL-Token",
      "blockListsCount": 0,
      "exchangeListsCount": 0,
      "flagListsCount": 0,
      "importedListsCount": 0,
      "transactionsDaily": 366,
      "transactionsWeekly": 366,
      "transactionsMonthly": 366,
      "volumeUsdDaily": 30057.37846847212,
      "volumeUsdWeekly": 30057.37846847212,
      "volumeUsdMonthly": 30057.37846847212,
      "logo": "https://matcha-image-proxy.api.0x.org/images/1399811149/JAbECzHVVW66AtTgReU6X9PcpS7kzqxmonkre7Cgpump"
    },
    {
      "address": "0x30a538effd91acefb1b12ce9bc0074ed18c9dfc9",
      "chainId": 42161,
      "decimals": 9,
      "name": "T",
      "symbol": "T",
      "type": "ERC20",
      "hasLogo": true,
      "blockListsCount": 0,
      "exchangeListsCount": 0,
      "flagListsCount": 0,
      "importedListsCount": 1,
      "buyTax": null,
      "sellTax": null,
      "isInDex": true,
      "isHoneypot": false,
      "manualUnblock": false,
      "transactionsHourly": 1,
      "transactionsDaily": 2,
      "transactionsWeekly": 24,
      "transactionsMonthly": 93,
      "volumeUsdHourly": 278.462958532375,
      "volumeUsdDaily": 2866.613497459735,
      "volumeUsdWeekly": 18130.81260760617,
      "volumeUsdMonthly": 71445.31426983385,
      "logo": "https://matcha-image-proxy.api.0x.org/images/42161/0x30a538effd91acefb1b12ce9bc0074ed18c9dfc9"
    },
    {
      "address": "0x9818b6c09f5ecc843060927e8587c427c7c93583",
      "chainId": 8453,
      "decimals": 18,
      "name": "RIZE",
      "symbol": "RIZE",
      "type": "ERC20",
      "hasLogo": true,
      "blockListsCount": 0,
      "exchangeListsCount": 0,
      "flagListsCount": 0,
      "importedListsCount": 1,
      "buyTax": 0,
      "sellTax": 0,
      "isInDex": true,
      "isHoneypot": false,
      "manualUnblock": false,
      "transactionsHourly": 1,
      "transactionsDaily": 6,
      "transactionsWeekly": 102,
      "transactionsMonthly": 903,
      "volumeUsdHourly": 68.3476527021584,
      "volumeUsdDaily": 341.9029678255852,
      "volumeUsdWeekly": 12382.495963441866,
      "volumeUsdMonthly": 104259.84210355952,
      "logo": "https://matcha-image-proxy.api.0x.org/images/8453/0x9818b6c09f5ecc843060927e8587c427c7c93583"
    },
    {
      "address": "0x25fb8a48142902aa011df7fb2176f7b6ebf7bcc9",
      "chainId": 8453,
      "decimals": 18,
      "name": ",Sigil of Emergence – OpF(t) Threshold Seal",
      "symbol": ",Sigil of Emergence – OpF(t) Threshold Seal",
      "type": "ERC20",
      "issuer": {
        "name": "zora",
        "metadata": {}
      },
      "blockListsCount": 0,
      "exchangeListsCount": 0,
      "flagListsCount": 0,
      "importedListsCount": 0,
      "buyTax": null,
      "sellTax": null,
      "isInDex": false,
      "isHoneypot": false,
      "logo": "https://matcha-image-proxy.api.0x.org/images/8453/0x25fb8a48142902aa011df7fb2176f7b6ebf7bcc9"
    },
    {
      "address": "0xe0f94ac5462997d2bc57287ac3a3ae4c31345d66",
      "chainId": 56,
      "decimals": 18,
      "name": "CEEK",
      "symbol": "CEEK",
      "type": "ERC20",
      "hasLogo": true,
      "blockListsCount": 0,
      "exchangeListsCount": 0,
      "flagListsCount": 0,
      "importedListsCount": 1,
      "buyTax": 0,
      "sellTax": 0,
      "isInDex": true,
      "isHoneypot": false,
      "manualUnblock": false,
      "transactionsHourly": 5,
      "transactionsDaily": 11,
      "transactionsWeekly": 65,
      "transactionsMonthly": 220,
      "volumeUsdHourly": 286.7836854390019,
      "volumeUsdDaily": 524.4968143583176,
      "volumeUsdWeekly": 7373.047322524373,
      "volumeUsdMonthly": 24045.476385132966,
      "logo": "https://matcha-image-proxy.api.0x.org/images/56/0xe0f94ac5462997d2bc57287ac3a3ae4c31345d66"
    },
    {
      "address": "0x18084fba666a33d37592fa2633fd49a74dd93a88",
      "chainId": 1,
      "decimals": 18,
      "name": "tBTC v2",
      "symbol": "tBTC",
      "type": "ERC20",
      "hasLogo": true,
      "blockListsCount": 0,
      "exchangeListsCount": 0,
      "flagListsCount": 0,
      "importedListsCount": 4,
      "buyTax": 0,
      "sellTax": 0,
      "isInDex": true,
      "isHoneypot": false,
      "manualUnblock": false,
      "transactionsHourly": 1,
      "transactionsDaily": 12,
      "transactionsWeekly": 84,
      "transactionsMonthly": 672,
      "volumeUsdHourly": 8.69172414134302,
      "volumeUsdDaily": 140691.0915412769,
      "volumeUsdWeekly": 1111236.371472007,
      "volumeUsdMonthly": 14452711.66413364,
      "logo": "https://matcha-image-proxy.api.0x.org/images/1/0x18084fba666a33d37592fa2633fd49a74dd93a88"
    },
    {
      "address": "0x26c8afbbfe1ebaca03c2bb082e69d0476bffe099",
      "chainId": 1,
      "decimals": 18,
      "name": "Cellframe Token",
      "symbol": "CELL",
      "type": "ERC20",
      "hasLogo": true,
      "blockListsCount": 0,
      "exchangeListsCount": 0,
      "flagListsCount": 0,
      "importedListsCount": 2,
      "buyTax": 0,
      "sellTax": 0,
      "isInDex": true,
      "isHoneypot": false,
      "manualUnblock": false,
      "transactionsHourly": 1,
      "transactionsDaily": 3,
      "transactionsWeekly": 17,
      "transactionsMonthly": 100,
      "volumeUsdHourly": 4.80951051125937,
      "volumeUsdDaily": 213.30932582000008,
      "volumeUsdWeekly": 5516.457966406858,
      "volumeUsdMonthly": 45047.67882888984,
      "logo": "https://matcha-image-proxy.api.0x.org/images/1/0x26c8afbbfe1ebaca03c2bb082e69d0476bffe099"
    },
    {
      "address": "0x1d60f4fd3533f51133d735a764bf6cd9717a9af9",
      "chainId": 8453,
      "decimals": 18,
      "name": "T Threshold On Base",
      "symbol": "T Threshold On Base",
      "type": "ERC20",
      "blockListsCount": 0,
      "exchangeListsCount": 0,
      "flagListsCount": 0,
      "importedListsCount": 0,
      "logo": "https://matcha-image-proxy.api.0x.org/images/8453/0x1d60f4fd3533f51133d735a764bf6cd9717a9af9"
    },
    {
      "address": "0xb182818f307ee7e02944b280e087f38db0831823",
      "chainId": 56,
      "decimals": 9,
      "name": "T Threshold AI Presale v2",
      "symbol": "T Threshold AI Presale v2",
      "type": "ERC20",
      "blockListsCount": 0,
      "exchangeListsCount": 0,
      "flagListsCount": 0,
      "importedListsCount": 0,
      "logo": "https://matcha-image-proxy.api.0x.org/images/56/0xb182818f307ee7e02944b280e087f38db0831823"
    },
    {
      "address": "0x236aa50979d5f3de3bd1eeb40e81137f22ab794b",
      "chainId": 8453,
      "decimals": 18,
      "name": "Base tBTC v2",
      "symbol": "tBTC",
      "type": "ERC20",
      "hasLogo": true,
      "blockListsCount": 0,
      "exchangeListsCount": 0,
      "flagListsCount": 0,
      "importedListsCount": 3,
      "buyTax": 0,
      "sellTax": 0,
      "isInDex": true,
      "isHoneypot": false,
      "manualUnblock": false,
      "transactionsHourly": 1,
      "transactionsDaily": 13,
      "transactionsWeekly": 88,
      "transactionsMonthly": 319,
      "volumeUsdHourly": 0.322195950919583,
      "volumeUsdDaily": 133.53773107706408,
      "volumeUsdWeekly": 2365.7563197049226,
      "volumeUsdMonthly": 119518.91447553944,
      "logo": "https://matcha-image-proxy.api.0x.org/images/8453/0x236aa50979d5f3de3bd1eeb40e81137f22ab794b"
    },
    {
      "address": "0xcdf7028ceab81fa0c6971208e83fa7872994bee5",
      "chainId": 1,
      "decimals": 18,
      "name": "Threshold Network Token",
      "symbol": "T",
      "type": "ERC20",
      "hasLogo": true,
      "blockListsCount": 0,
      "exchangeListsCount": 1,
      "flagListsCount": 0,
      "importedListsCount": 4,
      "buyTax": 0,
      "sellTax": 0,
      "isInDex": true,
      "isHoneypot": false,
      "manualUnblock": false,
      "transactionsHourly": 1,
      "transactionsDaily": 2,
      "transactionsWeekly": 12,
      "transactionsMonthly": 42,
      "volumeUsdHourly": 140.554726933982,
      "volumeUsdDaily": 146.9468855841633,
      "volumeUsdWeekly": 4349.631658523773,
      "volumeUsdMonthly": 201479.76361796496,
      "logo": "https://matcha-image-proxy.api.0x.org/images/1/0xcdf7028ceab81fa0c6971208e83fa7872994bee5"
    },
    {
      "address": "FDZ4M2qxPBZJHU1FUcSYi3iZGj72433obMZhhUCnpump",
      "chainId": 1399811149,
      "decimals": 6,
      "name": "T To The Three",
      "symbol": "TripleT",
      "type": "SPL-Token",
      "blockListsCount": 0,
      "exchangeListsCount": 0,
      "flagListsCount": 0,
      "importedListsCount": 0,
      "transactionsDaily": 22,
      "transactionsWeekly": 22,
      "transactionsMonthly": 22,
      "volumeUsdDaily": 2795.18769486008,
      "volumeUsdWeekly": 2795.18769486008,
      "volumeUsdMonthly": 2795.18769486008,
      "logo": "https://matcha-image-proxy.api.0x.org/images/1399811149/FDZ4M2qxPBZJHU1FUcSYi3iZGj72433obMZhhUCnpump"
    },
    {
      "address": "0x021289588cd81dc1ac87ea91e91607eef68303f5",
      "chainId": 42161,
      "decimals": 5,
      "name": "\"Spiko US T-Bills Money Market Fund",
      "symbol": "USTBL",
      "type": "ERC20",
      "hasLogo": true,
      "blockListsCount": 1,
      "exchangeListsCount": 0,
      "flagListsCount": 1,
      "importedListsCount": 1,
      "buyTax": null,
      "sellTax": null,
      "isInDex": false,
      "isHoneypot": null,
      "manualUnblock": false,
      "logo": "https://matcha-image-proxy.api.0x.org/images/42161/0x021289588cd81dc1ac87ea91e91607eef68303f5"
    },
    {
      "address": "0xe4880249745eac5f1ed9d8f7df844792d560e750",
      "chainId": 1,
      "decimals": 5,
      "name": "\"Spiko US T-Bills Money Market Fund",
      "symbol": "USTBL",
      "type": "ERC20",
      "hasLogo": true,
      "blockListsCount": 1,
      "exchangeListsCount": 0,
      "flagListsCount": 1,
      "importedListsCount": 2,
      "buyTax": null,
      "sellTax": null,
      "isInDex": false,
      "isHoneypot": null,
      "manualUnblock": false,
      "logo": "https://matcha-image-proxy.api.0x.org/images/1/0xe4880249745eac5f1ed9d8f7df844792d560e750"
    },
    {
      "address": "0xade6057fcafa57d6d51ffa341c64ce4814995995",
      "chainId": 1,
      "decimals": 18,
      "name": "Backed $ ZPR1 1-3 Month T-Bill",
      "symbol": "bZPR1",
      "type": "ERC20",
      "hasLogo": true,
      "blockListsCount": 1,
      "exchangeListsCount": 0,
      "flagListsCount": 1,
      "importedListsCount": 2,
      "buyTax": 0,
      "sellTax": 0,
      "isInDex": false,
      "isHoneypot": null,
      "manualUnblock": false,
      "logo": "https://matcha-image-proxy.api.0x.org/images/1/0xade6057fcafa57d6d51ffa341c64ce4814995995"
    }
  ],
  "searchTime": "2025-12-30T01:57:45.410Z",
  "error": null
}