{
  "originalSymbol": "RAY",
  "originalFullName": "Raydium",
  "searchedQuery": "RAY Raydium",
  "retried": false,
  "isL1": false,
  "success": true,
  "tokenCount": 15,
  "resultCount": 10000,
  "tokens": [
    {
      "address": "4k3Dyjzvzp8eMZWUXbBCjEvwSkkk59S5iCNLY3QrkX6R",
      "chainId": 1399811149,
      "decimals": 6,
      "name": "Raydium",
      "symbol": "RAY",
      "type": "SPL-Token",
      "blockListsCount": 0,
      "exchangeListsCount": 0,
      "flagListsCount": 0,
      "importedListsCount": 0,
      "isHoneypot": false,
      "transactionsDaily": 1583,
      "transactionsWeekly": 1583,
      "transactionsMonthly": 1583,
      "volumeUsdDaily": 229464.5760625047,
      "volumeUsdWeekly": 229464.5760625047,
      "volumeUsdMonthly": 229464.5760625047,
      "logo": "https://matcha-image-proxy.api.0x.org/images/1399811149/4k3Dyjzvzp8eMZWUXbBCjEvwSkkk59S5iCNLY3QrkX6R"
    },
    {
      "address": "0xdc66deb3faf650fc6070fd1342ca543302daa516",
      "chainId": 8453,
      "decimals": 18,
      "name": "0\"RAY (Raydium) NFT: Accelerating DeFi on Solana\"",
      "symbol": "0\"RAY (Raydium) NFT: Accelerating DeFi on Solana\"",
      "type": "ERC20",
      "issuer": {
        "name": "zora",
        "metadata": {}
      },
      "blockListsCount": 0,
      "exchangeListsCount": 0,
      "flagListsCount": 0,
      "importedListsCount": 0,
      "logo": "https://matcha-image-proxy.api.0x.org/images/8453/0xdc66deb3faf650fc6070fd1342ca543302daa516"
    },
    {
      "address": "0x5238c3f166ef547105bc5ff9cab092666e32dcdc",
      "chainId": 8453,
      "decimals": 18,
      "name": "RAY Raydium On Base",
      "symbol": "RAY Raydium On Base",
      "type": "ERC20",
      "blockListsCount": 0,
      "exchangeListsCount": 0,
      "flagListsCount": 0,
      "importedListsCount": 0,
      "logo": "https://matcha-image-proxy.api.0x.org/images/8453/0x5238c3f166ef547105bc5ff9cab092666e32dcdc"
    },
    {
      "address": "0x7036b013d14389fa7c81b216c9e1c1091a7b643c",
      "chainId": 56,
      "decimals": 9,
      "name": "RAY Raydium AI Presale v2",
      "symbol": "RAY Raydium AI Presale v2",
      "type": "ERC20",
      "blockListsCount": 0,
      "exchangeListsCount": 0,
      "flagListsCount": 0,
      "importedListsCount": 0,
      "logo": "https://matcha-image-proxy.api.0x.org/images/56/0x7036b013d14389fa7c81b216c9e1c1091a7b643c"
    },
    {
      "address": "0x703d57164ca270b0b330a87fd159cfef1490c0a5",
      "chainId": 8453,
      "decimals": 18,
      "name": "Rai.Finance",
      "symbol": "SOFI",
      "type": "ERC20",
      "hasLogo": true,
      "blockListsCount": 0,
      "exchangeListsCount": 0,
      "flagListsCount": 0,
      "importedListsCount": 1,
      "buyTax": 0,
      "sellTax": 0,
      "isInDex": true,
      "isHoneypot": false,
      "manualUnblock": false,
      "transactionsHourly": 1,
      "transactionsDaily": 2,
      "transactionsWeekly": 27,
      "transactionsMonthly": 161,
      "volumeUsdDaily": 1.5329151734533,
      "volumeUsdWeekly": 38.33902334852135,
      "volumeUsdMonthly": 1026.7432111849716,
      "logo": "https://matcha-image-proxy.api.0x.org/images/8453/0x703d57164ca270b0b330a87fd159cfef1490c0a5"
    },
    {
      "address": "0xddee15235d634b3a1c3c269b441792d8de23789b",
      "chainId": 8453,
      "decimals": 18,
      "name": "Ray (Raydium)",
      "symbol": "Ray",
      "type": "ERC20",
      "issuer": {
        "name": "zora",
        "metadata": {}
      },
      "blockListsCount": 0,
      "exchangeListsCount": 0,
      "flagListsCount": 0,
      "importedListsCount": 0,
      "logo": "https://matcha-image-proxy.api.0x.org/images/8453/0xddee15235d634b3a1c3c269b441792d8de23789b"
    },
    {
      "address": "0x464ebe77c293e473b48cfe96ddcf88fcf7bfdac0",
      "chainId": 1,
      "decimals": 18,
      "name": "Kryll",
      "symbol": "KRL",
      "type": "ERC20",
      "hasLogo": true,
      "blockListsCount": 0,
      "exchangeListsCount": 0,
      "flagListsCount": 0,
      "importedListsCount": 4,
      "buyTax": 0,
      "sellTax": 0,
      "isInDex": true,
      "isHoneypot": false,
      "manualUnblock": false,
      "transactionsHourly": 1,
      "transactionsDaily": 1,
      "transactionsWeekly": 4,
      "transactionsMonthly": 11,
      "volumeUsdHourly": 350.790029997144,
      "volumeUsdDaily": 350.790029997144,
      "volumeUsdWeekly": 1001.8724518917672,
      "volumeUsdMonthly": 10074.985175142558,
      "logo": "https://matcha-image-proxy.api.0x.org/images/1/0x464ebe77c293e473b48cfe96ddcf88fcf7bfdac0"
    },
    {
      "address": "0x6243d8cea23066d098a15582d81a598b4e8391f4",
      "chainId": 1,
      "decimals": 18,
      "name": "Flex Ungovernance Token",
      "symbol": "FLX",
      "type": "ERC20",
      "hasLogo": true,
      "blockListsCount": 0,
      "exchangeListsCount": 0,
      "flagListsCount": 0,
      "importedListsCount": 2,
      "buyTax": 0,
      "sellTax": 0,
      "isInDex": true,
      "isHoneypot": false,
      "manualUnblock": false,
      "transactionsHourly": 1,
      "transactionsDaily": 1,
      "transactionsWeekly": 4,
      "transactionsMonthly": 14,
      "volumeUsdHourly": 17.7107326725123,
      "volumeUsdDaily": 17.7109042148428,
      "volumeUsdWeekly": 17.625140141063714,
      "volumeUsdMonthly": 3459.0387245242146,
      "logo": "https://matcha-image-proxy.api.0x.org/images/1/0x6243d8cea23066d098a15582d81a598b4e8391f4"
    },
    {
      "address": "0xf75ee6d319741057a82a88eeff1dbafab7307b69",
      "chainId": 42161,
      "decimals": 18,
      "name": "Kryll",
      "symbol": "KRL",
      "type": "ERC20",
      "hasLogo": true,
      "blockListsCount": 0,
      "exchangeListsCount": 0,
      "flagListsCount": 0,
      "importedListsCount": 2,
      "buyTax": 0,
      "sellTax": 0,
      "isInDex": true,
      "isHoneypot": false,
      "manualUnblock": false,
      "transactionsHourly": 1,
      "transactionsDaily": 1,
      "transactionsWeekly": 1,
      "transactionsMonthly": 9,
      "volumeUsdHourly": 980.079603940813,
      "volumeUsdDaily": 980.079603940813,
      "volumeUsdWeekly": 976.751164250094,
      "volumeUsdMonthly": 10533.875891056648,
      "logo": "https://matcha-image-proxy.api.0x.org/images/42161/0xf75ee6d319741057a82a88eeff1dbafab7307b69"
    },
    {
      "address": "0x3e99e0890efd6c15a295edbcce82d63224fd6f60",
      "chainId": 8453,
      "decimals": 18,
      "name": "DXAI.app by Virtuals",
      "symbol": "DXAI",
      "type": "ERC20",
      "hasLogo": true,
      "blockListsCount": 0,
      "exchangeListsCount": 0,
      "flagListsCount": 0,
      "importedListsCount": 1,
      "buyTax": 0,
      "sellTax": 0,
      "isInDex": true,
      "isHoneypot": false,
      "manualUnblock": false,
      "transactionsHourly": 1,
      "transactionsDaily": 1,
      "transactionsWeekly": 60,
      "transactionsMonthly": 77,
      "volumeUsdHourly": 0.222835407511641,
      "volumeUsdDaily": 0.222835407511641,
      "volumeUsdWeekly": 3449.674294684513,
      "volumeUsdMonthly": 4850.623533600741,
      "logo": "https://matcha-image-proxy.api.0x.org/images/8453/0x3e99e0890efd6c15a295edbcce82d63224fd6f60"
    },
    {
      "address": "0xdae49c25fad3a62a8e8bfb6da12c46be611f9f7a",
      "chainId": 8453,
      "decimals": 18,
      "name": "Kryll",
      "symbol": "KRL",
      "type": "ERC20",
      "hasLogo": true,
      "blockListsCount": 0,
      "exchangeListsCount": 0,
      "flagListsCount": 0,
      "importedListsCount": 3,
      "buyTax": 0,
      "sellTax": 0,
      "isInDex": true,
      "isHoneypot": false,
      "manualUnblock": false,
      "transactionsHourly": 1,
      "transactionsDaily": 1,
      "transactionsWeekly": 1,
      "transactionsMonthly": 7,
      "volumeUsdHourly": 508.370633339616,
      "volumeUsdDaily": 508.370633339616,
      "volumeUsdWeekly": 506.64416031967,
      "volumeUsdMonthly": 7828.667884557921,
      "logo": "https://matcha-image-proxy.api.0x.org/images/8453/0xdae49c25fad3a62a8e8bfb6da12c46be611f9f7a"
    },
    {
      "address": "0x724af984b63fd53fdedb5ded17063001e3afc3e5",
      "chainId": 1,
      "decimals": 18,
      "name": "Rock",
      "symbol": "ROCK",
      "type": "ERC20",
      "hasLogo": true,
      "blockListsCount": 0,
      "exchangeListsCount": 0,
      "flagListsCount": 0,
      "importedListsCount": 2,
      "buyTax": 0,
      "sellTax": 0,
      "isInDex": true,
      "isHoneypot": false,
      "manualUnblock": false,
      "transactionsHourly": 1,
      "transactionsDaily": 1,
      "transactionsWeekly": 1,
      "transactionsMonthly": 9,
      "volumeUsdHourly": 84.8086148920863,
      "volumeUsdDaily": 86.2158979838652,
      "volumeUsdWeekly": 86.2158979838652,
      "volumeUsdMonthly": 454.08039313924365,
      "logo": "https://matcha-image-proxy.api.0x.org/images/1/0x724af984b63fd53fdedb5ded17063001e3afc3e5"
    },
    {
      "address": "0xc230c451651754202d4c4b722c4c11517b346a24",
      "chainId": 8453,
      "decimals": 18,
      "name": "Supra",
      "symbol": "ray",
      "type": "ERC20",
      "issuer": {
        "name": "zora",
        "metadata": {}
      },
      "blockListsCount": 0,
      "exchangeListsCount": 0,
      "flagListsCount": 0,
      "importedListsCount": 0,
      "isHoneypot": false,
      "transactionsHourly": 5,
      "transactionsDaily": 6,
      "transactionsWeekly": 26,
      "transactionsMonthly": 26,
      "volumeUsdWeekly": 8.968291487200966,
      "volumeUsdMonthly": 8.968291487200966,
      "logo": "https://matcha-image-proxy.api.0x.org/images/8453/0xc230c451651754202d4c4b722c4c11517b346a24"
    },
    {
      "address": "0xb49fa25978abf9a248b8212ab4b87277682301c0",
      "chainId": 1,
      "decimals": 18,
      "name": "Rai.Finance",
      "symbol": "SOFI",
      "type": "ERC20",
      "hasLogo": true,
      "blockListsCount": 0,
      "exchangeListsCount": 0,
      "flagListsCount": 0,
      "importedListsCount": 1,
      "buyTax": 0,
      "sellTax": 0,
      "isInDex": false,
      "isHoneypot": false,
      "manualUnblock": false,
      "transactionsHourly": 3,
      "transactionsDaily": 3,
      "transactionsWeekly": 3,
      "transactionsMonthly": 3,
      "volumeUsdHourly": 12.55053670005474,
      "volumeUsdDaily": 12.55053670005474,
      "volumeUsdWeekly": 12.63017928789636,
      "volumeUsdMonthly": 12.63017928789636,
      "logo": "https://matcha-image-proxy.api.0x.org/images/1/0xb49fa25978abf9a248b8212ab4b87277682301c0"
    },
    {
      "address": "HKqoFirSehxdTGaksVAwu8Qwm4Pst8G2Y3P5gMKZfZ3A",
      "chainId": 1399811149,
      "decimals": 6,
      "name": "Kamino SOL-RAY (Raydium)",
      "symbol": "kSOL-RAY",
      "type": "SPL-Token",
      "blockListsCount": 0,
      "exchangeListsCount": 0,
      "flagListsCount": 0,
      "importedListsCount": 0,
      "logo": "https://matcha-image-proxy.api.0x.org/images/1399811149/HKqoFirSehxdTGaksVAwu8Qwm4Pst8G2Y3P5gMKZfZ3A"
    }
  ],
  "searchTime": "2025-12-30T01:58:15.825Z",
  "error": null
}