{
  "originalSymbol": "API3",
  "originalFullName": "API3",
  "searchedQuery": "API3 API3",
  "retried": false,
  "isL1": false,
  "success": true,
  "tokenCount": 15,
  "resultCount": 637,
  "tokens": [
    {
      "address": "0x0b38210ea11411557c13457d4da7dc6ea731b88a",
      "chainId": 1,
      "decimals": 18,
      "name": "API3",
      "symbol": "API3",
      "type": "ERC20",
      "hasLogo": true,
      "blockListsCount": 0,
      "exchangeListsCount": 0,
      "flagListsCount": 0,
      "importedListsCount": 4,
      "buyTax": 0,
      "sellTax": 0,
      "isInDex": true,
      "isHoneypot": false,
      "manualUnblock": false,
      "transactionsHourly": 1,
      "transactionsDaily": 4,
      "transactionsWeekly": 34,
      "transactionsMonthly": 102,
      "volumeUsdHourly": 54.2397390192341,
      "volumeUsdDaily": 253.075756542022,
      "volumeUsdWeekly": 17036.365367439324,
      "volumeUsdMonthly": 166703.78810332852,
      "logo": "https://matcha-image-proxy.api.0x.org/images/1/0x0b38210ea11411557c13457d4da7dc6ea731b88a"
    },
    {
      "address": "0x4d2b816a0bd4a6c0859fe9d42039a1f94588c760",
      "chainId": 8453,
      "decimals": 18,
      "name": "What is API3 (API3)?...",
      "symbol": "What is API3 (API3)?...",
      "type": "ERC20",
      "issuer": {
        "name": "zora",
        "metadata": {}
      },
      "blockListsCount": 0,
      "exchangeListsCount": 0,
      "flagListsCount": 0,
      "importedListsCount": 0,
      "buyTax": 0,
      "sellTax": 0,
      "isInDex": true,
      "isHoneypot": false,
      "logo": "https://matcha-image-proxy.api.0x.org/images/8453/0x4d2b816a0bd4a6c0859fe9d42039a1f94588c760"
    },
    {
      "address": "0xf39c0d30974f18311d4adadbf45e40d1f6d23c96",
      "chainId": 8453,
      "decimals": 18,
      "name": "API3 API3",
      "symbol": "API3 API3",
      "type": "ERC20",
      "blockListsCount": 0,
      "exchangeListsCount": 0,
      "flagListsCount": 0,
      "importedListsCount": 0,
      "buyTax": 0,
      "sellTax": 0,
      "isInDex": true,
      "isHoneypot": false,
      "logo": "https://matcha-image-proxy.api.0x.org/images/8453/0xf39c0d30974f18311d4adadbf45e40d1f6d23c96"
    },
    {
      "address": "0x84128814a46594efba6b8361cafe43c76a35d071",
      "chainId": 8453,
      "decimals": 18,
      "name": "API3 API3",
      "symbol": "API3 API3",
      "type": "ERC20",
      "blockListsCount": 0,
      "exchangeListsCount": 0,
      "flagListsCount": 0,
      "importedListsCount": 0,
      "buyTax": 0,
      "sellTax": 0,
      "isInDex": true,
      "isHoneypot": false,
      "logo": "https://matcha-image-proxy.api.0x.org/images/8453/0x84128814a46594efba6b8361cafe43c76a35d071"
    },
    {
      "address": "0x9239ef90e9bd14f825d34bca1635dc06074eeb4d",
      "chainId": 8453,
      "decimals": 9,
      "name": "API3 API3",
      "symbol": "API3 API3",
      "type": "ERC20",
      "blockListsCount": 0,
      "exchangeListsCount": 0,
      "flagListsCount": 0,
      "importedListsCount": 0,
      "buyTax": 0,
      "sellTax": 0,
      "isInDex": true,
      "isHoneypot": false,
      "logo": "https://matcha-image-proxy.api.0x.org/images/8453/0x9239ef90e9bd14f825d34bca1635dc06074eeb4d"
    },
    {
      "address": "0x2f4e00a19ecc43b4f34cd26cf0f5d86327381f0e",
      "chainId": 8453,
      "decimals": 18,
      "name": "API3 API3",
      "symbol": "API3 API3",
      "type": "ERC20",
      "blockListsCount": 0,
      "exchangeListsCount": 0,
      "flagListsCount": 0,
      "importedListsCount": 0,
      "buyTax": 0,
      "sellTax": 0,
      "isInDex": true,
      "isHoneypot": false,
      "logo": "https://matcha-image-proxy.api.0x.org/images/8453/0x2f4e00a19ecc43b4f34cd26cf0f5d86327381f0e"
    },
    {
      "address": "0xbc620f0d77617c3fe9a5aca9be0cd23860f873c1",
      "chainId": 130,
      "decimals": 18,
      "name": "API3 API3",
      "symbol": "API3 API3",
      "type": "ERC20",
      "blockListsCount": 0,
      "exchangeListsCount": 0,
      "flagListsCount": 0,
      "importedListsCount": 0,
      "logo": "https://matcha-image-proxy.api.0x.org/images/130/0xbc620f0d77617c3fe9a5aca9be0cd23860f873c1"
    },
    {
      "address": "0x681194997401e21db1b1acd4085dd86e65a06e0e",
      "chainId": 130,
      "decimals": 18,
      "name": "API3 API3",
      "symbol": "API3 API3",
      "type": "ERC20",
      "blockListsCount": 0,
      "exchangeListsCount": 0,
      "flagListsCount": 0,
      "importedListsCount": 0,
      "logo": "https://matcha-image-proxy.api.0x.org/images/130/0x681194997401e21db1b1acd4085dd86e65a06e0e"
    },
    {
      "address": "0x2bfde87cb5a29fa0dc389cf1925324a80b2be6cf",
      "chainId": 8453,
      "decimals": 9,
      "name": "API3 API3",
      "symbol": "API3 API3",
      "type": "ERC20",
      "blockListsCount": 0,
      "exchangeListsCount": 0,
      "flagListsCount": 0,
      "importedListsCount": 0,
      "buyTax": 0,
      "sellTax": 0,
      "isInDex": true,
      "isHoneypot": false,
      "logo": "https://matcha-image-proxy.api.0x.org/images/8453/0x2bfde87cb5a29fa0dc389cf1925324a80b2be6cf"
    },
    {
      "address": "0x00b2a9deb75695118b6b0a72cdabb2a0d1e04ed0",
      "chainId": 130,
      "decimals": 18,
      "name": "API3 API3",
      "symbol": "API3 API3",
      "type": "ERC20",
      "blockListsCount": 0,
      "exchangeListsCount": 0,
      "flagListsCount": 0,
      "importedListsCount": 0,
      "logo": "https://matcha-image-proxy.api.0x.org/images/130/0x00b2a9deb75695118b6b0a72cdabb2a0d1e04ed0"
    },
    {
      "address": "0xcea8c97fd6cd5a7157ff008c477e73c3525c9e37",
      "chainId": 8453,
      "decimals": 9,
      "name": "API3 API3",
      "symbol": "API3 API3",
      "type": "ERC20",
      "blockListsCount": 0,
      "exchangeListsCount": 0,
      "flagListsCount": 0,
      "importedListsCount": 0,
      "buyTax": 0,
      "sellTax": 0,
      "isInDex": true,
      "isHoneypot": false,
      "logo": "https://matcha-image-proxy.api.0x.org/images/8453/0xcea8c97fd6cd5a7157ff008c477e73c3525c9e37"
    },
    {
      "address": "0x16863824b9d5c22cf4ae2ad67cd71fa4bdc06195",
      "chainId": 8453,
      "decimals": 18,
      "name": "API3 API3",
      "symbol": "API3 API3",
      "type": "ERC20",
      "blockListsCount": 0,
      "exchangeListsCount": 0,
      "flagListsCount": 0,
      "importedListsCount": 0,
      "buyTax": 0,
      "sellTax": 0,
      "isInDex": true,
      "isHoneypot": false,
      "logo": "https://matcha-image-proxy.api.0x.org/images/8453/0x16863824b9d5c22cf4ae2ad67cd71fa4bdc06195"
    },
    {
      "address": "0xc1eefa9bf18bdbe4c00e857cae8b92ed816173d7",
      "chainId": 8453,
      "decimals": 18,
      "name": "API3 API3",
      "symbol": "API3 API3",
      "type": "ERC20",
      "blockListsCount": 0,
      "exchangeListsCount": 0,
      "flagListsCount": 0,
      "importedListsCount": 0,
      "logo": "https://matcha-image-proxy.api.0x.org/images/8453/0xc1eefa9bf18bdbe4c00e857cae8b92ed816173d7"
    },
    {
      "address": "0x7b0c52ac43dcc7cec47b2ba1d0b941cf6c8ad99f",
      "chainId": 130,
      "decimals": 18,
      "name": "API3 API3",
      "symbol": "API3 API3",
      "type": "ERC20",
      "blockListsCount": 0,
      "exchangeListsCount": 0,
      "flagListsCount": 0,
      "importedListsCount": 0,
      "logo": "https://matcha-image-proxy.api.0x.org/images/130/0x7b0c52ac43dcc7cec47b2ba1d0b941cf6c8ad99f"
    },
    {
      "address": "0x3e6974f5e6390cc94e2cea260fef38ea0c82c8fa",
      "chainId": 8453,
      "decimals": 18,
      "name": "API3 API3",
      "symbol": "API3 API3",
      "type": "ERC20",
      "blockListsCount": 0,
      "exchangeListsCount": 0,
      "flagListsCount": 0,
      "importedListsCount": 0,
      "buyTax": 0,
      "sellTax": 0,
      "isInDex": true,
      "isHoneypot": false,
      "logo": "https://matcha-image-proxy.api.0x.org/images/8453/0x3e6974f5e6390cc94e2cea260fef38ea0c82c8fa"
    }
  ],
  "searchTime": "2025-12-30T01:57:22.612Z",
  "error": null
}