{
  "originalSymbol": "2Z",
  "originalFullName": "DoubleZero",
  "searchedQuery": "2Z DoubleZero",
  "retried": false,
  "isL1": false,
  "success": true,
  "tokenCount": 15,
  "resultCount": 876,
  "tokens": [
    {
      "address": "J6pQQ3FAcJQeWPPGppWRb4nM8jU3wLyYbRrLh7feMfvd",
      "chainId": 1399811149,
      "decimals": 8,
      "name": "DoubleZero",
      "symbol": "2Z",
      "type": "SPL-Token",
      "blockListsCount": 0,
      "exchangeListsCount": 0,
      "flagListsCount": 0,
      "importedListsCount": 0,
      "isHoneypot": false,
      "transactionsDaily": 543,
      "transactionsWeekly": 543,
      "transactionsMonthly": 543,
      "volumeUsdDaily": 49840.50260753395,
      "volumeUsdWeekly": 49840.50260753395,
      "volumeUsdMonthly": 49840.50260753395,
      "logo": "https://matcha-image-proxy.api.0x.org/images/1399811149/J6pQQ3FAcJQeWPPGppWRb4nM8jU3wLyYbRrLh7feMfvd"
    },
    {
      "address": "0x654a5222f001c8acfd093c171f27ec56e6a598a5",
      "chainId": 8453,
      "decimals": 18,
      "name": "2Z",
      "symbol": "2Z",
      "type": "ERC20",
      "blockListsCount": 0,
      "exchangeListsCount": 0,
      "flagListsCount": 0,
      "importedListsCount": 0,
      "buyTax": 0,
      "sellTax": null,
      "isInDex": true,
      "isHoneypot": false,
      "transactionsDaily": 31,
      "transactionsWeekly": 31,
      "transactionsMonthly": 1,
      "volumeUsdDaily": 11489.089493393954,
      "volumeUsdWeekly": 11489.089493393954,
      "volumeUsdMonthly": 11.1474580400818,
      "logo": "https://matcha-image-proxy.api.0x.org/images/8453/0x654a5222f001c8acfd093c171f27ec56e6a598a5"
    },
    {
      "address": "0x334e1cf485c72a0ad433fe3c90cbdba55178e059",
      "chainId": 1,
      "decimals": 18,
      "name": "DoubleZero",
      "symbol": "2Z",
      "type": "ERC20",
      "blockListsCount": 0,
      "exchangeListsCount": 0,
      "flagListsCount": 0,
      "importedListsCount": 0,
      "buyTax": 0,
      "sellTax": 0,
      "isInDex": false,
      "isHoneypot": false,
      "transactionsHourly": 2,
      "transactionsDaily": 3,
      "transactionsWeekly": 3,
      "transactionsMonthly": 3,
      "volumeUsdHourly": 7386.3862830295,
      "volumeUsdDaily": 7999.055292162693,
      "volumeUsdWeekly": 7999.055292162693,
      "volumeUsdMonthly": 7999.055292162693,
      "logo": "https://matcha-image-proxy.api.0x.org/images/1/0x334e1cf485c72a0ad433fe3c90cbdba55178e059"
    },
    {
      "address": "0xcb52aeb0456c5ba3bd61273fc64ff15162e87a15",
      "chainId": 8453,
      "decimals": 18,
      "name": "2Z",
      "symbol": "2Z",
      "type": "ERC20",
      "issuer": {
        "name": "zora",
        "metadata": {}
      },
      "blockListsCount": 0,
      "exchangeListsCount": 0,
      "flagListsCount": 0,
      "importedListsCount": 0,
      "logo": "https://matcha-image-proxy.api.0x.org/images/8453/0xcb52aeb0456c5ba3bd61273fc64ff15162e87a15"
    },
    {
      "address": "0x8767c5120dace156119ebd605e1770e7561232f4",
      "chainId": 8453,
      "decimals": 18,
      "name": "2z",
      "symbol": "2z",
      "type": "ERC20",
      "issuer": {
        "name": "zora",
        "metadata": {}
      },
      "blockListsCount": 0,
      "exchangeListsCount": 0,
      "flagListsCount": 0,
      "importedListsCount": 0,
      "logo": "https://matcha-image-proxy.api.0x.org/images/8453/0x8767c5120dace156119ebd605e1770e7561232f4"
    },
    {
      "address": "0x88bd8e20d6f49f05190a7850c3e48dfacdf8c0d8",
      "chainId": 8453,
      "decimals": 18,
      "name": "2Z",
      "symbol": "2Z",
      "type": "ERC20",
      "issuer": {
        "name": "zora",
        "metadata": {}
      },
      "blockListsCount": 0,
      "exchangeListsCount": 0,
      "flagListsCount": 0,
      "importedListsCount": 0,
      "logo": "https://matcha-image-proxy.api.0x.org/images/8453/0x88bd8e20d6f49f05190a7850c3e48dfacdf8c0d8"
    },
    {
      "address": "0xc90c1f1d873af5dd0d0cb97fce199be4f0cf761e",
      "chainId": 8453,
      "decimals": 18,
      "name": "2z",
      "symbol": "2z",
      "type": "ERC20",
      "issuer": {
        "name": "zora",
        "metadata": {}
      },
      "blockListsCount": 0,
      "exchangeListsCount": 0,
      "flagListsCount": 0,
      "importedListsCount": 0,
      "logo": "https://matcha-image-proxy.api.0x.org/images/8453/0xc90c1f1d873af5dd0d0cb97fce199be4f0cf761e"
    },
    {
      "address": "0xb8465f9dbe4ad6cd00b3aff33b50ae48622d907f",
      "chainId": 8453,
      "decimals": 18,
      "name": "DoubleZero (2Z)",
      "symbol": "DoubleZero (2Z)",
      "type": "ERC20",
      "issuer": {
        "name": "zora",
        "metadata": {}
      },
      "blockListsCount": 0,
      "exchangeListsCount": 0,
      "flagListsCount": 0,
      "importedListsCount": 0,
      "logo": "https://matcha-image-proxy.api.0x.org/images/8453/0xb8465f9dbe4ad6cd00b3aff33b50ae48622d907f"
    },
    {
      "address": "0x9b5484c45ce211eabf750ccf6b1be9df452f90cf",
      "chainId": 8453,
      "decimals": 18,
      "name": "2Z🔥",
      "symbol": "2Z🔥",
      "type": "ERC20",
      "issuer": {
        "name": "zora",
        "metadata": {}
      },
      "blockListsCount": 0,
      "exchangeListsCount": 0,
      "flagListsCount": 0,
      "importedListsCount": 0,
      "logo": "https://matcha-image-proxy.api.0x.org/images/8453/0x9b5484c45ce211eabf750ccf6b1be9df452f90cf"
    },
    {
      "address": "0xc0f7a4314a9505c6341b455223258f9bd414b0c4",
      "chainId": 8453,
      "decimals": 18,
      "name": "2027:2Z",
      "symbol": "YEAR",
      "type": "ERC20",
      "issuer": {
        "name": "zora",
        "metadata": {}
      },
      "blockListsCount": 0,
      "exchangeListsCount": 0,
      "flagListsCount": 0,
      "importedListsCount": 0,
      "buyTax": null,
      "sellTax": null,
      "isInDex": false,
      "isHoneypot": false,
      "logo": "https://matcha-image-proxy.api.0x.org/images/8453/0xc0f7a4314a9505c6341b455223258f9bd414b0c4"
    },
    {
      "address": "0xc398d237543944b477c3ffa5f9f20e43b607c4f6",
      "chainId": 8453,
      "decimals": 18,
      "name": "623-2Z / LHT23",
      "symbol": "Spin",
      "type": "ERC20",
      "issuer": {
        "name": "zora",
        "metadata": {}
      },
      "blockListsCount": 0,
      "exchangeListsCount": 0,
      "flagListsCount": 0,
      "importedListsCount": 0,
      "logo": "https://matcha-image-proxy.api.0x.org/images/8453/0xc398d237543944b477c3ffa5f9f20e43b607c4f6"
    },
    {
      "address": "0x989bd054e2a25adc2f8b4352e4bef14379803862",
      "chainId": 8453,
      "decimals": 18,
      "name": "2Z",
      "symbol": "2Z",
      "type": "ERC20",
      "issuer": {
        "name": "zora",
        "metadata": {}
      },
      "blockListsCount": 0,
      "exchangeListsCount": 0,
      "flagListsCount": 0,
      "importedListsCount": 0,
      "buyTax": 0,
      "sellTax": 0,
      "isInDex": true,
      "isHoneypot": false,
      "transactionsHourly": 1,
      "transactionsDaily": 1,
      "transactionsWeekly": 1,
      "transactionsMonthly": 1,
      "volumeUsdHourly": 18.2190537605438,
      "volumeUsdDaily": 18.2190537605438,
      "volumeUsdWeekly": 18.2194774754069,
      "volumeUsdMonthly": 18.2194774754069,
      "logo": "https://matcha-image-proxy.api.0x.org/images/8453/0x989bd054e2a25adc2f8b4352e4bef14379803862"
    },
    {
      "address": "L7DLAXuSgopFMQPGefuNNz9xXUMA1tgc7HM8YMppump",
      "chainId": 1399811149,
      "decimals": 6,
      "name": "Short To Double Zero",
      "symbol": "2Z",
      "type": "SPL-Token",
      "blockListsCount": 1,
      "exchangeListsCount": 0,
      "flagListsCount": 1,
      "importedListsCount": 0,
      "manualUnblock": false,
      "logo": "https://matcha-image-proxy.api.0x.org/images/1399811149/L7DLAXuSgopFMQPGefuNNz9xXUMA1tgc7HM8YMppump"
    },
    {
      "address": "0x64abe75b474bb46a9adfe9af7dfdcdd7b4e6c5f3",
      "chainId": 8453,
      "decimals": 18,
      "name": "DBinance Alpha Update• DoubleZero (2Z) Oct 2• Openverse Networ",
      "symbol": "DBinance Alpha Update• DoubleZero (2Z) Oct 2• Openverse Networ",
      "type": "ERC20",
      "issuer": {
        "name": "zora",
        "metadata": {}
      },
      "blockListsCount": 0,
      "exchangeListsCount": 0,
      "flagListsCount": 0,
      "importedListsCount": 0,
      "logo": "https://matcha-image-proxy.api.0x.org/images/8453/0x64abe75b474bb46a9adfe9af7dfdcdd7b4e6c5f3"
    },
    {
      "address": "0x30e9c6758c5c46fae721b126fa1acdd498ad4277",
      "chainId": 8453,
      "decimals": 18,
      "name": "@Landmark sec letter rewrites crypto future with doublezero 2z br",
      "symbol": "@Landmark sec letter rewrites crypto future with doublezero 2z br",
      "type": "ERC20",
      "issuer": {
        "name": "zora",
        "metadata": {}
      },
      "blockListsCount": 0,
      "exchangeListsCount": 0,
      "flagListsCount": 0,
      "importedListsCount": 0,
      "logo": "https://matcha-image-proxy.api.0x.org/images/8453/0x30e9c6758c5c46fae721b126fa1acdd498ad4277"
    }
  ],
  "searchTime": "2025-12-30T01:56:48.224Z",
  "error": null
}