{
  "originalSymbol": "BERA",
  "originalFullName": "Berachain",
  "searchedQuery": "BERA Berachain",
  "retried": false,
  "isL1": false,
  "success": true,
  "tokenCount": 15,
  "resultCount": 4204,
  "tokens": [
    {
      "address": "0x5d7d7897f84cc56401bfd2149ba1e1199605f012",
      "chainId": 8453,
      "decimals": 18,
      "name": "BERA (Berachain) NFT",
      "symbol": "BERA (Berachain) NFT",
      "type": "ERC20",
      "issuer": {
        "name": "zora",
        "metadata": {}
      },
      "blockListsCount": 0,
      "exchangeListsCount": 0,
      "flagListsCount": 0,
      "importedListsCount": 0,
      "logo": "https://matcha-image-proxy.api.0x.org/images/8453/0x5d7d7897f84cc56401bfd2149ba1e1199605f012"
    },
    {
      "address": "0x434fa063cf768802e74de06f258089cf366b1a7d",
      "chainId": 8453,
      "decimals": 18,
      "name": "BERA Berachain",
      "symbol": "BERA Berachain",
      "type": "ERC20",
      "blockListsCount": 0,
      "exchangeListsCount": 0,
      "flagListsCount": 0,
      "importedListsCount": 0,
      "buyTax": 0,
      "sellTax": 0,
      "isInDex": true,
      "isHoneypot": false,
      "logo": "https://matcha-image-proxy.api.0x.org/images/8453/0x434fa063cf768802e74de06f258089cf366b1a7d"
    },
    {
      "address": "0x1b4a9cd54608eba128feaf35b6e1dd84b1bceb19",
      "chainId": 130,
      "decimals": 18,
      "name": "BERA Berachain",
      "symbol": "BERA Berachain",
      "type": "ERC20",
      "blockListsCount": 0,
      "exchangeListsCount": 0,
      "flagListsCount": 0,
      "importedListsCount": 0,
      "logo": "https://matcha-image-proxy.api.0x.org/images/130/0x1b4a9cd54608eba128feaf35b6e1dd84b1bceb19"
    },
    {
      "address": "0x6046fe39442f3835f4090b477b56d9d6fc7617e1",
      "chainId": 8453,
      "decimals": 9,
      "name": "BERA Berachain",
      "symbol": "BERA Berachain",
      "type": "ERC20",
      "blockListsCount": 0,
      "exchangeListsCount": 0,
      "flagListsCount": 0,
      "importedListsCount": 0,
      "buyTax": 0,
      "sellTax": 0,
      "isInDex": true,
      "isHoneypot": false,
      "logo": "https://matcha-image-proxy.api.0x.org/images/8453/0x6046fe39442f3835f4090b477b56d9d6fc7617e1"
    },
    {
      "address": "0x6e221562f20c3ef201bef463e924409f5a6e579b",
      "chainId": 1,
      "decimals": 18,
      "name": "BERA Berachain",
      "symbol": "BERA Berachain",
      "type": "ERC20",
      "blockListsCount": 0,
      "exchangeListsCount": 0,
      "flagListsCount": 0,
      "importedListsCount": 0,
      "logo": "https://matcha-image-proxy.api.0x.org/images/1/0x6e221562f20c3ef201bef463e924409f5a6e579b"
    },
    {
      "address": "0xa10be7b641945a008682f6740a32a8bf8f47485e",
      "chainId": 8453,
      "decimals": 9,
      "name": "BERA Berachain",
      "symbol": "BERA Berachain",
      "type": "ERC20",
      "blockListsCount": 0,
      "exchangeListsCount": 0,
      "flagListsCount": 0,
      "importedListsCount": 0,
      "buyTax": 0,
      "sellTax": 0,
      "isInDex": true,
      "isHoneypot": false,
      "logo": "https://matcha-image-proxy.api.0x.org/images/8453/0xa10be7b641945a008682f6740a32a8bf8f47485e"
    },
    {
      "address": "0xb8b2ccf57ec065c0dbe86c319666af57c6a2262e",
      "chainId": 8453,
      "decimals": 18,
      "name": "BERA Berachain",
      "symbol": "BERA Berachain",
      "type": "ERC20",
      "blockListsCount": 0,
      "exchangeListsCount": 0,
      "flagListsCount": 0,
      "importedListsCount": 0,
      "buyTax": 0,
      "sellTax": 0,
      "isInDex": true,
      "isHoneypot": false,
      "logo": "https://matcha-image-proxy.api.0x.org/images/8453/0xb8b2ccf57ec065c0dbe86c319666af57c6a2262e"
    },
    {
      "address": "0x3d5b5a5be9b62424743da603a44beac3582f34ec",
      "chainId": 8453,
      "decimals": 18,
      "name": "BERA Berachain",
      "symbol": "BERA Berachain",
      "type": "ERC20",
      "blockListsCount": 0,
      "exchangeListsCount": 0,
      "flagListsCount": 0,
      "importedListsCount": 0,
      "buyTax": 0,
      "sellTax": 0,
      "isInDex": true,
      "isHoneypot": false,
      "logo": "https://matcha-image-proxy.api.0x.org/images/8453/0x3d5b5a5be9b62424743da603a44beac3582f34ec"
    },
    {
      "address": "0xd3e11ddc6659813b42777ef0562633a4e7a4bb38",
      "chainId": 130,
      "decimals": 18,
      "name": "BERA Berachain",
      "symbol": "BERA Berachain",
      "type": "ERC20",
      "blockListsCount": 0,
      "exchangeListsCount": 0,
      "flagListsCount": 0,
      "importedListsCount": 0,
      "logo": "https://matcha-image-proxy.api.0x.org/images/130/0xd3e11ddc6659813b42777ef0562633a4e7a4bb38"
    },
    {
      "address": "0x7ebc5331c43c964abbf2db0b73b4da38c5f7a985",
      "chainId": 8453,
      "decimals": 18,
      "name": "BERA Berachain",
      "symbol": "BERA Berachain",
      "type": "ERC20",
      "blockListsCount": 0,
      "exchangeListsCount": 0,
      "flagListsCount": 0,
      "importedListsCount": 0,
      "buyTax": 0,
      "sellTax": 0,
      "isInDex": true,
      "isHoneypot": false,
      "logo": "https://matcha-image-proxy.api.0x.org/images/8453/0x7ebc5331c43c964abbf2db0b73b4da38c5f7a985"
    },
    {
      "address": "0x61fcb7cce2c9e714f32627e8790cb02eaaedd2cd",
      "chainId": 56,
      "decimals": 18,
      "name": "BERA Berachain",
      "symbol": "BERA Berachain",
      "type": "ERC20",
      "blockListsCount": 0,
      "exchangeListsCount": 0,
      "flagListsCount": 0,
      "importedListsCount": 0,
      "logo": "https://matcha-image-proxy.api.0x.org/images/56/0x61fcb7cce2c9e714f32627e8790cb02eaaedd2cd"
    },
    {
      "address": "0xae45c2ca0614ad185fedd387e686e551d8c08b4a",
      "chainId": 1,
      "decimals": 9,
      "name": "BERA Berachain",
      "symbol": "BERA Berachain",
      "type": "ERC20",
      "blockListsCount": 0,
      "exchangeListsCount": 0,
      "flagListsCount": 0,
      "importedListsCount": 0,
      "buyTax": 0,
      "sellTax": 0,
      "isInDex": false,
      "isHoneypot": false,
      "logo": "https://matcha-image-proxy.api.0x.org/images/1/0xae45c2ca0614ad185fedd387e686e551d8c08b4a"
    },
    {
      "address": "0x3050c44f426b16836cbd1fce25d8474ed476a690",
      "chainId": 130,
      "decimals": 9,
      "name": "BERA Berachain",
      "symbol": "BERA Berachain",
      "type": "ERC20",
      "blockListsCount": 0,
      "exchangeListsCount": 0,
      "flagListsCount": 0,
      "importedListsCount": 0,
      "logo": "https://matcha-image-proxy.api.0x.org/images/130/0x3050c44f426b16836cbd1fce25d8474ed476a690"
    },
    {
      "address": "0x0ddb352a3bb554f1b6037f20e650efb993421711",
      "chainId": 8453,
      "decimals": 18,
      "name": "BERA Berachain",
      "symbol": "BERA Berachain",
      "type": "ERC20",
      "blockListsCount": 0,
      "exchangeListsCount": 0,
      "flagListsCount": 0,
      "importedListsCount": 0,
      "buyTax": 0,
      "sellTax": 0,
      "isInDex": true,
      "isHoneypot": false,
      "logo": "https://matcha-image-proxy.api.0x.org/images/8453/0x0ddb352a3bb554f1b6037f20e650efb993421711"
    },
    {
      "address": "0xed7f449eea3df88eb6d9f68188e44c1a22cdb59b",
      "chainId": 8453,
      "decimals": 9,
      "name": "BERA Berachain",
      "symbol": "BERA Berachain",
      "type": "ERC20",
      "blockListsCount": 0,
      "exchangeListsCount": 0,
      "flagListsCount": 0,
      "importedListsCount": 0,
      "buyTax": 0,
      "sellTax": 0,
      "isInDex": true,
      "isHoneypot": false,
      "logo": "https://matcha-image-proxy.api.0x.org/images/8453/0xed7f449eea3df88eb6d9f68188e44c1a22cdb59b"
    }
  ],
  "searchTime": "2025-12-30T01:58:28.481Z",
  "error": null
}