{
  "originalSymbol": "NEWT",
  "originalFullName": "Newton Protocol",
  "searchedQuery": "NEWT Newton Protocol",
  "retried": false,
  "isL1": false,
  "success": true,
  "tokenCount": 15,
  "resultCount": 10000,
  "tokens": [
    {
      "address": "0xeeeeeeeeeeeeeeeeeeeeeeeeeeeeeeeeeeeeeeee",
      "chainId": 8453,
      "decimals": 18,
      "name": "Ethereum",
      "symbol": "ETH",
      "type": "Native",
      "hasLogo": true,
      "blockListsCount": 0,
      "exchangeListsCount": 0,
      "flagListsCount": 0,
      "importedListsCount": 0,
      "transactionsHourly": 1256,
      "transactionsDaily": 42389,
      "transactionsWeekly": 581773,
      "transactionsMonthly": 2986961,
      "volumeUsdHourly": 136017.31704962367,
      "volumeUsdDaily": 6716085.416918305,
      "volumeUsdWeekly": 50948491.98742326,
      "volumeUsdMonthly": 284416385.80555266,
      "logo": "https://matcha-image-proxy.api.0x.org/images/8453/0xeeeeeeeeeeeeeeeeeeeeeeeeeeeeeeeeeeeeeeee"
    },
    {
      "address": "0x2791bca1f2de4661ed88a30c99a7a9449aa84174",
      "chainId": 137,
      "decimals": 6,
      "name": "USD Coin (PoS)",
      "symbol": "USDC",
      "type": "ERC20",
      "hasLogo": true,
      "blockListsCount": 0,
      "exchangeListsCount": 0,
      "flagListsCount": 0,
      "importedListsCount": 2,
      "buyTax": 0,
      "sellTax": 0,
      "isInDex": true,
      "isHoneypot": false,
      "manualUnblock": false,
      "transactionsHourly": 269,
      "transactionsDaily": 6564,
      "transactionsWeekly": 34954,
      "transactionsMonthly": 181899,
      "volumeUsdHourly": 1290318.7966205028,
      "volumeUsdDaily": 18795541.2835983,
      "volumeUsdWeekly": 91179636.03456952,
      "volumeUsdMonthly": 397585129.6000752,
      "logo": "https://matcha-image-proxy.api.0x.org/images/137/0x2791bca1f2de4661ed88a30c99a7a9449aa84174"
    },
    {
      "address": "0xeeeeeeeeeeeeeeeeeeeeeeeeeeeeeeeeeeeeeeee",
      "chainId": 1,
      "decimals": 18,
      "name": "Ethereum",
      "symbol": "ETH",
      "type": "Native",
      "hasLogo": true,
      "blockListsCount": 0,
      "exchangeListsCount": 0,
      "flagListsCount": 0,
      "importedListsCount": 0,
      "transactionsHourly": 277,
      "transactionsDaily": 8103,
      "transactionsWeekly": 58854,
      "transactionsMonthly": 256541,
      "volumeUsdHourly": 232787.01188987217,
      "volumeUsdDaily": 14804088.852707256,
      "volumeUsdWeekly": 45867164.218499094,
      "volumeUsdMonthly": 297091769.97342896,
      "logo": "https://matcha-image-proxy.api.0x.org/images/1/0xeeeeeeeeeeeeeeeeeeeeeeeeeeeeeeeeeeeeeeee"
    },
    {
      "address": "0xeeeeeeeeeeeeeeeeeeeeeeeeeeeeeeeeeeeeeeee",
      "chainId": 42161,
      "decimals": 18,
      "name": "Ethereum",
      "symbol": "ETH",
      "type": "Native",
      "hasLogo": true,
      "blockListsCount": 0,
      "exchangeListsCount": 0,
      "flagListsCount": 0,
      "importedListsCount": 0,
      "transactionsHourly": 61,
      "transactionsDaily": 1506,
      "transactionsWeekly": 15440,
      "transactionsMonthly": 87479,
      "volumeUsdHourly": 3397.476619716007,
      "volumeUsdDaily": 1081371.0260958087,
      "volumeUsdWeekly": 6539668.765227103,
      "volumeUsdMonthly": 37957829.30597014,
      "logo": "https://matcha-image-proxy.api.0x.org/images/42161/0xeeeeeeeeeeeeeeeeeeeeeeeeeeeeeeeeeeeeeeee"
    },
    {
      "address": "0xeeeeeeeeeeeeeeeeeeeeeeeeeeeeeeeeeeeeeeee",
      "chainId": 10,
      "decimals": 18,
      "name": "Ethereum",
      "symbol": "ETH",
      "type": "Native",
      "hasLogo": true,
      "blockListsCount": 0,
      "exchangeListsCount": 0,
      "flagListsCount": 0,
      "importedListsCount": 0,
      "transactionsHourly": 139,
      "transactionsDaily": 6018,
      "transactionsWeekly": 40685,
      "transactionsMonthly": 237467,
      "volumeUsdHourly": 1782.360822193715,
      "volumeUsdDaily": 119636.06606760908,
      "volumeUsdWeekly": 860160.409935014,
      "volumeUsdMonthly": 6752902.555188892,
      "logo": "https://matcha-image-proxy.api.0x.org/images/10/0xeeeeeeeeeeeeeeeeeeeeeeeeeeeeeeeeeeeeeeee"
    },
    {
      "address": "0x82af49447d8a07e3bd95bd0d56f35241523fbab1",
      "chainId": 42161,
      "decimals": 18,
      "name": "Wrapped Ether",
      "symbol": "WETH",
      "type": "ERC20",
      "hasLogo": true,
      "blockListsCount": 0,
      "exchangeListsCount": 0,
      "flagListsCount": 0,
      "importedListsCount": 2,
      "buyTax": 0,
      "sellTax": 0,
      "isInDex": true,
      "isHoneypot": false,
      "manualUnblock": false,
      "transactionsHourly": 15,
      "transactionsDaily": 395,
      "transactionsWeekly": 3071,
      "transactionsMonthly": 16640,
      "volumeUsdHourly": 126771.55724430384,
      "volumeUsdDaily": 790541.6392451355,
      "volumeUsdWeekly": 4658892.903024222,
      "volumeUsdMonthly": 27280015.230347283,
      "logo": "https://matcha-image-proxy.api.0x.org/images/42161/0x82af49447d8a07e3bd95bd0d56f35241523fbab1"
    },
    {
      "address": "0x0b2c639c533813f4aa9d7837caf62653d097ff85",
      "chainId": 10,
      "decimals": 6,
      "name": "USD Coin",
      "symbol": "USDC",
      "type": "ERC20",
      "hasLogo": true,
      "issuer": {
        "name": "circle",
        "metadata": {}
      },
      "blockListsCount": 0,
      "exchangeListsCount": 0,
      "flagListsCount": 0,
      "importedListsCount": 3,
      "buyTax": null,
      "sellTax": null,
      "isInDex": true,
      "isHoneypot": false,
      "manualUnblock": false,
      "transactionsHourly": 167,
      "transactionsDaily": 10953,
      "transactionsWeekly": 62264,
      "transactionsMonthly": 252065,
      "volumeUsdHourly": 163833.88513799015,
      "volumeUsdDaily": 738859.3061515029,
      "volumeUsdWeekly": 3801623.920180768,
      "volumeUsdMonthly": 19811298.073927417,
      "logo": "https://matcha-image-proxy.api.0x.org/images/10/0x0b2c639c533813f4aa9d7837caf62653d097ff85",
      "isNativeUsdc": true
    },
    {
      "address": "0x1af3f329e8be154074d8769d1ffa4ee058b1dbc3",
      "chainId": 56,
      "decimals": 18,
      "name": "Dai Token",
      "symbol": "DAI",
      "type": "ERC20",
      "hasLogo": true,
      "issuer": {
        "name": "binance",
        "metadata": {}
      },
      "blockListsCount": 0,
      "exchangeListsCount": 0,
      "flagListsCount": 0,
      "importedListsCount": 2,
      "buyTax": 0,
      "sellTax": 0,
      "isInDex": true,
      "isHoneypot": false,
      "manualUnblock": false,
      "transactionsHourly": 1,
      "transactionsDaily": 37,
      "transactionsWeekly": 276,
      "transactionsMonthly": 1282,
      "volumeUsdHourly": 0.282870597065549,
      "volumeUsdDaily": 42034.30310383126,
      "volumeUsdWeekly": 70140.21396442348,
      "volumeUsdMonthly": 420775.9664970556,
      "logo": "https://matcha-image-proxy.api.0x.org/images/56/0x1af3f329e8be154074d8769d1ffa4ee058b1dbc3"
    },
    {
      "address": "0xcbb7c0000ab88b473b1f5afd9ef808440eed33bf",
      "chainId": 8453,
      "decimals": 8,
      "name": "Coinbase Wrapped BTC",
      "symbol": "cbBTC",
      "type": "ERC20",
      "hasLogo": true,
      "issuer": {
        "name": "coinbase",
        "metadata": {}
      },
      "blockListsCount": 0,
      "exchangeListsCount": 0,
      "flagListsCount": 0,
      "importedListsCount": 2,
      "buyTax": 0,
      "sellTax": 0,
      "isInDex": true,
      "isHoneypot": false,
      "manualUnblock": false,
      "transactionsHourly": 112,
      "transactionsDaily": 2949,
      "transactionsWeekly": 30765,
      "transactionsMonthly": 187921,
      "volumeUsdHourly": 7461.10805178151,
      "volumeUsdDaily": 824356.653393966,
      "volumeUsdWeekly": 7390120.833027703,
      "volumeUsdMonthly": 158142392.61206442,
      "logo": "https://matcha-image-proxy.api.0x.org/images/8453/0xcbb7c0000ab88b473b1f5afd9ef808440eed33bf"
    },
    {
      "address": "0xff970a61a04b1ca14834a43f5de4533ebddb5cc8",
      "chainId": 42161,
      "decimals": 6,
      "name": "USD Coin (Arb1)",
      "symbol": "USDC",
      "type": "ERC20",
      "hasLogo": true,
      "blockListsCount": 0,
      "exchangeListsCount": 0,
      "flagListsCount": 0,
      "importedListsCount": 2,
      "buyTax": 0,
      "sellTax": 0,
      "isInDex": true,
      "isHoneypot": false,
      "manualUnblock": false,
      "transactionsHourly": 2,
      "transactionsDaily": 208,
      "transactionsWeekly": 1602,
      "transactionsMonthly": 15468,
      "volumeUsdHourly": 2102.77261236448,
      "volumeUsdDaily": 57706.6486581127,
      "volumeUsdWeekly": 14012994.061242172,
      "volumeUsdMonthly": 82746617.59441073,
      "logo": "https://matcha-image-proxy.api.0x.org/images/42161/0xff970a61a04b1ca14834a43f5de4533ebddb5cc8"
    },
    {
      "address": "0x2f2a2543b76a4166549f7aab2e75bef0aefc5b0f",
      "chainId": 42161,
      "decimals": 8,
      "name": "Wrapped BTC",
      "symbol": "WBTC",
      "type": "ERC20",
      "hasLogo": true,
      "blockListsCount": 0,
      "exchangeListsCount": 0,
      "flagListsCount": 0,
      "importedListsCount": 2,
      "buyTax": 0,
      "sellTax": 0,
      "isInDex": true,
      "isHoneypot": false,
      "manualUnblock": false,
      "transactionsHourly": 8,
      "transactionsDaily": 178,
      "transactionsWeekly": 1025,
      "transactionsMonthly": 7157,
      "volumeUsdHourly": 4668.94043485208,
      "volumeUsdDaily": 1037364.292074276,
      "volumeUsdWeekly": 3748766.513084752,
      "volumeUsdMonthly": 22615258.880152155,
      "logo": "https://matcha-image-proxy.api.0x.org/images/42161/0x2f2a2543b76a4166549f7aab2e75bef0aefc5b0f"
    },
    {
      "address": "0x2260fac5e5542a773aa44fbcfedf7c193bc2c599",
      "chainId": 1,
      "decimals": 8,
      "name": "Wrapped BTC",
      "symbol": "WBTC",
      "type": "ERC20",
      "hasLogo": true,
      "blockListsCount": 0,
      "exchangeListsCount": 0,
      "flagListsCount": 0,
      "importedListsCount": 8,
      "buyTax": 0,
      "sellTax": 0,
      "isInDex": true,
      "isHoneypot": false,
      "manualUnblock": false,
      "transactionsHourly": 3,
      "transactionsDaily": 77,
      "transactionsWeekly": 572,
      "transactionsMonthly": 3228,
      "volumeUsdHourly": 104050.4563555211,
      "volumeUsdDaily": 1501331.785251822,
      "volumeUsdWeekly": 3625987.409246139,
      "volumeUsdMonthly": 53323961.30774907,
      "logo": "https://matcha-image-proxy.api.0x.org/images/1/0x2260fac5e5542a773aa44fbcfedf7c193bc2c599"
    },
    {
      "address": "0x1bfd67037b42cf73acf2047067bd4f2c47d9bfd6",
      "chainId": 137,
      "decimals": 8,
      "name": "(PoS) Wrapped BTC",
      "symbol": "WBTC",
      "type": "ERC20",
      "hasLogo": true,
      "blockListsCount": 0,
      "exchangeListsCount": 0,
      "flagListsCount": 0,
      "importedListsCount": 2,
      "buyTax": 0,
      "sellTax": 0,
      "isInDex": true,
      "isHoneypot": false,
      "manualUnblock": false,
      "transactionsHourly": 7,
      "transactionsDaily": 108,
      "transactionsWeekly": 641,
      "transactionsMonthly": 3559,
      "volumeUsdHourly": 764.4236514408296,
      "volumeUsdDaily": 131415.80316798532,
      "volumeUsdWeekly": 449068.2865556001,
      "volumeUsdMonthly": 4299672.638985025,
      "logo": "https://matcha-image-proxy.api.0x.org/images/137/0x1bfd67037b42cf73acf2047067bd4f2c47d9bfd6"
    },
    {
      "address": "0x1fa4a73a3f0133f0025378af00236f3abdee5d63",
      "chainId": 56,
      "decimals": 18,
      "name": "NEAR Protocol",
      "symbol": "NEAR",
      "type": "ERC20",
      "hasLogo": true,
      "issuer": {
        "name": "binance",
        "metadata": {}
      },
      "blockListsCount": 0,
      "exchangeListsCount": 0,
      "flagListsCount": 0,
      "importedListsCount": 1,
      "buyTax": 0,
      "sellTax": 0,
      "isInDex": true,
      "isHoneypot": false,
      "manualUnblock": false,
      "transactionsHourly": 2,
      "transactionsDaily": 10,
      "transactionsWeekly": 88,
      "transactionsMonthly": 591,
      "volumeUsdHourly": 3.636963511883617,
      "volumeUsdDaily": 1478.9818214955276,
      "volumeUsdWeekly": 10316.427928586336,
      "volumeUsdMonthly": 134762.54801325643,
      "logo": "https://matcha-image-proxy.api.0x.org/images/56/0x1fa4a73a3f0133f0025378af00236f3abdee5d63"
    },
    {
      "address": "0xeeeeeeeeeeeeeeeeeeeeeeeeeeeeeeeeeeeeeeee",
      "chainId": 130,
      "decimals": 18,
      "name": "Ethereum",
      "symbol": "ETH",
      "type": "Native",
      "hasLogo": true,
      "blockListsCount": 0,
      "exchangeListsCount": 0,
      "flagListsCount": 0,
      "importedListsCount": 0,
      "transactionsHourly": 6,
      "transactionsDaily": 362,
      "transactionsWeekly": 5861,
      "transactionsMonthly": 28767,
      "volumeUsdHourly": 12.042022105840877,
      "volumeUsdDaily": 1963.032799713335,
      "volumeUsdWeekly": 116331.3119231748,
      "volumeUsdMonthly": 2552083.524540287,
      "logo": "https://matcha-image-proxy.api.0x.org/images/130/0xeeeeeeeeeeeeeeeeeeeeeeeeeeeeeeeeeeeeeeee"
    }
  ],
  "searchTime": "2025-12-30T01:57:04.855Z",
  "error": null
}