{
  "originalSymbol": "XRP",
  "originalFullName": "XRP",
  "searchedQuery": "XRP XRP",
  "retried": true,
  "isL1": true,
  "success": true,
  "tokenCount": 15,
  "resultCount": 10000,
  "tokens": [
    {
      "address": "0x1d2f0da169ceb9fc7b3144628db156f3f6c60dbe",
      "chainId": 56,
      "decimals": 18,
      "name": "XRP Token",
      "symbol": "XRP",
      "type": "ERC20",
      "hasLogo": true,
      "issuer": {
        "name": "binance",
        "metadata": {}
      },
      "blockListsCount": 0,
      "exchangeListsCount": 0,
      "flagListsCount": 0,
      "importedListsCount": 1,
      "buyTax": 0,
      "sellTax": 0,
      "isInDex": true,
      "isHoneypot": false,
      "manualUnblock": false,
      "transactionsHourly": 1,
      "transactionsDaily": 91,
      "transactionsWeekly": 593,
      "transactionsMonthly": 2792,
      "volumeUsdHourly": 2.95785361897323,
      "volumeUsdDaily": 13167.758818349934,
      "volumeUsdWeekly": 76553.70873226521,
      "volumeUsdMonthly": 783189.0593038192,
      "logo": "https://matcha-image-proxy.api.0x.org/images/56/0x1d2f0da169ceb9fc7b3144628db156f3f6c60dbe"
    },
    {
      "address": "0xcb585250f852c6c6bf90434ab21a00f02833a4af",
      "chainId": 8453,
      "decimals": 6,
      "name": "Coinbase Wrapped XRP",
      "symbol": "cbXRP",
      "type": "ERC20",
      "hasLogo": true,
      "issuer": {
        "name": "coinbase",
        "metadata": {}
      },
      "blockListsCount": 0,
      "exchangeListsCount": 0,
      "flagListsCount": 0,
      "importedListsCount": 2,
      "buyTax": 0,
      "sellTax": 0,
      "isInDex": true,
      "isHoneypot": false,
      "manualUnblock": false,
      "transactionsHourly": 5,
      "transactionsDaily": 77,
      "transactionsWeekly": 553,
      "transactionsMonthly": 2973,
      "volumeUsdHourly": 178.20931838943008,
      "volumeUsdDaily": 17317.948425537477,
      "volumeUsdWeekly": 74757.52048114278,
      "volumeUsdMonthly": 833728.1359939788,
      "logo": "https://matcha-image-proxy.api.0x.org/images/8453/0xcb585250f852c6c6bf90434ab21a00f02833a4af"
    },
    {
      "address": "0x39fbbabf11738317a448031930706cd3e612e1b9",
      "chainId": 1,
      "decimals": 18,
      "name": "Wrapped XRP",
      "symbol": "WXRP",
      "type": "ERC20",
      "hasLogo": true,
      "blockListsCount": 0,
      "exchangeListsCount": 0,
      "flagListsCount": 0,
      "importedListsCount": 2,
      "buyTax": 0,
      "sellTax": 0,
      "isInDex": true,
      "isHoneypot": false,
      "manualUnblock": false,
      "transactionsHourly": 1,
      "transactionsDaily": 16,
      "transactionsWeekly": 88,
      "transactionsMonthly": 489,
      "volumeUsdHourly": 86.9481204475459,
      "volumeUsdDaily": 5031.516561662062,
      "volumeUsdWeekly": 25583.38701436906,
      "volumeUsdMonthly": 210305.866700799,
      "logo": "https://matcha-image-proxy.api.0x.org/images/1/0x39fbbabf11738317a448031930706cd3e612e1b9"
    },
    {
      "address": "0x2615a94df961278dcbc41fb0a54fec5f10a693ae",
      "chainId": 8453,
      "decimals": 18,
      "name": "XRP (Universal)",
      "symbol": "uXRP",
      "type": "ERC20",
      "hasLogo": true,
      "blockListsCount": 0,
      "exchangeListsCount": 0,
      "flagListsCount": 0,
      "importedListsCount": 1,
      "buyTax": 0,
      "sellTax": 0,
      "isInDex": true,
      "isHoneypot": false,
      "manualUnblock": false,
      "transactionsHourly": 3,
      "transactionsDaily": 32,
      "transactionsWeekly": 198,
      "transactionsMonthly": 1160,
      "volumeUsdHourly": 1291.9113623193568,
      "volumeUsdDaily": 3461.194732578705,
      "volumeUsdWeekly": 34166.55678993468,
      "volumeUsdMonthly": 435996.0060870182,
      "logo": "https://matcha-image-proxy.api.0x.org/images/8453/0x2615a94df961278dcbc41fb0a54fec5f10a693ae"
    },
    {
      "address": "0xdd15d8c663745f937948714813734e26564c2460",
      "chainId": 8453,
      "decimals": 18,
      "name": "X RIPPLE BASE",
      "symbol": "XRPB",
      "type": "ERC20",
      "blockListsCount": 0,
      "exchangeListsCount": 0,
      "flagListsCount": 0,
      "importedListsCount": 0,
      "buyTax": 0,
      "sellTax": 0,
      "isInDex": true,
      "isHoneypot": false,
      "transactionsHourly": 1,
      "transactionsDaily": 11,
      "transactionsWeekly": 149,
      "transactionsMonthly": 1574,
      "volumeUsdHourly": 1.65970016801613,
      "volumeUsdDaily": 644.533883988813,
      "volumeUsdWeekly": 10503.414725583953,
      "volumeUsdMonthly": 179400.8971791786,
      "logo": "https://matcha-image-proxy.api.0x.org/images/8453/0xdd15d8c663745f937948714813734e26564c2460"
    },
    {
      "address": "0xd56bb53784a2cc9e1af5203d85031947fafe155a",
      "chainId": 8453,
      "decimals": 18,
      "name": "XRPL",
      "symbol": "XRPL",
      "type": "ERC20",
      "issuer": {
        "name": "zora",
        "metadata": {}
      },
      "blockListsCount": 0,
      "exchangeListsCount": 0,
      "flagListsCount": 0,
      "importedListsCount": 0,
      "buyTax": 0,
      "sellTax": 0,
      "isInDex": true,
      "isHoneypot": false,
      "transactionsHourly": 2,
      "transactionsDaily": 2,
      "transactionsWeekly": 11,
      "transactionsMonthly": 38,
      "volumeUsdHourly": 47.35429815121173,
      "volumeUsdDaily": 47.35429815121173,
      "volumeUsdWeekly": 369.7933981941075,
      "volumeUsdMonthly": 1131.556791722241,
      "logo": "https://matcha-image-proxy.api.0x.org/images/8453/0xd56bb53784a2cc9e1af5203d85031947fafe155a"
    },
    {
      "address": "0xd01cb4171a985571deff48c9dc2f6e153a244d64",
      "chainId": 8453,
      "decimals": 18,
      "name": "Arbitrum (Universal)",
      "symbol": "uARB",
      "type": "ERC20",
      "hasLogo": true,
      "blockListsCount": 0,
      "exchangeListsCount": 0,
      "flagListsCount": 0,
      "importedListsCount": 1,
      "buyTax": 0,
      "sellTax": 0,
      "isInDex": true,
      "isHoneypot": false,
      "manualUnblock": false,
      "transactionsHourly": 2,
      "transactionsDaily": 2,
      "transactionsWeekly": 10,
      "transactionsMonthly": 18,
      "volumeUsdHourly": 110.8603479414145,
      "volumeUsdDaily": 110.8603479414145,
      "volumeUsdWeekly": 371.86163472968616,
      "volumeUsdMonthly": 456.93872629280474,
      "logo": "https://matcha-image-proxy.api.0x.org/images/8453/0xd01cb4171a985571deff48c9dc2f6e153a244d64"
    },
    {
      "address": "0xe4ab0be415e277d82c38625b72bd7dea232c2e7d",
      "chainId": 1,
      "decimals": 18,
      "name": "XRP20",
      "symbol": "XRP20",
      "type": "ERC20",
      "hasLogo": true,
      "blockListsCount": 0,
      "exchangeListsCount": 0,
      "flagListsCount": 0,
      "importedListsCount": 2,
      "buyTax": 0.001,
      "sellTax": 0.001,
      "isInDex": true,
      "isHoneypot": false,
      "manualUnblock": false,
      "transactionsHourly": 1,
      "transactionsDaily": 1,
      "transactionsWeekly": 7,
      "transactionsMonthly": 30,
      "volumeUsdHourly": 3.70026659426032,
      "volumeUsdDaily": 3.72031459452102,
      "volumeUsdWeekly": 92.87606645880558,
      "volumeUsdMonthly": 626.2330009438537,
      "logo": "https://matcha-image-proxy.api.0x.org/images/1/0xe4ab0be415e277d82c38625b72bd7dea232c2e7d"
    },
    {
      "address": "0x8e5f5a0826c2584d6ac88da9ee4fc0b24e1e2b07",
      "chainId": 8453,
      "decimals": 18,
      "name": "XRPETF",
      "symbol": "XRPETF",
      "type": "ERC20",
      "blockListsCount": 0,
      "exchangeListsCount": 0,
      "flagListsCount": 0,
      "importedListsCount": 0,
      "buyTax": 0,
      "sellTax": 0,
      "isInDex": true,
      "isHoneypot": false,
      "transactionsHourly": 1,
      "transactionsDaily": 3,
      "transactionsWeekly": 22,
      "transactionsMonthly": 90,
      "volumeUsdHourly": 48.8157964849998,
      "volumeUsdDaily": 82.64501964035827,
      "volumeUsdWeekly": 645.9783917066339,
      "volumeUsdMonthly": 1751.494177541919,
      "logo": "https://matcha-image-proxy.api.0x.org/images/8453/0x8e5f5a0826c2584d6ac88da9ee4fc0b24e1e2b07"
    },
    {
      "address": "0x817248be18d66d5923c8d6a8b05bca055c9f5398",
      "chainId": 8453,
      "decimals": 18,
      "name": "XRP Legion",
      "symbol": "XRPL",
      "type": "ERC20",
      "blockListsCount": 0,
      "exchangeListsCount": 0,
      "flagListsCount": 0,
      "importedListsCount": 0,
      "buyTax": 0,
      "sellTax": 0,
      "isInDex": true,
      "isHoneypot": false,
      "transactionsHourly": 1,
      "transactionsDaily": 1,
      "transactionsWeekly": 47,
      "transactionsMonthly": 260,
      "volumeUsdHourly": 18.6867593999937,
      "volumeUsdDaily": 18.6867593999937,
      "volumeUsdWeekly": 1698.6586050303565,
      "volumeUsdMonthly": 11765.827555658218,
      "logo": "https://matcha-image-proxy.api.0x.org/images/8453/0x817248be18d66d5923c8d6a8b05bca055c9f5398"
    },
    {
      "address": "0x50680bf49db656ca1ad3f86dd3d91c92b040859c",
      "chainId": 8453,
      "decimals": 18,
      "name": "WXRP",
      "symbol": "WXRP",
      "type": "ERC20",
      "blockListsCount": 0,
      "exchangeListsCount": 0,
      "flagListsCount": 0,
      "importedListsCount": 0,
      "buyTax": 0,
      "sellTax": 0,
      "isInDex": true,
      "isHoneypot": false,
      "transactionsHourly": 2,
      "transactionsDaily": 2,
      "transactionsWeekly": 2,
      "transactionsMonthly": 2,
      "volumeUsdHourly": 77.0176383286357,
      "volumeUsdDaily": 75.6737555949412,
      "volumeUsdWeekly": 75.6737555949412,
      "volumeUsdMonthly": 75.6737555949412,
      "logo": "https://matcha-image-proxy.api.0x.org/images/8453/0x50680bf49db656ca1ad3f86dd3d91c92b040859c"
    },
    {
      "address": "0x05dc542b5846695eba51396727e415a7a7952163",
      "chainId": 56,
      "decimals": 6,
      "name": "XRP",
      "symbol": "XRP",
      "type": "ERC20",
      "blockListsCount": 0,
      "exchangeListsCount": 0,
      "flagListsCount": 0,
      "importedListsCount": 0,
      "buyTax": 0,
      "sellTax": 0,
      "isInDex": false,
      "isHoneypot": false,
      "transactionsDaily": 8,
      "transactionsWeekly": 8,
      "transactionsMonthly": 8,
      "volumeUsdDaily": 349.75005855864026,
      "volumeUsdWeekly": 349.75005855864026,
      "volumeUsdMonthly": 349.75005855864026,
      "logo": "https://matcha-image-proxy.api.0x.org/images/56/0x05dc542b5846695eba51396727e415a7a7952163"
    },
    {
      "address": "0xb73ee5488647a6302ebf5fee8af3152f6960ae4c",
      "chainId": 10,
      "decimals": 6,
      "name": "Wrapped XRP",
      "symbol": "wXRP",
      "type": "ERC20",
      "hasLogo": true,
      "blockListsCount": 0,
      "exchangeListsCount": 0,
      "flagListsCount": 0,
      "importedListsCount": 1,
      "manualUnblock": false,
      "logo": "https://matcha-image-proxy.api.0x.org/images/10/0xb73ee5488647a6302ebf5fee8af3152f6960ae4c"
    },
    {
      "address": "0x6016d163251c2a6dc93f7497de2eadd22e76bde7",
      "chainId": 1,
      "decimals": 18,
      "name": "Wrapped XRP",
      "symbol": "WXRP",
      "type": "ERC20",
      "blockListsCount": 1,
      "exchangeListsCount": 0,
      "flagListsCount": 1,
      "importedListsCount": 0,
      "buyTax": 0,
      "sellTax": null,
      "isInDex": true,
      "isHoneypot": null,
      "manualUnblock": false,
      "logo": "https://matcha-image-proxy.api.0x.org/images/1/0x6016d163251c2a6dc93f7497de2eadd22e76bde7"
    },
    {
      "address": "0x6e934283dae5d5d1831cbe8d557c44c9b83f30ee",
      "chainId": 8453,
      "decimals": 18,
      "name": "Cosmos (Universal)",
      "symbol": "uATOM",
      "type": "ERC20",
      "hasLogo": true,
      "blockListsCount": 0,
      "exchangeListsCount": 0,
      "flagListsCount": 0,
      "importedListsCount": 1,
      "buyTax": 0,
      "sellTax": 0,
      "isInDex": true,
      "isHoneypot": false,
      "manualUnblock": false,
      "transactionsHourly": 1,
      "transactionsDaily": 1,
      "transactionsWeekly": 3,
      "transactionsMonthly": 8,
      "volumeUsdHourly": 24.2863936167641,
      "volumeUsdDaily": 24.2863936167641,
      "volumeUsdWeekly": 693.11889798484,
      "volumeUsdMonthly": 706.2203086896905,
      "logo": "https://matcha-image-proxy.api.0x.org/images/8453/0x6e934283dae5d5d1831cbe8d557c44c9b83f30ee"
    }
  ],
  "searchTime": "2025-12-30T01:58:05.671Z",
  "error": null
}