{
  "originalSymbol": "COMP",
  "originalFullName": "Compound",
  "searchedQuery": "COMP Compound",
  "retried": false,
  "isL1": false,
  "success": true,
  "tokenCount": 15,
  "resultCount": 6999,
  "tokens": [
    {
      "address": "0xc00e94cb662c3520282e6f5717214004a7f26888",
      "chainId": 1,
      "decimals": 18,
      "name": "Compound",
      "symbol": "COMP",
      "type": "ERC20",
      "hasLogo": true,
      "blockListsCount": 0,
      "exchangeListsCount": 1,
      "flagListsCount": 0,
      "importedListsCount": 7,
      "buyTax": 0,
      "sellTax": 0,
      "isInDex": true,
      "isHoneypot": false,
      "manualUnblock": false,
      "transactionsHourly": 1,
      "transactionsDaily": 12,
      "transactionsWeekly": 58,
      "transactionsMonthly": 273,
      "volumeUsdHourly": 18.0983223385013,
      "volumeUsdDaily": 2993.3975995965516,
      "volumeUsdWeekly": 35354.23369716001,
      "volumeUsdMonthly": 278438.2183151025,
      "logo": "https://matcha-image-proxy.api.0x.org/images/1/0xc00e94cb662c3520282e6f5717214004a7f26888"
    },
    {
      "address": "0x8505b9d2254a7ae468c0e9dd10ccea3a837aef5c",
      "chainId": 137,
      "decimals": 18,
      "name": "(PoS) Compound",
      "symbol": "COMP",
      "type": "ERC20",
      "hasLogo": true,
      "blockListsCount": 0,
      "exchangeListsCount": 0,
      "flagListsCount": 0,
      "importedListsCount": 2,
      "buyTax": 0,
      "sellTax": 0,
      "isInDex": true,
      "isHoneypot": false,
      "manualUnblock": false,
      "transactionsHourly": 1,
      "transactionsDaily": 5,
      "transactionsWeekly": 18,
      "transactionsMonthly": 149,
      "volumeUsdHourly": 639.521570035439,
      "volumeUsdDaily": 651.6201696688145,
      "volumeUsdWeekly": 731.0867023246686,
      "volumeUsdMonthly": 4128.300250249519,
      "logo": "https://matcha-image-proxy.api.0x.org/images/137/0x8505b9d2254a7ae468c0e9dd10ccea3a837aef5c"
    },
    {
      "address": "0x354a6da3fcde098f8389cad84b0182725c6c91de",
      "chainId": 42161,
      "decimals": 18,
      "name": "Compound",
      "symbol": "COMP",
      "type": "ERC20",
      "hasLogo": true,
      "blockListsCount": 0,
      "exchangeListsCount": 0,
      "flagListsCount": 0,
      "importedListsCount": 2,
      "buyTax": 0,
      "sellTax": 0,
      "isInDex": true,
      "isHoneypot": false,
      "manualUnblock": false,
      "transactionsHourly": 1,
      "transactionsDaily": 7,
      "transactionsWeekly": 41,
      "transactionsMonthly": 165,
      "volumeUsdHourly": 0.94196872154064,
      "volumeUsdDaily": 40.01046457648741,
      "volumeUsdWeekly": 4359.98560923547,
      "volumeUsdMonthly": 11671.18775575682,
      "logo": "https://matcha-image-proxy.api.0x.org/images/42161/0x354a6da3fcde098f8389cad84b0182725c6c91de"
    },
    {
      "address": "0x52ce071bd9b1c4b00a0b92d298c512478cad67e8",
      "chainId": 56,
      "decimals": 18,
      "name": "Compound Coin",
      "symbol": "COMP",
      "type": "ERC20",
      "hasLogo": true,
      "issuer": {
        "name": "binance",
        "metadata": {}
      },
      "blockListsCount": 0,
      "exchangeListsCount": 0,
      "flagListsCount": 0,
      "importedListsCount": 2,
      "buyTax": 0,
      "sellTax": 0,
      "isInDex": true,
      "isHoneypot": false,
      "manualUnblock": false,
      "transactionsHourly": 2,
      "transactionsDaily": 2,
      "transactionsWeekly": 8,
      "transactionsMonthly": 62,
      "volumeUsdHourly": 5.95602912971999,
      "volumeUsdDaily": 5.99834641646133,
      "volumeUsdWeekly": 284.5666344911646,
      "volumeUsdMonthly": 4311.290331412638,
      "logo": "https://matcha-image-proxy.api.0x.org/images/56/0x52ce071bd9b1c4b00a0b92d298c512478cad67e8"
    },
    {
      "address": "0x9e1028f5f1d5ede59748ffcee5532509976840e0",
      "chainId": 8453,
      "decimals": 18,
      "name": "Compound",
      "symbol": "COMP",
      "type": "ERC20",
      "hasLogo": true,
      "blockListsCount": 0,
      "exchangeListsCount": 0,
      "flagListsCount": 0,
      "importedListsCount": 3,
      "buyTax": null,
      "sellTax": null,
      "isInDex": true,
      "isHoneypot": false,
      "manualUnblock": false,
      "transactionsHourly": 1,
      "transactionsDaily": 12,
      "transactionsWeekly": 862,
      "transactionsMonthly": 4645,
      "volumeUsdHourly": 10.2514454664377,
      "volumeUsdDaily": 284.0860781904788,
      "volumeUsdWeekly": 14677.082971622962,
      "volumeUsdMonthly": 58287.36071840462,
      "logo": "https://matcha-image-proxy.api.0x.org/images/8453/0x9e1028f5f1d5ede59748ffcee5532509976840e0"
    },
    {
      "address": "0x5393578738fca1a0faaabf7b0c5fdac9f1cf0b8d",
      "chainId": 8453,
      "decimals": 18,
      "name": "COMP (Compound) NFT",
      "symbol": "COMP (Compound) NFT",
      "type": "ERC20",
      "issuer": {
        "name": "zora",
        "metadata": {}
      },
      "blockListsCount": 0,
      "exchangeListsCount": 0,
      "flagListsCount": 0,
      "importedListsCount": 0,
      "logo": "https://matcha-image-proxy.api.0x.org/images/8453/0x5393578738fca1a0faaabf7b0c5fdac9f1cf0b8d"
    },
    {
      "address": "0x0bc529c00c6401aef6d220be8c6ea1667f6ad93e",
      "chainId": 1,
      "decimals": 18,
      "name": "yearn.finance",
      "symbol": "YFI",
      "type": "ERC20",
      "hasLogo": true,
      "blockListsCount": 0,
      "exchangeListsCount": 1,
      "flagListsCount": 0,
      "importedListsCount": 7,
      "buyTax": 0,
      "sellTax": 0,
      "isInDex": true,
      "isHoneypot": false,
      "manualUnblock": false,
      "transactionsHourly": 1,
      "transactionsDaily": 5,
      "transactionsWeekly": 28,
      "transactionsMonthly": 96,
      "volumeUsdHourly": 501.578010097825,
      "volumeUsdDaily": 4933.874645638041,
      "volumeUsdWeekly": 9343.736974263176,
      "volumeUsdMonthly": 51133.34720466654,
      "logo": "https://matcha-image-proxy.api.0x.org/images/1/0x0bc529c00c6401aef6d220be8c6ea1667f6ad93e"
    },
    {
      "address": "0x58046b5414ead528d50fe0fdaa8e5013c1a3c8fe",
      "chainId": 8453,
      "decimals": 18,
      "name": "COMP Compound On Base",
      "symbol": "COMP Compound On Base",
      "type": "ERC20",
      "blockListsCount": 0,
      "exchangeListsCount": 0,
      "flagListsCount": 0,
      "importedListsCount": 0,
      "logo": "https://matcha-image-proxy.api.0x.org/images/8453/0x58046b5414ead528d50fe0fdaa8e5013c1a3c8fe"
    },
    {
      "address": "0x548f93779fbc992010c07467cbaf329dd5f059b7",
      "chainId": 8453,
      "decimals": 18,
      "name": "BMX",
      "symbol": "BMX",
      "type": "ERC20",
      "hasLogo": true,
      "blockListsCount": 0,
      "exchangeListsCount": 0,
      "flagListsCount": 0,
      "importedListsCount": 1,
      "buyTax": 0,
      "sellTax": 0,
      "isInDex": true,
      "isHoneypot": false,
      "manualUnblock": false,
      "transactionsHourly": 6,
      "transactionsDaily": 29,
      "transactionsWeekly": 90,
      "transactionsMonthly": 368,
      "volumeUsdHourly": 51.24405354101396,
      "volumeUsdDaily": 9124.170244523377,
      "volumeUsdWeekly": 11109.692562812432,
      "volumeUsdMonthly": 53088.89459356975,
      "logo": "https://matcha-image-proxy.api.0x.org/images/8453/0x548f93779fbc992010c07467cbaf329dd5f059b7"
    },
    {
      "address": "0x4e74d4db6c0726ccded4656d0bce448876bb4c7a",
      "chainId": 8453,
      "decimals": 18,
      "name": "Wrapped BMX Liquidity Token",
      "symbol": "wBLT",
      "type": "ERC20",
      "hasLogo": true,
      "blockListsCount": 0,
      "exchangeListsCount": 0,
      "flagListsCount": 0,
      "importedListsCount": 1,
      "buyTax": null,
      "sellTax": null,
      "isInDex": true,
      "isHoneypot": false,
      "manualUnblock": false,
      "transactionsHourly": 3,
      "transactionsDaily": 6,
      "transactionsWeekly": 945,
      "transactionsMonthly": 1713,
      "volumeUsdHourly": 3190.68192263976,
      "volumeUsdDaily": 3359.600897268643,
      "volumeUsdWeekly": 10606.436449588116,
      "volumeUsdMonthly": 38087.16368022688,
      "logo": "https://matcha-image-proxy.api.0x.org/images/8453/0x4e74d4db6c0726ccded4656d0bce448876bb4c7a"
    },
    {
      "address": "0x35a18000230da775cac24873d00ff85bccded550",
      "chainId": 1,
      "decimals": 8,
      "name": "Compound Uniswap",
      "symbol": "cUNI",
      "type": "ERC20",
      "hasLogo": true,
      "blockListsCount": 0,
      "exchangeListsCount": 0,
      "flagListsCount": 0,
      "importedListsCount": 3,
      "buyTax": 0,
      "sellTax": 0,
      "isInDex": true,
      "isHoneypot": false,
      "manualUnblock": false,
      "transactionsHourly": 5,
      "transactionsDaily": 5,
      "transactionsWeekly": 5,
      "transactionsMonthly": 5,
      "volumeUsdHourly": 1436.055405103405,
      "volumeUsdDaily": 1438.745085665025,
      "volumeUsdWeekly": 1457.854442363763,
      "volumeUsdMonthly": 1457.854442363763,
      "logo": "https://matcha-image-proxy.api.0x.org/images/1/0x35a18000230da775cac24873d00ff85bccded550"
    },
    {
      "address": "0xb1f1ee126e9c96231cc3d3fad7c08b4cf873b1f1",
      "chainId": 1,
      "decimals": 18,
      "name": "Beefy",
      "symbol": "BIFI",
      "type": "ERC20",
      "hasLogo": true,
      "blockListsCount": 0,
      "exchangeListsCount": 0,
      "flagListsCount": 0,
      "importedListsCount": 2,
      "buyTax": 0,
      "sellTax": 0,
      "isInDex": true,
      "isHoneypot": false,
      "manualUnblock": false,
      "transactionsHourly": 2,
      "transactionsDaily": 5,
      "transactionsWeekly": 192,
      "transactionsMonthly": 225,
      "volumeUsdHourly": 990.8389426694444,
      "volumeUsdDaily": 1000.8322351325712,
      "volumeUsdWeekly": 165061.68815598325,
      "volumeUsdMonthly": 172664.8674307592,
      "logo": "https://matcha-image-proxy.api.0x.org/images/1/0xb1f1ee126e9c96231cc3d3fad7c08b4cf873b1f1"
    },
    {
      "address": "0xaaa843fb2916c0b57454270418e121c626402aaa",
      "chainId": 8453,
      "decimals": 18,
      "name": "Arcadia",
      "symbol": "AAA",
      "type": "ERC20",
      "hasLogo": true,
      "blockListsCount": 0,
      "exchangeListsCount": 0,
      "flagListsCount": 0,
      "importedListsCount": 1,
      "buyTax": 0,
      "sellTax": 0,
      "isInDex": true,
      "isHoneypot": false,
      "manualUnblock": false,
      "transactionsHourly": 1,
      "transactionsDaily": 21,
      "transactionsWeekly": 36,
      "transactionsMonthly": 175,
      "volumeUsdHourly": 18.8357387401028,
      "volumeUsdDaily": 2046.6472991243545,
      "volumeUsdWeekly": 2656.4702780299517,
      "volumeUsdMonthly": 11631.879575607938,
      "logo": "https://matcha-image-proxy.api.0x.org/images/8453/0xaaa843fb2916c0b57454270418e121c626402aaa"
    },
    {
      "address": "0xc43c6bfeda065fe2c4c11765bf838789bd0bb5de",
      "chainId": 1,
      "decimals": 18,
      "name": "Redstone",
      "symbol": "RED",
      "type": "ERC20",
      "hasLogo": true,
      "blockListsCount": 0,
      "exchangeListsCount": 0,
      "flagListsCount": 0,
      "importedListsCount": 3,
      "buyTax": 0,
      "sellTax": 0,
      "isInDex": true,
      "isHoneypot": false,
      "manualUnblock": false,
      "transactionsHourly": 1,
      "transactionsDaily": 16,
      "transactionsWeekly": 32,
      "transactionsMonthly": 132,
      "volumeUsdHourly": 476.726816859568,
      "volumeUsdDaily": 1522.5307918952913,
      "volumeUsdWeekly": 5373.157942959159,
      "volumeUsdMonthly": 40081.70412267077,
      "logo": "https://matcha-image-proxy.api.0x.org/images/1/0xc43c6bfeda065fe2c4c11765bf838789bd0bb5de"
    },
    {
      "address": "0x4c19596f5aaff459fa38b0f7ed92f11ae6543784",
      "chainId": 1,
      "decimals": 8,
      "name": "TrueFi",
      "symbol": "TRU",
      "type": "ERC20",
      "hasLogo": true,
      "blockListsCount": 0,
      "exchangeListsCount": 1,
      "flagListsCount": 0,
      "importedListsCount": 4,
      "buyTax": 0,
      "sellTax": 0,
      "isInDex": true,
      "isHoneypot": false,
      "manualUnblock": false,
      "transactionsHourly": 1,
      "transactionsDaily": 2,
      "transactionsWeekly": 13,
      "transactionsMonthly": 34,
      "volumeUsdHourly": 0.595228477768829,
      "volumeUsdDaily": 9.920245360182658,
      "volumeUsdWeekly": 1542.7070348367483,
      "volumeUsdMonthly": 5245.547176299319,
      "logo": "https://matcha-image-proxy.api.0x.org/images/1/0x4c19596f5aaff459fa38b0f7ed92f11ae6543784"
    }
  ],
  "searchTime": "2025-12-30T01:58:19.610Z",
  "error": null
}