{
  "originalSymbol": "KERNEL",
  "originalFullName": "Kernel",
  "searchedQuery": "KERNEL Kernel",
  "retried": false,
  "isL1": false,
  "success": true,
  "tokenCount": 15,
  "resultCount": 1350,
  "tokens": [
    {
      "address": "0xfcf37cd131e5b8c0a95c1bc816b0d76786a6260a",
      "chainId": 8453,
      "decimals": 18,
      "name": "KERNEL KERNEL",
      "symbol": "KERNEL KERNEL",
      "type": "ERC20",
      "blockListsCount": 0,
      "exchangeListsCount": 0,
      "flagListsCount": 0,
      "importedListsCount": 0,
      "logo": "https://matcha-image-proxy.api.0x.org/images/8453/0xfcf37cd131e5b8c0a95c1bc816b0d76786a6260a"
    },
    {
      "address": "0x3f80b1c54ae920be41a77f8b902259d48cf24ccf",
      "chainId": 1,
      "decimals": 18,
      "name": "KERNEL",
      "symbol": "KERNEL",
      "type": "ERC20",
      "hasLogo": true,
      "blockListsCount": 0,
      "exchangeListsCount": 0,
      "flagListsCount": 0,
      "importedListsCount": 3,
      "buyTax": 0,
      "sellTax": 0,
      "isInDex": true,
      "isHoneypot": false,
      "manualUnblock": false,
      "transactionsHourly": 1,
      "transactionsDaily": 1,
      "transactionsWeekly": 17,
      "transactionsMonthly": 56,
      "volumeUsdHourly": 1.17579044152731,
      "volumeUsdDaily": 1.17579044152731,
      "volumeUsdWeekly": 677.530684457959,
      "volumeUsdMonthly": 4114.8319142083255,
      "logo": "https://matcha-image-proxy.api.0x.org/images/1/0x3f80b1c54ae920be41a77f8b902259d48cf24ccf"
    },
    {
      "address": "0x8f0fb159380176d324542b3a7933f0c2fd0c2bbf",
      "chainId": 56,
      "decimals": 7,
      "name": "TFT on BSC",
      "symbol": "TFT",
      "type": "ERC20",
      "hasLogo": true,
      "blockListsCount": 0,
      "exchangeListsCount": 0,
      "flagListsCount": 0,
      "importedListsCount": 1,
      "buyTax": 0,
      "sellTax": 0,
      "isInDex": true,
      "isHoneypot": false,
      "manualUnblock": false,
      "transactionsHourly": 1,
      "transactionsDaily": 1,
      "transactionsWeekly": 15,
      "transactionsMonthly": 73,
      "volumeUsdHourly": 272.541798033659,
      "volumeUsdDaily": 272.541798033659,
      "volumeUsdWeekly": 4988.596739172543,
      "volumeUsdMonthly": 16543.187268771453,
      "logo": "https://matcha-image-proxy.api.0x.org/images/56/0x8f0fb159380176d324542b3a7933f0c2fd0c2bbf"
    },
    {
      "address": "0xe5acbb03d73267c03349c76ead672ee4d941f499",
      "chainId": 1,
      "decimals": 8,
      "name": "Wrapped BEAM",
      "symbol": "WBEAM",
      "type": "ERC20",
      "hasLogo": true,
      "blockListsCount": 0,
      "exchangeListsCount": 0,
      "flagListsCount": 0,
      "importedListsCount": 2,
      "buyTax": 0,
      "sellTax": 0,
      "isInDex": true,
      "isHoneypot": false,
      "manualUnblock": false,
      "transactionsHourly": 1,
      "transactionsDaily": 1,
      "transactionsWeekly": 4,
      "transactionsMonthly": 17,
      "volumeUsdHourly": 185.503806433283,
      "volumeUsdDaily": 185.51361223796,
      "volumeUsdWeekly": 598.945147875262,
      "volumeUsdMonthly": 2954.3312189833896,
      "logo": "https://matcha-image-proxy.api.0x.org/images/1/0xe5acbb03d73267c03349c76ead672ee4d941f499"
    },
    {
      "address": "0x395e925834996e558bdec77cd648435d620afb5b",
      "chainId": 1,
      "decimals": 7,
      "name": "TFT on Ethereum",
      "symbol": "TFT",
      "type": "ERC20",
      "hasLogo": true,
      "blockListsCount": 0,
      "exchangeListsCount": 0,
      "flagListsCount": 0,
      "importedListsCount": 2,
      "buyTax": 0,
      "sellTax": 0,
      "isInDex": true,
      "isHoneypot": false,
      "manualUnblock": false,
      "transactionsHourly": 1,
      "transactionsDaily": 1,
      "transactionsWeekly": 4,
      "transactionsMonthly": 14,
      "volumeUsdHourly": 751.397882701376,
      "volumeUsdDaily": 751.397882701376,
      "volumeUsdWeekly": 2765.619986440834,
      "volumeUsdMonthly": 7416.549929480784,
      "logo": "https://matcha-image-proxy.api.0x.org/images/1/0x395e925834996e558bdec77cd648435d620afb5b"
    },
    {
      "address": "0xcba15977b0655e12bd24bf8d564ed238d35fe1e7",
      "chainId": 130,
      "decimals": 18,
      "name": "Ai21x Kernel",
      "symbol": "Ai21x Kernel",
      "type": "ERC20",
      "blockListsCount": 1,
      "exchangeListsCount": 0,
      "flagListsCount": 1,
      "importedListsCount": 0,
      "manualUnblock": false,
      "logo": "https://matcha-image-proxy.api.0x.org/images/130/0xcba15977b0655e12bd24bf8d564ed238d35fe1e7"
    },
    {
      "address": "0x7657b3373f21b4b64be90a3e72e68f1b6a9e7626",
      "chainId": 8453,
      "decimals": 18,
      "name": "1000X Kernel",
      "symbol": "1K000X",
      "type": "ERC20",
      "blockListsCount": 1,
      "exchangeListsCount": 0,
      "flagListsCount": 1,
      "importedListsCount": 0,
      "buyTax": 0,
      "sellTax": 0,
      "isInDex": true,
      "isHoneypot": false,
      "manualUnblock": false,
      "logo": "https://matcha-image-proxy.api.0x.org/images/8453/0x7657b3373f21b4b64be90a3e72e68f1b6a9e7626"
    },
    {
      "address": "39x1j9FkTJYoRnotg5YZsfhrssLbixMx718tCezxpump",
      "chainId": 1399811149,
      "decimals": 6,
      "name": "TESLA KERNEL",
      "symbol": "TSLKRNL",
      "type": "SPL-Token",
      "blockListsCount": 1,
      "exchangeListsCount": 0,
      "flagListsCount": 1,
      "importedListsCount": 0,
      "manualUnblock": false,
      "logo": "https://matcha-image-proxy.api.0x.org/images/1399811149/39x1j9FkTJYoRnotg5YZsfhrssLbixMx718tCezxpump"
    },
    {
      "address": "29yWmWVYVFj2ceYStExBiqh6QAi43uMdhd8HczUmpump",
      "chainId": 1399811149,
      "decimals": 6,
      "name": "microsoft / kernel",
      "symbol": "crickman",
      "type": "SPL-Token",
      "blockListsCount": 1,
      "exchangeListsCount": 0,
      "flagListsCount": 1,
      "importedListsCount": 0,
      "manualUnblock": false,
      "logo": "https://matcha-image-proxy.api.0x.org/images/1399811149/29yWmWVYVFj2ceYStExBiqh6QAi43uMdhd8HczUmpump"
    },
    {
      "address": "0x0bb9ab78aaf7179b7515e6753d89822b91e670c4",
      "chainId": 1,
      "decimals": 18,
      "name": "Kernel USD",
      "symbol": "kUSD",
      "type": "ERC20",
      "hasLogo": true,
      "blockListsCount": 0,
      "exchangeListsCount": 0,
      "flagListsCount": 0,
      "importedListsCount": 0,
      "buyTax": null,
      "sellTax": null,
      "isInDex": false,
      "isHoneypot": false,
      "logo": "https://matcha-image-proxy.api.0x.org/images/1/0x0bb9ab78aaf7179b7515e6753d89822b91e670c4"
    },
    {
      "address": "6momdjn8CaEcJv9jYXxTBxD3r4Ga9kJVXasEbFQpump",
      "chainId": 1399811149,
      "decimals": 6,
      "name": "Kernel Optimized Index",
      "symbol": "KOI",
      "type": "SPL-Token",
      "blockListsCount": 1,
      "exchangeListsCount": 0,
      "flagListsCount": 1,
      "importedListsCount": 0,
      "manualUnblock": false,
      "logo": "https://matcha-image-proxy.api.0x.org/images/1399811149/6momdjn8CaEcJv9jYXxTBxD3r4Ga9kJVXasEbFQpump"
    },
    {
      "address": "0x513d27c94c0d81eed9dc2a88b4531a69993187cf",
      "chainId": 1,
      "decimals": 18,
      "name": "Kernel Staked ETH",
      "symbol": "ksETH",
      "type": "ERC20",
      "hasLogo": true,
      "blockListsCount": 0,
      "exchangeListsCount": 0,
      "flagListsCount": 0,
      "importedListsCount": 0,
      "buyTax": null,
      "sellTax": null,
      "isInDex": false,
      "isHoneypot": false,
      "logo": "https://matcha-image-proxy.api.0x.org/images/1/0x513d27c94c0d81eed9dc2a88b4531a69993187cf"
    },
    {
      "address": "0x788e9e3d7cd0f8cef30d99a008281f3ea1b1ca95",
      "chainId": 130,
      "decimals": 18,
      "name": "'Yieldnest Restaked Btc  Kernel Pinu100x",
      "symbol": "'Yieldnest Restaked Btc  Kernel Pinu100x",
      "type": "ERC20",
      "blockListsCount": 1,
      "exchangeListsCount": 0,
      "flagListsCount": 1,
      "importedListsCount": 0,
      "manualUnblock": false,
      "logo": "https://matcha-image-proxy.api.0x.org/images/130/0x788e9e3d7cd0f8cef30d99a008281f3ea1b1ca95"
    },
    {
      "address": "0xf02c96dbbb92dc0325ad52b3f9f2b951f972bf00",
      "chainId": 1,
      "decimals": 18,
      "name": "Kernel Restaked ETH",
      "symbol": "krETH",
      "type": "ERC20",
      "hasLogo": true,
      "blockListsCount": 0,
      "exchangeListsCount": 0,
      "flagListsCount": 0,
      "importedListsCount": 0,
      "buyTax": null,
      "sellTax": null,
      "isInDex": false,
      "isHoneypot": false,
      "logo": "https://matcha-image-proxy.api.0x.org/images/1/0xf02c96dbbb92dc0325ad52b3f9f2b951f972bf00"
    },
    {
      "address": "0xf8a9c3c964131f6e2aeb00c3daa38af5cfbbb58a",
      "chainId": 8453,
      "decimals": 18,
      "name": "kernel",
      "symbol": "kernel",
      "type": "ERC20",
      "issuer": {
        "name": "zora",
        "metadata": {}
      },
      "blockListsCount": 0,
      "exchangeListsCount": 0,
      "flagListsCount": 0,
      "importedListsCount": 0,
      "logo": "https://matcha-image-proxy.api.0x.org/images/8453/0xf8a9c3c964131f6e2aeb00c3daa38af5cfbbb58a"
    }
  ],
  "searchTime": "2025-12-30T01:57:57.978Z",
  "error": null
}