{
  "originalSymbol": "OM",
  "originalFullName": "MANTRA",
  "searchedQuery": "OM MANTRA",
  "retried": false,
  "isL1": false,
  "success": true,
  "tokenCount": 15,
  "resultCount": 5502,
  "tokens": [
    {
      "address": "0xf78d2e7936f5fe18308a3b2951a93b6c4a41f5e2",
      "chainId": 56,
      "decimals": 18,
      "name": "MANTRA DAO",
      "symbol": "OM",
      "type": "ERC20",
      "hasLogo": true,
      "issuer": {
        "name": "binance",
        "metadata": {}
      },
      "blockListsCount": 0,
      "exchangeListsCount": 0,
      "flagListsCount": 0,
      "importedListsCount": 1,
      "buyTax": 0,
      "sellTax": 0,
      "isInDex": true,
      "isHoneypot": false,
      "manualUnblock": false,
      "transactionsHourly": 1,
      "transactionsDaily": 1,
      "transactionsWeekly": 17,
      "transactionsMonthly": 102,
      "volumeUsdHourly": 73.6779751570781,
      "volumeUsdDaily": 73.6779751570781,
      "volumeUsdWeekly": 900.6343305587113,
      "volumeUsdMonthly": 3847.329343134875,
      "logo": "https://matcha-image-proxy.api.0x.org/images/56/0xf78d2e7936f5fe18308a3b2951a93b6c4a41f5e2"
    },
    {
      "address": "0x3593d125a4f7849a1b059e64f4517a86dd60c95d",
      "chainId": 1,
      "decimals": 18,
      "name": "MANTRA DAO",
      "symbol": "OM",
      "type": "ERC20",
      "hasLogo": true,
      "blockListsCount": 0,
      "exchangeListsCount": 0,
      "flagListsCount": 0,
      "importedListsCount": 3,
      "buyTax": 0,
      "sellTax": 0,
      "isInDex": true,
      "isHoneypot": false,
      "manualUnblock": false,
      "transactionsHourly": 2,
      "transactionsDaily": 18,
      "transactionsWeekly": 63,
      "transactionsMonthly": 189,
      "volumeUsdHourly": 106.80172948618188,
      "volumeUsdDaily": 5240.9100181698295,
      "volumeUsdWeekly": 11598.198011009406,
      "volumeUsdMonthly": 29682.076620485303,
      "logo": "https://matcha-image-proxy.api.0x.org/images/1/0x3593d125a4f7849a1b059e64f4517a86dd60c95d"
    },
    {
      "address": "0xd730df27441e0de75eb02f255820a1c610b94d0b",
      "chainId": 8453,
      "decimals": 18,
      "name": "OM (MANTRA DAO) RWA NFT",
      "symbol": "OM (MANTRA DAO) RWA NFT",
      "type": "ERC20",
      "issuer": {
        "name": "zora",
        "metadata": {}
      },
      "blockListsCount": 0,
      "exchangeListsCount": 0,
      "flagListsCount": 0,
      "importedListsCount": 0,
      "logo": "https://matcha-image-proxy.api.0x.org/images/8453/0xd730df27441e0de75eb02f255820a1c610b94d0b"
    },
    {
      "address": "0x6921b130d297cc43754afba22e5eac0fbf8db75b",
      "chainId": 8453,
      "decimals": 18,
      "name": "doginme",
      "symbol": "doginme",
      "type": "ERC20",
      "hasLogo": true,
      "blockListsCount": 0,
      "exchangeListsCount": 1,
      "flagListsCount": 0,
      "importedListsCount": 2,
      "buyTax": 0,
      "sellTax": 0,
      "isInDex": true,
      "isHoneypot": false,
      "manualUnblock": false,
      "transactionsHourly": 11,
      "transactionsDaily": 160,
      "transactionsWeekly": 1219,
      "transactionsMonthly": 4989,
      "volumeUsdHourly": 318.57914153242797,
      "volumeUsdDaily": 9681.45772974179,
      "volumeUsdWeekly": 27661.40970223301,
      "volumeUsdMonthly": 180216.0449428073,
      "logo": "https://matcha-image-proxy.api.0x.org/images/8453/0x6921b130d297cc43754afba22e5eac0fbf8db75b"
    },
    {
      "address": "0x4500e48ce5f2f450967216527d9c5c51cdce1c82",
      "chainId": 56,
      "decimals": 18,
      "name": "OM MANTRA",
      "symbol": "OM MANTRA",
      "type": "ERC20",
      "blockListsCount": 0,
      "exchangeListsCount": 0,
      "flagListsCount": 0,
      "importedListsCount": 0,
      "buyTax": 0,
      "sellTax": 0,
      "isInDex": false,
      "isHoneypot": false,
      "logo": "https://matcha-image-proxy.api.0x.org/images/56/0x4500e48ce5f2f450967216527d9c5c51cdce1c82"
    },
    {
      "address": "0x7eceec3ed349b7b4a2fe9294dd849035d99ddb63",
      "chainId": 56,
      "decimals": 18,
      "name": "OM MANTRA 2026",
      "symbol": "OM MANTRA 2026",
      "type": "ERC20",
      "blockListsCount": 0,
      "exchangeListsCount": 0,
      "flagListsCount": 0,
      "importedListsCount": 0,
      "logo": "https://matcha-image-proxy.api.0x.org/images/56/0x7eceec3ed349b7b4a2fe9294dd849035d99ddb63"
    },
    {
      "address": "0x00f33db0510ff955c3962a34cde1cf17459991bd",
      "chainId": 8453,
      "decimals": 18,
      "name": "OM MANTRA On Base",
      "symbol": "OM MANTRA On Base",
      "type": "ERC20",
      "blockListsCount": 0,
      "exchangeListsCount": 0,
      "flagListsCount": 0,
      "importedListsCount": 0,
      "logo": "https://matcha-image-proxy.api.0x.org/images/8453/0x00f33db0510ff955c3962a34cde1cf17459991bd"
    },
    {
      "address": "0xad743d905c3358f366322b7a9e839391eacf37b6",
      "chainId": 56,
      "decimals": 18,
      "name": "OM MANTRA On Binance Alpha",
      "symbol": "OM MANTRA",
      "type": "ERC20",
      "blockListsCount": 0,
      "exchangeListsCount": 0,
      "flagListsCount": 0,
      "importedListsCount": 0,
      "logo": "https://matcha-image-proxy.api.0x.org/images/56/0xad743d905c3358f366322b7a9e839391eacf37b6"
    },
    {
      "address": "0x29a8970c27bfd03991d03df36dea1c4ceff98687",
      "chainId": 56,
      "decimals": 9,
      "name": "OM MANTRA AI Presale v2",
      "symbol": "OM MANTRA AI Presale v2",
      "type": "ERC20",
      "blockListsCount": 0,
      "exchangeListsCount": 0,
      "flagListsCount": 0,
      "importedListsCount": 0,
      "logo": "https://matcha-image-proxy.api.0x.org/images/56/0x29a8970c27bfd03991d03df36dea1c4ceff98687"
    },
    {
      "address": "0x7179c5fe1c536ade884ff5351e4f9535c4528af7",
      "chainId": 56,
      "decimals": 18,
      "name": "OM MANTRA AI Presale v2",
      "symbol": "OM MANTRA AI Presale v2",
      "type": "ERC20",
      "blockListsCount": 0,
      "exchangeListsCount": 0,
      "flagListsCount": 0,
      "importedListsCount": 0,
      "logo": "https://matcha-image-proxy.api.0x.org/images/56/0x7179c5fe1c536ade884ff5351e4f9535c4528af7"
    },
    {
      "address": "0x3992b27da26848c2b19cea6fd25ad5568b68ab98",
      "chainId": 8453,
      "decimals": 18,
      "name": "MANTRA",
      "symbol": "OM",
      "type": "ERC20",
      "hasLogo": true,
      "blockListsCount": 0,
      "exchangeListsCount": 0,
      "flagListsCount": 0,
      "importedListsCount": 2,
      "buyTax": 0,
      "sellTax": 0,
      "isInDex": true,
      "isHoneypot": false,
      "manualUnblock": false,
      "transactionsHourly": 1,
      "transactionsDaily": 4,
      "transactionsWeekly": 18,
      "transactionsMonthly": 94,
      "volumeUsdHourly": 65.2722802814321,
      "volumeUsdDaily": 77.7103365739818,
      "volumeUsdWeekly": 494.77788103919704,
      "volumeUsdMonthly": 1753.9681567676928,
      "logo": "https://matcha-image-proxy.api.0x.org/images/8453/0x3992b27da26848c2b19cea6fd25ad5568b68ab98"
    },
    {
      "address": "0xc3ec80343d2bae2f8e680fdadde7c17e71e114ea",
      "chainId": 137,
      "decimals": 18,
      "name": "MANTRA DAO (PoS)",
      "symbol": "OM",
      "type": "ERC20",
      "hasLogo": true,
      "blockListsCount": 0,
      "exchangeListsCount": 0,
      "flagListsCount": 0,
      "importedListsCount": 1,
      "buyTax": 0,
      "sellTax": 0,
      "isInDex": true,
      "isHoneypot": false,
      "manualUnblock": false,
      "transactionsHourly": 1,
      "transactionsDaily": 1,
      "transactionsWeekly": 24,
      "transactionsMonthly": 70,
      "volumeUsdHourly": 10.7691818202475,
      "volumeUsdDaily": 10.7691818202475,
      "volumeUsdWeekly": 562.9752673585766,
      "volumeUsdMonthly": 983.8420104735422,
      "logo": "https://matcha-image-proxy.api.0x.org/images/137/0xc3ec80343d2bae2f8e680fdadde7c17e71e114ea"
    },
    {
      "address": "0x710b1f32b336c59a4b333377a929c8793c553c13",
      "chainId": 8453,
      "decimals": 18,
      "name": "OpenMind",
      "symbol": "OM",
      "type": "ERC20",
      "blockListsCount": 0,
      "exchangeListsCount": 0,
      "flagListsCount": 0,
      "importedListsCount": 0,
      "isHoneypot": false,
      "transactionsHourly": 9,
      "transactionsDaily": 9,
      "transactionsWeekly": 9,
      "transactionsMonthly": 9,
      "volumeUsdHourly": 3086.8598819795448,
      "volumeUsdDaily": 3086.8598819795448,
      "volumeUsdWeekly": 3087.889804264542,
      "volumeUsdMonthly": 3087.889804264542,
      "logo": "https://matcha-image-proxy.api.0x.org/images/8453/0x710b1f32b336c59a4b333377a929c8793c553c13"
    },
    {
      "address": "0x2d4d092bb62fe27dc1ab71362760fb530b32a339",
      "chainId": 8453,
      "decimals": 18,
      "name": "OM MANTRA",
      "symbol": "OM",
      "type": "ERC20",
      "blockListsCount": 0,
      "exchangeListsCount": 0,
      "flagListsCount": 0,
      "importedListsCount": 0,
      "buyTax": 0,
      "sellTax": 0,
      "isInDex": true,
      "isHoneypot": false,
      "transactionsHourly": 1,
      "transactionsDaily": 1,
      "transactionsWeekly": 1,
      "transactionsMonthly": 1,
      "volumeUsdHourly": 81.9509221532702,
      "volumeUsdDaily": 81.9462526569102,
      "volumeUsdWeekly": 81.9462526569102,
      "volumeUsdMonthly": 81.9462526569102,
      "logo": "https://matcha-image-proxy.api.0x.org/images/8453/0x2d4d092bb62fe27dc1ab71362760fb530b32a339"
    },
    {
      "address": "BJQY4nA9FGtX9c6YTygi9izyBBY337MjBW2RWWoxpump",
      "chainId": 1399811149,
      "decimals": 6,
      "name": "OM Mantra",
      "symbol": "OM",
      "type": "SPL-Token",
      "blockListsCount": 0,
      "exchangeListsCount": 0,
      "flagListsCount": 0,
      "importedListsCount": 0,
      "logo": "https://matcha-image-proxy.api.0x.org/images/1399811149/BJQY4nA9FGtX9c6YTygi9izyBBY337MjBW2RWWoxpump"
    }
  ],
  "searchTime": "2025-12-30T01:57:54.260Z",
  "error": null
}