{
  "originalSymbol": "MBL",
  "originalFullName": "MovieBloc",
  "searchedQuery": "MBL MovieBloc",
  "retried": false,
  "isL1": false,
  "success": true,
  "tokenCount": 15,
  "resultCount": 735,
  "tokens": [
    {
      "address": "0x44fdcbed9267bef9c4b23833e48fd9b2e0349ee0",
      "chainId": 8453,
      "decimals": 18,
      "name": "MBL MovieBloc On Base",
      "symbol": "MBL MovieBloc On Base",
      "type": "ERC20",
      "blockListsCount": 0,
      "exchangeListsCount": 0,
      "flagListsCount": 0,
      "importedListsCount": 0,
      "logo": "https://matcha-image-proxy.api.0x.org/images/8453/0x44fdcbed9267bef9c4b23833e48fd9b2e0349ee0"
    },
    {
      "address": "0xa3f62f016a7261bc2decc29184218ca9f1692ab1",
      "chainId": 8453,
      "decimals": 18,
      "name": "MBL MovieBloc Perpetual",
      "symbol": "MBLMOV",
      "type": "ERC20",
      "blockListsCount": 0,
      "exchangeListsCount": 0,
      "flagListsCount": 0,
      "importedListsCount": 0,
      "logo": "https://matcha-image-proxy.api.0x.org/images/8453/0xa3f62f016a7261bc2decc29184218ca9f1692ab1"
    },
    {
      "address": "0xeee2b41b9d03e6217f61a884fa5c07ef8476484a",
      "chainId": 8453,
      "decimals": 18,
      "name": "mbl",
      "symbol": "mbl",
      "type": "ERC20",
      "issuer": {
        "name": "zora",
        "metadata": {}
      },
      "blockListsCount": 0,
      "exchangeListsCount": 0,
      "flagListsCount": 0,
      "importedListsCount": 0,
      "buyTax": null,
      "sellTax": null,
      "isInDex": false,
      "isHoneypot": false,
      "logo": "https://matcha-image-proxy.api.0x.org/images/8453/0xeee2b41b9d03e6217f61a884fa5c07ef8476484a"
    },
    {
      "address": "0x6bad00ee2121e2125ebb0429f0841a52015833dd",
      "chainId": 8453,
      "decimals": 18,
      "name": "Mbl",
      "symbol": "Mbl",
      "type": "ERC20",
      "issuer": {
        "name": "zora",
        "metadata": {}
      },
      "blockListsCount": 0,
      "exchangeListsCount": 0,
      "flagListsCount": 0,
      "importedListsCount": 0,
      "buyTax": null,
      "sellTax": null,
      "isInDex": false,
      "isHoneypot": false,
      "logo": "https://matcha-image-proxy.api.0x.org/images/8453/0x6bad00ee2121e2125ebb0429f0841a52015833dd"
    },
    {
      "address": "0x9b3a4651f98d3decef3058b5b12643cfe85a78f5",
      "chainId": 8453,
      "decimals": 18,
      "name": "Mbl",
      "symbol": "Mbl",
      "type": "ERC20",
      "issuer": {
        "name": "zora",
        "metadata": {}
      },
      "blockListsCount": 0,
      "exchangeListsCount": 0,
      "flagListsCount": 0,
      "importedListsCount": 0,
      "buyTax": null,
      "sellTax": null,
      "isInDex": false,
      "isHoneypot": false,
      "logo": "https://matcha-image-proxy.api.0x.org/images/8453/0x9b3a4651f98d3decef3058b5b12643cfe85a78f5"
    },
    {
      "address": "0x518ed2b7b44d015951992a6d99a50ff7c57a08a7",
      "chainId": 8453,
      "decimals": 18,
      "name": "mbl",
      "symbol": "mbl",
      "type": "ERC20",
      "issuer": {
        "name": "zora",
        "metadata": {}
      },
      "blockListsCount": 0,
      "exchangeListsCount": 0,
      "flagListsCount": 0,
      "importedListsCount": 0,
      "buyTax": null,
      "sellTax": null,
      "isInDex": false,
      "isHoneypot": false,
      "logo": "https://matcha-image-proxy.api.0x.org/images/8453/0x518ed2b7b44d015951992a6d99a50ff7c57a08a7"
    },
    {
      "address": "0x1681bcd2507d5baf914065ebead77f7414101cab",
      "chainId": 8453,
      "decimals": 18,
      "name": "Mbl",
      "symbol": "Mbl",
      "type": "ERC20",
      "issuer": {
        "name": "zora",
        "metadata": {}
      },
      "blockListsCount": 0,
      "exchangeListsCount": 0,
      "flagListsCount": 0,
      "importedListsCount": 0,
      "buyTax": null,
      "sellTax": null,
      "isInDex": false,
      "isHoneypot": false,
      "logo": "https://matcha-image-proxy.api.0x.org/images/8453/0x1681bcd2507d5baf914065ebead77f7414101cab"
    },
    {
      "address": "0x7b3f92b096ab5e3fdf781485a292dcb721cb0a40",
      "chainId": 8453,
      "decimals": 18,
      "name": "mbl",
      "symbol": "mbl",
      "type": "ERC20",
      "issuer": {
        "name": "zora",
        "metadata": {}
      },
      "blockListsCount": 0,
      "exchangeListsCount": 0,
      "flagListsCount": 0,
      "importedListsCount": 0,
      "buyTax": null,
      "sellTax": null,
      "isInDex": false,
      "isHoneypot": false,
      "logo": "https://matcha-image-proxy.api.0x.org/images/8453/0x7b3f92b096ab5e3fdf781485a292dcb721cb0a40"
    },
    {
      "address": "0xbe6183468f30a64ad266098ac99b0e9b6ee5651d",
      "chainId": 8453,
      "decimals": 18,
      "name": "Mbl",
      "symbol": "Mbl",
      "type": "ERC20",
      "issuer": {
        "name": "zora",
        "metadata": {}
      },
      "blockListsCount": 0,
      "exchangeListsCount": 0,
      "flagListsCount": 0,
      "importedListsCount": 0,
      "logo": "https://matcha-image-proxy.api.0x.org/images/8453/0xbe6183468f30a64ad266098ac99b0e9b6ee5651d"
    },
    {
      "address": "0xb51a06d88ce55309cced88f26c3127f536021ff0",
      "chainId": 8453,
      "decimals": 18,
      "name": "Diaz Mbl",
      "symbol": "MBL",
      "type": "ERC20",
      "issuer": {
        "name": "zora",
        "metadata": {}
      },
      "blockListsCount": 0,
      "exchangeListsCount": 0,
      "flagListsCount": 0,
      "importedListsCount": 0,
      "logo": "https://matcha-image-proxy.api.0x.org/images/8453/0xb51a06d88ce55309cced88f26c3127f536021ff0"
    },
    {
      "address": "0x052206646273fffd8cf17dd65fc055071114b07b",
      "chainId": 8453,
      "decimals": 18,
      "name": "MBL  Token",
      "symbol": "MBL  Token",
      "type": "ERC20",
      "issuer": {
        "name": "zora",
        "metadata": {}
      },
      "blockListsCount": 0,
      "exchangeListsCount": 0,
      "flagListsCount": 0,
      "importedListsCount": 0,
      "buyTax": null,
      "sellTax": null,
      "isInDex": false,
      "isHoneypot": false,
      "logo": "https://matcha-image-proxy.api.0x.org/images/8453/0x052206646273fffd8cf17dd65fc055071114b07b"
    },
    {
      "address": "0xb879da8b24c9b8685de8526cf492e954f165d74b",
      "chainId": 1,
      "decimals": 18,
      "name": "MovieBloc",
      "symbol": "MBL",
      "type": "ERC20",
      "hasLogo": true,
      "blockListsCount": 0,
      "exchangeListsCount": 0,
      "flagListsCount": 0,
      "importedListsCount": 0,
      "buyTax": 0,
      "sellTax": 0,
      "isInDex": false,
      "isHoneypot": null,
      "logo": "https://matcha-image-proxy.api.0x.org/images/1/0xb879da8b24c9b8685de8526cf492e954f165d74b"
    },
    {
      "address": "0x5e1a13690319887379f570f4c90711c2c4596eb7",
      "chainId": 56,
      "decimals": 18,
      "name": "Mbelong",
      "symbol": "MBL",
      "type": "ERC20",
      "blockListsCount": 1,
      "exchangeListsCount": 0,
      "flagListsCount": 1,
      "importedListsCount": 0,
      "buyTax": 0,
      "sellTax": 0,
      "isInDex": true,
      "isHoneypot": null,
      "manualUnblock": false,
      "logo": "https://matcha-image-proxy.api.0x.org/images/56/0x5e1a13690319887379f570f4c90711c2c4596eb7"
    },
    {
      "address": "0x1f185055dc2ba0e38986df681f3cb027cfdfc06b",
      "chainId": 8453,
      "decimals": 18,
      "name": "B🚀 Top GainersMovieBloc (MBL)Price: $0.0019724h Change: +50.",
      "symbol": "B🚀 Top GainersMovieBloc (MBL)Price: $0.0019724h Change: +50.",
      "type": "ERC20",
      "issuer": {
        "name": "zora",
        "metadata": {}
      },
      "blockListsCount": 0,
      "exchangeListsCount": 0,
      "flagListsCount": 0,
      "importedListsCount": 0,
      "logo": "https://matcha-image-proxy.api.0x.org/images/8453/0x1f185055dc2ba0e38986df681f3cb027cfdfc06b"
    },
    {
      "address": "0x13c613441fde2295a6bdeeea61e5afba899561ce",
      "chainId": 8453,
      "decimals": 18,
      "name": "Mind Bloom",
      "symbol": "MBL",
      "type": "ERC20",
      "issuer": {
        "name": "zora",
        "metadata": {}
      },
      "blockListsCount": 0,
      "exchangeListsCount": 0,
      "flagListsCount": 0,
      "importedListsCount": 0,
      "logo": "https://matcha-image-proxy.api.0x.org/images/8453/0x13c613441fde2295a6bdeeea61e5afba899561ce"
    }
  ],
  "searchTime": "2025-12-30T01:58:31.149Z",
  "error": null
}