{
  "originalSymbol": "ANIME",
  "originalFullName": "AnimeCoin",
  "searchedQuery": "ANIME AnimeCoin",
  "retried": false,
  "isL1": false,
  "success": true,
  "tokenCount": 15,
  "resultCount": 10000,
  "tokens": [
    {
      "address": "0x3e12b9d6a4d12cd9b4a6d613872d0eb32f68b380",
      "chainId": 8453,
      "decimals": 18,
      "name": "Flower",
      "symbol": "FLOWER",
      "type": "ERC20",
      "hasLogo": true,
      "blockListsCount": 0,
      "exchangeListsCount": 0,
      "flagListsCount": 0,
      "importedListsCount": 1,
      "buyTax": 0,
      "sellTax": 0,
      "isInDex": true,
      "isHoneypot": false,
      "manualUnblock": false,
      "transactionsHourly": 3,
      "transactionsDaily": 113,
      "transactionsWeekly": 943,
      "transactionsMonthly": 3861,
      "volumeUsdHourly": 24.995908845760923,
      "volumeUsdDaily": 3119.925780480601,
      "volumeUsdWeekly": 41812.962041935374,
      "volumeUsdMonthly": 148652.01461336942,
      "logo": "https://matcha-image-proxy.api.0x.org/images/8453/0x3e12b9d6a4d12cd9b4a6d613872d0eb32f68b380"
    },
    {
      "address": "0x37a645648df29205c6261289983fb04ecd70b4b3",
      "chainId": 42161,
      "decimals": 18,
      "name": "Animecoin",
      "symbol": "ANIME",
      "type": "ERC20",
      "hasLogo": true,
      "blockListsCount": 0,
      "exchangeListsCount": 0,
      "flagListsCount": 0,
      "importedListsCount": 1,
      "buyTax": 0,
      "sellTax": 0,
      "isInDex": true,
      "isHoneypot": false,
      "manualUnblock": false,
      "transactionsHourly": 1,
      "transactionsDaily": 7,
      "transactionsWeekly": 90,
      "transactionsMonthly": 385,
      "volumeUsdHourly": 33.2045202766849,
      "volumeUsdDaily": 581.6732538502029,
      "volumeUsdWeekly": 7344.371669144918,
      "volumeUsdMonthly": 87442.33570033354,
      "logo": "https://matcha-image-proxy.api.0x.org/images/42161/0x37a645648df29205c6261289983fb04ecd70b4b3"
    },
    {
      "address": "0x6894cde390a3f51155ea41ed24a33a4827d3063d",
      "chainId": 56,
      "decimals": 18,
      "name": "Simons Cat",
      "symbol": "CAT",
      "type": "ERC20",
      "hasLogo": true,
      "blockListsCount": 0,
      "exchangeListsCount": 0,
      "flagListsCount": 0,
      "importedListsCount": 1,
      "buyTax": 0,
      "sellTax": 0,
      "isInDex": true,
      "isHoneypot": false,
      "manualUnblock": false,
      "transactionsHourly": 1,
      "transactionsDaily": 14,
      "transactionsWeekly": 82,
      "transactionsMonthly": 368,
      "volumeUsdHourly": 0.00872337794264892,
      "volumeUsdDaily": 982.3508533199127,
      "volumeUsdWeekly": 8709.40340950889,
      "volumeUsdMonthly": 23212.963380093264,
      "logo": "https://matcha-image-proxy.api.0x.org/images/56/0x6894cde390a3f51155ea41ed24a33a4827d3063d"
    },
    {
      "address": "0x8e0e57dcb1ce8d9091df38ec1bfc3b224529754a",
      "chainId": 1,
      "decimals": 18,
      "name": "Moon Tropica",
      "symbol": "CAH",
      "type": "ERC20",
      "hasLogo": true,
      "blockListsCount": 0,
      "exchangeListsCount": 0,
      "flagListsCount": 0,
      "importedListsCount": 2,
      "buyTax": 0,
      "sellTax": 0,
      "isInDex": true,
      "isHoneypot": false,
      "manualUnblock": false,
      "transactionsHourly": 1,
      "transactionsDaily": 11,
      "transactionsWeekly": 53,
      "transactionsMonthly": 224,
      "volumeUsdHourly": 30.73793888068,
      "volumeUsdDaily": 988.9067668157218,
      "volumeUsdWeekly": 2802.5246632461826,
      "volumeUsdMonthly": 17331.35182641398,
      "logo": "https://matcha-image-proxy.api.0x.org/images/1/0x8e0e57dcb1ce8d9091df38ec1bfc3b224529754a"
    },
    {
      "address": "0x2d060ef4d6bf7f9e5edde373ab735513c0e4f944",
      "chainId": 56,
      "decimals": 18,
      "name": "AITECH",
      "symbol": "AITECH",
      "type": "ERC20",
      "hasLogo": true,
      "blockListsCount": 0,
      "exchangeListsCount": 0,
      "flagListsCount": 0,
      "importedListsCount": 1,
      "buyTax": 0,
      "sellTax": 0,
      "isInDex": true,
      "isHoneypot": false,
      "manualUnblock": false,
      "transactionsHourly": 2,
      "transactionsDaily": 14,
      "transactionsWeekly": 97,
      "transactionsMonthly": 480,
      "volumeUsdHourly": 6.775611374387274,
      "volumeUsdDaily": 1672.87634303798,
      "volumeUsdWeekly": 12197.094542045232,
      "volumeUsdMonthly": 88107.16568286966,
      "logo": "https://matcha-image-proxy.api.0x.org/images/56/0x2d060ef4d6bf7f9e5edde373ab735513c0e4f944"
    },
    {
      "address": "0xfad8cb754230dbfd249db0e8eccb5142dd675a0d",
      "chainId": 8453,
      "decimals": 18,
      "name": "AEROBUD",
      "symbol": "AEROBUD",
      "type": "ERC20",
      "hasLogo": true,
      "blockListsCount": 0,
      "exchangeListsCount": 0,
      "flagListsCount": 0,
      "importedListsCount": 1,
      "buyTax": 0,
      "sellTax": 0,
      "isInDex": true,
      "isHoneypot": false,
      "manualUnblock": false,
      "transactionsHourly": 2,
      "transactionsDaily": 5,
      "transactionsWeekly": 53,
      "transactionsMonthly": 226,
      "volumeUsdHourly": 163.2190755516089,
      "volumeUsdDaily": 200.1937633764036,
      "volumeUsdWeekly": 963.0428641666098,
      "volumeUsdMonthly": 20295.060038434534,
      "logo": "https://matcha-image-proxy.api.0x.org/images/8453/0xfad8cb754230dbfd249db0e8eccb5142dd675a0d"
    },
    {
      "address": "0xdbb7a34bf10169d6d2d0d02a6cbb436cf4381bfa",
      "chainId": 1,
      "decimals": 18,
      "name": "Zentry",
      "symbol": "ZENT",
      "type": "ERC20",
      "hasLogo": true,
      "blockListsCount": 0,
      "exchangeListsCount": 0,
      "flagListsCount": 0,
      "importedListsCount": 3,
      "buyTax": 0,
      "sellTax": 0,
      "isInDex": true,
      "isHoneypot": false,
      "manualUnblock": false,
      "transactionsHourly": 1,
      "transactionsDaily": 5,
      "transactionsWeekly": 79,
      "transactionsMonthly": 162,
      "volumeUsdHourly": 14.3487115005112,
      "volumeUsdDaily": 261.3954542086981,
      "volumeUsdWeekly": 32812.12746667712,
      "volumeUsdMonthly": 103876.36767303616,
      "logo": "https://matcha-image-proxy.api.0x.org/images/1/0xdbb7a34bf10169d6d2d0d02a6cbb436cf4381bfa"
    },
    {
      "address": "0x4dc26fc5854e7648a064a4abd590bbe71724c277",
      "chainId": 1,
      "decimals": 18,
      "name": "Animecoin",
      "symbol": "ANIME",
      "type": "ERC20",
      "hasLogo": true,
      "blockListsCount": 0,
      "exchangeListsCount": 0,
      "flagListsCount": 0,
      "importedListsCount": 2,
      "buyTax": 0,
      "sellTax": 0,
      "isInDex": true,
      "isHoneypot": false,
      "manualUnblock": false,
      "transactionsHourly": 1,
      "transactionsDaily": 1,
      "transactionsWeekly": 38,
      "transactionsMonthly": 115,
      "volumeUsdHourly": 49.5409984662553,
      "volumeUsdDaily": 49.5409984662553,
      "volumeUsdWeekly": 4637.315075418222,
      "volumeUsdMonthly": 27043.61120866123,
      "logo": "https://matcha-image-proxy.api.0x.org/images/1/0x4dc26fc5854e7648a064a4abd590bbe71724c277"
    },
    {
      "address": "0x6b0b3a982b4634ac68dd83a4dbf02311ce324181",
      "chainId": 1,
      "decimals": 18,
      "name": "$Artificial Liquid Intelligence Token",
      "symbol": "ALI",
      "type": "ERC20",
      "hasLogo": true,
      "blockListsCount": 0,
      "exchangeListsCount": 0,
      "flagListsCount": 0,
      "importedListsCount": 5,
      "buyTax": 0,
      "sellTax": 0,
      "isInDex": false,
      "isHoneypot": false,
      "manualUnblock": false,
      "transactionsHourly": 1,
      "transactionsDaily": 5,
      "transactionsWeekly": 104,
      "transactionsMonthly": 160,
      "volumeUsdHourly": 117.976151498039,
      "volumeUsdDaily": 530.5000281831325,
      "volumeUsdWeekly": 24410.615243382155,
      "volumeUsdMonthly": 46849.80275628507,
      "logo": "https://matcha-image-proxy.api.0x.org/images/1/0x6b0b3a982b4634ac68dd83a4dbf02311ce324181"
    },
    {
      "address": "0x97c806e7665d3afd84a8fe1837921403d59f3dcc",
      "chainId": 8453,
      "decimals": 18,
      "name": "$Artificial Liquid Intelligence Token",
      "symbol": "ALI",
      "type": "ERC20",
      "hasLogo": true,
      "blockListsCount": 0,
      "exchangeListsCount": 0,
      "flagListsCount": 0,
      "importedListsCount": 3,
      "buyTax": 0,
      "sellTax": 0,
      "isInDex": true,
      "isHoneypot": false,
      "manualUnblock": false,
      "transactionsHourly": 1,
      "transactionsDaily": 7,
      "transactionsWeekly": 120,
      "transactionsMonthly": 200,
      "volumeUsdHourly": 4.96869209716261,
      "volumeUsdDaily": 164.8232246014084,
      "volumeUsdWeekly": 5654.131150353468,
      "volumeUsdMonthly": 11276.138066410009,
      "logo": "https://matcha-image-proxy.api.0x.org/images/8453/0x97c806e7665d3afd84a8fe1837921403d59f3dcc"
    },
    {
      "address": "0xacd2c239012d17beb128b0944d49015104113650",
      "chainId": 1,
      "decimals": 18,
      "name": "KarratCoin",
      "symbol": "KARRAT",
      "type": "ERC20",
      "hasLogo": true,
      "blockListsCount": 0,
      "exchangeListsCount": 1,
      "flagListsCount": 0,
      "importedListsCount": 2,
      "buyTax": 0,
      "sellTax": 0,
      "isInDex": true,
      "isHoneypot": false,
      "manualUnblock": false,
      "transactionsHourly": 1,
      "transactionsDaily": 7,
      "transactionsWeekly": 42,
      "transactionsMonthly": 151,
      "volumeUsdHourly": 72.8622639233957,
      "volumeUsdDaily": 1493.5842516862342,
      "volumeUsdWeekly": 11935.966801534252,
      "volumeUsdMonthly": 48658.87781177103,
      "logo": "https://matcha-image-proxy.api.0x.org/images/1/0xacd2c239012d17beb128b0944d49015104113650"
    },
    {
      "address": "0x96961a4982f03287a20e2cd197218a7a0451bfff",
      "chainId": 8453,
      "decimals": 18,
      "name": "ANIME Animecoin On Base",
      "symbol": "ANIME Animecoin On Base",
      "type": "ERC20",
      "blockListsCount": 0,
      "exchangeListsCount": 0,
      "flagListsCount": 0,
      "importedListsCount": 0,
      "logo": "https://matcha-image-proxy.api.0x.org/images/8453/0x96961a4982f03287a20e2cd197218a7a0451bfff"
    },
    {
      "address": "0xbb5a2883d0357cbc011be83ee26bde06ced90c9b",
      "chainId": 56,
      "decimals": 9,
      "name": "ANIME Animecoin AI Presale v2",
      "symbol": "ANIME Animecoin AI Presale v2",
      "type": "ERC20",
      "blockListsCount": 0,
      "exchangeListsCount": 0,
      "flagListsCount": 0,
      "importedListsCount": 0,
      "logo": "https://matcha-image-proxy.api.0x.org/images/56/0xbb5a2883d0357cbc011be83ee26bde06ced90c9b"
    },
    {
      "address": "0x26f1bb40ea88b46ceb21557dc0ffac7b7c0ad40f",
      "chainId": 8453,
      "decimals": 18,
      "name": "ALF",
      "symbol": "Alf",
      "type": "ERC20",
      "hasLogo": true,
      "blockListsCount": 0,
      "exchangeListsCount": 0,
      "flagListsCount": 0,
      "importedListsCount": 1,
      "buyTax": 0,
      "sellTax": 0,
      "isInDex": true,
      "isHoneypot": false,
      "manualUnblock": false,
      "transactionsHourly": 1,
      "transactionsDaily": 1,
      "transactionsWeekly": 32,
      "transactionsMonthly": 168,
      "volumeUsdHourly": 288.375289808607,
      "volumeUsdDaily": 291.877050573844,
      "volumeUsdWeekly": 3145.8241348712245,
      "volumeUsdMonthly": 19379.270460016163,
      "logo": "https://matcha-image-proxy.api.0x.org/images/8453/0x26f1bb40ea88b46ceb21557dc0ffac7b7c0ad40f"
    },
    {
      "address": "0xe77abb1e75d2913b2076dd16049992ffeaca5235",
      "chainId": 137,
      "decimals": 18,
      "name": "Decentrawood",
      "symbol": "Deod",
      "type": "ERC20",
      "hasLogo": true,
      "blockListsCount": 0,
      "exchangeListsCount": 0,
      "flagListsCount": 0,
      "importedListsCount": 1,
      "buyTax": 0,
      "sellTax": 0,
      "isInDex": true,
      "isHoneypot": false,
      "manualUnblock": false,
      "transactionsHourly": 1,
      "transactionsDaily": 3,
      "transactionsWeekly": 59,
      "transactionsMonthly": 170,
      "volumeUsdHourly": 15.442731744777,
      "volumeUsdDaily": 46.52905718838805,
      "volumeUsdWeekly": 1731.3926157422395,
      "volumeUsdMonthly": 4927.621283150493,
      "logo": "https://matcha-image-proxy.api.0x.org/images/137/0xe77abb1e75d2913b2076dd16049992ffeaca5235"
    }
  ],
  "searchTime": "2025-12-30T01:57:20.829Z",
  "error": null
}