{
  "originalSymbol": "LA",
  "originalFullName": "Lagrange",
  "searchedQuery": "LA Lagrange",
  "retried": false,
  "isL1": false,
  "success": true,
  "tokenCount": 15,
  "resultCount": 10000,
  "tokens": [
    {
      "address": "0x4ed4e862860bed51a9570b96d89af5e1b0efefed",
      "chainId": 8453,
      "decimals": 18,
      "name": "Degen",
      "symbol": "DEGEN",
      "type": "ERC20",
      "hasLogo": true,
      "blockListsCount": 0,
      "exchangeListsCount": 1,
      "flagListsCount": 0,
      "importedListsCount": 2,
      "buyTax": 0,
      "sellTax": 0,
      "isInDex": true,
      "isHoneypot": false,
      "manualUnblock": false,
      "transactionsHourly": 33,
      "transactionsDaily": 726,
      "transactionsWeekly": 4684,
      "transactionsMonthly": 20208,
      "volumeUsdHourly": 58.41491176296141,
      "volumeUsdDaily": 7173.038850492301,
      "volumeUsdWeekly": 146497.23334727588,
      "volumeUsdMonthly": 567311.3313116197,
      "logo": "https://matcha-image-proxy.api.0x.org/images/8453/0x4ed4e862860bed51a9570b96d89af5e1b0efefed"
    },
    {
      "address": "0xdd3b11ef34cd511a2da159034a05fcb94d806686",
      "chainId": 1,
      "decimals": 18,
      "name": "Rekt",
      "symbol": "REKT",
      "type": "ERC20",
      "hasLogo": true,
      "blockListsCount": 0,
      "exchangeListsCount": 0,
      "flagListsCount": 0,
      "importedListsCount": 3,
      "buyTax": 0,
      "sellTax": 0,
      "isInDex": true,
      "isHoneypot": false,
      "manualUnblock": false,
      "transactionsHourly": 6,
      "transactionsDaily": 23,
      "transactionsWeekly": 146,
      "transactionsMonthly": 1386,
      "volumeUsdHourly": 1097.7920545045022,
      "volumeUsdDaily": 5034.600148045925,
      "volumeUsdWeekly": 78234.27611488954,
      "volumeUsdMonthly": 1410455.6543765126,
      "logo": "https://matcha-image-proxy.api.0x.org/images/1/0xdd3b11ef34cd511a2da159034a05fcb94d806686"
    },
    {
      "address": "0xb3e3c89b8d9c88b1fe96856e382959ee6291ebba",
      "chainId": 8453,
      "decimals": 18,
      "name": "Rekt",
      "symbol": "REKT",
      "type": "ERC20",
      "hasLogo": true,
      "blockListsCount": 0,
      "exchangeListsCount": 0,
      "flagListsCount": 0,
      "importedListsCount": 2,
      "buyTax": 0,
      "sellTax": 0,
      "isInDex": true,
      "isHoneypot": false,
      "manualUnblock": false,
      "transactionsHourly": 2,
      "transactionsDaily": 25,
      "transactionsWeekly": 225,
      "transactionsMonthly": 1061,
      "volumeUsdHourly": 986.2119072683716,
      "volumeUsdDaily": 9818.605711614466,
      "volumeUsdWeekly": 34459.4263527094,
      "volumeUsdMonthly": 188078.4006135206,
      "logo": "https://matcha-image-proxy.api.0x.org/images/8453/0xb3e3c89b8d9c88b1fe96856e382959ee6291ebba"
    },
    {
      "address": "0x20482b0b4d9d8f60d3ab432b92f4c4b901a0d10c",
      "chainId": 56,
      "decimals": 18,
      "name": "Rekt",
      "symbol": "REKT",
      "type": "ERC20",
      "hasLogo": true,
      "blockListsCount": 0,
      "exchangeListsCount": 0,
      "flagListsCount": 0,
      "importedListsCount": 1,
      "buyTax": 0,
      "sellTax": 0,
      "isInDex": true,
      "isHoneypot": false,
      "manualUnblock": false,
      "transactionsHourly": 5,
      "transactionsDaily": 16,
      "transactionsWeekly": 50,
      "transactionsMonthly": 346,
      "volumeUsdHourly": 232.4703479934364,
      "volumeUsdDaily": 1950.565269761849,
      "volumeUsdWeekly": 3807.9993561272727,
      "volumeUsdMonthly": 60865.99921020295,
      "logo": "https://matcha-image-proxy.api.0x.org/images/56/0x20482b0b4d9d8f60d3ab432b92f4c4b901a0d10c"
    },
    {
      "address": "0xd027cf171923ccbbbe2621b6d01b8979f0aff530",
      "chainId": 8453,
      "decimals": 18,
      "name": "LA!!!!!!",
      "symbol": "LA!!!!!!",
      "type": "ERC20",
      "issuer": {
        "name": "zora",
        "metadata": {}
      },
      "blockListsCount": 0,
      "exchangeListsCount": 0,
      "flagListsCount": 0,
      "importedListsCount": 0,
      "transactionsWeekly": 6,
      "transactionsMonthly": 6,
      "volumeUsdWeekly": 2016.397859736414,
      "volumeUsdMonthly": 2016.397859736414,
      "logo": "https://matcha-image-proxy.api.0x.org/images/8453/0xd027cf171923ccbbbe2621b6d01b8979f0aff530"
    },
    {
      "address": "0xa6089dbfed19d1bcd43146bbdca2b8f9d9f84a9a",
      "chainId": 1,
      "decimals": 18,
      "name": "UGOLD Inc.",
      "symbol": "UGOLD",
      "type": "ERC20",
      "hasLogo": true,
      "blockListsCount": 1,
      "exchangeListsCount": 0,
      "flagListsCount": 1,
      "importedListsCount": 2,
      "buyTax": 0,
      "sellTax": 0,
      "isInDex": true,
      "isHoneypot": false,
      "manualUnblock": false,
      "transactionsHourly": 2,
      "transactionsDaily": 2,
      "transactionsWeekly": 2,
      "transactionsMonthly": 2,
      "volumeUsdHourly": 23.98681450869922,
      "volumeUsdDaily": 23.9876875906439,
      "volumeUsdWeekly": 23.9876875906439,
      "volumeUsdMonthly": 23.9876875906439,
      "logo": "https://matcha-image-proxy.api.0x.org/images/1/0xa6089dbfed19d1bcd43146bbdca2b8f9d9f84a9a"
    },
    {
      "address": "0x5d6adc19e4d096c054a0e850197a3184619e2fe0",
      "chainId": 8453,
      "decimals": 18,
      "name": "/qué bonita la vida ❤️ ⭐️ // 📹: // x",
      "symbol": "/qué bonita la vida ❤️ ⭐️ // 📹: // x",
      "type": "ERC20",
      "issuer": {
        "name": "zora",
        "metadata": {}
      },
      "blockListsCount": 0,
      "exchangeListsCount": 0,
      "flagListsCount": 0,
      "importedListsCount": 0,
      "buyTax": null,
      "sellTax": null,
      "isInDex": false,
      "isHoneypot": false,
      "transactionsHourly": 3,
      "transactionsDaily": 3,
      "transactionsWeekly": 3,
      "transactionsMonthly": 3,
      "volumeUsdHourly": 247.1659672701676,
      "volumeUsdDaily": 247.1659672701676,
      "volumeUsdWeekly": 247.0994958164659,
      "volumeUsdMonthly": 247.0994958164659,
      "logo": "https://matcha-image-proxy.api.0x.org/images/8453/0x5d6adc19e4d096c054a0e850197a3184619e2fe0"
    },
    {
      "address": "0xb5d730d442e1d5b119fb4e5c843c48a64202ef92",
      "chainId": 1,
      "decimals": 18,
      "name": "Sabai Ecoverse Token",
      "symbol": "SABAI",
      "type": "ERC20",
      "hasLogo": true,
      "blockListsCount": 0,
      "exchangeListsCount": 0,
      "flagListsCount": 0,
      "importedListsCount": 2,
      "buyTax": 0,
      "sellTax": 0,
      "isInDex": true,
      "isHoneypot": false,
      "manualUnblock": false,
      "transactionsHourly": 1,
      "transactionsDaily": 1,
      "transactionsWeekly": 2,
      "transactionsMonthly": 19,
      "volumeUsdHourly": 109.164072891516,
      "volumeUsdDaily": 109.164072891516,
      "volumeUsdWeekly": 221.07959593144,
      "volumeUsdMonthly": 2433.1346260916052,
      "logo": "https://matcha-image-proxy.api.0x.org/images/1/0xb5d730d442e1d5b119fb4e5c843c48a64202ef92"
    },
    {
      "address": "2cu2bhWk9R5MymnNMv56BeRQGpkEjM5LSJ83HR2Mpump",
      "chainId": 1399811149,
      "decimals": 6,
      "name": "LA donation fund",
      "symbol": "LA",
      "type": "SPL-Token",
      "blockListsCount": 1,
      "exchangeListsCount": 0,
      "flagListsCount": 1,
      "importedListsCount": 0,
      "manualUnblock": false,
      "logo": "https://matcha-image-proxy.api.0x.org/images/1399811149/2cu2bhWk9R5MymnNMv56BeRQGpkEjM5LSJ83HR2Mpump"
    },
    {
      "address": "5QWGZqpFAap99rZvdncdFkDDgYFYnCGZNdT6CMb8pump",
      "chainId": 1399811149,
      "decimals": 6,
      "name": "A La La La La Long",
      "symbol": "LONGLILONG",
      "type": "SPL-Token",
      "blockListsCount": 1,
      "exchangeListsCount": 0,
      "flagListsCount": 1,
      "importedListsCount": 0,
      "manualUnblock": false,
      "logo": "https://matcha-image-proxy.api.0x.org/images/1399811149/5QWGZqpFAap99rZvdncdFkDDgYFYnCGZNdT6CMb8pump"
    },
    {
      "address": "0x0fc2a55d5bd13033f1ee0cdd11f60f7efe66f467",
      "chainId": 1,
      "decimals": 18,
      "name": "Lagrange",
      "symbol": "LA",
      "type": "ERC20",
      "hasLogo": true,
      "blockListsCount": 0,
      "exchangeListsCount": 0,
      "flagListsCount": 0,
      "importedListsCount": 3,
      "buyTax": 0,
      "sellTax": 0,
      "isInDex": true,
      "isHoneypot": false,
      "manualUnblock": false,
      "transactionsHourly": 1,
      "transactionsDaily": 1,
      "transactionsWeekly": 1,
      "transactionsMonthly": 18,
      "volumeUsdHourly": 8.35967357686281,
      "volumeUsdDaily": 8.35967357686281,
      "volumeUsdWeekly": 8.35967357686281,
      "volumeUsdMonthly": 1171.1033891837762,
      "logo": "https://matcha-image-proxy.api.0x.org/images/1/0x0fc2a55d5bd13033f1ee0cdd11f60f7efe66f467"
    },
    {
      "address": "0x4246b164a1774c78366f6f095ddd48c4a943df09",
      "chainId": 43114,
      "decimals": 18,
      "name": "LA",
      "symbol": "APPLE",
      "type": "ERC20",
      "blockListsCount": 1,
      "exchangeListsCount": 0,
      "flagListsCount": 1,
      "importedListsCount": 0,
      "buyTax": null,
      "sellTax": null,
      "isInDex": false,
      "isHoneypot": false,
      "manualUnblock": false,
      "logo": "https://matcha-image-proxy.api.0x.org/images/43114/0x4246b164a1774c78366f6f095ddd48c4a943df09"
    },
    {
      "address": "2ujA2XmyN3mXb6s2bD5tih2MFPqjr3tC4YVA5tzapump",
      "chainId": 1399811149,
      "decimals": 6,
      "name": "Test + LA",
      "symbol": "TESLA",
      "type": "SPL-Token",
      "blockListsCount": 1,
      "exchangeListsCount": 0,
      "flagListsCount": 1,
      "importedListsCount": 0,
      "manualUnblock": false,
      "logo": "https://matcha-image-proxy.api.0x.org/images/1399811149/2ujA2XmyN3mXb6s2bD5tih2MFPqjr3tC4YVA5tzapump"
    },
    {
      "address": "DFjDBXVLoreeHzvZgPsAJwGtYnkxXu8iFUB2vCHvpump",
      "chainId": 1399811149,
      "decimals": 6,
      "name": "LA TESLA",
      "symbol": "TESLA",
      "type": "SPL-Token",
      "blockListsCount": 1,
      "exchangeListsCount": 0,
      "flagListsCount": 1,
      "importedListsCount": 0,
      "manualUnblock": false,
      "logo": "https://matcha-image-proxy.api.0x.org/images/1399811149/DFjDBXVLoreeHzvZgPsAJwGtYnkxXu8iFUB2vCHvpump"
    },
    {
      "address": "8gE3msNSja74RQHjYA7gFreFLFr9twk9DF1cLM1npump",
      "chainId": 1399811149,
      "decimals": 6,
      "name": "LA TECH COMMUNITY CARES FUND",
      "symbol": "LA TECH",
      "type": "SPL-Token",
      "blockListsCount": 1,
      "exchangeListsCount": 0,
      "flagListsCount": 1,
      "importedListsCount": 0,
      "manualUnblock": false,
      "logo": "https://matcha-image-proxy.api.0x.org/images/1399811149/8gE3msNSja74RQHjYA7gFreFLFr9twk9DF1cLM1npump"
    }
  ],
  "searchTime": "2025-12-30T01:57:47.557Z",
  "error": null
}