{
  "originalSymbol": "ATH",
  "originalFullName": "Aethir",
  "searchedQuery": "ATH Aethir",
  "retried": false,
  "isL1": false,
  "success": true,
  "tokenCount": 15,
  "resultCount": 10000,
  "tokens": [
    {
      "address": "0x4507cef57c46789ef8d1a19ea45f4216bae2b528",
      "chainId": 56,
      "decimals": 9,
      "name": "TokenFi",
      "symbol": "TOKEN",
      "type": "ERC20",
      "hasLogo": true,
      "blockListsCount": 0,
      "exchangeListsCount": 0,
      "flagListsCount": 0,
      "importedListsCount": 1,
      "buyTax": 0,
      "sellTax": 0,
      "isInDex": true,
      "isHoneypot": false,
      "manualUnblock": false,
      "transactionsHourly": 8,
      "transactionsDaily": 414,
      "transactionsWeekly": 927,
      "transactionsMonthly": 1350,
      "volumeUsdHourly": 1431.1882144300944,
      "volumeUsdDaily": 132313.5140178818,
      "volumeUsdWeekly": 221175.46767173175,
      "volumeUsdMonthly": 255264.00385293097,
      "logo": "https://matcha-image-proxy.api.0x.org/images/56/0x4507cef57c46789ef8d1a19ea45f4216bae2b528"
    },
    {
      "address": "0x4507cef57c46789ef8d1a19ea45f4216bae2b528",
      "chainId": 1,
      "decimals": 9,
      "name": "TokenFi",
      "symbol": "TOKEN",
      "type": "ERC20",
      "hasLogo": true,
      "blockListsCount": 0,
      "exchangeListsCount": 0,
      "flagListsCount": 0,
      "importedListsCount": 3,
      "buyTax": 0,
      "sellTax": 0,
      "isInDex": true,
      "isHoneypot": false,
      "manualUnblock": false,
      "transactionsHourly": 2,
      "transactionsDaily": 144,
      "transactionsWeekly": 353,
      "transactionsMonthly": 459,
      "volumeUsdHourly": 196.779895060503,
      "volumeUsdDaily": 43767.65438798592,
      "volumeUsdWeekly": 159969.03116608257,
      "volumeUsdMonthly": 215415.86092060737,
      "logo": "https://matcha-image-proxy.api.0x.org/images/1/0x4507cef57c46789ef8d1a19ea45f4216bae2b528"
    },
    {
      "address": "0xc87b37a581ec3257b734886d9d3a581f5a9d056c",
      "chainId": 42161,
      "decimals": 18,
      "name": "Aethir Token",
      "symbol": "ATH",
      "type": "ERC20",
      "hasLogo": true,
      "blockListsCount": 0,
      "exchangeListsCount": 0,
      "flagListsCount": 0,
      "importedListsCount": 1,
      "buyTax": 0,
      "sellTax": 0,
      "isInDex": true,
      "isHoneypot": false,
      "manualUnblock": false,
      "transactionsHourly": 1,
      "transactionsDaily": 35,
      "transactionsWeekly": 195,
      "transactionsMonthly": 1233,
      "volumeUsdHourly": 36.9397491047661,
      "volumeUsdDaily": 3107.6481163352432,
      "volumeUsdWeekly": 17186.09826446334,
      "volumeUsdMonthly": 135092.1586134411,
      "logo": "https://matcha-image-proxy.api.0x.org/images/42161/0xc87b37a581ec3257b734886d9d3a581f5a9d056c"
    },
    {
      "address": "0xbe0ed4138121ecfc5c0e56b40517da27e6c5226b",
      "chainId": 1,
      "decimals": 18,
      "name": "Aethir Token",
      "symbol": "ATH",
      "type": "ERC20",
      "hasLogo": true,
      "blockListsCount": 0,
      "exchangeListsCount": 1,
      "flagListsCount": 0,
      "importedListsCount": 3,
      "buyTax": 0,
      "sellTax": 0,
      "isInDex": true,
      "isHoneypot": false,
      "manualUnblock": false,
      "transactionsHourly": 1,
      "transactionsDaily": 14,
      "transactionsWeekly": 83,
      "transactionsMonthly": 509,
      "volumeUsdHourly": 0.304539182668327,
      "volumeUsdDaily": 1994.6771761171103,
      "volumeUsdWeekly": 13194.19840105018,
      "volumeUsdMonthly": 122570.96770503596,
      "logo": "https://matcha-image-proxy.api.0x.org/images/1/0xbe0ed4138121ecfc5c0e56b40517da27e6c5226b"
    },
    {
      "address": "0xaeaf151ec60cc5caddca439cf171bfcbfedb7cbe",
      "chainId": 8453,
      "decimals": 9,
      "name": "ATH Aethir AI",
      "symbol": "ATH Aethir AI",
      "type": "ERC20",
      "blockListsCount": 0,
      "exchangeListsCount": 0,
      "flagListsCount": 0,
      "importedListsCount": 0,
      "buyTax": 0,
      "sellTax": 0,
      "isInDex": true,
      "isHoneypot": false,
      "logo": "https://matcha-image-proxy.api.0x.org/images/8453/0xaeaf151ec60cc5caddca439cf171bfcbfedb7cbe"
    },
    {
      "address": "0x971a5a74b359787976a34d9949331dd4b29c69dc",
      "chainId": 8453,
      "decimals": 18,
      "name": "ATH Aethir On Base",
      "symbol": "ATH Aethir On Base",
      "type": "ERC20",
      "blockListsCount": 0,
      "exchangeListsCount": 0,
      "flagListsCount": 0,
      "importedListsCount": 0,
      "logo": "https://matcha-image-proxy.api.0x.org/images/8453/0x971a5a74b359787976a34d9949331dd4b29c69dc"
    },
    {
      "address": "0x7f20a9ff4e3ec4ad6033c6ab06c33fb63a7095d1",
      "chainId": 56,
      "decimals": 9,
      "name": "ATH Aethir AI Presale v2",
      "symbol": "ATH Aethir AI Presale v2",
      "type": "ERC20",
      "blockListsCount": 0,
      "exchangeListsCount": 0,
      "flagListsCount": 0,
      "importedListsCount": 0,
      "logo": "https://matcha-image-proxy.api.0x.org/images/56/0x7f20a9ff4e3ec4ad6033c6ab06c33fb63a7095d1"
    },
    {
      "address": "0x655a51e6803faf50d4ace80fa501af2f29c856cf",
      "chainId": 8453,
      "decimals": 18,
      "name": "PAID Network",
      "symbol": "PAID",
      "type": "ERC20",
      "hasLogo": true,
      "blockListsCount": 0,
      "exchangeListsCount": 0,
      "flagListsCount": 0,
      "importedListsCount": 1,
      "buyTax": 0,
      "sellTax": 0,
      "isInDex": true,
      "isHoneypot": false,
      "manualUnblock": false,
      "transactionsHourly": 1,
      "transactionsDaily": 2,
      "transactionsWeekly": 11,
      "transactionsMonthly": 200,
      "volumeUsdHourly": 1.56886113982676,
      "volumeUsdDaily": 35.19741435051996,
      "volumeUsdWeekly": 664.3174355068927,
      "volumeUsdMonthly": 17232.573906403235,
      "logo": "https://matcha-image-proxy.api.0x.org/images/8453/0x655a51e6803faf50d4ace80fa501af2f29c856cf"
    },
    {
      "address": "0x31b28012f61fc3600e1c076bafc9fd997fb2da90",
      "chainId": 8453,
      "decimals": 18,
      "name": "Mrs Miggles",
      "symbol": "MRSMIGGLES",
      "type": "ERC20",
      "hasLogo": true,
      "blockListsCount": 0,
      "exchangeListsCount": 0,
      "flagListsCount": 0,
      "importedListsCount": 2,
      "buyTax": 0,
      "sellTax": 0,
      "isInDex": true,
      "isHoneypot": false,
      "manualUnblock": false,
      "transactionsHourly": 1,
      "transactionsDaily": 1,
      "transactionsWeekly": 5,
      "transactionsMonthly": 17,
      "volumeUsdHourly": 221.963600885449,
      "volumeUsdDaily": 221.965750776935,
      "volumeUsdWeekly": 799.091168070305,
      "volumeUsdMonthly": 3271.3845634993527,
      "logo": "https://matcha-image-proxy.api.0x.org/images/8453/0x31b28012f61fc3600e1c076bafc9fd997fb2da90"
    },
    {
      "address": "0xa4ffdf3208f46898ce063e25c1c43056fa754739",
      "chainId": 1,
      "decimals": 18,
      "name": "AthenaDAO Token",
      "symbol": "ATH",
      "type": "ERC20",
      "hasLogo": true,
      "blockListsCount": 0,
      "exchangeListsCount": 0,
      "flagListsCount": 0,
      "importedListsCount": 3,
      "buyTax": 0,
      "sellTax": 0,
      "isInDex": true,
      "isHoneypot": false,
      "manualUnblock": false,
      "transactionsHourly": 1,
      "transactionsDaily": 1,
      "transactionsWeekly": 1,
      "transactionsMonthly": 5,
      "volumeUsdHourly": 783.554304396516,
      "volumeUsdDaily": 789.89672911789,
      "volumeUsdWeekly": 789.89672911789,
      "volumeUsdMonthly": 1112.048891450595,
      "logo": "https://matcha-image-proxy.api.0x.org/images/1/0xa4ffdf3208f46898ce063e25c1c43056fa754739"
    },
    {
      "address": "0x07fb80f7a8460de3065d74b2663ba0d740fb3ca5",
      "chainId": 8453,
      "decimals": 18,
      "name": "Oxbull",
      "symbol": "OXI",
      "type": "ERC20",
      "hasLogo": true,
      "blockListsCount": 0,
      "exchangeListsCount": 0,
      "flagListsCount": 0,
      "importedListsCount": 1,
      "buyTax": 0,
      "sellTax": 0,
      "isInDex": true,
      "isHoneypot": false,
      "manualUnblock": false,
      "transactionsHourly": 1,
      "transactionsDaily": 1,
      "transactionsWeekly": 1,
      "transactionsMonthly": 11,
      "volumeUsdHourly": 36.0161996104331,
      "volumeUsdDaily": 35.0924422994568,
      "volumeUsdWeekly": 35.0924422994568,
      "volumeUsdMonthly": 2255.904815081554,
      "logo": "https://matcha-image-proxy.api.0x.org/images/8453/0x07fb80f7a8460de3065d74b2663ba0d740fb3ca5"
    },
    {
      "address": "0x0305f515fa978cf87226cf8a9776d25bcfb2cc0b",
      "chainId": 1,
      "decimals": 18,
      "name": "Pepe 2.0",
      "symbol": "PEPE2.0",
      "type": "ERC20",
      "hasLogo": true,
      "blockListsCount": 0,
      "exchangeListsCount": 0,
      "flagListsCount": 0,
      "importedListsCount": 2,
      "buyTax": 0.01,
      "sellTax": 0.01,
      "isInDex": true,
      "isHoneypot": false,
      "manualUnblock": false,
      "transactionsHourly": 1,
      "transactionsDaily": 1,
      "transactionsWeekly": 2,
      "transactionsMonthly": 40,
      "volumeUsdHourly": 20.7423126252155,
      "volumeUsdDaily": 20.4805603544616,
      "volumeUsdWeekly": 34.4201841569612,
      "volumeUsdMonthly": 5009.310139447547,
      "logo": "https://matcha-image-proxy.api.0x.org/images/1/0x0305f515fa978cf87226cf8a9776d25bcfb2cc0b"
    },
    {
      "address": "0x58d75a1c4477914f9a98a8708feaed1dbe40b8a3",
      "chainId": 8453,
      "decimals": 18,
      "name": "AthenaDAO Token",
      "symbol": "ATH",
      "type": "ERC20",
      "hasLogo": true,
      "blockListsCount": 0,
      "exchangeListsCount": 0,
      "flagListsCount": 0,
      "importedListsCount": 2,
      "buyTax": null,
      "sellTax": null,
      "isInDex": false,
      "isHoneypot": false,
      "manualUnblock": false,
      "transactionsHourly": 1,
      "transactionsDaily": 1,
      "transactionsWeekly": 2,
      "transactionsMonthly": 7,
      "volumeUsdHourly": 48.4111964910788,
      "volumeUsdDaily": 48.4111964910788,
      "volumeUsdWeekly": 95.7959181566167,
      "volumeUsdMonthly": 440.2604706924128,
      "logo": "https://matcha-image-proxy.api.0x.org/images/8453/0x58d75a1c4477914f9a98a8708feaed1dbe40b8a3"
    },
    {
      "address": "0x2f558212bb430c11f9bfb7c83ba22acbd86b1e6b",
      "chainId": 8453,
      "decimals": 9,
      "name": "ATHAET",
      "symbol": "ATH Aethir AI",
      "type": "ERC20",
      "blockListsCount": 0,
      "exchangeListsCount": 0,
      "flagListsCount": 0,
      "importedListsCount": 0,
      "buyTax": 0,
      "sellTax": 0,
      "isInDex": true,
      "isHoneypot": false,
      "logo": "https://matcha-image-proxy.api.0x.org/images/8453/0x2f558212bb430c11f9bfb7c83ba22acbd86b1e6b"
    },
    {
      "address": "0x94a4b411acd83e16bb4b5456597b7fc3d0af049a",
      "chainId": 8453,
      "decimals": 9,
      "name": "ATHAET",
      "symbol": "ATH Aethir AI",
      "type": "ERC20",
      "blockListsCount": 0,
      "exchangeListsCount": 0,
      "flagListsCount": 0,
      "importedListsCount": 0,
      "buyTax": 0,
      "sellTax": 0,
      "isInDex": true,
      "isHoneypot": false,
      "logo": "https://matcha-image-proxy.api.0x.org/images/8453/0x94a4b411acd83e16bb4b5456597b7fc3d0af049a"
    }
  ],
  "searchTime": "2025-12-30T01:57:48.608Z",
  "error": null
}