{
  "originalSymbol": "ONG",
  "originalFullName": "Ontology",
  "searchedQuery": "ONG Ontology",
  "retried": false,
  "isL1": false,
  "success": true,
  "tokenCount": 15,
  "resultCount": 1883,
  "tokens": [
    {
      "address": "0xfd7b3a77848f1c2d67e05e54d78d174a0c850335",
      "chainId": 56,
      "decimals": 18,
      "name": "Ontology Token",
      "symbol": "ONT",
      "type": "ERC20",
      "hasLogo": true,
      "issuer": {
        "name": "binance",
        "metadata": {}
      },
      "blockListsCount": 0,
      "exchangeListsCount": 0,
      "flagListsCount": 0,
      "importedListsCount": 1,
      "buyTax": 0,
      "sellTax": 0,
      "isInDex": true,
      "isHoneypot": false,
      "manualUnblock": false,
      "transactionsHourly": 1,
      "transactionsDaily": 8,
      "transactionsWeekly": 35,
      "transactionsMonthly": 83,
      "volumeUsdHourly": 0.381136897269291,
      "volumeUsdDaily": 50.25932231049642,
      "volumeUsdWeekly": 1050.3872080815602,
      "volumeUsdMonthly": 2415.653578418368,
      "logo": "https://matcha-image-proxy.api.0x.org/images/56/0xfd7b3a77848f1c2d67e05e54d78d174a0c850335"
    },
    {
      "address": "0x0566c506477cd2d8df4e0123512dbc344bd9d111",
      "chainId": 137,
      "decimals": 18,
      "name": "MyLovelyCoin",
      "symbol": "MLC",
      "type": "ERC20",
      "hasLogo": true,
      "blockListsCount": 0,
      "exchangeListsCount": 0,
      "flagListsCount": 0,
      "importedListsCount": 1,
      "buyTax": 0,
      "sellTax": 0,
      "isInDex": true,
      "isHoneypot": false,
      "manualUnblock": false,
      "transactionsHourly": 1,
      "transactionsDaily": 17,
      "transactionsWeekly": 80,
      "transactionsMonthly": 786,
      "volumeUsdHourly": 39.3296349320524,
      "volumeUsdDaily": 5745.319982453224,
      "volumeUsdWeekly": 15541.298815701355,
      "volumeUsdMonthly": 149538.27066714194,
      "logo": "https://matcha-image-proxy.api.0x.org/images/137/0x0566c506477cd2d8df4e0123512dbc344bd9d111"
    },
    {
      "address": "0x2f1ae6a9ace1475a6a6f2937e9f5992eb429b927",
      "chainId": 8453,
      "decimals": 18,
      "name": "ONG Ontology Gas On Base",
      "symbol": "ONG Ontology Gas On Base",
      "type": "ERC20",
      "blockListsCount": 0,
      "exchangeListsCount": 0,
      "flagListsCount": 0,
      "importedListsCount": 0,
      "logo": "https://matcha-image-proxy.api.0x.org/images/8453/0x2f1ae6a9ace1475a6a6f2937e9f5992eb429b927"
    },
    {
      "address": "0xf75a5d84f0666ac5fb9a3ff93a70661325bf2031",
      "chainId": 56,
      "decimals": 9,
      "name": "ONG Ontology Gas AI Presale v2",
      "symbol": "ONG Ontology Gas AI Presale v2",
      "type": "ERC20",
      "blockListsCount": 0,
      "exchangeListsCount": 0,
      "flagListsCount": 0,
      "importedListsCount": 0,
      "logo": "https://matcha-image-proxy.api.0x.org/images/56/0xf75a5d84f0666ac5fb9a3ff93a70661325bf2031"
    },
    {
      "address": "0xb1f1ee126e9c96231cc3d3fad7c08b4cf873b1f1",
      "chainId": 1,
      "decimals": 18,
      "name": "Beefy",
      "symbol": "BIFI",
      "type": "ERC20",
      "hasLogo": true,
      "blockListsCount": 0,
      "exchangeListsCount": 0,
      "flagListsCount": 0,
      "importedListsCount": 2,
      "buyTax": 0,
      "sellTax": 0,
      "isInDex": true,
      "isHoneypot": false,
      "manualUnblock": false,
      "transactionsHourly": 2,
      "transactionsDaily": 5,
      "transactionsWeekly": 192,
      "transactionsMonthly": 225,
      "volumeUsdHourly": 990.8389426694444,
      "volumeUsdDaily": 1000.8322351325712,
      "volumeUsdWeekly": 165061.68815598325,
      "volumeUsdMonthly": 172664.8674307592,
      "logo": "https://matcha-image-proxy.api.0x.org/images/1/0xb1f1ee126e9c96231cc3d3fad7c08b4cf873b1f1"
    },
    {
      "address": "0xf9616bda8b53d6bd0acb0ae1a1f28613e6e23808",
      "chainId": 130,
      "decimals": 18,
      "name": "Apple Ong",
      "symbol": "Apple Ong",
      "type": "ERC20",
      "blockListsCount": 1,
      "exchangeListsCount": 0,
      "flagListsCount": 1,
      "importedListsCount": 0,
      "manualUnblock": false,
      "logo": "https://matcha-image-proxy.api.0x.org/images/130/0xf9616bda8b53d6bd0acb0ae1a1f28613e6e23808"
    },
    {
      "address": "0x7ecadb46b88bb50150f2b88dcf3ac699efa64c21",
      "chainId": 130,
      "decimals": 18,
      "name": "Ong Longevity",
      "symbol": "Ong Longevity",
      "type": "ERC20",
      "blockListsCount": 1,
      "exchangeListsCount": 0,
      "flagListsCount": 1,
      "importedListsCount": 0,
      "manualUnblock": false,
      "logo": "https://matcha-image-proxy.api.0x.org/images/130/0x7ecadb46b88bb50150f2b88dcf3ac699efa64c21"
    },
    {
      "address": "0x1f70ab9978d3df62fe8e4f5b280e2b565ad91984",
      "chainId": 8453,
      "decimals": 18,
      "name": "ONG MSFT",
      "symbol": "ONGMSF",
      "type": "ERC20",
      "blockListsCount": 1,
      "exchangeListsCount": 0,
      "flagListsCount": 1,
      "importedListsCount": 0,
      "buyTax": 0,
      "sellTax": 0,
      "isInDex": true,
      "isHoneypot": false,
      "manualUnblock": false,
      "logo": "https://matcha-image-proxy.api.0x.org/images/8453/0x1f70ab9978d3df62fe8e4f5b280e2b565ad91984"
    },
    {
      "address": "0x140b20c08b61388c13cd7d40b87911fee93d1e93",
      "chainId": 8453,
      "decimals": 6,
      "name": "PUT IT ONG",
      "symbol": "YDM-a57368e1",
      "type": "ERC20",
      "blockListsCount": 1,
      "exchangeListsCount": 0,
      "flagListsCount": 1,
      "importedListsCount": 0,
      "manualUnblock": false,
      "logo": "https://matcha-image-proxy.api.0x.org/images/8453/0x140b20c08b61388c13cd7d40b87911fee93d1e93"
    },
    {
      "address": "0x0282067253f657251724c7760de23b98cc537bb8",
      "chainId": 8453,
      "decimals": 18,
      "name": "ONG Ontology Gas Perpetual",
      "symbol": "ONGONT",
      "type": "ERC20",
      "blockListsCount": 0,
      "exchangeListsCount": 0,
      "flagListsCount": 0,
      "importedListsCount": 0,
      "logo": "https://matcha-image-proxy.api.0x.org/images/8453/0x0282067253f657251724c7760de23b98cc537bb8"
    },
    {
      "address": "0xc31cebf8f9e825d1d1244d73d0a65e44bd5210db",
      "chainId": 1,
      "decimals": 8,
      "name": "CRYNcoin",
      "symbol": "CRYN",
      "type": "ERC20",
      "hasLogo": true,
      "blockListsCount": 0,
      "exchangeListsCount": 0,
      "flagListsCount": 0,
      "importedListsCount": 2,
      "buyTax": 0,
      "sellTax": 0,
      "isInDex": false,
      "isHoneypot": false,
      "manualUnblock": false,
      "logo": "https://matcha-image-proxy.api.0x.org/images/1/0xc31cebf8f9e825d1d1244d73d0a65e44bd5210db"
    },
    {
      "address": "0xa0fad1c5bfded4cd5c80d115eafb60302a8f636d",
      "chainId": 8453,
      "decimals": 18,
      "name": "Ong",
      "symbol": "Ong",
      "type": "ERC20",
      "issuer": {
        "name": "zora",
        "metadata": {}
      },
      "blockListsCount": 0,
      "exchangeListsCount": 0,
      "flagListsCount": 0,
      "importedListsCount": 0,
      "logo": "https://matcha-image-proxy.api.0x.org/images/8453/0xa0fad1c5bfded4cd5c80d115eafb60302a8f636d"
    },
    {
      "address": "0xacd1890a4f9077c727e53b8ff40ecf87c33266d5",
      "chainId": 8453,
      "decimals": 18,
      "name": "Ong",
      "symbol": "Ong",
      "type": "ERC20",
      "issuer": {
        "name": "zora",
        "metadata": {}
      },
      "blockListsCount": 0,
      "exchangeListsCount": 0,
      "flagListsCount": 0,
      "importedListsCount": 0,
      "logo": "https://matcha-image-proxy.api.0x.org/images/8453/0xacd1890a4f9077c727e53b8ff40ecf87c33266d5"
    },
    {
      "address": "0x39c83b1de92118fadc4f69134ecb3b72e13553ca",
      "chainId": 8453,
      "decimals": 18,
      "name": "$ONG",
      "symbol": "$ONG",
      "type": "ERC20",
      "issuer": {
        "name": "zora",
        "metadata": {}
      },
      "blockListsCount": 0,
      "exchangeListsCount": 0,
      "flagListsCount": 0,
      "importedListsCount": 0,
      "logo": "https://matcha-image-proxy.api.0x.org/images/8453/0x39c83b1de92118fadc4f69134ecb3b72e13553ca"
    },
    {
      "address": "0xcac99f8a6dc8f4cdd9f4ec73d9449c7eea66cfcb",
      "chainId": 8453,
      "decimals": 18,
      "name": "ong",
      "symbol": "ong",
      "type": "ERC20",
      "issuer": {
        "name": "zora",
        "metadata": {}
      },
      "blockListsCount": 0,
      "exchangeListsCount": 0,
      "flagListsCount": 0,
      "importedListsCount": 0,
      "buyTax": null,
      "sellTax": null,
      "isInDex": false,
      "isHoneypot": false,
      "logo": "https://matcha-image-proxy.api.0x.org/images/8453/0xcac99f8a6dc8f4cdd9f4ec73d9449c7eea66cfcb"
    }
  ],
  "searchTime": "2025-12-30T01:58:50.893Z",
  "error": null
}