{
  "originalSymbol": "JTO",
  "originalFullName": "Jito",
  "searchedQuery": "JTO Jito",
  "retried": false,
  "isL1": false,
  "success": true,
  "tokenCount": 15,
  "resultCount": 3080,
  "tokens": [
    {
      "address": "J1toso1uCk3RLmjorhTtrVwY9HJ7X8V9yYac6Y7kGCPn",
      "chainId": 1399811149,
      "decimals": 9,
      "name": "Jito Staked SOL",
      "symbol": "JitoSOL",
      "type": "SPL-Token",
      "blockListsCount": 0,
      "exchangeListsCount": 0,
      "flagListsCount": 0,
      "importedListsCount": 0,
      "isHoneypot": false,
      "transactionsDaily": 2195,
      "transactionsWeekly": 2195,
      "transactionsMonthly": 2195,
      "volumeUsdDaily": 529117.1690700705,
      "volumeUsdWeekly": 529117.1690700705,
      "volumeUsdMonthly": 529117.1690700705,
      "logo": "https://matcha-image-proxy.api.0x.org/images/1399811149/J1toso1uCk3RLmjorhTtrVwY9HJ7X8V9yYac6Y7kGCPn"
    },
    {
      "address": "jtojtomepa8beP8AuQc6eXt5FriJwfFMwQx2v2f9mCL",
      "chainId": 1399811149,
      "decimals": 9,
      "name": "JITO",
      "symbol": "JTO",
      "type": "SPL-Token",
      "blockListsCount": 0,
      "exchangeListsCount": 0,
      "flagListsCount": 0,
      "importedListsCount": 0,
      "isHoneypot": false,
      "transactionsDaily": 113,
      "transactionsWeekly": 113,
      "transactionsMonthly": 113,
      "volumeUsdDaily": 2708.970874797866,
      "volumeUsdWeekly": 2708.970874797866,
      "volumeUsdMonthly": 2708.970874797866,
      "logo": "https://matcha-image-proxy.api.0x.org/images/1399811149/jtojtomepa8beP8AuQc6eXt5FriJwfFMwQx2v2f9mCL"
    },
    {
      "address": "0xb1ee6be4b3608d6d7e6d990da45c81a73f45ee50",
      "chainId": 8453,
      "decimals": 18,
      "name": "JTO Jito On Base",
      "symbol": "JTO Jito On Base",
      "type": "ERC20",
      "blockListsCount": 0,
      "exchangeListsCount": 0,
      "flagListsCount": 0,
      "importedListsCount": 0,
      "logo": "https://matcha-image-proxy.api.0x.org/images/8453/0xb1ee6be4b3608d6d7e6d990da45c81a73f45ee50"
    },
    {
      "address": "0x6dcb507336fc473766f3013967655b45b4612015",
      "chainId": 56,
      "decimals": 9,
      "name": "JTO Jito AI Presale v2",
      "symbol": "JTO Jito AI Presale v2",
      "type": "ERC20",
      "blockListsCount": 0,
      "exchangeListsCount": 0,
      "flagListsCount": 0,
      "importedListsCount": 0,
      "logo": "https://matcha-image-proxy.api.0x.org/images/56/0x6dcb507336fc473766f3013967655b45b4612015"
    },
    {
      "address": "0x3b50805453023a91a8bf641e279401a0b23fa6f9",
      "chainId": 1,
      "decimals": 18,
      "name": "Renzo",
      "symbol": "REZ",
      "type": "ERC20",
      "hasLogo": true,
      "blockListsCount": 0,
      "exchangeListsCount": 1,
      "flagListsCount": 0,
      "importedListsCount": 3,
      "buyTax": 0,
      "sellTax": 0,
      "isInDex": true,
      "isHoneypot": false,
      "manualUnblock": false,
      "transactionsHourly": 1,
      "transactionsDaily": 4,
      "transactionsWeekly": 11,
      "transactionsMonthly": 108,
      "volumeUsdHourly": 111.842946624315,
      "volumeUsdDaily": 4128.861431617304,
      "volumeUsdWeekly": 6954.064088479804,
      "volumeUsdMonthly": 32660.103533856633,
      "logo": "https://matcha-image-proxy.api.0x.org/images/1/0x3b50805453023a91a8bf641e279401a0b23fa6f9"
    },
    {
      "address": "0xf757c9804cf2ee8d8ed64e0a8936293fe43a7252",
      "chainId": 8453,
      "decimals": 18,
      "name": "Renzo",
      "symbol": "REZ",
      "type": "ERC20",
      "hasLogo": true,
      "blockListsCount": 0,
      "exchangeListsCount": 0,
      "flagListsCount": 0,
      "importedListsCount": 1,
      "buyTax": 0,
      "sellTax": 0,
      "isInDex": true,
      "isHoneypot": false,
      "manualUnblock": false,
      "transactionsHourly": 1,
      "transactionsDaily": 1,
      "transactionsWeekly": 18,
      "transactionsMonthly": 41,
      "volumeUsdHourly": 27.2905109594293,
      "volumeUsdDaily": 27.4383706222109,
      "volumeUsdWeekly": 208.1617067186497,
      "volumeUsdMonthly": 8421.436855767626,
      "logo": "https://matcha-image-proxy.api.0x.org/images/8453/0xf757c9804cf2ee8d8ed64e0a8936293fe43a7252"
    },
    {
      "address": "0x090324e6a3c5772bd7dc74b4da7ab6630fb2a921",
      "chainId": 8453,
      "decimals": 18,
      "name": "JTO Jito Perpetual",
      "symbol": "JTOJIT",
      "type": "ERC20",
      "blockListsCount": 0,
      "exchangeListsCount": 0,
      "flagListsCount": 0,
      "importedListsCount": 0,
      "logo": "https://matcha-image-proxy.api.0x.org/images/8453/0x090324e6a3c5772bd7dc74b4da7ab6630fb2a921"
    },
    {
      "address": "FRJtoBLuU72X3qgkVeBU1wXtmgQpWQmWptYsAdyyu3qT",
      "chainId": 1399811149,
      "decimals": 9,
      "name": "JTO Jito VRT",
      "symbol": "JTOVRT",
      "type": "SPL-Token",
      "blockListsCount": 0,
      "exchangeListsCount": 0,
      "flagListsCount": 0,
      "importedListsCount": 0,
      "logo": "https://matcha-image-proxy.api.0x.org/images/1399811149/FRJtoBLuU72X3qgkVeBU1wXtmgQpWQmWptYsAdyyu3qT"
    },
    {
      "address": "0x428020fcd4096a1a4645247942d762a07a77e7c1",
      "chainId": 130,
      "decimals": 18,
      "name": "Renzo Restaked Jto Long",
      "symbol": "Renzo Restaked Jto Long",
      "type": "ERC20",
      "blockListsCount": 1,
      "exchangeListsCount": 0,
      "flagListsCount": 1,
      "importedListsCount": 0,
      "manualUnblock": false,
      "logo": "https://matcha-image-proxy.api.0x.org/images/130/0x428020fcd4096a1a4645247942d762a07a77e7c1"
    },
    {
      "address": "0x05c4d6743dad1075536187a297676d02784ec7c2",
      "chainId": 8453,
      "decimals": 18,
      "name": "Jto",
      "symbol": "Jto",
      "type": "ERC20",
      "issuer": {
        "name": "zora",
        "metadata": {}
      },
      "blockListsCount": 0,
      "exchangeListsCount": 0,
      "flagListsCount": 0,
      "importedListsCount": 0,
      "logo": "https://matcha-image-proxy.api.0x.org/images/8453/0x05c4d6743dad1075536187a297676d02784ec7c2"
    },
    {
      "address": "0x8f3846f4e7abb652eec1d19c58379978c1e43a0d",
      "chainId": 8453,
      "decimals": 18,
      "name": "jto",
      "symbol": "jto",
      "type": "ERC20",
      "issuer": {
        "name": "zora",
        "metadata": {}
      },
      "blockListsCount": 0,
      "exchangeListsCount": 0,
      "flagListsCount": 0,
      "importedListsCount": 0,
      "logo": "https://matcha-image-proxy.api.0x.org/images/8453/0x8f3846f4e7abb652eec1d19c58379978c1e43a0d"
    },
    {
      "address": "0x2c619de42a76e3c2a5dc7ab40895284628cafbf5",
      "chainId": 8453,
      "decimals": 18,
      "name": "Jto",
      "symbol": "Jto",
      "type": "ERC20",
      "issuer": {
        "name": "zora",
        "metadata": {}
      },
      "blockListsCount": 0,
      "exchangeListsCount": 0,
      "flagListsCount": 0,
      "importedListsCount": 0,
      "logo": "https://matcha-image-proxy.api.0x.org/images/8453/0x2c619de42a76e3c2a5dc7ab40895284628cafbf5"
    },
    {
      "address": "0x67dedbebe630e7a96fcfc56413612519382c0702",
      "chainId": 8453,
      "decimals": 18,
      "name": "JTO",
      "symbol": "JTO",
      "type": "ERC20",
      "issuer": {
        "name": "zora",
        "metadata": {}
      },
      "blockListsCount": 0,
      "exchangeListsCount": 0,
      "flagListsCount": 0,
      "importedListsCount": 0,
      "logo": "https://matcha-image-proxy.api.0x.org/images/8453/0x67dedbebe630e7a96fcfc56413612519382c0702"
    },
    {
      "address": "0xf9d070b4b3ec05ccaebbbd6b7cdb295f1b643c3c",
      "chainId": 8453,
      "decimals": 18,
      "name": "JTO",
      "symbol": "JTO",
      "type": "ERC20",
      "issuer": {
        "name": "zora",
        "metadata": {}
      },
      "blockListsCount": 0,
      "exchangeListsCount": 0,
      "flagListsCount": 0,
      "importedListsCount": 0,
      "logo": "https://matcha-image-proxy.api.0x.org/images/8453/0xf9d070b4b3ec05ccaebbbd6b7cdb295f1b643c3c"
    },
    {
      "address": "0x6b507de9244e867879cac182bbd4c0c584dd1b46",
      "chainId": 8453,
      "decimals": 18,
      "name": "What is Jito Labs (JTO)?...",
      "symbol": "What is Jito Labs (JTO)?...",
      "type": "ERC20",
      "issuer": {
        "name": "zora",
        "metadata": {}
      },
      "blockListsCount": 0,
      "exchangeListsCount": 0,
      "flagListsCount": 0,
      "importedListsCount": 0,
      "buyTax": 0,
      "sellTax": 0,
      "isInDex": true,
      "isHoneypot": false,
      "logo": "https://matcha-image-proxy.api.0x.org/images/8453/0x6b507de9244e867879cac182bbd4c0c584dd1b46"
    }
  ],
  "searchTime": "2025-12-30T01:57:07.775Z",
  "error": null
}