{
  "originalSymbol": "VET",
  "originalFullName": "VeChain",
  "searchedQuery": "VET VeChain",
  "retried": false,
  "isL1": false,
  "success": true,
  "tokenCount": 15,
  "resultCount": 2741,
  "tokens": [
    {
      "address": "0x6fdcdfef7c496407ccb0cec90f9c5aaa1cc8d888",
      "chainId": 56,
      "decimals": 18,
      "name": "VeChain",
      "symbol": "VET",
      "type": "ERC20",
      "hasLogo": true,
      "issuer": {
        "name": "binance",
        "metadata": {}
      },
      "blockListsCount": 0,
      "exchangeListsCount": 0,
      "flagListsCount": 0,
      "importedListsCount": 0,
      "buyTax": 0,
      "sellTax": 0,
      "isInDex": true,
      "isHoneypot": false,
      "transactionsHourly": 1,
      "transactionsDaily": 8,
      "transactionsWeekly": 43,
      "transactionsMonthly": 216,
      "volumeUsdHourly": 0.771698457975548,
      "volumeUsdDaily": 45.4390860974393,
      "volumeUsdWeekly": 3694.204567481599,
      "volumeUsdMonthly": 20919.26688670098,
      "logo": "https://matcha-image-proxy.api.0x.org/images/56/0x6fdcdfef7c496407ccb0cec90f9c5aaa1cc8d888"
    },
    {
      "address": "0x669fd277039651aa91005735c6d08259267670f6",
      "chainId": 8453,
      "decimals": 18,
      "name": ",VET VeChain: Secure the Future of Blockchain",
      "symbol": ",VET VeChain: Secure the Future of Blockchain",
      "type": "ERC20",
      "issuer": {
        "name": "zora",
        "metadata": {}
      },
      "blockListsCount": 0,
      "exchangeListsCount": 0,
      "flagListsCount": 0,
      "importedListsCount": 0,
      "logo": "https://matcha-image-proxy.api.0x.org/images/8453/0x669fd277039651aa91005735c6d08259267670f6"
    },
    {
      "address": "0x15ee4d375b686a5ba4c20a7d708eac40d41a9392",
      "chainId": 56,
      "decimals": 18,
      "name": "VET VeChain 2026",
      "symbol": "VET VeChain 2026",
      "type": "ERC20",
      "blockListsCount": 0,
      "exchangeListsCount": 0,
      "flagListsCount": 0,
      "importedListsCount": 0,
      "logo": "https://matcha-image-proxy.api.0x.org/images/56/0x15ee4d375b686a5ba4c20a7d708eac40d41a9392"
    },
    {
      "address": "0xe1aab296951d239bd38978d35a39e8863d8ba97f",
      "chainId": 8453,
      "decimals": 18,
      "name": "VET VeChain On Base",
      "symbol": "VET VeChain On Base",
      "type": "ERC20",
      "blockListsCount": 0,
      "exchangeListsCount": 0,
      "flagListsCount": 0,
      "importedListsCount": 0,
      "logo": "https://matcha-image-proxy.api.0x.org/images/8453/0xe1aab296951d239bd38978d35a39e8863d8ba97f"
    },
    {
      "address": "0x13d5af4f914720323709d007715fed855c506698",
      "chainId": 56,
      "decimals": 18,
      "name": "VET VeChain AI Presale v2",
      "symbol": "VET VeChain AI Presale v2",
      "type": "ERC20",
      "blockListsCount": 0,
      "exchangeListsCount": 0,
      "flagListsCount": 0,
      "importedListsCount": 0,
      "logo": "https://matcha-image-proxy.api.0x.org/images/56/0x13d5af4f914720323709d007715fed855c506698"
    },
    {
      "address": "0xd38b305cac06990c0887032a02c03d6839f770a8",
      "chainId": 56,
      "decimals": 18,
      "name": "LEGACY TOKEN",
      "symbol": "LGCT",
      "type": "ERC20",
      "hasLogo": true,
      "blockListsCount": 0,
      "exchangeListsCount": 0,
      "flagListsCount": 0,
      "importedListsCount": 1,
      "buyTax": 0,
      "sellTax": 0,
      "isInDex": true,
      "isHoneypot": false,
      "manualUnblock": false,
      "transactionsHourly": 1,
      "transactionsDaily": 52,
      "transactionsWeekly": 60,
      "transactionsMonthly": 106,
      "volumeUsdHourly": 48.1758207210498,
      "volumeUsdDaily": 4824.19866026631,
      "volumeUsdWeekly": 5260.134994461,
      "volumeUsdMonthly": 9252.21588454516,
      "logo": "https://matcha-image-proxy.api.0x.org/images/56/0xd38b305cac06990c0887032a02c03d6839f770a8"
    },
    {
      "address": "0x655a51e6803faf50d4ace80fa501af2f29c856cf",
      "chainId": 8453,
      "decimals": 18,
      "name": "PAID Network",
      "symbol": "PAID",
      "type": "ERC20",
      "hasLogo": true,
      "blockListsCount": 0,
      "exchangeListsCount": 0,
      "flagListsCount": 0,
      "importedListsCount": 1,
      "buyTax": 0,
      "sellTax": 0,
      "isInDex": true,
      "isHoneypot": false,
      "manualUnblock": false,
      "transactionsHourly": 1,
      "transactionsDaily": 2,
      "transactionsWeekly": 11,
      "transactionsMonthly": 200,
      "volumeUsdHourly": 1.56886113982676,
      "volumeUsdDaily": 35.19741435051996,
      "volumeUsdWeekly": 664.3174355068927,
      "volumeUsdMonthly": 17232.573906403235,
      "logo": "https://matcha-image-proxy.api.0x.org/images/8453/0x655a51e6803faf50d4ace80fa501af2f29c856cf"
    },
    {
      "address": "0x2b72867c32cf673f7b02d208b26889fed353b1f8",
      "chainId": 56,
      "decimals": 8,
      "name": "Magic Square",
      "symbol": "SQR",
      "type": "ERC20",
      "hasLogo": true,
      "blockListsCount": 0,
      "exchangeListsCount": 0,
      "flagListsCount": 0,
      "importedListsCount": 1,
      "buyTax": 0,
      "sellTax": 0,
      "isInDex": true,
      "isHoneypot": false,
      "manualUnblock": false,
      "transactionsHourly": 1,
      "transactionsDaily": 3,
      "transactionsWeekly": 14,
      "transactionsMonthly": 49,
      "volumeUsdHourly": 0.29309942494743,
      "volumeUsdDaily": 23.31746447383248,
      "volumeUsdWeekly": 92.24906343834144,
      "volumeUsdMonthly": 438.15647563453086,
      "logo": "https://matcha-image-proxy.api.0x.org/images/56/0x2b72867c32cf673f7b02d208b26889fed353b1f8"
    },
    {
      "address": "0xd16fd95d949f996e3808eeea0e3881c59e76ef1e",
      "chainId": 1,
      "decimals": 18,
      "name": "ParaWerx",
      "symbol": "PARA",
      "type": "ERC20",
      "hasLogo": true,
      "blockListsCount": 0,
      "exchangeListsCount": 0,
      "flagListsCount": 0,
      "importedListsCount": 2,
      "buyTax": 0,
      "sellTax": 0.07,
      "isInDex": true,
      "isHoneypot": false,
      "manualUnblock": false,
      "transactionsHourly": 1,
      "transactionsDaily": 1,
      "transactionsWeekly": 1,
      "transactionsMonthly": 8,
      "volumeUsdHourly": 2738.15796880768,
      "volumeUsdDaily": 2749.27562731788,
      "volumeUsdWeekly": 2749.27562731788,
      "volumeUsdMonthly": 3631.8029378547303,
      "logo": "https://matcha-image-proxy.api.0x.org/images/1/0xd16fd95d949f996e3808eeea0e3881c59e76ef1e"
    },
    {
      "address": "0x799ebfabe77a6e34311eeee9825190b9ece32824",
      "chainId": 1,
      "decimals": 18,
      "name": "BTRST",
      "symbol": "BTRST",
      "type": "ERC20",
      "hasLogo": true,
      "blockListsCount": 0,
      "exchangeListsCount": 1,
      "flagListsCount": 0,
      "importedListsCount": 4,
      "buyTax": 0,
      "sellTax": 0,
      "isInDex": true,
      "isHoneypot": false,
      "manualUnblock": false,
      "transactionsHourly": 1,
      "transactionsDaily": 1,
      "transactionsWeekly": 7,
      "transactionsMonthly": 16,
      "volumeUsdHourly": 13.6549348600943,
      "volumeUsdDaily": 13.6549348600943,
      "volumeUsdWeekly": 219.66949995474204,
      "volumeUsdMonthly": 511.36333391570207,
      "logo": "https://matcha-image-proxy.api.0x.org/images/1/0x799ebfabe77a6e34311eeee9825190b9ece32824"
    },
    {
      "address": "0xc6c8cde8ca0cdcc8fee6a9370f26be82998f8556",
      "chainId": 8453,
      "decimals": 18,
      "name": "VET VeChain Perpetual",
      "symbol": "VETVEC",
      "type": "ERC20",
      "blockListsCount": 0,
      "exchangeListsCount": 0,
      "flagListsCount": 0,
      "importedListsCount": 0,
      "logo": "https://matcha-image-proxy.api.0x.org/images/8453/0xc6c8cde8ca0cdcc8fee6a9370f26be82998f8556"
    },
    {
      "address": "63fz29FNTmDjwhGajuY8v1hGAJmh3PH6TSPojmVLpump",
      "chainId": 1399811149,
      "decimals": 6,
      "name": "Boba vet fund",
      "symbol": "BOBA",
      "type": "SPL-Token",
      "blockListsCount": 1,
      "exchangeListsCount": 0,
      "flagListsCount": 1,
      "importedListsCount": 0,
      "manualUnblock": false,
      "logo": "https://matcha-image-proxy.api.0x.org/images/1399811149/63fz29FNTmDjwhGajuY8v1hGAJmh3PH6TSPojmVLpump"
    },
    {
      "address": "0x7ea4def2769445f45b0066f8fc3d54571f3ab21f",
      "chainId": 8453,
      "decimals": 18,
      "name": "Vet",
      "symbol": "Vet",
      "type": "ERC20",
      "issuer": {
        "name": "zora",
        "metadata": {}
      },
      "blockListsCount": 0,
      "exchangeListsCount": 0,
      "flagListsCount": 0,
      "importedListsCount": 0,
      "logo": "https://matcha-image-proxy.api.0x.org/images/8453/0x7ea4def2769445f45b0066f8fc3d54571f3ab21f"
    },
    {
      "address": "0x3c2c601d699dade8dd3af0e6c73237dfebddae69",
      "chainId": 8453,
      "decimals": 18,
      "name": "Vet",
      "symbol": "Vet",
      "type": "ERC20",
      "issuer": {
        "name": "zora",
        "metadata": {}
      },
      "blockListsCount": 0,
      "exchangeListsCount": 0,
      "flagListsCount": 0,
      "importedListsCount": 0,
      "logo": "https://matcha-image-proxy.api.0x.org/images/8453/0x3c2c601d699dade8dd3af0e6c73237dfebddae69"
    },
    {
      "address": "0x6372bd2769c74443fb7b8c89e0012334a5e0bca1",
      "chainId": 8453,
      "decimals": 18,
      "name": "Vet",
      "symbol": "Vet",
      "type": "ERC20",
      "issuer": {
        "name": "zora",
        "metadata": {}
      },
      "blockListsCount": 0,
      "exchangeListsCount": 0,
      "flagListsCount": 0,
      "importedListsCount": 0,
      "logo": "https://matcha-image-proxy.api.0x.org/images/8453/0x6372bd2769c74443fb7b8c89e0012334a5e0bca1"
    }
  ],
  "searchTime": "2025-12-30T01:58:03.423Z",
  "error": null
}