{
  "originalSymbol": "AXL",
  "originalFullName": "Axelar",
  "searchedQuery": "AXL Axelar",
  "retried": false,
  "isL1": false,
  "success": true,
  "tokenCount": 15,
  "resultCount": 2238,
  "tokens": [
    {
      "address": "0xeb466342c4d449bc9f53a865d5cb90586f405215",
      "chainId": 8453,
      "decimals": 6,
      "name": "Axelar Wrapped USDC",
      "symbol": "axlUSDC",
      "type": "ERC20",
      "hasLogo": true,
      "blockListsCount": 0,
      "exchangeListsCount": 0,
      "flagListsCount": 0,
      "importedListsCount": 1,
      "buyTax": 0,
      "sellTax": 0,
      "isInDex": true,
      "isHoneypot": false,
      "manualUnblock": false,
      "transactionsHourly": 1,
      "transactionsDaily": 32,
      "transactionsWeekly": 602,
      "transactionsMonthly": 7006,
      "volumeUsdHourly": 5.00367288921084,
      "volumeUsdDaily": 4819.22539792211,
      "volumeUsdWeekly": 444485.344821287,
      "volumeUsdMonthly": 5246590.396367977,
      "logo": "https://matcha-image-proxy.api.0x.org/images/8453/0xeb466342c4d449bc9f53a865d5cb90586f405215"
    },
    {
      "address": "0xcc451411cfc2aa2ea2ac84ee3ea6ad468e1a3d27",
      "chainId": 8453,
      "decimals": 18,
      "name": "AXL (Axelar) NFT",
      "symbol": "AXL (Axelar) NFT",
      "type": "ERC20",
      "issuer": {
        "name": "zora",
        "metadata": {}
      },
      "blockListsCount": 0,
      "exchangeListsCount": 0,
      "flagListsCount": 0,
      "importedListsCount": 0,
      "logo": "https://matcha-image-proxy.api.0x.org/images/8453/0xcc451411cfc2aa2ea2ac84ee3ea6ad468e1a3d27"
    },
    {
      "address": "0x4268b8f0b87b6eae5d897996e6b845ddbd99adf3",
      "chainId": 56,
      "decimals": 6,
      "name": "Axelar Wrapped USDC",
      "symbol": "axlUSDC",
      "type": "ERC20",
      "hasLogo": true,
      "blockListsCount": 0,
      "exchangeListsCount": 0,
      "flagListsCount": 0,
      "importedListsCount": 1,
      "buyTax": 0,
      "sellTax": 0,
      "isInDex": true,
      "isHoneypot": false,
      "manualUnblock": false,
      "transactionsHourly": 1,
      "transactionsDaily": 13,
      "transactionsWeekly": 60,
      "transactionsMonthly": 224,
      "volumeUsdHourly": 4998.60758188261,
      "volumeUsdDaily": 79988.64973398692,
      "volumeUsdWeekly": 510058.4573448438,
      "volumeUsdMonthly": 2249848.5495089055,
      "logo": "https://matcha-image-proxy.api.0x.org/images/56/0x4268b8f0b87b6eae5d897996e6b845ddbd99adf3"
    },
    {
      "address": "0x23ee2343b892b1bb63503a4fabc840e0e2c6810f",
      "chainId": 8453,
      "decimals": 6,
      "name": "Axelar",
      "symbol": "AXL",
      "type": "ERC20",
      "hasLogo": true,
      "blockListsCount": 0,
      "exchangeListsCount": 0,
      "flagListsCount": 0,
      "importedListsCount": 1,
      "buyTax": 0,
      "sellTax": 0,
      "isInDex": true,
      "isHoneypot": false,
      "manualUnblock": false,
      "transactionsHourly": 1,
      "transactionsDaily": 6,
      "transactionsWeekly": 42,
      "transactionsMonthly": 229,
      "volumeUsdHourly": 7.12698715868465,
      "volumeUsdDaily": 80.79238380887458,
      "volumeUsdWeekly": 760.437235641533,
      "volumeUsdMonthly": 6615.816380937045,
      "logo": "https://matcha-image-proxy.api.0x.org/images/8453/0x23ee2343b892b1bb63503a4fabc840e0e2c6810f"
    },
    {
      "address": "0xd07379a755a8f11b57610154861d694b2a0f615a",
      "chainId": 8453,
      "decimals": 18,
      "name": "BASE",
      "symbol": "BASE",
      "type": "ERC20",
      "hasLogo": true,
      "blockListsCount": 0,
      "exchangeListsCount": 0,
      "flagListsCount": 0,
      "importedListsCount": 1,
      "buyTax": 0,
      "sellTax": 0,
      "isInDex": true,
      "isHoneypot": false,
      "manualUnblock": false,
      "transactionsHourly": 1,
      "transactionsDaily": 35,
      "transactionsWeekly": 266,
      "transactionsMonthly": 986,
      "volumeUsdHourly": 119.579518444951,
      "volumeUsdDaily": 1848.2699307211503,
      "volumeUsdWeekly": 12924.376373019664,
      "volumeUsdMonthly": 40329.009742306145,
      "logo": "https://matcha-image-proxy.api.0x.org/images/8453/0xd07379a755a8f11b57610154861d694b2a0f615a"
    },
    {
      "address": "0x11e969e9b3f89cb16d686a03cd8508c9fc0361af",
      "chainId": 42161,
      "decimals": 6,
      "name": "Axelar Wrapped LAVA",
      "symbol": "LAVA",
      "type": "ERC20",
      "hasLogo": true,
      "blockListsCount": 0,
      "exchangeListsCount": 0,
      "flagListsCount": 0,
      "importedListsCount": 1,
      "buyTax": 0,
      "sellTax": 0,
      "isInDex": true,
      "isHoneypot": false,
      "manualUnblock": false,
      "transactionsHourly": 1,
      "transactionsDaily": 2,
      "transactionsWeekly": 114,
      "transactionsMonthly": 1144,
      "volumeUsdHourly": 834.837563850337,
      "volumeUsdDaily": 1238.96161266144,
      "volumeUsdWeekly": 71668.52099484867,
      "volumeUsdMonthly": 383922.8893457463,
      "logo": "https://matcha-image-proxy.api.0x.org/images/42161/0x11e969e9b3f89cb16d686a03cd8508c9fc0361af"
    },
    {
      "address": "0x197628dfee42e77ea90cc1a964fc0ea39717d1fe",
      "chainId": 8453,
      "decimals": 18,
      "name": "AXL Axelar On Base",
      "symbol": "AXL Axelar On Base",
      "type": "ERC20",
      "blockListsCount": 0,
      "exchangeListsCount": 0,
      "flagListsCount": 0,
      "importedListsCount": 0,
      "logo": "https://matcha-image-proxy.api.0x.org/images/8453/0x197628dfee42e77ea90cc1a964fc0ea39717d1fe"
    },
    {
      "address": "0xe76f12317c17ed4f992f6d0d042b7c6f61eccd9a",
      "chainId": 56,
      "decimals": 18,
      "name": "AXL Axelar On Binance Alpha",
      "symbol": "AXL Axelar",
      "type": "ERC20",
      "blockListsCount": 0,
      "exchangeListsCount": 0,
      "flagListsCount": 0,
      "importedListsCount": 0,
      "logo": "https://matcha-image-proxy.api.0x.org/images/56/0xe76f12317c17ed4f992f6d0d042b7c6f61eccd9a"
    },
    {
      "address": "0xdc728a2388047168f1e7087be3751c717e2d289c",
      "chainId": 56,
      "decimals": 9,
      "name": "AXL Axelar AI Presale v2",
      "symbol": "AXL Axelar AI Presale v2",
      "type": "ERC20",
      "blockListsCount": 0,
      "exchangeListsCount": 0,
      "flagListsCount": 0,
      "importedListsCount": 0,
      "logo": "https://matcha-image-proxy.api.0x.org/images/56/0xdc728a2388047168f1e7087be3751c717e2d289c"
    },
    {
      "address": "0x467719ad09025fcc6cf6f8311755809d45a5e5f3",
      "chainId": 1,
      "decimals": 6,
      "name": "Axelar",
      "symbol": "AXL",
      "type": "ERC20",
      "hasLogo": true,
      "blockListsCount": 0,
      "exchangeListsCount": 1,
      "flagListsCount": 0,
      "importedListsCount": 3,
      "buyTax": 0,
      "sellTax": 0,
      "isInDex": true,
      "isHoneypot": false,
      "manualUnblock": false,
      "transactionsHourly": 1,
      "transactionsDaily": 1,
      "transactionsWeekly": 37,
      "transactionsMonthly": 214,
      "volumeUsdHourly": 73.9955865395355,
      "volumeUsdDaily": 73.9955865395355,
      "volumeUsdWeekly": 4353.523521506759,
      "volumeUsdMonthly": 40911.10136511869,
      "logo": "https://matcha-image-proxy.api.0x.org/images/1/0x467719ad09025fcc6cf6f8311755809d45a5e5f3"
    },
    {
      "address": "0xeb466342c4d449bc9f53a865d5cb90586f405215",
      "chainId": 42161,
      "decimals": 6,
      "name": "Axelar Wrapped USDC",
      "symbol": "axlUSDC",
      "type": "ERC20",
      "hasLogo": true,
      "blockListsCount": 0,
      "exchangeListsCount": 0,
      "flagListsCount": 0,
      "importedListsCount": 1,
      "buyTax": 0,
      "sellTax": 0,
      "isInDex": true,
      "isHoneypot": false,
      "manualUnblock": false,
      "transactionsHourly": 1,
      "transactionsDaily": 1,
      "transactionsWeekly": 28,
      "transactionsMonthly": 153,
      "volumeUsdHourly": 9999.47369186253,
      "volumeUsdDaily": 10002.8982980697,
      "volumeUsdWeekly": 170853.3664949004,
      "volumeUsdMonthly": 973264.871680312,
      "logo": "https://matcha-image-proxy.api.0x.org/images/42161/0xeb466342c4d449bc9f53a865d5cb90586f405215"
    },
    {
      "address": "0x11e969e9b3f89cb16d686a03cd8508c9fc0361af",
      "chainId": 8453,
      "decimals": 6,
      "name": "Axelar Wrapped LAVA",
      "symbol": "LAVA",
      "type": "ERC20",
      "hasLogo": true,
      "blockListsCount": 0,
      "exchangeListsCount": 0,
      "flagListsCount": 0,
      "importedListsCount": 1,
      "buyTax": 0,
      "sellTax": 0,
      "isInDex": true,
      "isHoneypot": false,
      "manualUnblock": false,
      "transactionsHourly": 1,
      "transactionsDaily": 2,
      "transactionsWeekly": 104,
      "transactionsMonthly": 452,
      "volumeUsdHourly": 0.0101243967719139,
      "volumeUsdDaily": 49.32600714606861,
      "volumeUsdWeekly": 11343.811837825026,
      "volumeUsdMonthly": 76478.6884713469,
      "logo": "https://matcha-image-proxy.api.0x.org/images/8453/0x11e969e9b3f89cb16d686a03cd8508c9fc0361af"
    },
    {
      "address": "0x750e4c4984a9e0f12978ea6742bc1c5d248f40ed",
      "chainId": 137,
      "decimals": 6,
      "name": "Axelar Wrapped USDC",
      "symbol": "axlUSDC",
      "type": "ERC20",
      "hasLogo": true,
      "blockListsCount": 0,
      "exchangeListsCount": 0,
      "flagListsCount": 0,
      "importedListsCount": 1,
      "buyTax": 0,
      "sellTax": 0,
      "isInDex": true,
      "isHoneypot": false,
      "manualUnblock": false,
      "transactionsHourly": 1,
      "transactionsDaily": 2,
      "transactionsWeekly": 14,
      "transactionsMonthly": 68,
      "volumeUsdHourly": 0.712275811756826,
      "volumeUsdDaily": 5001.922710862447,
      "volumeUsdWeekly": 28331.45510258649,
      "volumeUsdMonthly": 297025.3637277632,
      "logo": "https://matcha-image-proxy.api.0x.org/images/137/0x750e4c4984a9e0f12978ea6742bc1c5d248f40ed"
    },
    {
      "address": "0x8b1f4432f943c465a973fedc6d7aa50fc96f1f65",
      "chainId": 56,
      "decimals": 6,
      "name": "Axelar",
      "symbol": "AXL",
      "type": "ERC20",
      "hasLogo": true,
      "blockListsCount": 0,
      "exchangeListsCount": 0,
      "flagListsCount": 0,
      "importedListsCount": 2,
      "buyTax": 0,
      "sellTax": 0,
      "isInDex": true,
      "isHoneypot": false,
      "manualUnblock": false,
      "transactionsHourly": 1,
      "transactionsDaily": 1,
      "transactionsWeekly": 9,
      "transactionsMonthly": 66,
      "volumeUsdHourly": 21.0554245556917,
      "volumeUsdDaily": 21.0554245556917,
      "volumeUsdWeekly": 214.53445305442193,
      "volumeUsdMonthly": 1683.0855721519983,
      "logo": "https://matcha-image-proxy.api.0x.org/images/56/0x8b1f4432f943c465a973fedc6d7aa50fc96f1f65"
    },
    {
      "address": "0xfab550568c688d5d8a52c7d794cb93edc26ec0ec",
      "chainId": 43114,
      "decimals": 6,
      "name": "Axelar Wrapped USDC",
      "symbol": "axlUSDC",
      "type": "ERC20",
      "hasLogo": true,
      "blockListsCount": 0,
      "exchangeListsCount": 0,
      "flagListsCount": 0,
      "importedListsCount": 1,
      "buyTax": null,
      "sellTax": null,
      "isInDex": true,
      "isHoneypot": false,
      "manualUnblock": false,
      "transactionsHourly": 1,
      "transactionsDaily": 1,
      "transactionsWeekly": 9,
      "transactionsMonthly": 49,
      "volumeUsdHourly": 10001.1958996862,
      "volumeUsdDaily": 10003.9104970158,
      "volumeUsdWeekly": 55049.2197743876,
      "volumeUsdMonthly": 325057.7110247951,
      "logo": "https://matcha-image-proxy.api.0x.org/images/43114/0xfab550568c688d5d8a52c7d794cb93edc26ec0ec"
    }
  ],
  "searchTime": "2025-12-30T01:57:37.504Z",
  "error": null
}