{
  "originalSymbol": "EGLD",
  "originalFullName": "MultiversX",
  "searchedQuery": "EGLD MultiversX",
  "retried": true,
  "isL1": true,
  "success": true,
  "tokenCount": 15,
  "resultCount": 729,
  "tokens": [
    {
      "address": "0xc32de64fde556a18e6d7f53be160efb776f32e51",
      "chainId": 8453,
      "decimals": 9,
      "name": "Xvg Wegld",
      "symbol": "Xvg Wegld",
      "type": "ERC20",
      "blockListsCount": 0,
      "exchangeListsCount": 0,
      "flagListsCount": 0,
      "importedListsCount": 0,
      "logo": "https://matcha-image-proxy.api.0x.org/images/8453/0xc32de64fde556a18e6d7f53be160efb776f32e51"
    },
    {
      "address": "0xfd0710ea094124926d67dd75c2d8cd7a5c5b3c81",
      "chainId": 130,
      "decimals": 18,
      "name": "Solid Wegld",
      "symbol": "Solid Wegld",
      "type": "ERC20",
      "blockListsCount": 0,
      "exchangeListsCount": 0,
      "flagListsCount": 0,
      "importedListsCount": 0,
      "logo": "https://matcha-image-proxy.api.0x.org/images/130/0xfd0710ea094124926d67dd75c2d8cd7a5c5b3c81"
    },
    {
      "address": "0x25b28e429a11204f24831d61183a7ddc5392f503",
      "chainId": 130,
      "decimals": 18,
      "name": "Solid Wegld",
      "symbol": "Solid Wegld",
      "type": "ERC20",
      "blockListsCount": 0,
      "exchangeListsCount": 0,
      "flagListsCount": 0,
      "importedListsCount": 0,
      "logo": "https://matcha-image-proxy.api.0x.org/images/130/0x25b28e429a11204f24831d61183a7ddc5392f503"
    },
    {
      "address": "0x4adb5ce9a347faa81626c5352ceb0a19789ad1dc",
      "chainId": 130,
      "decimals": 18,
      "name": "Rate Wegld",
      "symbol": "Rate Wegld",
      "type": "ERC20",
      "blockListsCount": 0,
      "exchangeListsCount": 0,
      "flagListsCount": 0,
      "importedListsCount": 0,
      "logo": "https://matcha-image-proxy.api.0x.org/images/130/0x4adb5ce9a347faa81626c5352ceb0a19789ad1dc"
    },
    {
      "address": "0xf6ebb373f1e1fa1bbdb2f88fa1b989bba726d482",
      "chainId": 130,
      "decimals": 18,
      "name": "WEGLD ETF",
      "symbol": "WEGLD ETF",
      "type": "ERC20",
      "blockListsCount": 0,
      "exchangeListsCount": 0,
      "flagListsCount": 0,
      "importedListsCount": 0,
      "logo": "https://matcha-image-proxy.api.0x.org/images/130/0xf6ebb373f1e1fa1bbdb2f88fa1b989bba726d482"
    },
    {
      "address": "0x7e0639b4dcd1178c656d575617e31fabd69ae230",
      "chainId": 8453,
      "decimals": 9,
      "name": "Handhelds Wegld",
      "symbol": "Handhelds Wegld",
      "type": "ERC20",
      "blockListsCount": 0,
      "exchangeListsCount": 0,
      "flagListsCount": 0,
      "importedListsCount": 0,
      "logo": "https://matcha-image-proxy.api.0x.org/images/8453/0x7e0639b4dcd1178c656d575617e31fabd69ae230"
    },
    {
      "address": "0xa956052005bd8bfed7ac3fa58bbab99ac6de1780",
      "chainId": 8453,
      "decimals": 9,
      "name": "Gef Wegld",
      "symbol": "Gef Wegld",
      "type": "ERC20",
      "blockListsCount": 0,
      "exchangeListsCount": 0,
      "flagListsCount": 0,
      "importedListsCount": 0,
      "logo": "https://matcha-image-proxy.api.0x.org/images/8453/0xa956052005bd8bfed7ac3fa58bbab99ac6de1780"
    },
    {
      "address": "0x1c714a4ab9da539f86becbb0f678c983fa2f7eae",
      "chainId": 8453,
      "decimals": 9,
      "name": "Wegld Versagames",
      "symbol": "Wegld Versagames",
      "type": "ERC20",
      "blockListsCount": 0,
      "exchangeListsCount": 0,
      "flagListsCount": 0,
      "importedListsCount": 0,
      "logo": "https://matcha-image-proxy.api.0x.org/images/8453/0x1c714a4ab9da539f86becbb0f678c983fa2f7eae"
    },
    {
      "address": "0xfb608f8ca55f78a01d9ba3aad83872f45f1e513d",
      "chainId": 130,
      "decimals": 18,
      "name": "Wegld Bbsnek",
      "symbol": "Wegld Bbsnek",
      "type": "ERC20",
      "blockListsCount": 0,
      "exchangeListsCount": 0,
      "flagListsCount": 0,
      "importedListsCount": 0,
      "logo": "https://matcha-image-proxy.api.0x.org/images/130/0xfb608f8ca55f78a01d9ba3aad83872f45f1e513d"
    },
    {
      "address": "0xeb0729744b296fd634507d9895fbc3413390c235",
      "chainId": 130,
      "decimals": 18,
      "name": "Gictrade Wegld",
      "symbol": "Gictrade Wegld",
      "type": "ERC20",
      "blockListsCount": 0,
      "exchangeListsCount": 0,
      "flagListsCount": 0,
      "importedListsCount": 0,
      "logo": "https://matcha-image-proxy.api.0x.org/images/130/0xeb0729744b296fd634507d9895fbc3413390c235"
    },
    {
      "address": "0x4f23293b1e4b008b74e9e8b0427c604b8aa17ddd",
      "chainId": 8453,
      "decimals": 9,
      "name": "Wegld Andromeda",
      "symbol": "Wegld Andromeda",
      "type": "ERC20",
      "blockListsCount": 0,
      "exchangeListsCount": 0,
      "flagListsCount": 0,
      "importedListsCount": 0,
      "logo": "https://matcha-image-proxy.api.0x.org/images/8453/0x4f23293b1e4b008b74e9e8b0427c604b8aa17ddd"
    },
    {
      "address": "0xa098877569a6103d91e89f6ebb764a9ae0f1cfe8",
      "chainId": 130,
      "decimals": 18,
      "name": "Pavia Wegld",
      "symbol": "Pavia Wegld",
      "type": "ERC20",
      "blockListsCount": 0,
      "exchangeListsCount": 0,
      "flagListsCount": 0,
      "importedListsCount": 0,
      "logo": "https://matcha-image-proxy.api.0x.org/images/130/0xa098877569a6103d91e89f6ebb764a9ae0f1cfe8"
    },
    {
      "address": "0x18ae7c0aa337493c2de424942befea85b802284f",
      "chainId": 130,
      "decimals": 18,
      "name": "Ccx Wegld",
      "symbol": "Ccx Wegld",
      "type": "ERC20",
      "blockListsCount": 0,
      "exchangeListsCount": 0,
      "flagListsCount": 0,
      "importedListsCount": 0,
      "logo": "https://matcha-image-proxy.api.0x.org/images/130/0x18ae7c0aa337493c2de424942befea85b802284f"
    },
    {
      "address": "0x9a4c819c5b25df04f0b7e386f69ca89918147c43",
      "chainId": 130,
      "decimals": 18,
      "name": "Wegld Tera",
      "symbol": "Wegld Tera",
      "type": "ERC20",
      "blockListsCount": 0,
      "exchangeListsCount": 0,
      "flagListsCount": 0,
      "importedListsCount": 0,
      "logo": "https://matcha-image-proxy.api.0x.org/images/130/0x9a4c819c5b25df04f0b7e386f69ca89918147c43"
    },
    {
      "address": "0xf507f9c8b33496c0279fe89723b6532ca368e9f1",
      "chainId": 130,
      "decimals": 18,
      "name": "Shezmu Wegld",
      "symbol": "Shezmu Wegld",
      "type": "ERC20",
      "blockListsCount": 0,
      "exchangeListsCount": 0,
      "flagListsCount": 0,
      "importedListsCount": 0,
      "logo": "https://matcha-image-proxy.api.0x.org/images/130/0xf507f9c8b33496c0279fe89723b6532ca368e9f1"
    }
  ],
  "searchTime": "2025-12-30T01:57:23.726Z",
  "error": null
}