{
  "originalSymbol": "RVN",
  "originalFullName": "Ravencoin",
  "searchedQuery": "RVN Ravencoin",
  "retried": true,
  "isL1": true,
  "success": true,
  "tokenCount": 15,
  "resultCount": 620,
  "tokens": [
    {
      "address": "0x2733bf6884f4c7f5eac01730f8e876f807f29a20",
      "chainId": 130,
      "decimals": 18,
      "name": "Ravencoin Classic Microsoft 6900",
      "symbol": "Ravencoin Classic Microsoft 6900",
      "type": "ERC20",
      "blockListsCount": 1,
      "exchangeListsCount": 0,
      "flagListsCount": 1,
      "importedListsCount": 0,
      "manualUnblock": false,
      "logo": "https://matcha-image-proxy.api.0x.org/images/130/0x2733bf6884f4c7f5eac01730f8e876f807f29a20"
    },
    {
      "address": "0x94f5de1555d256b7facb006099b7c4a4d763c63c",
      "chainId": 130,
      "decimals": 18,
      "name": "'Ravencoin Alongside Crypto Market Index",
      "symbol": "'Ravencoin Alongside Crypto Market Index",
      "type": "ERC20",
      "blockListsCount": 1,
      "exchangeListsCount": 0,
      "flagListsCount": 1,
      "importedListsCount": 0,
      "manualUnblock": false,
      "logo": "https://matcha-image-proxy.api.0x.org/images/130/0x94f5de1555d256b7facb006099b7c4a4d763c63c"
    },
    {
      "address": "0x5bc5b4fb2b8e5077bd2e36d06939c5ecba51d73e",
      "chainId": 8453,
      "decimals": 18,
      "name": "Ravencoin 0x Leverage",
      "symbol": "Ravencoin 0x Leverage",
      "type": "ERC20",
      "blockListsCount": 1,
      "exchangeListsCount": 0,
      "flagListsCount": 1,
      "importedListsCount": 0,
      "buyTax": 0,
      "sellTax": 0,
      "isInDex": true,
      "isHoneypot": false,
      "manualUnblock": false,
      "logo": "https://matcha-image-proxy.api.0x.org/images/8453/0x5bc5b4fb2b8e5077bd2e36d06939c5ecba51d73e"
    },
    {
      "address": "0xd6a23d2027e648a30c0e2d4efe7d27031a884c10",
      "chainId": 8453,
      "decimals": 18,
      "name": "XAI Corp Ravencoin",
      "symbol": "XAI Corp R",
      "type": "ERC20",
      "blockListsCount": 1,
      "exchangeListsCount": 0,
      "flagListsCount": 1,
      "importedListsCount": 0,
      "buyTax": 0,
      "sellTax": 0,
      "isInDex": true,
      "isHoneypot": false,
      "manualUnblock": false,
      "logo": "https://matcha-image-proxy.api.0x.org/images/8453/0xd6a23d2027e648a30c0e2d4efe7d27031a884c10"
    },
    {
      "address": "0x95bb81af389e6311d06f9b9cc2506c08c1b4deca",
      "chainId": 8453,
      "decimals": 18,
      "name": "What is Ravencoin (RVN)?...",
      "symbol": "What is Ravencoin (RVN)?...",
      "type": "ERC20",
      "issuer": {
        "name": "zora",
        "metadata": {}
      },
      "blockListsCount": 0,
      "exchangeListsCount": 0,
      "flagListsCount": 0,
      "importedListsCount": 0,
      "buyTax": 0,
      "sellTax": 0,
      "isInDex": true,
      "isHoneypot": false,
      "logo": "https://matcha-image-proxy.api.0x.org/images/8453/0x95bb81af389e6311d06f9b9cc2506c08c1b4deca"
    },
    {
      "address": "0xf991d5c8da4c1e152238ef2d30c9a387945c8105",
      "chainId": 8453,
      "decimals": 18,
      "name": "#RAVENCOIN💲↗️WEEATINGGOOD😊",
      "symbol": "#RAVENCOIN💲↗️WEEATINGGOOD😊",
      "type": "ERC20",
      "issuer": {
        "name": "zora",
        "metadata": {}
      },
      "blockListsCount": 0,
      "exchangeListsCount": 0,
      "flagListsCount": 0,
      "importedListsCount": 0,
      "logo": "https://matcha-image-proxy.api.0x.org/images/8453/0xf991d5c8da4c1e152238ef2d30c9a387945c8105"
    },
    {
      "address": "0x44a4437d4e409493320a06521a85eaa42a1c8fa3",
      "chainId": 1,
      "decimals": 18,
      "name": "Wrapped RVN",
      "symbol": "WRVN",
      "type": "ERC20",
      "blockListsCount": 0,
      "exchangeListsCount": 0,
      "flagListsCount": 0,
      "importedListsCount": 0,
      "buyTax": 0,
      "sellTax": 0,
      "isInDex": true,
      "isHoneypot": null,
      "logo": "https://matcha-image-proxy.api.0x.org/images/1/0x44a4437d4e409493320a06521a85eaa42a1c8fa3"
    },
    {
      "address": "0x2e3e80acecf51787bdcadd6c80222638dfce062f",
      "chainId": 1,
      "decimals": 18,
      "name": "Wrapped RVN",
      "symbol": "wRVN",
      "type": "ERC20",
      "blockListsCount": 0,
      "exchangeListsCount": 0,
      "flagListsCount": 0,
      "importedListsCount": 0,
      "buyTax": 0,
      "sellTax": 0,
      "isInDex": false,
      "isHoneypot": null,
      "logo": "https://matcha-image-proxy.api.0x.org/images/1/0x2e3e80acecf51787bdcadd6c80222638dfce062f"
    },
    {
      "address": "0x9e9475a5982862f09dbc2df916fb1b408ede8b07",
      "chainId": 8453,
      "decimals": 18,
      "name": "WarpRaven",
      "symbol": "WRVN",
      "type": "ERC20",
      "blockListsCount": 0,
      "exchangeListsCount": 0,
      "flagListsCount": 0,
      "importedListsCount": 0,
      "logo": "https://matcha-image-proxy.api.0x.org/images/8453/0x9e9475a5982862f09dbc2df916fb1b408ede8b07"
    },
    {
      "address": "0x21f8ed918893d55946fa4517b53b45e4c4d5f1d1",
      "chainId": 56,
      "decimals": 18,
      "name": "Queen Gold",
      "symbol": "WRVN",
      "type": "ERC20",
      "blockListsCount": 0,
      "exchangeListsCount": 0,
      "flagListsCount": 0,
      "importedListsCount": 0,
      "logo": "https://matcha-image-proxy.api.0x.org/images/56/0x21f8ed918893d55946fa4517b53b45e4c4d5f1d1"
    },
    {
      "address": "0x966d372310aa8b7c02324c86787b234d2f4bd947",
      "chainId": 56,
      "decimals": 18,
      "name": "Wrapped RVN",
      "symbol": "WRVN",
      "type": "ERC20",
      "blockListsCount": 0,
      "exchangeListsCount": 0,
      "flagListsCount": 0,
      "importedListsCount": 0,
      "buyTax": 0,
      "sellTax": 0,
      "isInDex": true,
      "isHoneypot": null,
      "logo": "https://matcha-image-proxy.api.0x.org/images/56/0x966d372310aa8b7c02324c86787b234d2f4bd947"
    },
    {
      "address": "0x5abb7754d91a334f6eec95ba4757f4daabdd1ee6",
      "chainId": 8453,
      "decimals": 18,
      "name": "RavenCoin",
      "symbol": "Rc",
      "type": "ERC20",
      "issuer": {
        "name": "zora",
        "metadata": {}
      },
      "blockListsCount": 0,
      "exchangeListsCount": 0,
      "flagListsCount": 0,
      "importedListsCount": 0,
      "buyTax": null,
      "sellTax": null,
      "isInDex": false,
      "isHoneypot": false,
      "logo": "https://matcha-image-proxy.api.0x.org/images/8453/0x5abb7754d91a334f6eec95ba4757f4daabdd1ee6"
    },
    {
      "address": "0x5e9e1a8dd059f62fca0181fe13635463fa0208be",
      "chainId": 8453,
      "decimals": 18,
      "name": "Ravencoin",
      "symbol": "RVN",
      "type": "ERC20",
      "issuer": {
        "name": "zora",
        "metadata": {}
      },
      "blockListsCount": 0,
      "exchangeListsCount": 0,
      "flagListsCount": 0,
      "importedListsCount": 0,
      "logo": "https://matcha-image-proxy.api.0x.org/images/8453/0x5e9e1a8dd059f62fca0181fe13635463fa0208be"
    },
    {
      "address": "0xad86d15ec5b5b69d62b9087ef92998a83c9cd0a5",
      "chainId": 8453,
      "decimals": 18,
      "name": "MutuumPresale Ravencoin",
      "symbol": "MutuumPresale Ravencoin",
      "type": "ERC20",
      "blockListsCount": 0,
      "exchangeListsCount": 0,
      "flagListsCount": 0,
      "importedListsCount": 0,
      "buyTax": 0,
      "sellTax": 0,
      "isInDex": true,
      "isHoneypot": false,
      "logo": "https://matcha-image-proxy.api.0x.org/images/8453/0xad86d15ec5b5b69d62b9087ef92998a83c9cd0a5"
    },
    {
      "address": "0x257d29e8785b5dcd6db969364356669d1eac64f1",
      "chainId": 130,
      "decimals": 18,
      "name": "Hank Ravencoin Classic",
      "symbol": "Hank Ravencoin Classic",
      "type": "ERC20",
      "blockListsCount": 0,
      "exchangeListsCount": 0,
      "flagListsCount": 0,
      "importedListsCount": 0,
      "logo": "https://matcha-image-proxy.api.0x.org/images/130/0x257d29e8785b5dcd6db969364356669d1eac64f1"
    }
  ],
  "searchTime": "2025-12-30T01:57:32.036Z",
  "error": null
}