{
  "originalSymbol": "XPL",
  "originalFullName": "XPL",
  "searchedQuery": "XPL XPL",
  "retried": false,
  "isL1": false,
  "success": true,
  "tokenCount": 15,
  "resultCount": 3835,
  "tokens": [
    {
      "address": "0xeeeeeeeeeeeeeeeeeeeeeeeeeeeeeeeeeeeeeeee",
      "chainId": 9745,
      "decimals": 18,
      "name": "Plasma",
      "symbol": "XPL",
      "type": "Native",
      "hasLogo": true,
      "blockListsCount": 0,
      "exchangeListsCount": 0,
      "flagListsCount": 0,
      "importedListsCount": 2,
      "manualUnblock": false,
      "transactionsHourly": 13,
      "transactionsDaily": 1662,
      "transactionsWeekly": 3269,
      "transactionsMonthly": 8694,
      "volumeUsdHourly": 1496.7663119357635,
      "volumeUsdDaily": 41933.947776175155,
      "volumeUsdWeekly": 132267.0917916091,
      "volumeUsdMonthly": 766635.9577261457,
      "logo": "https://matcha-image-proxy.api.0x.org/images/9745/0xeeeeeeeeeeeeeeeeeeeeeeeeeeeeeeeeeeeeeeee"
    },
    {
      "address": "0x6100e367285b01f48d07953803a2d8dca5d19873",
      "chainId": 9745,
      "decimals": 18,
      "name": "Wrapped XPL",
      "symbol": "WXPL",
      "type": "ERC20",
      "hasLogo": true,
      "blockListsCount": 0,
      "exchangeListsCount": 0,
      "flagListsCount": 0,
      "importedListsCount": 2,
      "manualUnblock": false,
      "transactionsHourly": 1,
      "transactionsDaily": 39,
      "transactionsWeekly": 224,
      "transactionsMonthly": 1354,
      "volumeUsdHourly": 71.1567358304992,
      "volumeUsdDaily": 7805.358960032935,
      "volumeUsdWeekly": 102132.50437543476,
      "volumeUsdMonthly": 511147.63452811545,
      "logo": "https://matcha-image-proxy.api.0x.org/images/9745/0x6100e367285b01f48d07953803a2d8dca5d19873"
    },
    {
      "address": "0x405fbc9004d857903bfd6b3357792d71a50726b0",
      "chainId": 56,
      "decimals": 18,
      "name": "Plasma",
      "symbol": "XPL",
      "type": "ERC20",
      "hasLogo": true,
      "blockListsCount": 0,
      "exchangeListsCount": 0,
      "flagListsCount": 0,
      "importedListsCount": 1,
      "buyTax": 0,
      "sellTax": 0,
      "isInDex": true,
      "isHoneypot": false,
      "manualUnblock": false,
      "transactionsHourly": 1,
      "transactionsDaily": 17,
      "transactionsWeekly": 106,
      "transactionsMonthly": 474,
      "volumeUsdHourly": 2493.78710003044,
      "volumeUsdDaily": 29461.007751429544,
      "volumeUsdWeekly": 67879.68753224604,
      "volumeUsdMonthly": 305809.37211083283,
      "logo": "https://matcha-image-proxy.api.0x.org/images/56/0x405fbc9004d857903bfd6b3357792d71a50726b0"
    },
    {
      "address": "0xba480c0ed8b78c1bc9118eab7892d88c26777b15",
      "chainId": 8453,
      "decimals": 18,
      "name": "B📣 Get ready! MEXC Launchpad is here with XPL (XPL)!Be the firs",
      "symbol": "B📣 Get ready! MEXC Launchpad is here with XPL (XPL)!Be the firs",
      "type": "ERC20",
      "issuer": {
        "name": "zora",
        "metadata": {}
      },
      "blockListsCount": 0,
      "exchangeListsCount": 0,
      "flagListsCount": 0,
      "importedListsCount": 0,
      "logo": "https://matcha-image-proxy.api.0x.org/images/8453/0xba480c0ed8b78c1bc9118eab7892d88c26777b15"
    },
    {
      "address": "0x9053377438b0cd81234a91b815f8d4d9bf018955",
      "chainId": 8453,
      "decimals": 18,
      "name": "XPL",
      "symbol": "XPL",
      "type": "ERC20",
      "issuer": {
        "name": "zora",
        "metadata": {}
      },
      "blockListsCount": 0,
      "exchangeListsCount": 0,
      "flagListsCount": 0,
      "importedListsCount": 0,
      "buyTax": null,
      "sellTax": null,
      "isInDex": false,
      "isHoneypot": false,
      "transactionsHourly": 1,
      "transactionsDaily": 10,
      "transactionsWeekly": 52,
      "transactionsMonthly": 52,
      "volumeUsdHourly": 0.0215167967647755,
      "volumeUsdDaily": 2.334869720312992,
      "volumeUsdWeekly": 780.0355886898338,
      "volumeUsdMonthly": 780.0355886898338,
      "logo": "https://matcha-image-proxy.api.0x.org/images/8453/0x9053377438b0cd81234a91b815f8d4d9bf018955"
    },
    {
      "address": "0x139451953ef1865c096f89c5e522c081dc3b5f11",
      "chainId": 130,
      "decimals": 18,
      "name": "Plasma",
      "symbol": "XPL",
      "type": "ERC20",
      "hasLogo": true,
      "blockListsCount": 0,
      "exchangeListsCount": 0,
      "flagListsCount": 0,
      "importedListsCount": 2,
      "buyTax": null,
      "sellTax": null,
      "isInDex": true,
      "isHoneypot": false,
      "manualUnblock": false,
      "transactionsHourly": 1,
      "transactionsDaily": 2,
      "transactionsWeekly": 6,
      "transactionsMonthly": 42,
      "volumeUsdHourly": 0.452394700071672,
      "volumeUsdDaily": 1.289843715020082,
      "volumeUsdWeekly": 73.6802416139849,
      "volumeUsdMonthly": 4910.1556358521,
      "logo": "https://matcha-image-proxy.api.0x.org/images/130/0x139451953ef1865c096f89c5e522c081dc3b5f11"
    },
    {
      "address": "GxjgN5B4ZpCX8cdLHHWMbFVVVfbUh3TuG4KE1UvkzkcS",
      "chainId": 1399811149,
      "decimals": 6,
      "name": "PLASMA",
      "symbol": "XPL~XPL",
      "type": "SPL-Token",
      "blockListsCount": 0,
      "exchangeListsCount": 0,
      "flagListsCount": 0,
      "importedListsCount": 0,
      "logo": "https://matcha-image-proxy.api.0x.org/images/1399811149/GxjgN5B4ZpCX8cdLHHWMbFVVVfbUh3TuG4KE1UvkzkcS"
    },
    {
      "address": "0x1e02128fd73b41604945f79248a8bac9f6c9b846",
      "chainId": 8453,
      "decimals": 18,
      "name": "$XPL",
      "symbol": "$XPL",
      "type": "ERC20",
      "issuer": {
        "name": "zora",
        "metadata": {}
      },
      "blockListsCount": 0,
      "exchangeListsCount": 0,
      "flagListsCount": 0,
      "importedListsCount": 0,
      "logo": "https://matcha-image-proxy.api.0x.org/images/8453/0x1e02128fd73b41604945f79248a8bac9f6c9b846"
    },
    {
      "address": "0x5fedd862feba8e20e2e4e1bbdf66b04b37a096b4",
      "chainId": 8453,
      "decimals": 18,
      "name": "Xpl",
      "symbol": "Xpl",
      "type": "ERC20",
      "issuer": {
        "name": "zora",
        "metadata": {}
      },
      "blockListsCount": 0,
      "exchangeListsCount": 0,
      "flagListsCount": 0,
      "importedListsCount": 0,
      "logo": "https://matcha-image-proxy.api.0x.org/images/8453/0x5fedd862feba8e20e2e4e1bbdf66b04b37a096b4"
    },
    {
      "address": "0x6be8b6397537d6ea815d481aa85ecf2aa602bb5e",
      "chainId": 8453,
      "decimals": 18,
      "name": "$XPL",
      "symbol": "$XPL",
      "type": "ERC20",
      "issuer": {
        "name": "zora",
        "metadata": {}
      },
      "blockListsCount": 0,
      "exchangeListsCount": 0,
      "flagListsCount": 0,
      "importedListsCount": 0,
      "logo": "https://matcha-image-proxy.api.0x.org/images/8453/0x6be8b6397537d6ea815d481aa85ecf2aa602bb5e"
    },
    {
      "address": "0xe912ed637276e41227c934ce352846a41851b31e",
      "chainId": 8453,
      "decimals": 18,
      "name": "XPL",
      "symbol": "XPL",
      "type": "ERC20",
      "issuer": {
        "name": "zora",
        "metadata": {}
      },
      "blockListsCount": 0,
      "exchangeListsCount": 0,
      "flagListsCount": 0,
      "importedListsCount": 0,
      "logo": "https://matcha-image-proxy.api.0x.org/images/8453/0xe912ed637276e41227c934ce352846a41851b31e"
    },
    {
      "address": "0xba04eab7d44901ddc9207e43354f83551ffb9e95",
      "chainId": 8453,
      "decimals": 18,
      "name": "XPL",
      "symbol": "XPL",
      "type": "ERC20",
      "issuer": {
        "name": "zora",
        "metadata": {}
      },
      "blockListsCount": 0,
      "exchangeListsCount": 0,
      "flagListsCount": 0,
      "importedListsCount": 0,
      "logo": "https://matcha-image-proxy.api.0x.org/images/8453/0xba04eab7d44901ddc9207e43354f83551ffb9e95"
    },
    {
      "address": "0x400f51823b0000d9c7d277e2fb72ea893790137e",
      "chainId": 8453,
      "decimals": 18,
      "name": "XPL",
      "symbol": "XPL",
      "type": "ERC20",
      "issuer": {
        "name": "zora",
        "metadata": {}
      },
      "blockListsCount": 0,
      "exchangeListsCount": 0,
      "flagListsCount": 0,
      "importedListsCount": 0,
      "logo": "https://matcha-image-proxy.api.0x.org/images/8453/0x400f51823b0000d9c7d277e2fb72ea893790137e"
    },
    {
      "address": "0x9ba4583da09102ba08c3dab12d676a225c7804a6",
      "chainId": 8453,
      "decimals": 18,
      "name": "$XPL",
      "symbol": "$XPL",
      "type": "ERC20",
      "issuer": {
        "name": "zora",
        "metadata": {}
      },
      "blockListsCount": 0,
      "exchangeListsCount": 0,
      "flagListsCount": 0,
      "importedListsCount": 0,
      "logo": "https://matcha-image-proxy.api.0x.org/images/8453/0x9ba4583da09102ba08c3dab12d676a225c7804a6"
    },
    {
      "address": "0x8e1df5d2dce3f60b4d9d64a87a16b14396b1bfb6",
      "chainId": 8453,
      "decimals": 18,
      "name": "Xpl",
      "symbol": "Xpl",
      "type": "ERC20",
      "issuer": {
        "name": "zora",
        "metadata": {}
      },
      "blockListsCount": 0,
      "exchangeListsCount": 0,
      "flagListsCount": 0,
      "importedListsCount": 0,
      "logo": "https://matcha-image-proxy.api.0x.org/images/8453/0x8e1df5d2dce3f60b4d9d64a87a16b14396b1bfb6"
    }
  ],
  "searchTime": "2025-12-30T01:58:18.541Z",
  "error": null
}