{
  "originalSymbol": "AVAX",
  "originalFullName": "Avalanche",
  "searchedQuery": "AVAX Avalanche",
  "retried": true,
  "isL1": true,
  "success": true,
  "tokenCount": 15,
  "resultCount": 8234,
  "tokens": [
    {
      "address": "0xb31f66aa3c1e785363f0875a1b74e27b85fd66c7",
      "chainId": 43114,
      "decimals": 18,
      "name": "Wrapped AVAX",
      "symbol": "WAVAX",
      "type": "ERC20",
      "hasLogo": true,
      "blockListsCount": 0,
      "exchangeListsCount": 0,
      "flagListsCount": 0,
      "importedListsCount": 2,
      "buyTax": 0,
      "sellTax": 0,
      "isInDex": true,
      "isHoneypot": false,
      "manualUnblock": false,
      "transactionsHourly": 3,
      "transactionsDaily": 32,
      "transactionsWeekly": 213,
      "transactionsMonthly": 1104,
      "volumeUsdHourly": 3107.295964820395,
      "volumeUsdDaily": 8073.743842153439,
      "volumeUsdWeekly": 24891.367742071063,
      "volumeUsdMonthly": 1262720.350086831,
      "logo": "https://matcha-image-proxy.api.0x.org/images/43114/0xb31f66aa3c1e785363f0875a1b74e27b85fd66c7"
    },
    {
      "address": "0xeeeeeeeeeeeeeeeeeeeeeeeeeeeeeeeeeeeeeeee",
      "chainId": 43114,
      "decimals": 18,
      "name": "Avalanche",
      "symbol": "AVAX",
      "type": "Native",
      "hasLogo": true,
      "blockListsCount": 0,
      "exchangeListsCount": 0,
      "flagListsCount": 0,
      "importedListsCount": 0,
      "transactionsHourly": 4,
      "transactionsDaily": 222,
      "transactionsWeekly": 2263,
      "transactionsMonthly": 11210,
      "volumeUsdHourly": 99.72320003573124,
      "volumeUsdDaily": 59667.67295716874,
      "volumeUsdWeekly": 398779.3645249612,
      "volumeUsdMonthly": 4581964.188841904,
      "logo": "https://matcha-image-proxy.api.0x.org/images/43114/0xeeeeeeeeeeeeeeeeeeeeeeeeeeeeeeeeeeeeeeee"
    },
    {
      "address": "0x1ce0c2827e2ef14d5c4f29a091d735a204794041",
      "chainId": 56,
      "decimals": 18,
      "name": "Avalanche",
      "symbol": "AVAX",
      "type": "ERC20",
      "hasLogo": true,
      "issuer": {
        "name": "binance",
        "metadata": {}
      },
      "blockListsCount": 0,
      "exchangeListsCount": 0,
      "flagListsCount": 0,
      "importedListsCount": 1,
      "buyTax": 0,
      "sellTax": 0,
      "isInDex": true,
      "isHoneypot": false,
      "manualUnblock": false,
      "transactionsHourly": 1,
      "transactionsDaily": 12,
      "transactionsWeekly": 74,
      "transactionsMonthly": 400,
      "volumeUsdHourly": 1892.32953569439,
      "volumeUsdDaily": 2027.7936936866756,
      "volumeUsdWeekly": 10460.395628458493,
      "volumeUsdMonthly": 110433.64033998012,
      "logo": "https://matcha-image-proxy.api.0x.org/images/56/0x1ce0c2827e2ef14d5c4f29a091d735a204794041"
    },
    {
      "address": "0xdcf5130274753c8050ab061b1a1dcbf583f5bfd0",
      "chainId": 8453,
      "decimals": 18,
      "name": "ViciCoin",
      "symbol": "VCNT",
      "type": "ERC20",
      "hasLogo": true,
      "blockListsCount": 0,
      "exchangeListsCount": 0,
      "flagListsCount": 0,
      "importedListsCount": 1,
      "buyTax": 0,
      "sellTax": 0,
      "isInDex": true,
      "isHoneypot": false,
      "manualUnblock": false,
      "transactionsHourly": 4,
      "transactionsDaily": 1368,
      "transactionsWeekly": 36087,
      "transactionsMonthly": 108017,
      "volumeUsdHourly": 59.16789232592332,
      "volumeUsdDaily": 23271.088289215233,
      "volumeUsdWeekly": 556510.4641030937,
      "volumeUsdMonthly": 1710487.0671687557,
      "logo": "https://matcha-image-proxy.api.0x.org/images/8453/0xdcf5130274753c8050ab061b1a1dcbf583f5bfd0"
    },
    {
      "address": "0xd1c3f94de7e5b45fa4edbba472491a9f4b166fc4",
      "chainId": 43114,
      "decimals": 18,
      "name": "Avalaunch",
      "symbol": "XAVA",
      "type": "ERC20",
      "hasLogo": true,
      "blockListsCount": 0,
      "exchangeListsCount": 0,
      "flagListsCount": 0,
      "importedListsCount": 1,
      "buyTax": null,
      "sellTax": null,
      "isInDex": true,
      "isHoneypot": false,
      "manualUnblock": false,
      "transactionsHourly": 11,
      "transactionsDaily": 60,
      "transactionsWeekly": 402,
      "transactionsMonthly": 429,
      "volumeUsdHourly": 113.1157111595771,
      "volumeUsdDaily": 424.9334922183053,
      "volumeUsdWeekly": 4395.988492159776,
      "volumeUsdMonthly": 18292.927416753155,
      "logo": "https://matcha-image-proxy.api.0x.org/images/43114/0xd1c3f94de7e5b45fa4edbba472491a9f4b166fc4"
    },
    {
      "address": "0x7d1afa7b718fb893db30a3abc0cfc608aacfebb0",
      "chainId": 1,
      "decimals": 18,
      "name": "Matic Token",
      "symbol": "MATIC",
      "type": "ERC20",
      "hasLogo": true,
      "blockListsCount": 0,
      "exchangeListsCount": 0,
      "flagListsCount": 0,
      "importedListsCount": 2,
      "buyTax": 0,
      "sellTax": 0,
      "isInDex": true,
      "isHoneypot": false,
      "manualUnblock": false,
      "transactionsHourly": 1,
      "transactionsDaily": 27,
      "transactionsWeekly": 136,
      "transactionsMonthly": 516,
      "volumeUsdHourly": 47.9814557446969,
      "volumeUsdDaily": 885.4950630403181,
      "volumeUsdWeekly": 5418.002255760821,
      "volumeUsdMonthly": 71188.94383567675,
      "logo": "https://matcha-image-proxy.api.0x.org/images/1/0x7d1afa7b718fb893db30a3abc0cfc608aacfebb0"
    },
    {
      "address": "0x6e84a6216ea6dacc71ee8e6b0a5b7322eebc0fdd",
      "chainId": 43114,
      "decimals": 18,
      "name": "JoeToken",
      "symbol": "JOE",
      "type": "ERC20",
      "hasLogo": true,
      "blockListsCount": 0,
      "exchangeListsCount": 0,
      "flagListsCount": 0,
      "importedListsCount": 1,
      "buyTax": 0,
      "sellTax": 0,
      "isInDex": true,
      "isHoneypot": false,
      "manualUnblock": false,
      "transactionsHourly": 3,
      "transactionsDaily": 129,
      "transactionsWeekly": 1130,
      "transactionsMonthly": 3390,
      "volumeUsdHourly": 20.4826277250805,
      "volumeUsdDaily": 4488.877570071951,
      "volumeUsdWeekly": 66043.53690209388,
      "volumeUsdMonthly": 178543.6776157034,
      "logo": "https://matcha-image-proxy.api.0x.org/images/43114/0x6e84a6216ea6dacc71ee8e6b0a5b7322eebc0fdd"
    },
    {
      "address": "0xa7d7079b0fead91f3e65f86e8915cb59c1a4c664",
      "chainId": 43114,
      "decimals": 6,
      "name": "USD Coin",
      "symbol": "USDC.e",
      "type": "ERC20",
      "hasLogo": true,
      "blockListsCount": 0,
      "exchangeListsCount": 0,
      "flagListsCount": 0,
      "importedListsCount": 1,
      "buyTax": 0,
      "sellTax": 0,
      "isInDex": true,
      "isHoneypot": false,
      "manualUnblock": false,
      "transactionsHourly": 1,
      "transactionsDaily": 5,
      "transactionsWeekly": 56,
      "transactionsMonthly": 175,
      "volumeUsdHourly": 0.000876837932633877,
      "volumeUsdDaily": 87.92819837562269,
      "volumeUsdWeekly": 1784.075329826704,
      "volumeUsdMonthly": 10680.667987521589,
      "logo": "https://matcha-image-proxy.api.0x.org/images/43114/0xa7d7079b0fead91f3e65f86e8915cb59c1a4c664"
    },
    {
      "address": "0xfc5a1a6eb076a2c7ad06ed22c90d7e710e35ad0a",
      "chainId": 42161,
      "decimals": 18,
      "name": "GMX",
      "symbol": "GMX",
      "type": "ERC20",
      "hasLogo": true,
      "blockListsCount": 0,
      "exchangeListsCount": 0,
      "flagListsCount": 0,
      "importedListsCount": 2,
      "buyTax": 0,
      "sellTax": 0,
      "isInDex": true,
      "isHoneypot": false,
      "manualUnblock": false,
      "transactionsHourly": 1,
      "transactionsDaily": 18,
      "transactionsWeekly": 126,
      "transactionsMonthly": 756,
      "volumeUsdHourly": 0.193442053859794,
      "volumeUsdDaily": 4200.355449725176,
      "volumeUsdWeekly": 71378.33740665877,
      "volumeUsdMonthly": 174521.9749609656,
      "logo": "https://matcha-image-proxy.api.0x.org/images/42161/0xfc5a1a6eb076a2c7ad06ed22c90d7e710e35ad0a"
    },
    {
      "address": "0x152b9d0fdc40c096757f570a51e494bd4b943e50",
      "chainId": 43114,
      "decimals": 8,
      "name": "Bitcoin",
      "symbol": "BTC.b",
      "type": "ERC20",
      "hasLogo": true,
      "blockListsCount": 0,
      "exchangeListsCount": 0,
      "flagListsCount": 0,
      "importedListsCount": 1,
      "buyTax": 0,
      "sellTax": 0,
      "isInDex": true,
      "isHoneypot": false,
      "manualUnblock": false,
      "transactionsHourly": 1,
      "transactionsDaily": 7,
      "transactionsWeekly": 112,
      "transactionsMonthly": 599,
      "volumeUsdHourly": 4.56556821043837,
      "volumeUsdDaily": 12162.77566986717,
      "volumeUsdWeekly": 140063.19212793873,
      "volumeUsdMonthly": 1614901.917745382,
      "logo": "https://matcha-image-proxy.api.0x.org/images/43114/0x152b9d0fdc40c096757f570a51e494bd4b943e50"
    },
    {
      "address": "0x60781c2586d68229fde47564546784ab3faca982",
      "chainId": 43114,
      "decimals": 18,
      "name": "Pangolin",
      "symbol": "PNG",
      "type": "ERC20",
      "hasLogo": true,
      "blockListsCount": 0,
      "exchangeListsCount": 1,
      "flagListsCount": 0,
      "importedListsCount": 1,
      "buyTax": 0,
      "sellTax": 0,
      "isInDex": true,
      "isHoneypot": false,
      "manualUnblock": false,
      "transactionsHourly": 3,
      "transactionsDaily": 37,
      "transactionsWeekly": 183,
      "transactionsMonthly": 897,
      "volumeUsdHourly": 13.04935635463402,
      "volumeUsdDaily": 1899.060418937928,
      "volumeUsdWeekly": 48210.82311054782,
      "volumeUsdMonthly": 70987.32647583792,
      "logo": "https://matcha-image-proxy.api.0x.org/images/43114/0x60781c2586d68229fde47564546784ab3faca982"
    },
    {
      "address": "0x8a16d4bf8a0a716017e8d2262c4ac32927797a2f",
      "chainId": 137,
      "decimals": 18,
      "name": "ViciCoin",
      "symbol": "VCNT",
      "type": "ERC20",
      "hasLogo": true,
      "blockListsCount": 0,
      "exchangeListsCount": 0,
      "flagListsCount": 0,
      "importedListsCount": 1,
      "buyTax": 0,
      "sellTax": 0,
      "isInDex": true,
      "isHoneypot": false,
      "manualUnblock": false,
      "transactionsHourly": 1,
      "transactionsDaily": 15,
      "transactionsWeekly": 105,
      "transactionsMonthly": 587,
      "volumeUsdHourly": 36.0489229996891,
      "volumeUsdDaily": 207.06931058623576,
      "volumeUsdWeekly": 3532.3470597382684,
      "volumeUsdMonthly": 57989.38210553018,
      "logo": "https://matcha-image-proxy.api.0x.org/images/137/0x8a16d4bf8a0a716017e8d2262c4ac32927797a2f"
    },
    {
      "address": "0xad13bce42394add02e6c215a40e582309b7975c7",
      "chainId": 8453,
      "decimals": 6,
      "name": "KYVE Network",
      "symbol": "KYVE",
      "type": "ERC20",
      "hasLogo": true,
      "blockListsCount": 0,
      "exchangeListsCount": 0,
      "flagListsCount": 0,
      "importedListsCount": 1,
      "buyTax": 0,
      "sellTax": 0,
      "isInDex": true,
      "isHoneypot": false,
      "manualUnblock": false,
      "transactionsHourly": 2,
      "transactionsDaily": 12,
      "transactionsWeekly": 113,
      "transactionsMonthly": 184,
      "volumeUsdHourly": 342.8685014210879,
      "volumeUsdDaily": 851.5110330858887,
      "volumeUsdWeekly": 6596.248592950536,
      "volumeUsdMonthly": 9827.615962860713,
      "logo": "https://matcha-image-proxy.api.0x.org/images/8453/0xad13bce42394add02e6c215a40e582309b7975c7"
    },
    {
      "address": "0xb8d7710f7d8349a506b75dd184f05777c82dad0c",
      "chainId": 43114,
      "decimals": 18,
      "name": "ArenaToken",
      "symbol": "ARENA",
      "type": "ERC20",
      "hasLogo": true,
      "blockListsCount": 0,
      "exchangeListsCount": 0,
      "flagListsCount": 0,
      "importedListsCount": 1,
      "buyTax": null,
      "sellTax": null,
      "isInDex": true,
      "isHoneypot": false,
      "manualUnblock": false,
      "transactionsHourly": 1,
      "transactionsDaily": 8,
      "transactionsWeekly": 87,
      "transactionsMonthly": 488,
      "volumeUsdHourly": 85.4609160922353,
      "volumeUsdDaily": 393.5748926518213,
      "volumeUsdWeekly": 4735.454122566122,
      "volumeUsdMonthly": 73268.3119540689,
      "logo": "https://matcha-image-proxy.api.0x.org/images/43114/0xb8d7710f7d8349a506b75dd184f05777c82dad0c"
    },
    {
      "address": "0x85f138bfee4ef8e540890cfb48f620571d67eda3",
      "chainId": 1,
      "decimals": 18,
      "name": "Wrapped AVAX",
      "symbol": "WAVAX",
      "type": "ERC20",
      "hasLogo": true,
      "blockListsCount": 0,
      "exchangeListsCount": 0,
      "flagListsCount": 0,
      "importedListsCount": 2,
      "buyTax": 0,
      "sellTax": 0,
      "isInDex": true,
      "isHoneypot": false,
      "manualUnblock": false,
      "transactionsHourly": 1,
      "transactionsDaily": 1,
      "transactionsWeekly": 20,
      "transactionsMonthly": 106,
      "volumeUsdHourly": 147.494637197084,
      "volumeUsdDaily": 149.285674612122,
      "volumeUsdWeekly": 4082.3988121434295,
      "volumeUsdMonthly": 36566.52099933092,
      "logo": "https://matcha-image-proxy.api.0x.org/images/1/0x85f138bfee4ef8e540890cfb48f620571d67eda3"
    }
  ],
  "searchTime": "2025-12-30T01:57:49.660Z",
  "error": null
}