{
  "originalSymbol": "LAYER",
  "originalFullName": "Solayer",
  "searchedQuery": "LAYER Solayer",
  "retried": false,
  "isL1": false,
  "success": true,
  "tokenCount": 15,
  "resultCount": 10000,
  "tokens": [
    {
      "address": "0xeeeeeeeeeeeeeeeeeeeeeeeeeeeeeeeeeeeeeeee",
      "chainId": 137,
      "decimals": 18,
      "name": "Matic Token",
      "symbol": "MATIC",
      "type": "Native",
      "hasLogo": true,
      "blockListsCount": 0,
      "exchangeListsCount": 0,
      "flagListsCount": 0,
      "importedListsCount": 0,
      "transactionsHourly": 85,
      "transactionsDaily": 2465,
      "transactionsWeekly": 22773,
      "transactionsMonthly": 97263,
      "volumeUsdHourly": 1744.1066573951427,
      "volumeUsdDaily": 131869.39046438082,
      "volumeUsdWeekly": 1349242.204438686,
      "volumeUsdMonthly": 8059210.475300197,
      "logo": "https://matcha-image-proxy.api.0x.org/images/137/0xeeeeeeeeeeeeeeeeeeeeeeeeeeeeeeeeeeeeeeee"
    },
    {
      "address": "0xff970a61a04b1ca14834a43f5de4533ebddb5cc8",
      "chainId": 42161,
      "decimals": 6,
      "name": "USD Coin (Arb1)",
      "symbol": "USDC",
      "type": "ERC20",
      "hasLogo": true,
      "blockListsCount": 0,
      "exchangeListsCount": 0,
      "flagListsCount": 0,
      "importedListsCount": 2,
      "buyTax": 0,
      "sellTax": 0,
      "isInDex": true,
      "isHoneypot": false,
      "manualUnblock": false,
      "transactionsHourly": 2,
      "transactionsDaily": 208,
      "transactionsWeekly": 1602,
      "transactionsMonthly": 15468,
      "volumeUsdHourly": 2102.77261236448,
      "volumeUsdDaily": 57706.6486581127,
      "volumeUsdWeekly": 14012994.061242172,
      "volumeUsdMonthly": 82746617.59441073,
      "logo": "https://matcha-image-proxy.api.0x.org/images/42161/0xff970a61a04b1ca14834a43f5de4533ebddb5cc8"
    },
    {
      "address": "0x7f5c764cbc14f9669b88837ca1490cca17c31607",
      "chainId": 10,
      "decimals": 6,
      "name": "USD Coin",
      "symbol": "USDC",
      "type": "ERC20",
      "hasLogo": true,
      "blockListsCount": 0,
      "exchangeListsCount": 1,
      "flagListsCount": 0,
      "importedListsCount": 3,
      "buyTax": null,
      "sellTax": null,
      "isInDex": true,
      "isHoneypot": false,
      "manualUnblock": false,
      "transactionsHourly": 4,
      "transactionsDaily": 28,
      "transactionsWeekly": 539,
      "transactionsMonthly": 5026,
      "volumeUsdHourly": 240.4899665793222,
      "volumeUsdDaily": 3253.268406580367,
      "volumeUsdWeekly": 173530.85072906272,
      "volumeUsdMonthly": 1049570.9241263922,
      "logo": "https://matcha-image-proxy.api.0x.org/images/10/0x7f5c764cbc14f9669b88837ca1490cca17c31607"
    },
    {
      "address": "0xd9aaec86b65d86f6a7b5b1b0c42ffa531710b6ca",
      "chainId": 8453,
      "decimals": 6,
      "name": "USD Base Coin",
      "symbol": "USDbC",
      "type": "ERC20",
      "hasLogo": true,
      "blockListsCount": 0,
      "exchangeListsCount": 0,
      "flagListsCount": 0,
      "importedListsCount": 3,
      "buyTax": 0,
      "sellTax": 0,
      "isInDex": true,
      "isHoneypot": false,
      "manualUnblock": false,
      "transactionsHourly": 198,
      "transactionsDaily": 2009,
      "transactionsWeekly": 14368,
      "transactionsMonthly": 86329,
      "volumeUsdHourly": 5623.7357873560895,
      "volumeUsdDaily": 150384.2770527056,
      "volumeUsdWeekly": 1762122.8848556892,
      "volumeUsdMonthly": 19057333.83775555,
      "logo": "https://matcha-image-proxy.api.0x.org/images/8453/0xd9aaec86b65d86f6a7b5b1b0c42ffa531710b6ca"
    },
    {
      "address": "0xb3b32f9f8827d4634fe7d973fa1034ec9fddb3b3",
      "chainId": 8453,
      "decimals": 18,
      "name": "B3",
      "symbol": "B3",
      "type": "ERC20",
      "hasLogo": true,
      "blockListsCount": 0,
      "exchangeListsCount": 0,
      "flagListsCount": 0,
      "importedListsCount": 2,
      "buyTax": 0,
      "sellTax": 0,
      "isInDex": true,
      "isHoneypot": false,
      "manualUnblock": false,
      "transactionsHourly": 77,
      "transactionsDaily": 968,
      "transactionsWeekly": 5501,
      "transactionsMonthly": 16431,
      "volumeUsdHourly": 1753.4323144581583,
      "volumeUsdDaily": 49845.347512374574,
      "volumeUsdWeekly": 305989.14442326484,
      "volumeUsdMonthly": 901463.234547315,
      "logo": "https://matcha-image-proxy.api.0x.org/images/8453/0xb3b32f9f8827d4634fe7d973fa1034ec9fddb3b3"
    },
    {
      "address": "0xfd7b3a77848f1c2d67e05e54d78d174a0c850335",
      "chainId": 56,
      "decimals": 18,
      "name": "Ontology Token",
      "symbol": "ONT",
      "type": "ERC20",
      "hasLogo": true,
      "issuer": {
        "name": "binance",
        "metadata": {}
      },
      "blockListsCount": 0,
      "exchangeListsCount": 0,
      "flagListsCount": 0,
      "importedListsCount": 1,
      "buyTax": 0,
      "sellTax": 0,
      "isInDex": true,
      "isHoneypot": false,
      "manualUnblock": false,
      "transactionsHourly": 1,
      "transactionsDaily": 8,
      "transactionsWeekly": 35,
      "transactionsMonthly": 83,
      "volumeUsdHourly": 0.381136897269291,
      "volumeUsdDaily": 50.25932231049642,
      "volumeUsdWeekly": 1050.3872080815602,
      "volumeUsdMonthly": 2415.653578418368,
      "logo": "https://matcha-image-proxy.api.0x.org/images/56/0xfd7b3a77848f1c2d67e05e54d78d174a0c850335"
    },
    {
      "address": "0xc0634090f2fe6c6d75e61be2b949464abb498973",
      "chainId": 8453,
      "decimals": 18,
      "name": "Keeta",
      "symbol": "KTA",
      "type": "ERC20",
      "hasLogo": true,
      "blockListsCount": 0,
      "exchangeListsCount": 0,
      "flagListsCount": 0,
      "importedListsCount": 2,
      "buyTax": 0,
      "sellTax": 0,
      "isInDex": true,
      "isHoneypot": false,
      "manualUnblock": false,
      "transactionsHourly": 10,
      "transactionsDaily": 337,
      "transactionsWeekly": 2241,
      "transactionsMonthly": 12148,
      "volumeUsdHourly": 16601.30011031583,
      "volumeUsdDaily": 250665.7676953407,
      "volumeUsdWeekly": 808653.2667041642,
      "volumeUsdMonthly": 10223189.157788182,
      "logo": "https://matcha-image-proxy.api.0x.org/images/8453/0xc0634090f2fe6c6d75e61be2b949464abb498973"
    },
    {
      "address": "0x4ed4e862860bed51a9570b96d89af5e1b0efefed",
      "chainId": 8453,
      "decimals": 18,
      "name": "Degen",
      "symbol": "DEGEN",
      "type": "ERC20",
      "hasLogo": true,
      "blockListsCount": 0,
      "exchangeListsCount": 1,
      "flagListsCount": 0,
      "importedListsCount": 2,
      "buyTax": 0,
      "sellTax": 0,
      "isInDex": true,
      "isHoneypot": false,
      "manualUnblock": false,
      "transactionsHourly": 33,
      "transactionsDaily": 726,
      "transactionsWeekly": 4684,
      "transactionsMonthly": 20208,
      "volumeUsdHourly": 58.41491176296141,
      "volumeUsdDaily": 7173.038850492301,
      "volumeUsdWeekly": 146497.23334727588,
      "volumeUsdMonthly": 567311.3313116197,
      "logo": "https://matcha-image-proxy.api.0x.org/images/8453/0x4ed4e862860bed51a9570b96d89af5e1b0efefed"
    },
    {
      "address": "0xc9d23ed2adb0f551369946bd377f8644ce1ca5c4",
      "chainId": 8453,
      "decimals": 18,
      "name": "Hyperlane",
      "symbol": "HYPER",
      "type": "ERC20",
      "hasLogo": true,
      "blockListsCount": 0,
      "exchangeListsCount": 0,
      "flagListsCount": 0,
      "importedListsCount": 2,
      "buyTax": 0,
      "sellTax": 0,
      "isInDex": true,
      "isHoneypot": false,
      "manualUnblock": false,
      "transactionsHourly": 1,
      "transactionsDaily": 11,
      "transactionsWeekly": 65,
      "transactionsMonthly": 307,
      "volumeUsdHourly": 5.63546192952986,
      "volumeUsdDaily": 120.3000097168932,
      "volumeUsdWeekly": 1706.977878129863,
      "volumeUsdMonthly": 36298.21871288924,
      "logo": "https://matcha-image-proxy.api.0x.org/images/8453/0xc9d23ed2adb0f551369946bd377f8644ce1ca5c4"
    },
    {
      "address": "0xf78d2e7936f5fe18308a3b2951a93b6c4a41f5e2",
      "chainId": 56,
      "decimals": 18,
      "name": "MANTRA DAO",
      "symbol": "OM",
      "type": "ERC20",
      "hasLogo": true,
      "issuer": {
        "name": "binance",
        "metadata": {}
      },
      "blockListsCount": 0,
      "exchangeListsCount": 0,
      "flagListsCount": 0,
      "importedListsCount": 1,
      "buyTax": 0,
      "sellTax": 0,
      "isInDex": true,
      "isHoneypot": false,
      "manualUnblock": false,
      "transactionsHourly": 1,
      "transactionsDaily": 1,
      "transactionsWeekly": 17,
      "transactionsMonthly": 102,
      "volumeUsdHourly": 73.6779751570781,
      "volumeUsdDaily": 73.6779751570781,
      "volumeUsdWeekly": 900.6343305587113,
      "volumeUsdMonthly": 3847.329343134875,
      "logo": "https://matcha-image-proxy.api.0x.org/images/56/0xf78d2e7936f5fe18308a3b2951a93b6c4a41f5e2"
    },
    {
      "address": "0x590830dfdf9a3f68afcdde2694773debdf267774",
      "chainId": 8453,
      "decimals": 18,
      "name": "Giza",
      "symbol": "GIZA",
      "type": "ERC20",
      "hasLogo": true,
      "blockListsCount": 0,
      "exchangeListsCount": 0,
      "flagListsCount": 0,
      "importedListsCount": 1,
      "buyTax": 0,
      "sellTax": 0,
      "isInDex": true,
      "isHoneypot": false,
      "manualUnblock": false,
      "transactionsHourly": 1,
      "transactionsDaily": 66,
      "transactionsWeekly": 1810,
      "transactionsMonthly": 2774,
      "volumeUsdHourly": 0.00888939409266954,
      "volumeUsdDaily": 7709.498288280651,
      "volumeUsdWeekly": 155800.02958275753,
      "volumeUsdMonthly": 459667.3392865392,
      "logo": "https://matcha-image-proxy.api.0x.org/images/8453/0x590830dfdf9a3f68afcdde2694773debdf267774"
    },
    {
      "address": "0xe76c6c83af64e4c60245d8c7de953df673a7a33d",
      "chainId": 1,
      "decimals": 18,
      "name": "Rail",
      "symbol": "RAIL",
      "type": "ERC20",
      "hasLogo": true,
      "blockListsCount": 0,
      "exchangeListsCount": 0,
      "flagListsCount": 0,
      "importedListsCount": 2,
      "buyTax": 0,
      "sellTax": 0,
      "isInDex": true,
      "isHoneypot": false,
      "manualUnblock": false,
      "transactionsHourly": 2,
      "transactionsDaily": 20,
      "transactionsWeekly": 132,
      "transactionsMonthly": 739,
      "volumeUsdHourly": 7874.89669758285,
      "volumeUsdDaily": 39564.98118549627,
      "volumeUsdWeekly": 468955.6799847949,
      "volumeUsdMonthly": 2416295.664368952,
      "logo": "https://matcha-image-proxy.api.0x.org/images/1/0xe76c6c83af64e4c60245d8c7de953df673a7a33d"
    },
    {
      "address": "0x4200000000000000000000000000000000000042",
      "chainId": 10,
      "decimals": 18,
      "name": "Optimism",
      "symbol": "OP",
      "type": "ERC20",
      "hasLogo": true,
      "blockListsCount": 0,
      "exchangeListsCount": 1,
      "flagListsCount": 0,
      "importedListsCount": 3,
      "buyTax": 0,
      "sellTax": 0,
      "isInDex": true,
      "isHoneypot": false,
      "manualUnblock": false,
      "transactionsHourly": 4,
      "transactionsDaily": 155,
      "transactionsWeekly": 1158,
      "transactionsMonthly": 6566,
      "volumeUsdHourly": 208.41303819244237,
      "volumeUsdDaily": 17816.489110973227,
      "volumeUsdWeekly": 72353.39290305796,
      "volumeUsdMonthly": 454075.6284214493,
      "logo": "https://matcha-image-proxy.api.0x.org/images/10/0x4200000000000000000000000000000000000042"
    },
    {
      "address": "0xbbbbca6a901c926f240b89eacb641d8aec7aeafd",
      "chainId": 1,
      "decimals": 18,
      "name": "LoopringCoin V2",
      "symbol": "LRC",
      "type": "ERC20",
      "hasLogo": true,
      "blockListsCount": 0,
      "exchangeListsCount": 1,
      "flagListsCount": 0,
      "importedListsCount": 6,
      "buyTax": 0,
      "sellTax": 0,
      "isInDex": true,
      "isHoneypot": false,
      "manualUnblock": false,
      "transactionsHourly": 1,
      "transactionsDaily": 3,
      "transactionsWeekly": 67,
      "transactionsMonthly": 256,
      "volumeUsdHourly": 50.0044187068229,
      "volumeUsdDaily": 147.03221326975586,
      "volumeUsdWeekly": 8072.607733077124,
      "volumeUsdMonthly": 47164.57728849015,
      "logo": "https://matcha-image-proxy.api.0x.org/images/1/0xbbbbca6a901c926f240b89eacb641d8aec7aeafd"
    },
    {
      "address": "0x441fcb23dfe8289cf572126fedcf450974adc891",
      "chainId": 8453,
      "decimals": 18,
      "name": "RBTC",
      "symbol": "RBTC",
      "type": "ERC20",
      "hasLogo": true,
      "blockListsCount": 0,
      "exchangeListsCount": 0,
      "flagListsCount": 0,
      "importedListsCount": 1,
      "buyTax": null,
      "sellTax": null,
      "isInDex": false,
      "isHoneypot": false,
      "manualUnblock": false,
      "transactionsHourly": 50,
      "transactionsDaily": 132,
      "transactionsWeekly": 2270,
      "transactionsMonthly": 6172,
      "volumeUsdHourly": 467.3225387055411,
      "volumeUsdDaily": 1719.4786061697018,
      "volumeUsdWeekly": 26229.401594992756,
      "volumeUsdMonthly": 64321.78948967938,
      "logo": "https://matcha-image-proxy.api.0x.org/images/8453/0x441fcb23dfe8289cf572126fedcf450974adc891"
    }
  ],
  "searchTime": "2025-12-30T01:57:10.107Z",
  "error": null
}