{
  "originalSymbol": "ELF",
  "originalFullName": "aelf",
  "searchedQuery": "ELF aelf",
  "retried": false,
  "isL1": false,
  "success": true,
  "tokenCount": 15,
  "resultCount": 5660,
  "tokens": [
    {
      "address": "0xa3f020a5c92e15be13caf0ee5c95cf79585eecc9",
      "chainId": 56,
      "decimals": 18,
      "name": "ELF Token",
      "symbol": "ELF",
      "type": "ERC20",
      "hasLogo": true,
      "issuer": {
        "name": "binance",
        "metadata": {}
      },
      "blockListsCount": 0,
      "exchangeListsCount": 0,
      "flagListsCount": 0,
      "importedListsCount": 1,
      "buyTax": 0,
      "sellTax": 0,
      "isInDex": true,
      "isHoneypot": false,
      "manualUnblock": false,
      "transactionsHourly": 1,
      "transactionsDaily": 1,
      "transactionsWeekly": 4,
      "transactionsMonthly": 10,
      "volumeUsdHourly": 8.47612201417625,
      "volumeUsdDaily": 8.47612201417625,
      "volumeUsdWeekly": 738.8831065169583,
      "volumeUsdMonthly": 1082.4887307042577,
      "logo": "https://matcha-image-proxy.api.0x.org/images/56/0xa3f020a5c92e15be13caf0ee5c95cf79585eecc9"
    },
    {
      "address": "0xe3aa4bdbcc5d6ac527346375b471b3b5fa7c7d9d",
      "chainId": 8453,
      "decimals": 18,
      "name": "ELF aelf On Base",
      "symbol": "ELF aelf On Base",
      "type": "ERC20",
      "blockListsCount": 0,
      "exchangeListsCount": 0,
      "flagListsCount": 0,
      "importedListsCount": 0,
      "logo": "https://matcha-image-proxy.api.0x.org/images/8453/0xe3aa4bdbcc5d6ac527346375b471b3b5fa7c7d9d"
    },
    {
      "address": "0x54487bb0b72a77f6955f78b880154f309832e2bf",
      "chainId": 56,
      "decimals": 9,
      "name": "ELF aelf AI Presale v2",
      "symbol": "ELF aelf AI Presale v2",
      "type": "ERC20",
      "blockListsCount": 0,
      "exchangeListsCount": 0,
      "flagListsCount": 0,
      "importedListsCount": 0,
      "logo": "https://matcha-image-proxy.api.0x.org/images/56/0x54487bb0b72a77f6955f78b880154f309832e2bf"
    },
    {
      "address": "0xbf2179859fc6d5bee9bf9158632dc51678a4100e",
      "chainId": 1,
      "decimals": 18,
      "name": "ELF Token",
      "symbol": "ELF",
      "type": "ERC20",
      "hasLogo": true,
      "blockListsCount": 0,
      "exchangeListsCount": 0,
      "flagListsCount": 0,
      "importedListsCount": 2,
      "buyTax": 0,
      "sellTax": 0,
      "isInDex": true,
      "isHoneypot": false,
      "manualUnblock": false,
      "transactionsHourly": 1,
      "transactionsDaily": 1,
      "transactionsWeekly": 6,
      "transactionsMonthly": 228,
      "volumeUsdHourly": 40.4605065647239,
      "volumeUsdDaily": 40.454817824453,
      "volumeUsdWeekly": 557.6847984658853,
      "volumeUsdMonthly": 93072.2617504175,
      "logo": "https://matcha-image-proxy.api.0x.org/images/1/0xbf2179859fc6d5bee9bf9158632dc51678a4100e"
    },
    {
      "address": "FVcMs7GEVWmcs9beeaSxz6VhqJUGukEfTBsNGGfKpump",
      "chainId": 1399811149,
      "decimals": 6,
      "name": "ELF",
      "symbol": "ELF",
      "type": "SPL-Token",
      "blockListsCount": 0,
      "exchangeListsCount": 0,
      "flagListsCount": 0,
      "importedListsCount": 0,
      "isHoneypot": false,
      "transactionsDaily": 7,
      "transactionsWeekly": 7,
      "transactionsMonthly": 7,
      "volumeUsdDaily": 250.03627145912003,
      "volumeUsdWeekly": 250.03627145912003,
      "volumeUsdMonthly": 250.03627145912003,
      "logo": "https://matcha-image-proxy.api.0x.org/images/1399811149/FVcMs7GEVWmcs9beeaSxz6VhqJUGukEfTBsNGGfKpump"
    },
    {
      "address": "GecduTvemAdA12kR4oGfYdBcTzk7AQsxddQnHLgqpump",
      "chainId": 1399811149,
      "decimals": 6,
      "name": "Easy Long Flips",
      "symbol": "ELF",
      "type": "SPL-Token",
      "blockListsCount": 1,
      "exchangeListsCount": 0,
      "flagListsCount": 0,
      "importedListsCount": 0,
      "manualUnblock": false,
      "transactionsDaily": 3,
      "transactionsWeekly": 3,
      "transactionsMonthly": 3,
      "volumeUsdDaily": 220.57281453867,
      "volumeUsdWeekly": 220.57281453867,
      "volumeUsdMonthly": 220.57281453867,
      "logo": "https://matcha-image-proxy.api.0x.org/images/1399811149/GecduTvemAdA12kR4oGfYdBcTzk7AQsxddQnHLgqpump"
    },
    {
      "address": "3m5krCFyhRqLibVSVKvvjZ4xWd4P3iSn4SJvpvLcqdDc",
      "chainId": 1399811149,
      "decimals": 6,
      "name": "ELF",
      "symbol": "ELF",
      "type": "SPL-Token",
      "blockListsCount": 0,
      "exchangeListsCount": 0,
      "flagListsCount": 0,
      "importedListsCount": 0,
      "transactionsMonthly": 168,
      "volumeUsdMonthly": 19584.97991859986,
      "logo": "https://matcha-image-proxy.api.0x.org/images/1399811149/3m5krCFyhRqLibVSVKvvjZ4xWd4P3iSn4SJvpvLcqdDc"
    },
    {
      "address": "0x8a13f32e2a556830f3a5e97a96ae941abfcb1d5c",
      "chainId": 1,
      "decimals": 18,
      "name": "ELF",
      "symbol": "ELF",
      "type": "ERC20",
      "hasLogo": true,
      "blockListsCount": 0,
      "exchangeListsCount": 0,
      "flagListsCount": 0,
      "importedListsCount": 2,
      "buyTax": 0,
      "sellTax": 0,
      "isInDex": false,
      "isHoneypot": null,
      "manualUnblock": false,
      "logo": "https://matcha-image-proxy.api.0x.org/images/1/0x8a13f32e2a556830f3a5e97a96ae941abfcb1d5c"
    },
    {
      "address": "0x11399518d50eb99f0844ed50e049c9ac363c1583",
      "chainId": 130,
      "decimals": 18,
      "name": "Elf Wallet Long",
      "symbol": "Elf Wallet Long",
      "type": "ERC20",
      "blockListsCount": 1,
      "exchangeListsCount": 0,
      "flagListsCount": 1,
      "importedListsCount": 0,
      "manualUnblock": false,
      "logo": "https://matcha-image-proxy.api.0x.org/images/130/0x11399518d50eb99f0844ed50e049c9ac363c1583"
    },
    {
      "address": "HPhBHm4bE7JZ2avKiuG4wWEQEDX3bxegtavC3adXzZMD",
      "chainId": 1399811149,
      "decimals": 9,
      "name": "Buddy the Elf",
      "symbol": "BUDDY",
      "type": "SPL-Token",
      "blockListsCount": 0,
      "exchangeListsCount": 0,
      "flagListsCount": 0,
      "importedListsCount": 0,
      "transactionsDaily": 3,
      "transactionsWeekly": 3,
      "transactionsMonthly": 3,
      "volumeUsdDaily": 298.29795831376003,
      "volumeUsdWeekly": 298.29795831376003,
      "volumeUsdMonthly": 298.29795831376003,
      "logo": "https://matcha-image-proxy.api.0x.org/images/1399811149/HPhBHm4bE7JZ2avKiuG4wWEQEDX3bxegtavC3adXzZMD"
    },
    {
      "address": "0xd0135594665dfbb6aecdd602a5fb540408e777f7",
      "chainId": 8453,
      "decimals": 18,
      "name": "ELF aelf Perpetual",
      "symbol": "ELFAEL",
      "type": "ERC20",
      "blockListsCount": 0,
      "exchangeListsCount": 0,
      "flagListsCount": 0,
      "importedListsCount": 0,
      "logo": "https://matcha-image-proxy.api.0x.org/images/8453/0xd0135594665dfbb6aecdd602a5fb540408e777f7"
    },
    {
      "address": "3o3uBmAXMiyZKS8yZQsPq2czTgWHjYEiEjaJAUegpump",
      "chainId": 1399811149,
      "decimals": 6,
      "name": "Google's AI Elf",
      "symbol": "AIELF",
      "type": "SPL-Token",
      "blockListsCount": 1,
      "exchangeListsCount": 0,
      "flagListsCount": 1,
      "importedListsCount": 0,
      "manualUnblock": false,
      "logo": "https://matcha-image-proxy.api.0x.org/images/1399811149/3o3uBmAXMiyZKS8yZQsPq2czTgWHjYEiEjaJAUegpump"
    },
    {
      "address": "6bJn8kkvcQfUf3DrRKpmc3Yic5GinZ8kjQaHE86Spump",
      "chainId": 1399811149,
      "decimals": 6,
      "name": "Google Santa Elf",
      "symbol": "JOY",
      "type": "SPL-Token",
      "blockListsCount": 1,
      "exchangeListsCount": 0,
      "flagListsCount": 1,
      "importedListsCount": 0,
      "manualUnblock": false,
      "logo": "https://matcha-image-proxy.api.0x.org/images/1399811149/6bJn8kkvcQfUf3DrRKpmc3Yic5GinZ8kjQaHE86Spump"
    },
    {
      "address": "0x976665ee25b6794739bec77852f33e423c11c2db",
      "chainId": 130,
      "decimals": 18,
      "name": "The Land Elf Crossing Optionroom",
      "symbol": "The Land Elf Crossing Optionroom",
      "type": "ERC20",
      "blockListsCount": 1,
      "exchangeListsCount": 0,
      "flagListsCount": 1,
      "importedListsCount": 0,
      "manualUnblock": false,
      "logo": "https://matcha-image-proxy.api.0x.org/images/130/0x976665ee25b6794739bec77852f33e423c11c2db"
    },
    {
      "address": "0xbf7ec32fa18a38ce53f274f380b7845e516830d3",
      "chainId": 130,
      "decimals": 18,
      "name": "Elf Wallet Yi Long Ma",
      "symbol": "Elf Wallet Yi Long Ma",
      "type": "ERC20",
      "blockListsCount": 1,
      "exchangeListsCount": 0,
      "flagListsCount": 1,
      "importedListsCount": 0,
      "manualUnblock": false,
      "logo": "https://matcha-image-proxy.api.0x.org/images/130/0xbf7ec32fa18a38ce53f274f380b7845e516830d3"
    }
  ],
  "searchTime": "2025-12-30T01:58:22.231Z",
  "error": null
}