{
  "originalSymbol": "QKC",
  "originalFullName": "QuarkChain",
  "searchedQuery": "QKC QuarkChain",
  "retried": false,
  "isL1": false,
  "success": true,
  "tokenCount": 15,
  "resultCount": 720,
  "tokens": [
    {
      "address": "0xd46a31951f200bed1418d930f4e1b4752a093daf",
      "chainId": 8453,
      "decimals": 18,
      "name": "QKC QuarkChain On Base",
      "symbol": "QKC QuarkChain On Base",
      "type": "ERC20",
      "blockListsCount": 0,
      "exchangeListsCount": 0,
      "flagListsCount": 0,
      "importedListsCount": 0,
      "logo": "https://matcha-image-proxy.api.0x.org/images/8453/0xd46a31951f200bed1418d930f4e1b4752a093daf"
    },
    {
      "address": "0xea26c4ac16d4a5a106820bc8aee85fd0b7b2b664",
      "chainId": 1,
      "decimals": 18,
      "name": "QuarkChain Token",
      "symbol": "QKC",
      "type": "ERC20",
      "hasLogo": true,
      "blockListsCount": 0,
      "exchangeListsCount": 0,
      "flagListsCount": 0,
      "importedListsCount": 2,
      "buyTax": 0,
      "sellTax": 0,
      "isInDex": true,
      "isHoneypot": false,
      "manualUnblock": false,
      "transactionsHourly": 1,
      "transactionsDaily": 1,
      "transactionsWeekly": 4,
      "transactionsMonthly": 8,
      "volumeUsdHourly": 37.4199563240937,
      "volumeUsdDaily": 37.4199563240937,
      "volumeUsdWeekly": 88.15248930554414,
      "volumeUsdMonthly": 172.49770786720225,
      "logo": "https://matcha-image-proxy.api.0x.org/images/1/0xea26c4ac16d4a5a106820bc8aee85fd0b7b2b664"
    },
    {
      "address": "0x0cb98262330da802753cc0c1321e78e39efab4d4",
      "chainId": 8453,
      "decimals": 18,
      "name": "QKC QuarkChain Perpetual",
      "symbol": "QKCQUA",
      "type": "ERC20",
      "blockListsCount": 0,
      "exchangeListsCount": 0,
      "flagListsCount": 0,
      "importedListsCount": 0,
      "logo": "https://matcha-image-proxy.api.0x.org/images/8453/0x0cb98262330da802753cc0c1321e78e39efab4d4"
    },
    {
      "address": "0x137c89d12748d358863f9473bcfbbb8951b1d07d",
      "chainId": 8453,
      "decimals": 18,
      "name": "Basis Gold Share QKC",
      "symbol": "Basis Gold Share QKC",
      "type": "ERC20",
      "blockListsCount": 1,
      "exchangeListsCount": 0,
      "flagListsCount": 1,
      "importedListsCount": 0,
      "buyTax": 0,
      "sellTax": 0,
      "isInDex": true,
      "isHoneypot": false,
      "manualUnblock": false,
      "logo": "https://matcha-image-proxy.api.0x.org/images/8453/0x137c89d12748d358863f9473bcfbbb8951b1d07d"
    },
    {
      "address": "3ykAqezKyrP1ch2aGR41iUMqymGi77ZkNvTxBqJKpump",
      "chainId": 1399811149,
      "decimals": 6,
      "name": "Quantum Kinetics Corporation",
      "symbol": "QKC",
      "type": "SPL-Token",
      "blockListsCount": 1,
      "exchangeListsCount": 0,
      "flagListsCount": 1,
      "importedListsCount": 0,
      "manualUnblock": false,
      "logo": "https://matcha-image-proxy.api.0x.org/images/1399811149/3ykAqezKyrP1ch2aGR41iUMqymGi77ZkNvTxBqJKpump"
    },
    {
      "address": "0x847784100395dd5036d45a64fbde7d8498f4acf2",
      "chainId": 130,
      "decimals": 18,
      "name": "QuarkChain QKC",
      "symbol": "QuarkChain QKC",
      "type": "ERC20",
      "blockListsCount": 0,
      "exchangeListsCount": 0,
      "flagListsCount": 0,
      "importedListsCount": 0,
      "logo": "https://matcha-image-proxy.api.0x.org/images/130/0x847784100395dd5036d45a64fbde7d8498f4acf2"
    },
    {
      "address": "0x38718feed74085d170cd73aec1389f161f7caeeb",
      "chainId": 130,
      "decimals": 18,
      "name": "QuarkChain QKC",
      "symbol": "QuarkChain QKC",
      "type": "ERC20",
      "blockListsCount": 0,
      "exchangeListsCount": 0,
      "flagListsCount": 0,
      "importedListsCount": 0,
      "logo": "https://matcha-image-proxy.api.0x.org/images/130/0x38718feed74085d170cd73aec1389f161f7caeeb"
    },
    {
      "address": "0x19a16d51f1fc8e96f1d7ef69178ef91d4ad0a708",
      "chainId": 130,
      "decimals": 18,
      "name": "QuarkChain QKC",
      "symbol": "QuarkChain QKC",
      "type": "ERC20",
      "blockListsCount": 0,
      "exchangeListsCount": 0,
      "flagListsCount": 0,
      "importedListsCount": 0,
      "logo": "https://matcha-image-proxy.api.0x.org/images/130/0x19a16d51f1fc8e96f1d7ef69178ef91d4ad0a708"
    },
    {
      "address": "0x2ead8a97317f11c0b01fe1c8d9d83da1d9d4ee94",
      "chainId": 8453,
      "decimals": 9,
      "name": "Qkc Officially",
      "symbol": "Qkc Officially",
      "type": "ERC20",
      "blockListsCount": 0,
      "exchangeListsCount": 0,
      "flagListsCount": 0,
      "importedListsCount": 0,
      "logo": "https://matcha-image-proxy.api.0x.org/images/8453/0x2ead8a97317f11c0b01fe1c8d9d83da1d9d4ee94"
    },
    {
      "address": "0x5bc7bc0cc6351104eb394677942df2d3d4ad9a42",
      "chainId": 130,
      "decimals": 18,
      "name": "Karum Qkc",
      "symbol": "Karum Qkc",
      "type": "ERC20",
      "blockListsCount": 0,
      "exchangeListsCount": 0,
      "flagListsCount": 0,
      "importedListsCount": 0,
      "logo": "https://matcha-image-proxy.api.0x.org/images/130/0x5bc7bc0cc6351104eb394677942df2d3d4ad9a42"
    },
    {
      "address": "0xf60889dcbb00df8f72f1b523530ec954a1f9bb83",
      "chainId": 8453,
      "decimals": 9,
      "name": "Qkc Waz",
      "symbol": "Qkc Waz",
      "type": "ERC20",
      "blockListsCount": 0,
      "exchangeListsCount": 0,
      "flagListsCount": 0,
      "importedListsCount": 0,
      "logo": "https://matcha-image-proxy.api.0x.org/images/8453/0xf60889dcbb00df8f72f1b523530ec954a1f9bb83"
    },
    {
      "address": "0xa527e3232450324dba63a25fce240b036d9e24fa",
      "chainId": 130,
      "decimals": 18,
      "name": "Qkc Neuralink",
      "symbol": "Qkc Neuralink",
      "type": "ERC20",
      "blockListsCount": 0,
      "exchangeListsCount": 0,
      "flagListsCount": 0,
      "importedListsCount": 0,
      "logo": "https://matcha-image-proxy.api.0x.org/images/130/0xa527e3232450324dba63a25fce240b036d9e24fa"
    },
    {
      "address": "0xd7f15d316b5273d3b8c50dc1887b4a09cad096ab",
      "chainId": 8453,
      "decimals": 18,
      "name": "Rexas QKC",
      "symbol": "Rexas QKC",
      "type": "ERC20",
      "blockListsCount": 0,
      "exchangeListsCount": 0,
      "flagListsCount": 0,
      "importedListsCount": 0,
      "buyTax": 0,
      "sellTax": 0,
      "isInDex": true,
      "isHoneypot": false,
      "logo": "https://matcha-image-proxy.api.0x.org/images/8453/0xd7f15d316b5273d3b8c50dc1887b4a09cad096ab"
    },
    {
      "address": "0x1f075faeb95b4b7c09d8da673bdd7cb1536015c2",
      "chainId": 8453,
      "decimals": 18,
      "name": "QKC XPR",
      "symbol": "QKC XPR",
      "type": "ERC20",
      "blockListsCount": 0,
      "exchangeListsCount": 0,
      "flagListsCount": 0,
      "importedListsCount": 0,
      "buyTax": null,
      "sellTax": null,
      "isInDex": false,
      "isHoneypot": false,
      "logo": "https://matcha-image-proxy.api.0x.org/images/8453/0x1f075faeb95b4b7c09d8da673bdd7cb1536015c2"
    },
    {
      "address": "0xf74f10260b94cfb1575d8c7f737f77c663f3eb94",
      "chainId": 8453,
      "decimals": 18,
      "name": "QKC ORDER",
      "symbol": "QKC ORDER",
      "type": "ERC20",
      "blockListsCount": 0,
      "exchangeListsCount": 0,
      "flagListsCount": 0,
      "importedListsCount": 0,
      "buyTax": 0,
      "sellTax": 0,
      "isInDex": true,
      "isHoneypot": false,
      "logo": "https://matcha-image-proxy.api.0x.org/images/8453/0xf74f10260b94cfb1575d8c7f737f77c663f3eb94"
    }
  ],
  "searchTime": "2025-12-30T01:58:33.799Z",
  "error": null
}