{
  "originalSymbol": "GMT",
  "originalFullName": "GMT",
  "searchedQuery": "GMT GMT",
  "retried": false,
  "isL1": false,
  "success": true,
  "tokenCount": 15,
  "resultCount": 3384,
  "tokens": [
    {
      "address": "0x7ddc52c4de30e94be3a6a0a2b259b2850f421989",
      "chainId": 56,
      "decimals": 18,
      "name": "GoMining Token",
      "symbol": "GMT",
      "type": "ERC20",
      "hasLogo": true,
      "blockListsCount": 0,
      "exchangeListsCount": 0,
      "flagListsCount": 0,
      "importedListsCount": 1,
      "buyTax": 0,
      "sellTax": 0,
      "isInDex": true,
      "isHoneypot": false,
      "manualUnblock": false,
      "transactionsHourly": 3,
      "transactionsDaily": 53,
      "transactionsWeekly": 364,
      "transactionsMonthly": 1273,
      "volumeUsdHourly": 444.632338106047,
      "volumeUsdDaily": 56194.90848100235,
      "volumeUsdWeekly": 377878.9178975538,
      "volumeUsdMonthly": 1011676.4930521052,
      "logo": "https://matcha-image-proxy.api.0x.org/images/56/0x7ddc52c4de30e94be3a6a0a2b259b2850f421989"
    },
    {
      "address": "0x714db550b574b3e927af3d93e26127d15721d4c2",
      "chainId": 137,
      "decimals": 8,
      "name": "GreenMetaverseToken",
      "symbol": "GMT",
      "type": "ERC20",
      "hasLogo": true,
      "blockListsCount": 0,
      "exchangeListsCount": 0,
      "flagListsCount": 0,
      "importedListsCount": 1,
      "buyTax": 0,
      "sellTax": 0,
      "isInDex": true,
      "isHoneypot": false,
      "manualUnblock": false,
      "transactionsHourly": 1,
      "transactionsDaily": 17,
      "transactionsWeekly": 89,
      "transactionsMonthly": 459,
      "volumeUsdHourly": 11.5876196801,
      "volumeUsdDaily": 1271.2435452797056,
      "volumeUsdWeekly": 8258.01454916977,
      "volumeUsdMonthly": 42725.57018646372,
      "logo": "https://matcha-image-proxy.api.0x.org/images/137/0x714db550b574b3e927af3d93e26127d15721d4c2"
    },
    {
      "address": "0x3019bf2a2ef8040c242c9a4c5c4bd4c81678b2a1",
      "chainId": 56,
      "decimals": 8,
      "name": "Green Metaverse Token",
      "symbol": "GMT",
      "type": "ERC20",
      "hasLogo": true,
      "issuer": {
        "name": "binance",
        "metadata": {}
      },
      "blockListsCount": 0,
      "exchangeListsCount": 0,
      "flagListsCount": 0,
      "importedListsCount": 1,
      "buyTax": 0,
      "sellTax": 0,
      "isInDex": true,
      "isHoneypot": false,
      "manualUnblock": false,
      "transactionsHourly": 1,
      "transactionsDaily": 7,
      "transactionsWeekly": 29,
      "transactionsMonthly": 107,
      "volumeUsdHourly": 0.610497030502026,
      "volumeUsdDaily": 135.53187867506597,
      "volumeUsdWeekly": 341.9824147514337,
      "volumeUsdMonthly": 1428.3751981425687,
      "logo": "https://matcha-image-proxy.api.0x.org/images/56/0x3019bf2a2ef8040c242c9a4c5c4bd4c81678b2a1"
    },
    {
      "address": "0x7ddc52c4de30e94be3a6a0a2b259b2850f421989",
      "chainId": 1,
      "decimals": 18,
      "name": "GoMining Token",
      "symbol": "GMT",
      "type": "ERC20",
      "hasLogo": true,
      "blockListsCount": 0,
      "exchangeListsCount": 0,
      "flagListsCount": 0,
      "importedListsCount": 2,
      "buyTax": 0,
      "sellTax": 0,
      "isInDex": true,
      "isHoneypot": false,
      "manualUnblock": false,
      "transactionsHourly": 4,
      "transactionsDaily": 19,
      "transactionsWeekly": 116,
      "transactionsMonthly": 396,
      "volumeUsdHourly": 5736.617511453039,
      "volumeUsdDaily": 20584.37107310184,
      "volumeUsdWeekly": 73471.40665126014,
      "volumeUsdMonthly": 219215.10512879645,
      "logo": "https://matcha-image-proxy.api.0x.org/images/1/0x7ddc52c4de30e94be3a6a0a2b259b2850f421989"
    },
    {
      "address": "0x28c5ea782d9a26e438cd06e0e9c71e23da946d8a",
      "chainId": 130,
      "decimals": 18,
      "name": "GMT GMT",
      "symbol": "GMT GMT",
      "type": "ERC20",
      "blockListsCount": 0,
      "exchangeListsCount": 0,
      "flagListsCount": 0,
      "importedListsCount": 0,
      "logo": "https://matcha-image-proxy.api.0x.org/images/130/0x28c5ea782d9a26e438cd06e0e9c71e23da946d8a"
    },
    {
      "address": "0xc72e307eb309fe3a073d32a71f27c204deb8ff41",
      "chainId": 130,
      "decimals": 18,
      "name": "GMT GMT",
      "symbol": "GMT GMT",
      "type": "ERC20",
      "blockListsCount": 0,
      "exchangeListsCount": 0,
      "flagListsCount": 0,
      "importedListsCount": 0,
      "logo": "https://matcha-image-proxy.api.0x.org/images/130/0xc72e307eb309fe3a073d32a71f27c204deb8ff41"
    },
    {
      "address": "0x3cef4c8c15103fb1afe4ecafe502ecf78d414ae8",
      "chainId": 130,
      "decimals": 18,
      "name": "GMT GMT",
      "symbol": "GMT GMT",
      "type": "ERC20",
      "blockListsCount": 0,
      "exchangeListsCount": 0,
      "flagListsCount": 0,
      "importedListsCount": 0,
      "logo": "https://matcha-image-proxy.api.0x.org/images/130/0x3cef4c8c15103fb1afe4ecafe502ecf78d414ae8"
    },
    {
      "address": "0x58f6b27216ba2984fb1867e224ef267d11943239",
      "chainId": 8453,
      "decimals": 9,
      "name": "Trump - GMT GMT",
      "symbol": "Trump - GMT GMT",
      "type": "ERC20",
      "blockListsCount": 0,
      "exchangeListsCount": 0,
      "flagListsCount": 0,
      "importedListsCount": 0,
      "buyTax": 0,
      "sellTax": 0,
      "isInDex": true,
      "isHoneypot": false,
      "logo": "https://matcha-image-proxy.api.0x.org/images/8453/0x58f6b27216ba2984fb1867e224ef267d11943239"
    },
    {
      "address": "0xe3ced255675876c3b91cbe53b6f7f6b65834f776",
      "chainId": 8453,
      "decimals": 18,
      "name": "GMT GMT - Free",
      "symbol": "GMT GMT - Free",
      "type": "ERC20",
      "blockListsCount": 0,
      "exchangeListsCount": 0,
      "flagListsCount": 0,
      "importedListsCount": 0,
      "buyTax": 0,
      "sellTax": 0,
      "isInDex": true,
      "isHoneypot": false,
      "logo": "https://matcha-image-proxy.api.0x.org/images/8453/0xe3ced255675876c3b91cbe53b6f7f6b65834f776"
    },
    {
      "address": "0xa9d52965a608c3be95b4c969df1b3aae886fd8a6",
      "chainId": 130,
      "decimals": 18,
      "name": "GMT GMT V3",
      "symbol": "GMT GMT V3",
      "type": "ERC20",
      "blockListsCount": 0,
      "exchangeListsCount": 0,
      "flagListsCount": 0,
      "importedListsCount": 0,
      "logo": "https://matcha-image-proxy.api.0x.org/images/130/0xa9d52965a608c3be95b4c969df1b3aae886fd8a6"
    },
    {
      "address": "0x0f19e1459c0e76dc75fc20073bc22faa6e4e7cd4",
      "chainId": 56,
      "decimals": 9,
      "name": "Perp GMT GMT",
      "symbol": "PERP GMT GMT",
      "type": "ERC20",
      "blockListsCount": 0,
      "exchangeListsCount": 0,
      "flagListsCount": 0,
      "importedListsCount": 0,
      "logo": "https://matcha-image-proxy.api.0x.org/images/56/0x0f19e1459c0e76dc75fc20073bc22faa6e4e7cd4"
    },
    {
      "address": "0xea8794bcd714bd14bee2b9ea96fd461c01bc4fcb",
      "chainId": 8453,
      "decimals": 18,
      "name": "GMT GMT Reserve",
      "symbol": "GMT GMT Reserve",
      "type": "ERC20",
      "blockListsCount": 0,
      "exchangeListsCount": 0,
      "flagListsCount": 0,
      "importedListsCount": 0,
      "logo": "https://matcha-image-proxy.api.0x.org/images/8453/0xea8794bcd714bd14bee2b9ea96fd461c01bc4fcb"
    },
    {
      "address": "0x482624bbb828a5b14d97fd6e933841b35d3506a0",
      "chainId": 130,
      "decimals": 18,
      "name": "GMT GMT AI",
      "symbol": "GMT GMT AI",
      "type": "ERC20",
      "blockListsCount": 0,
      "exchangeListsCount": 0,
      "flagListsCount": 0,
      "importedListsCount": 0,
      "logo": "https://matcha-image-proxy.api.0x.org/images/130/0x482624bbb828a5b14d97fd6e933841b35d3506a0"
    },
    {
      "address": "0x99333fb88235620ff81f32e0055327df50ef6aef",
      "chainId": 8453,
      "decimals": 18,
      "name": "GMT GMT AI",
      "symbol": "GMT GMT AI",
      "type": "ERC20",
      "blockListsCount": 0,
      "exchangeListsCount": 0,
      "flagListsCount": 0,
      "importedListsCount": 0,
      "logo": "https://matcha-image-proxy.api.0x.org/images/8453/0x99333fb88235620ff81f32e0055327df50ef6aef"
    },
    {
      "address": "0x1e3a7fadc9c0c30f8ba6a78832d6640738ead575",
      "chainId": 8453,
      "decimals": 9,
      "name": "GMT GMT Mobile",
      "symbol": "GMT GMT Mobile",
      "type": "ERC20",
      "blockListsCount": 0,
      "exchangeListsCount": 0,
      "flagListsCount": 0,
      "importedListsCount": 0,
      "logo": "https://matcha-image-proxy.api.0x.org/images/8453/0x1e3a7fadc9c0c30f8ba6a78832d6640738ead575"
    }
  ],
  "searchTime": "2025-12-30T01:58:17.474Z",
  "error": null
}