{
  "originalSymbol": "ORCA",
  "originalFullName": "Orca",
  "searchedQuery": "ORCA Orca",
  "retried": false,
  "isL1": false,
  "success": true,
  "tokenCount": 15,
  "resultCount": 10000,
  "tokens": [
    {
      "address": "orcaEKTdK7LKz57vaAYr9QeNsVEPfiu6QeMU1kektZE",
      "chainId": 1399811149,
      "decimals": 6,
      "name": "Orca",
      "symbol": "ORCA",
      "type": "SPL-Token",
      "blockListsCount": 0,
      "exchangeListsCount": 0,
      "flagListsCount": 0,
      "importedListsCount": 0,
      "isHoneypot": false,
      "transactionsDaily": 531,
      "transactionsWeekly": 531,
      "transactionsMonthly": 531,
      "volumeUsdDaily": 31303.011855999295,
      "volumeUsdWeekly": 31303.011855999295,
      "volumeUsdMonthly": 31303.011855999295,
      "logo": "https://matcha-image-proxy.api.0x.org/images/1399811149/orcaEKTdK7LKz57vaAYr9QeNsVEPfiu6QeMU1kektZE"
    },
    {
      "address": "0x12f8c442bdf8937d31ffb210dc640fa2cef6ecfc",
      "chainId": 130,
      "decimals": 18,
      "name": "Orca ORCA",
      "symbol": "Orca ORCA",
      "type": "ERC20",
      "blockListsCount": 0,
      "exchangeListsCount": 0,
      "flagListsCount": 0,
      "importedListsCount": 0,
      "logo": "https://matcha-image-proxy.api.0x.org/images/130/0x12f8c442bdf8937d31ffb210dc640fa2cef6ecfc"
    },
    {
      "address": "0xacde5fc613782bcb4f5b9a061b6ce82c7ba092b6",
      "chainId": 8453,
      "decimals": 18,
      "name": "Orca ORCA",
      "symbol": "Orca ORCA",
      "type": "ERC20",
      "blockListsCount": 0,
      "exchangeListsCount": 0,
      "flagListsCount": 0,
      "importedListsCount": 0,
      "buyTax": 0,
      "sellTax": 0,
      "isInDex": true,
      "isHoneypot": false,
      "logo": "https://matcha-image-proxy.api.0x.org/images/8453/0xacde5fc613782bcb4f5b9a061b6ce82c7ba092b6"
    },
    {
      "address": "0x641a4d1b0db3823a54873a5c52777448114e1618",
      "chainId": 130,
      "decimals": 18,
      "name": "Orca ORCA",
      "symbol": "Orca ORCA",
      "type": "ERC20",
      "blockListsCount": 0,
      "exchangeListsCount": 0,
      "flagListsCount": 0,
      "importedListsCount": 0,
      "logo": "https://matcha-image-proxy.api.0x.org/images/130/0x641a4d1b0db3823a54873a5c52777448114e1618"
    },
    {
      "address": "0x0f36403b9f42166a0d4974e6e909d17c8d63b960",
      "chainId": 130,
      "decimals": 18,
      "name": "Orca ORCA",
      "symbol": "Orca ORCA",
      "type": "ERC20",
      "blockListsCount": 0,
      "exchangeListsCount": 0,
      "flagListsCount": 0,
      "importedListsCount": 0,
      "logo": "https://matcha-image-proxy.api.0x.org/images/130/0x0f36403b9f42166a0d4974e6e909d17c8d63b960"
    },
    {
      "address": "0x2cd8ac17b9b3db1353e183789d5d4f544253567d",
      "chainId": 8453,
      "decimals": 18,
      "name": "Orca ORCA 2026",
      "symbol": "Orca ORCA",
      "type": "ERC20",
      "blockListsCount": 0,
      "exchangeListsCount": 0,
      "flagListsCount": 0,
      "importedListsCount": 0,
      "logo": "https://matcha-image-proxy.api.0x.org/images/8453/0x2cd8ac17b9b3db1353e183789d5d4f544253567d"
    },
    {
      "address": "0xbd4873c914419ff15c4a7ec05025cadfd1f13176",
      "chainId": 8453,
      "decimals": 18,
      "name": "Orca ORCA V3",
      "symbol": "Orca ORCA V3",
      "type": "ERC20",
      "blockListsCount": 0,
      "exchangeListsCount": 0,
      "flagListsCount": 0,
      "importedListsCount": 0,
      "logo": "https://matcha-image-proxy.api.0x.org/images/8453/0xbd4873c914419ff15c4a7ec05025cadfd1f13176"
    },
    {
      "address": "0x1ec570d9d970ccf6e6da82a93209c6794380c19c",
      "chainId": 8453,
      "decimals": 9,
      "name": "Orca ORCA - AI",
      "symbol": "Orca ORCA - AI",
      "type": "ERC20",
      "blockListsCount": 0,
      "exchangeListsCount": 0,
      "flagListsCount": 0,
      "importedListsCount": 0,
      "buyTax": 0,
      "sellTax": 0,
      "isInDex": true,
      "isHoneypot": false,
      "logo": "https://matcha-image-proxy.api.0x.org/images/8453/0x1ec570d9d970ccf6e6da82a93209c6794380c19c"
    },
    {
      "address": "0x4151e01df78c2ce699313b12cdf55a8bf7f0c1ff",
      "chainId": 130,
      "decimals": 18,
      "name": "Orca ORCA AI",
      "symbol": "Orca ORCA AI",
      "type": "ERC20",
      "blockListsCount": 0,
      "exchangeListsCount": 0,
      "flagListsCount": 0,
      "importedListsCount": 0,
      "logo": "https://matcha-image-proxy.api.0x.org/images/130/0x4151e01df78c2ce699313b12cdf55a8bf7f0c1ff"
    },
    {
      "address": "0xaecc2ede4f0e80c8c19bbf6cc9f3f3ce70c9cb1d",
      "chainId": 8453,
      "decimals": 18,
      "name": "Orca ORCA - Free",
      "symbol": "Orca ORCA - Free",
      "type": "ERC20",
      "blockListsCount": 0,
      "exchangeListsCount": 0,
      "flagListsCount": 0,
      "importedListsCount": 0,
      "buyTax": 0,
      "sellTax": 0,
      "isInDex": true,
      "isHoneypot": false,
      "logo": "https://matcha-image-proxy.api.0x.org/images/8453/0xaecc2ede4f0e80c8c19bbf6cc9f3f3ce70c9cb1d"
    },
    {
      "address": "0x3f6580d12a6b59667f92877b9d4fdfa8bb63626b",
      "chainId": 8453,
      "decimals": 9,
      "name": "Trump - Orca ORCA",
      "symbol": "Trump - Orca ORCA",
      "type": "ERC20",
      "blockListsCount": 0,
      "exchangeListsCount": 0,
      "flagListsCount": 0,
      "importedListsCount": 0,
      "buyTax": 0,
      "sellTax": 0,
      "isInDex": true,
      "isHoneypot": false,
      "logo": "https://matcha-image-proxy.api.0x.org/images/8453/0x3f6580d12a6b59667f92877b9d4fdfa8bb63626b"
    },
    {
      "address": "0xafe60b6d4ef7f7db853c49617b3701972b42b7c1",
      "chainId": 8453,
      "decimals": 9,
      "name": "Orca ORCA Red",
      "symbol": "Orca ORCA Red",
      "type": "ERC20",
      "blockListsCount": 0,
      "exchangeListsCount": 0,
      "flagListsCount": 0,
      "importedListsCount": 0,
      "buyTax": 0,
      "sellTax": 0,
      "isInDex": true,
      "isHoneypot": false,
      "logo": "https://matcha-image-proxy.api.0x.org/images/8453/0xafe60b6d4ef7f7db853c49617b3701972b42b7c1"
    },
    {
      "address": "0x578006478ca88a679fecdcfe122923c235d3a050",
      "chainId": 8453,
      "decimals": 18,
      "name": "Orca ORCA Reserve",
      "symbol": "Orca ORCA Reserve",
      "type": "ERC20",
      "blockListsCount": 0,
      "exchangeListsCount": 0,
      "flagListsCount": 0,
      "importedListsCount": 0,
      "logo": "https://matcha-image-proxy.api.0x.org/images/8453/0x578006478ca88a679fecdcfe122923c235d3a050"
    },
    {
      "address": "0x49a98cf88b018772beade2e559a4ed338b16d8ce",
      "chainId": 130,
      "decimals": 18,
      "name": "Orca ORCA V3",
      "symbol": "Orca ORCA V3",
      "type": "ERC20",
      "blockListsCount": 0,
      "exchangeListsCount": 0,
      "flagListsCount": 0,
      "importedListsCount": 0,
      "logo": "https://matcha-image-proxy.api.0x.org/images/130/0x49a98cf88b018772beade2e559a4ed338b16d8ce"
    },
    {
      "address": "0x18dc0b7dc210b78309f7a7151ebb566684a16992",
      "chainId": 8453,
      "decimals": 18,
      "name": "Orca ORCA AI",
      "symbol": "Orca ORCA AI",
      "type": "ERC20",
      "blockListsCount": 0,
      "exchangeListsCount": 0,
      "flagListsCount": 0,
      "importedListsCount": 0,
      "logo": "https://matcha-image-proxy.api.0x.org/images/8453/0x18dc0b7dc210b78309f7a7151ebb566684a16992"
    }
  ],
  "searchTime": "2025-12-30T01:58:27.934Z",
  "error": null
}