{
  "originalSymbol": "ENSO",
  "originalFullName": "Enso",
  "searchedQuery": "ENSO Enso",
  "retried": false,
  "isL1": false,
  "success": true,
  "tokenCount": 15,
  "resultCount": 793,
  "tokens": [
    {
      "address": "0xd346236424487006669199d037932e56ac37f1f9",
      "chainId": 8453,
      "decimals": 18,
      "name": "&Enso ($ENSO) Coming Soon to Bybit Spot",
      "symbol": "&Enso ($ENSO) Coming Soon to Bybit Spot",
      "type": "ERC20",
      "issuer": {
        "name": "zora",
        "metadata": {}
      },
      "blockListsCount": 0,
      "exchangeListsCount": 0,
      "flagListsCount": 0,
      "importedListsCount": 0,
      "logo": "https://matcha-image-proxy.api.0x.org/images/8453/0xd346236424487006669199d037932e56ac37f1f9"
    },
    {
      "address": "0xca9f11a3d258b962bdee666b078e2951a5006a9d",
      "chainId": 8453,
      "decimals": 9,
      "name": "Enso ENSO",
      "symbol": "Enso ENSO",
      "type": "ERC20",
      "blockListsCount": 0,
      "exchangeListsCount": 0,
      "flagListsCount": 0,
      "importedListsCount": 0,
      "buyTax": 0,
      "sellTax": 0,
      "isInDex": true,
      "isHoneypot": false,
      "logo": "https://matcha-image-proxy.api.0x.org/images/8453/0xca9f11a3d258b962bdee666b078e2951a5006a9d"
    },
    {
      "address": "0x699f088b5dddcafb7c4824db5b10b57b37cb0c66",
      "chainId": 1,
      "decimals": 18,
      "name": "Enso",
      "symbol": "ENSO",
      "type": "ERC20",
      "hasLogo": true,
      "blockListsCount": 0,
      "exchangeListsCount": 0,
      "flagListsCount": 0,
      "importedListsCount": 2,
      "buyTax": null,
      "sellTax": null,
      "isInDex": false,
      "isHoneypot": false,
      "manualUnblock": false,
      "transactionsHourly": 1,
      "transactionsDaily": 2,
      "transactionsWeekly": 14,
      "transactionsMonthly": 39,
      "volumeUsdHourly": 7.04893976644655,
      "volumeUsdDaily": 14.96088040948487,
      "volumeUsdWeekly": 166.9378109170754,
      "volumeUsdMonthly": 916.2031790495504,
      "logo": "https://matcha-image-proxy.api.0x.org/images/1/0x699f088b5dddcafb7c4824db5b10b57b37cb0c66"
    },
    {
      "address": "0x72c04d22ad5ab73eddd798351beb9054340c9d03",
      "chainId": 56,
      "decimals": 9,
      "name": "ENSO",
      "symbol": "ENSO",
      "type": "ERC20",
      "blockListsCount": 0,
      "exchangeListsCount": 0,
      "flagListsCount": 0,
      "importedListsCount": 0,
      "buyTax": 0,
      "sellTax": null,
      "isInDex": true,
      "isHoneypot": false,
      "transactionsHourly": 2,
      "transactionsDaily": 2,
      "transactionsWeekly": 2,
      "transactionsMonthly": 2,
      "volumeUsdHourly": 227.5106794381074,
      "volumeUsdDaily": 227.5106794381074,
      "volumeUsdWeekly": 251.1331043049269,
      "volumeUsdMonthly": 251.1331043049269,
      "logo": "https://matcha-image-proxy.api.0x.org/images/56/0x72c04d22ad5ab73eddd798351beb9054340c9d03"
    },
    {
      "address": "0x890ed1ee6d435a35d51081ded97ff7ce53be5942",
      "chainId": 1,
      "decimals": 18,
      "name": "Enso DefiPulse Index",
      "symbol": "eDPI",
      "type": "ERC20",
      "blockListsCount": 1,
      "exchangeListsCount": 0,
      "flagListsCount": 1,
      "importedListsCount": 0,
      "buyTax": 0,
      "sellTax": 0,
      "isInDex": false,
      "isHoneypot": null,
      "manualUnblock": false,
      "logo": "https://matcha-image-proxy.api.0x.org/images/1/0x890ed1ee6d435a35d51081ded97ff7ce53be5942"
    },
    {
      "address": "0x640b18129c110e83975246d7725d0dce520288e5",
      "chainId": 8453,
      "decimals": 18,
      "name": "Enso",
      "symbol": "Enso",
      "type": "ERC20",
      "issuer": {
        "name": "zora",
        "metadata": {}
      },
      "blockListsCount": 0,
      "exchangeListsCount": 0,
      "flagListsCount": 0,
      "importedListsCount": 0,
      "logo": "https://matcha-image-proxy.api.0x.org/images/8453/0x640b18129c110e83975246d7725d0dce520288e5"
    },
    {
      "address": "0x7aeab6406ff972ffdbb25185159424fa1089b0ee",
      "chainId": 8453,
      "decimals": 18,
      "name": "Enso",
      "symbol": "Enso",
      "type": "ERC20",
      "issuer": {
        "name": "zora",
        "metadata": {}
      },
      "blockListsCount": 0,
      "exchangeListsCount": 0,
      "flagListsCount": 0,
      "importedListsCount": 0,
      "logo": "https://matcha-image-proxy.api.0x.org/images/8453/0x7aeab6406ff972ffdbb25185159424fa1089b0ee"
    },
    {
      "address": "0x52ab8ca8a883f0f8974a8be377d6b4f225d029e9",
      "chainId": 8453,
      "decimals": 18,
      "name": "$ENSO",
      "symbol": "$ENSO",
      "type": "ERC20",
      "issuer": {
        "name": "zora",
        "metadata": {}
      },
      "blockListsCount": 0,
      "exchangeListsCount": 0,
      "flagListsCount": 0,
      "importedListsCount": 0,
      "logo": "https://matcha-image-proxy.api.0x.org/images/8453/0x52ab8ca8a883f0f8974a8be377d6b4f225d029e9"
    },
    {
      "address": "0x45c3c6534bfbf06ff0e3d9e87a6225db663ad437",
      "chainId": 8453,
      "decimals": 18,
      "name": "ENSO",
      "symbol": "ENSO",
      "type": "ERC20",
      "issuer": {
        "name": "zora",
        "metadata": {}
      },
      "blockListsCount": 0,
      "exchangeListsCount": 0,
      "flagListsCount": 0,
      "importedListsCount": 0,
      "buyTax": null,
      "sellTax": null,
      "isInDex": false,
      "isHoneypot": false,
      "logo": "https://matcha-image-proxy.api.0x.org/images/8453/0x45c3c6534bfbf06ff0e3d9e87a6225db663ad437"
    },
    {
      "address": "0xfb207bde6abbb1ee96665bb7541f27e568ae54d0",
      "chainId": 8453,
      "decimals": 18,
      "name": "Enso",
      "symbol": "Enso",
      "type": "ERC20",
      "issuer": {
        "name": "zora",
        "metadata": {}
      },
      "blockListsCount": 0,
      "exchangeListsCount": 0,
      "flagListsCount": 0,
      "importedListsCount": 0,
      "buyTax": null,
      "sellTax": null,
      "isInDex": false,
      "isHoneypot": false,
      "logo": "https://matcha-image-proxy.api.0x.org/images/8453/0xfb207bde6abbb1ee96665bb7541f27e568ae54d0"
    },
    {
      "address": "0xb2530c48acd6679a407384c2e2491ccfa3d632df",
      "chainId": 8453,
      "decimals": 18,
      "name": "Enso",
      "symbol": "Enso",
      "type": "ERC20",
      "issuer": {
        "name": "zora",
        "metadata": {}
      },
      "blockListsCount": 0,
      "exchangeListsCount": 0,
      "flagListsCount": 0,
      "importedListsCount": 0,
      "logo": "https://matcha-image-proxy.api.0x.org/images/8453/0xb2530c48acd6679a407384c2e2491ccfa3d632df"
    },
    {
      "address": "0x53380a2fa4adb9d55b4e8a8ec612f1788904f191",
      "chainId": 8453,
      "decimals": 18,
      "name": "Enso",
      "symbol": "Enso",
      "type": "ERC20",
      "issuer": {
        "name": "zora",
        "metadata": {}
      },
      "blockListsCount": 0,
      "exchangeListsCount": 0,
      "flagListsCount": 0,
      "importedListsCount": 0,
      "logo": "https://matcha-image-proxy.api.0x.org/images/8453/0x53380a2fa4adb9d55b4e8a8ec612f1788904f191"
    },
    {
      "address": "0x4f6c230edd742cfc4c24ed4045efe2dd773b226a",
      "chainId": 8453,
      "decimals": 18,
      "name": "Enso",
      "symbol": "Enso",
      "type": "ERC20",
      "issuer": {
        "name": "zora",
        "metadata": {}
      },
      "blockListsCount": 0,
      "exchangeListsCount": 0,
      "flagListsCount": 0,
      "importedListsCount": 0,
      "logo": "https://matcha-image-proxy.api.0x.org/images/8453/0x4f6c230edd742cfc4c24ed4045efe2dd773b226a"
    },
    {
      "address": "0x2ad1a69cdf2260362f843f79a2fd8c1924a77431",
      "chainId": 8453,
      "decimals": 18,
      "name": "Enso",
      "symbol": "Enso",
      "type": "ERC20",
      "issuer": {
        "name": "zora",
        "metadata": {}
      },
      "blockListsCount": 0,
      "exchangeListsCount": 0,
      "flagListsCount": 0,
      "importedListsCount": 0,
      "logo": "https://matcha-image-proxy.api.0x.org/images/8453/0x2ad1a69cdf2260362f843f79a2fd8c1924a77431"
    },
    {
      "address": "0xd2e4586ff3235ef921bcb66fb186df189dc27389",
      "chainId": 8453,
      "decimals": 18,
      "name": "enso",
      "symbol": "enso",
      "type": "ERC20",
      "issuer": {
        "name": "zora",
        "metadata": {}
      },
      "blockListsCount": 0,
      "exchangeListsCount": 0,
      "flagListsCount": 0,
      "importedListsCount": 0,
      "logo": "https://matcha-image-proxy.api.0x.org/images/8453/0xd2e4586ff3235ef921bcb66fb186df189dc27389"
    }
  ],
  "searchTime": "2025-12-30T01:58:51.959Z",
  "error": null
}