{
  "originalSymbol": "CYBER",
  "originalFullName": "Cyber",
  "searchedQuery": "CYBER Cyber",
  "retried": false,
  "isL1": false,
  "success": true,
  "tokenCount": 15,
  "resultCount": 10000,
  "tokens": [
    {
      "address": "0xa88594d404727625a9437c3f886c7643872296ae",
      "chainId": 8453,
      "decimals": 18,
      "name": "WELL",
      "symbol": "WELL",
      "type": "ERC20",
      "hasLogo": true,
      "blockListsCount": 0,
      "exchangeListsCount": 1,
      "flagListsCount": 0,
      "importedListsCount": 2,
      "buyTax": 0,
      "sellTax": 0,
      "isInDex": true,
      "isHoneypot": false,
      "manualUnblock": false,
      "transactionsHourly": 8,
      "transactionsDaily": 146,
      "transactionsWeekly": 1303,
      "transactionsMonthly": 5326,
      "volumeUsdHourly": 7.369613518089504,
      "volumeUsdDaily": 1621.5310392539611,
      "volumeUsdWeekly": 16069.528493785783,
      "volumeUsdMonthly": 300683.2692021864,
      "logo": "https://matcha-image-proxy.api.0x.org/images/8453/0xa88594d404727625a9437c3f886c7643872296ae"
    },
    {
      "address": "0xb8fb8c6a49312cd1873eede893b1e974aec1e7c1",
      "chainId": 8453,
      "decimals": 18,
      "name": "Cyber Cyber Car",
      "symbol": "Cyber Cyber Car",
      "type": "ERC20",
      "issuer": {
        "name": "zora",
        "metadata": {}
      },
      "blockListsCount": 0,
      "exchangeListsCount": 0,
      "flagListsCount": 0,
      "importedListsCount": 0,
      "buyTax": null,
      "sellTax": null,
      "isInDex": false,
      "isHoneypot": false,
      "logo": "https://matcha-image-proxy.api.0x.org/images/8453/0xb8fb8c6a49312cd1873eede893b1e974aec1e7c1"
    },
    {
      "address": "0xc3b04ce0728ee5033db9459a86eb390ec27cf91a",
      "chainId": 8453,
      "decimals": 18,
      "name": "Cyber CYBER",
      "symbol": "Cyber CYBER",
      "type": "ERC20",
      "blockListsCount": 0,
      "exchangeListsCount": 0,
      "flagListsCount": 0,
      "importedListsCount": 0,
      "buyTax": 0,
      "sellTax": 0,
      "isInDex": true,
      "isHoneypot": false,
      "logo": "https://matcha-image-proxy.api.0x.org/images/8453/0xc3b04ce0728ee5033db9459a86eb390ec27cf91a"
    },
    {
      "address": "0x7db8a6cb67b71acf62466172f61bcc7b0179fb40",
      "chainId": 130,
      "decimals": 18,
      "name": "Cyber CYBER",
      "symbol": "Cyber CYBER",
      "type": "ERC20",
      "blockListsCount": 0,
      "exchangeListsCount": 0,
      "flagListsCount": 0,
      "importedListsCount": 0,
      "logo": "https://matcha-image-proxy.api.0x.org/images/130/0x7db8a6cb67b71acf62466172f61bcc7b0179fb40"
    },
    {
      "address": "0x709c22d6f31bb6841636cc1bf81ecd4932dfb184",
      "chainId": 130,
      "decimals": 18,
      "name": "Cyber Cyber",
      "symbol": "Cyber Cyber",
      "type": "ERC20",
      "blockListsCount": 0,
      "exchangeListsCount": 0,
      "flagListsCount": 0,
      "importedListsCount": 0,
      "logo": "https://matcha-image-proxy.api.0x.org/images/130/0x709c22d6f31bb6841636cc1bf81ecd4932dfb184"
    },
    {
      "address": "0x9dd288052d7e2574b24c87f10a94b0f896db5704",
      "chainId": 130,
      "decimals": 18,
      "name": "Cyber CYBER",
      "symbol": "Cyber CYBER",
      "type": "ERC20",
      "blockListsCount": 0,
      "exchangeListsCount": 0,
      "flagListsCount": 0,
      "importedListsCount": 0,
      "logo": "https://matcha-image-proxy.api.0x.org/images/130/0x9dd288052d7e2574b24c87f10a94b0f896db5704"
    },
    {
      "address": "0x23f4d2bfcb435c6a966ee18b33a8269623c6c035",
      "chainId": 8453,
      "decimals": 9,
      "name": "Trump - Cyber CYBER",
      "symbol": "Trump - Cyber CYBER",
      "type": "ERC20",
      "blockListsCount": 0,
      "exchangeListsCount": 0,
      "flagListsCount": 0,
      "importedListsCount": 0,
      "buyTax": 0,
      "sellTax": 0,
      "isInDex": true,
      "isHoneypot": false,
      "logo": "https://matcha-image-proxy.api.0x.org/images/8453/0x23f4d2bfcb435c6a966ee18b33a8269623c6c035"
    },
    {
      "address": "0x6749a16ddc7abfa03531e3f58643664fec8b8800",
      "chainId": 8453,
      "decimals": 18,
      "name": "Cyber CYBER V2",
      "symbol": "Cyber CYBER V2",
      "type": "ERC20",
      "blockListsCount": 0,
      "exchangeListsCount": 0,
      "flagListsCount": 0,
      "importedListsCount": 0,
      "buyTax": 0,
      "sellTax": 0,
      "isInDex": true,
      "isHoneypot": false,
      "logo": "https://matcha-image-proxy.api.0x.org/images/8453/0x6749a16ddc7abfa03531e3f58643664fec8b8800"
    },
    {
      "address": "0x4ecdea838258834e9e0038dc0b7de295f966bab7",
      "chainId": 8453,
      "decimals": 18,
      "name": "Cyber CYBER CAT",
      "symbol": "Cyber CYBER CAT",
      "type": "ERC20",
      "blockListsCount": 0,
      "exchangeListsCount": 0,
      "flagListsCount": 0,
      "importedListsCount": 0,
      "buyTax": 0,
      "sellTax": 0,
      "isInDex": true,
      "isHoneypot": false,
      "logo": "https://matcha-image-proxy.api.0x.org/images/8453/0x4ecdea838258834e9e0038dc0b7de295f966bab7"
    },
    {
      "address": "0x29a2b4151afdcf4fbfe076bac280efd4087f20fa",
      "chainId": 8453,
      "decimals": 18,
      "name": "Cyber CYBER dog",
      "symbol": "Cyber CYBER dog",
      "type": "ERC20",
      "blockListsCount": 0,
      "exchangeListsCount": 0,
      "flagListsCount": 0,
      "importedListsCount": 0,
      "buyTax": 0,
      "sellTax": 0,
      "isInDex": true,
      "isHoneypot": false,
      "logo": "https://matcha-image-proxy.api.0x.org/images/8453/0x29a2b4151afdcf4fbfe076bac280efd4087f20fa"
    },
    {
      "address": "0xe51ad83ae7e12b8c58fcc8ecec9fbd088683f51b",
      "chainId": 8453,
      "decimals": 18,
      "name": "Cyber CYBER AI",
      "symbol": "Cyber CYBER AI",
      "type": "ERC20",
      "blockListsCount": 0,
      "exchangeListsCount": 0,
      "flagListsCount": 0,
      "importedListsCount": 0,
      "logo": "https://matcha-image-proxy.api.0x.org/images/8453/0xe51ad83ae7e12b8c58fcc8ecec9fbd088683f51b"
    },
    {
      "address": "0x30875c1c2ee122e804d103a76948597258a918da",
      "chainId": 8453,
      "decimals": 18,
      "name": "Cyber CYBER - Free",
      "symbol": "Cyber CYBER - Free",
      "type": "ERC20",
      "blockListsCount": 0,
      "exchangeListsCount": 0,
      "flagListsCount": 0,
      "importedListsCount": 0,
      "buyTax": 0,
      "sellTax": 0,
      "isInDex": true,
      "isHoneypot": false,
      "logo": "https://matcha-image-proxy.api.0x.org/images/8453/0x30875c1c2ee122e804d103a76948597258a918da"
    },
    {
      "address": "0xdcfdbaf83f33e7bfa05934be0a893f19e90199c2",
      "chainId": 8453,
      "decimals": 9,
      "name": "Cyber CYBER Red",
      "symbol": "Cyber CYBER Red",
      "type": "ERC20",
      "blockListsCount": 0,
      "exchangeListsCount": 0,
      "flagListsCount": 0,
      "importedListsCount": 0,
      "buyTax": 0,
      "sellTax": 0,
      "isInDex": true,
      "isHoneypot": false,
      "logo": "https://matcha-image-proxy.api.0x.org/images/8453/0xdcfdbaf83f33e7bfa05934be0a893f19e90199c2"
    },
    {
      "address": "0xca9d93c90e1c53dd711e37624b555c9bc4a0e14e",
      "chainId": 130,
      "decimals": 18,
      "name": "Cyber CYBER Unichain",
      "symbol": "Cyber CYBER Unichain",
      "type": "ERC20",
      "blockListsCount": 0,
      "exchangeListsCount": 0,
      "flagListsCount": 0,
      "importedListsCount": 0,
      "logo": "https://matcha-image-proxy.api.0x.org/images/130/0xca9d93c90e1c53dd711e37624b555c9bc4a0e14e"
    },
    {
      "address": "0x1e6cd44e0e84741d00bdc1bb8eec87f3c67ebfe1",
      "chainId": 8453,
      "decimals": 9,
      "name": "TRUMP Cyber CYBER",
      "symbol": "TRUMP Cyber CYBER",
      "type": "ERC20",
      "blockListsCount": 0,
      "exchangeListsCount": 0,
      "flagListsCount": 0,
      "importedListsCount": 0,
      "buyTax": 0,
      "sellTax": 0,
      "isInDex": true,
      "isHoneypot": false,
      "logo": "https://matcha-image-proxy.api.0x.org/images/8453/0x1e6cd44e0e84741d00bdc1bb8eec87f3c67ebfe1"
    }
  ],
  "searchTime": "2025-12-30T01:57:01.271Z",
  "error": null
}