{
  "originalSymbol": "CBK",
  "originalFullName": "Cobak Token",
  "searchedQuery": "CBK Cobak Token",
  "retried": false,
  "isL1": false,
  "success": true,
  "tokenCount": 15,
  "resultCount": 10000,
  "tokens": [
    {
      "address": "0x2170ed0880ac9a755fd29b2688956bd959f933f8",
      "chainId": 56,
      "decimals": 18,
      "name": "Ethereum Token",
      "symbol": "ETH",
      "type": "ERC20",
      "hasLogo": true,
      "issuer": {
        "name": "binance",
        "metadata": {}
      },
      "blockListsCount": 0,
      "exchangeListsCount": 0,
      "flagListsCount": 0,
      "importedListsCount": 2,
      "buyTax": 0,
      "sellTax": 0,
      "isInDex": true,
      "isHoneypot": false,
      "manualUnblock": false,
      "transactionsHourly": 8,
      "transactionsDaily": 291,
      "transactionsWeekly": 1976,
      "transactionsMonthly": 9409,
      "volumeUsdHourly": 302.61589498260486,
      "volumeUsdDaily": 69761.94873377742,
      "volumeUsdWeekly": 706876.0285988552,
      "volumeUsdMonthly": 4792782.696221291,
      "logo": "https://matcha-image-proxy.api.0x.org/images/56/0x2170ed0880ac9a755fd29b2688956bd959f933f8"
    },
    {
      "address": "0xeeeeeeeeeeeeeeeeeeeeeeeeeeeeeeeeeeeeeeee",
      "chainId": 8453,
      "decimals": 18,
      "name": "Ethereum",
      "symbol": "ETH",
      "type": "Native",
      "hasLogo": true,
      "blockListsCount": 0,
      "exchangeListsCount": 0,
      "flagListsCount": 0,
      "importedListsCount": 0,
      "transactionsHourly": 1256,
      "transactionsDaily": 42389,
      "transactionsWeekly": 581773,
      "transactionsMonthly": 2986961,
      "volumeUsdHourly": 136017.31704962367,
      "volumeUsdDaily": 6716085.416918305,
      "volumeUsdWeekly": 50948491.98742326,
      "volumeUsdMonthly": 284416385.80555266,
      "logo": "https://matcha-image-proxy.api.0x.org/images/8453/0xeeeeeeeeeeeeeeeeeeeeeeeeeeeeeeeeeeeeeeee"
    },
    {
      "address": "0x2791bca1f2de4661ed88a30c99a7a9449aa84174",
      "chainId": 137,
      "decimals": 6,
      "name": "USD Coin (PoS)",
      "symbol": "USDC",
      "type": "ERC20",
      "hasLogo": true,
      "blockListsCount": 0,
      "exchangeListsCount": 0,
      "flagListsCount": 0,
      "importedListsCount": 2,
      "buyTax": 0,
      "sellTax": 0,
      "isInDex": true,
      "isHoneypot": false,
      "manualUnblock": false,
      "transactionsHourly": 269,
      "transactionsDaily": 6564,
      "transactionsWeekly": 34954,
      "transactionsMonthly": 181899,
      "volumeUsdHourly": 1290318.7966205028,
      "volumeUsdDaily": 18795541.2835983,
      "volumeUsdWeekly": 91179636.03456952,
      "volumeUsdMonthly": 397585129.6000752,
      "logo": "https://matcha-image-proxy.api.0x.org/images/137/0x2791bca1f2de4661ed88a30c99a7a9449aa84174"
    },
    {
      "address": "0x7130d2a12b9bcbfae4f2634d864a1ee1ce3ead9c",
      "chainId": 56,
      "decimals": 18,
      "name": "BTCB Token",
      "symbol": "BTCB",
      "type": "ERC20",
      "hasLogo": true,
      "issuer": {
        "name": "binance",
        "metadata": {}
      },
      "blockListsCount": 0,
      "exchangeListsCount": 0,
      "flagListsCount": 0,
      "importedListsCount": 1,
      "buyTax": 0,
      "sellTax": 0,
      "isInDex": true,
      "isHoneypot": false,
      "manualUnblock": false,
      "transactionsHourly": 4,
      "transactionsDaily": 85,
      "transactionsWeekly": 604,
      "transactionsMonthly": 2704,
      "volumeUsdHourly": 564.0561374621116,
      "volumeUsdDaily": 26376.906030643557,
      "volumeUsdWeekly": 387430.811149126,
      "volumeUsdMonthly": 2842833.8137540175,
      "logo": "https://matcha-image-proxy.api.0x.org/images/56/0x7130d2a12b9bcbfae4f2634d864a1ee1ce3ead9c"
    },
    {
      "address": "0x1d2f0da169ceb9fc7b3144628db156f3f6c60dbe",
      "chainId": 56,
      "decimals": 18,
      "name": "XRP Token",
      "symbol": "XRP",
      "type": "ERC20",
      "hasLogo": true,
      "issuer": {
        "name": "binance",
        "metadata": {}
      },
      "blockListsCount": 0,
      "exchangeListsCount": 0,
      "flagListsCount": 0,
      "importedListsCount": 1,
      "buyTax": 0,
      "sellTax": 0,
      "isInDex": true,
      "isHoneypot": false,
      "manualUnblock": false,
      "transactionsHourly": 1,
      "transactionsDaily": 91,
      "transactionsWeekly": 593,
      "transactionsMonthly": 2792,
      "volumeUsdHourly": 2.95785361897323,
      "volumeUsdDaily": 13167.758818349934,
      "volumeUsdWeekly": 76553.70873226521,
      "volumeUsdMonthly": 783189.0593038192,
      "logo": "https://matcha-image-proxy.api.0x.org/images/56/0x1d2f0da169ceb9fc7b3144628db156f3f6c60dbe"
    },
    {
      "address": "0xeeeeeeeeeeeeeeeeeeeeeeeeeeeeeeeeeeeeeeee",
      "chainId": 1,
      "decimals": 18,
      "name": "Ethereum",
      "symbol": "ETH",
      "type": "Native",
      "hasLogo": true,
      "blockListsCount": 0,
      "exchangeListsCount": 0,
      "flagListsCount": 0,
      "importedListsCount": 0,
      "transactionsHourly": 277,
      "transactionsDaily": 8103,
      "transactionsWeekly": 58854,
      "transactionsMonthly": 256541,
      "volumeUsdHourly": 232787.01188987217,
      "volumeUsdDaily": 14804088.852707256,
      "volumeUsdWeekly": 45867164.218499094,
      "volumeUsdMonthly": 297091769.97342896,
      "logo": "https://matcha-image-proxy.api.0x.org/images/1/0xeeeeeeeeeeeeeeeeeeeeeeeeeeeeeeeeeeeeeeee"
    },
    {
      "address": "0xeeeeeeeeeeeeeeeeeeeeeeeeeeeeeeeeeeeeeeee",
      "chainId": 137,
      "decimals": 18,
      "name": "Matic Token",
      "symbol": "MATIC",
      "type": "Native",
      "hasLogo": true,
      "blockListsCount": 0,
      "exchangeListsCount": 0,
      "flagListsCount": 0,
      "importedListsCount": 0,
      "transactionsHourly": 85,
      "transactionsDaily": 2465,
      "transactionsWeekly": 22773,
      "transactionsMonthly": 97263,
      "volumeUsdHourly": 1744.1066573951427,
      "volumeUsdDaily": 131869.39046438082,
      "volumeUsdWeekly": 1349242.204438686,
      "volumeUsdMonthly": 8059210.475300197,
      "logo": "https://matcha-image-proxy.api.0x.org/images/137/0xeeeeeeeeeeeeeeeeeeeeeeeeeeeeeeeeeeeeeeee"
    },
    {
      "address": "0x1ba42e5193dfa8b03d15dd1b86a3113bbbef8eeb",
      "chainId": 56,
      "decimals": 18,
      "name": "Zcash Token",
      "symbol": "ZEC",
      "type": "ERC20",
      "hasLogo": true,
      "issuer": {
        "name": "binance",
        "metadata": {}
      },
      "blockListsCount": 0,
      "exchangeListsCount": 0,
      "flagListsCount": 0,
      "importedListsCount": 1,
      "buyTax": 0,
      "sellTax": 0,
      "isInDex": true,
      "isHoneypot": false,
      "manualUnblock": false,
      "transactionsHourly": 2,
      "transactionsDaily": 103,
      "transactionsWeekly": 441,
      "transactionsMonthly": 2378,
      "volumeUsdHourly": 24.364969358147206,
      "volumeUsdDaily": 52466.08685876597,
      "volumeUsdWeekly": 209545.7598717912,
      "volumeUsdMonthly": 1118550.305384359,
      "logo": "https://matcha-image-proxy.api.0x.org/images/56/0x1ba42e5193dfa8b03d15dd1b86a3113bbbef8eeb"
    },
    {
      "address": "0xeeeeeeeeeeeeeeeeeeeeeeeeeeeeeeeeeeeeeeee",
      "chainId": 56,
      "decimals": 18,
      "name": "BNB",
      "symbol": "BNB",
      "type": "Native",
      "hasLogo": true,
      "blockListsCount": 0,
      "exchangeListsCount": 0,
      "flagListsCount": 0,
      "importedListsCount": 0,
      "transactionsHourly": 287,
      "transactionsDaily": 9190,
      "transactionsWeekly": 56849,
      "transactionsMonthly": 306154,
      "volumeUsdHourly": 57227.489224341145,
      "volumeUsdDaily": 2125157.131270839,
      "volumeUsdWeekly": 11012494.516924333,
      "volumeUsdMonthly": 57247382.6367815,
      "logo": "https://matcha-image-proxy.api.0x.org/images/56/0xeeeeeeeeeeeeeeeeeeeeeeeeeeeeeeeeeeeeeeee"
    },
    {
      "address": "0x1af3f329e8be154074d8769d1ffa4ee058b1dbc3",
      "chainId": 56,
      "decimals": 18,
      "name": "Dai Token",
      "symbol": "DAI",
      "type": "ERC20",
      "hasLogo": true,
      "issuer": {
        "name": "binance",
        "metadata": {}
      },
      "blockListsCount": 0,
      "exchangeListsCount": 0,
      "flagListsCount": 0,
      "importedListsCount": 2,
      "buyTax": 0,
      "sellTax": 0,
      "isInDex": true,
      "isHoneypot": false,
      "manualUnblock": false,
      "transactionsHourly": 1,
      "transactionsDaily": 37,
      "transactionsWeekly": 276,
      "transactionsMonthly": 1282,
      "volumeUsdHourly": 0.282870597065549,
      "volumeUsdDaily": 42034.30310383126,
      "volumeUsdWeekly": 70140.21396442348,
      "volumeUsdMonthly": 420775.9664970556,
      "logo": "https://matcha-image-proxy.api.0x.org/images/56/0x1af3f329e8be154074d8769d1ffa4ee058b1dbc3"
    },
    {
      "address": "0xc02aaa39b223fe8d0a0e5c4f27ead9083c756cc2",
      "chainId": 1,
      "decimals": 18,
      "name": "Wrapped Ether",
      "symbol": "WETH",
      "type": "ERC20",
      "hasLogo": true,
      "blockListsCount": 0,
      "exchangeListsCount": 0,
      "flagListsCount": 0,
      "importedListsCount": 7,
      "buyTax": 0,
      "sellTax": 0,
      "isInDex": true,
      "isHoneypot": false,
      "manualUnblock": false,
      "transactionsHourly": 9,
      "transactionsDaily": 573,
      "transactionsWeekly": 3724,
      "transactionsMonthly": 18414,
      "volumeUsdHourly": 294873.79454957595,
      "volumeUsdDaily": 3664248.503461464,
      "volumeUsdWeekly": 12194428.863153182,
      "volumeUsdMonthly": 142031009.69409007,
      "logo": "https://matcha-image-proxy.api.0x.org/images/1/0xc02aaa39b223fe8d0a0e5c4f27ead9083c756cc2"
    },
    {
      "address": "0xe9e7cea3dedca5984780bafc599bd69add087d56",
      "chainId": 56,
      "decimals": 18,
      "name": "BUSD Token",
      "symbol": "BUSD",
      "type": "ERC20",
      "hasLogo": true,
      "issuer": {
        "name": "binance",
        "metadata": {}
      },
      "blockListsCount": 0,
      "exchangeListsCount": 0,
      "flagListsCount": 0,
      "importedListsCount": 2,
      "buyTax": 0,
      "sellTax": 0,
      "isInDex": true,
      "isHoneypot": false,
      "manualUnblock": false,
      "transactionsHourly": 1,
      "transactionsDaily": 65,
      "transactionsWeekly": 380,
      "transactionsMonthly": 1841,
      "volumeUsdHourly": 1.75309673370886,
      "volumeUsdDaily": 6653.6482870905,
      "volumeUsdWeekly": 64066.4086094378,
      "volumeUsdMonthly": 457342.563254843,
      "logo": "https://matcha-image-proxy.api.0x.org/images/56/0xe9e7cea3dedca5984780bafc599bd69add087d56"
    },
    {
      "address": "0xeeeeeeeeeeeeeeeeeeeeeeeeeeeeeeeeeeeeeeee",
      "chainId": 42161,
      "decimals": 18,
      "name": "Ethereum",
      "symbol": "ETH",
      "type": "Native",
      "hasLogo": true,
      "blockListsCount": 0,
      "exchangeListsCount": 0,
      "flagListsCount": 0,
      "importedListsCount": 0,
      "transactionsHourly": 61,
      "transactionsDaily": 1506,
      "transactionsWeekly": 15440,
      "transactionsMonthly": 87479,
      "volumeUsdHourly": 3397.476619716007,
      "volumeUsdDaily": 1081371.0260958087,
      "volumeUsdWeekly": 6539668.765227103,
      "volumeUsdMonthly": 37957829.30597014,
      "logo": "https://matcha-image-proxy.api.0x.org/images/42161/0xeeeeeeeeeeeeeeeeeeeeeeeeeeeeeeeeeeeeeeee"
    },
    {
      "address": "0x3ee2200efb3400fabb9aacf31297cbdd1d435d47",
      "chainId": 56,
      "decimals": 18,
      "name": "Cardano Token",
      "symbol": "ADA",
      "type": "ERC20",
      "hasLogo": true,
      "issuer": {
        "name": "binance",
        "metadata": {}
      },
      "blockListsCount": 0,
      "exchangeListsCount": 0,
      "flagListsCount": 0,
      "importedListsCount": 1,
      "buyTax": 0,
      "sellTax": 0,
      "isInDex": true,
      "isHoneypot": false,
      "manualUnblock": false,
      "transactionsHourly": 1,
      "transactionsDaily": 25,
      "transactionsWeekly": 139,
      "transactionsMonthly": 837,
      "volumeUsdHourly": 0.745402278894262,
      "volumeUsdDaily": 3458.2972933365963,
      "volumeUsdWeekly": 63990.860843890994,
      "volumeUsdMonthly": 412843.7286674285,
      "logo": "https://matcha-image-proxy.api.0x.org/images/56/0x3ee2200efb3400fabb9aacf31297cbdd1d435d47"
    },
    {
      "address": "0xeeeeeeeeeeeeeeeeeeeeeeeeeeeeeeeeeeeeeeee",
      "chainId": 10,
      "decimals": 18,
      "name": "Ethereum",
      "symbol": "ETH",
      "type": "Native",
      "hasLogo": true,
      "blockListsCount": 0,
      "exchangeListsCount": 0,
      "flagListsCount": 0,
      "importedListsCount": 0,
      "transactionsHourly": 139,
      "transactionsDaily": 6018,
      "transactionsWeekly": 40685,
      "transactionsMonthly": 237467,
      "volumeUsdHourly": 1782.360822193715,
      "volumeUsdDaily": 119636.06606760908,
      "volumeUsdWeekly": 860160.409935014,
      "volumeUsdMonthly": 6752902.555188892,
      "logo": "https://matcha-image-proxy.api.0x.org/images/10/0xeeeeeeeeeeeeeeeeeeeeeeeeeeeeeeeeeeeeeeee"
    }
  ],
  "searchTime": "2025-12-30T01:57:53.711Z",
  "error": null
}