{
  "originalSymbol": "JST",
  "originalFullName": "JUST",
  "searchedQuery": "JST JUST",
  "retried": false,
  "isL1": false,
  "success": true,
  "tokenCount": 15,
  "resultCount": 10000,
  "tokens": [
    {
      "address": "0x833589fcd6edb6e08f4c7c32d4f71b54bda02913",
      "chainId": 8453,
      "decimals": 6,
      "name": "USD Coin",
      "symbol": "USDC",
      "type": "ERC20",
      "hasLogo": true,
      "issuer": {
        "name": "circle",
        "metadata": {}
      },
      "blockListsCount": 0,
      "exchangeListsCount": 0,
      "flagListsCount": 0,
      "importedListsCount": 3,
      "buyTax": 0,
      "sellTax": 0,
      "isInDex": true,
      "isHoneypot": false,
      "manualUnblock": false,
      "transactionsHourly": 2480,
      "transactionsDaily": 72410,
      "transactionsWeekly": 748173,
      "transactionsMonthly": 3410970,
      "volumeUsdHourly": 591007.6321069509,
      "volumeUsdDaily": 16256443.957940713,
      "volumeUsdWeekly": 108432873.46401526,
      "volumeUsdMonthly": 691127389.360701,
      "logo": "https://matcha-image-proxy.api.0x.org/images/8453/0x833589fcd6edb6e08f4c7c32d4f71b54bda02913",
      "isNativeUsdc": true
    },
    {
      "address": "0xa0b86991c6218b36c1d19d4a2e9eb0ce3606eb48",
      "chainId": 1,
      "decimals": 6,
      "name": "USD Coin",
      "symbol": "USDC",
      "type": "ERC20",
      "hasLogo": true,
      "issuer": {
        "name": "circle",
        "metadata": {}
      },
      "blockListsCount": 0,
      "exchangeListsCount": 1,
      "flagListsCount": 0,
      "importedListsCount": 8,
      "buyTax": 0,
      "sellTax": 0,
      "isInDex": true,
      "isHoneypot": false,
      "manualUnblock": false,
      "transactionsHourly": 141,
      "transactionsDaily": 4160,
      "transactionsWeekly": 31483,
      "transactionsMonthly": 149773,
      "volumeUsdHourly": 622641.9045947444,
      "volumeUsdDaily": 18758262.16569803,
      "volumeUsdWeekly": 113595220.27101795,
      "volumeUsdMonthly": 729188376.1230068,
      "logo": "https://matcha-image-proxy.api.0x.org/images/1/0xa0b86991c6218b36c1d19d4a2e9eb0ce3606eb48",
      "isNativeUsdc": true
    },
    {
      "address": "0x754704bc059f8c67012fed69bc8a327a5aafb603",
      "chainId": 143,
      "decimals": 6,
      "name": "USDC",
      "symbol": "USDC",
      "type": "ERC20",
      "hasLogo": true,
      "issuer": {
        "name": "circle",
        "metadata": {}
      },
      "blockListsCount": 0,
      "exchangeListsCount": 0,
      "flagListsCount": 0,
      "importedListsCount": 3,
      "isHoneypot": false,
      "manualUnblock": false,
      "transactionsHourly": 55,
      "transactionsDaily": 1555,
      "transactionsWeekly": 11481,
      "transactionsMonthly": 115584,
      "volumeUsdHourly": 707356.1348688182,
      "volumeUsdDaily": 1944498.9073435904,
      "volumeUsdWeekly": 7370476.898497381,
      "volumeUsdMonthly": 64611454.54559621,
      "logo": "https://matcha-image-proxy.api.0x.org/images/143/0x754704bc059f8c67012fed69bc8a327a5aafb603",
      "isNativeUsdc": true
    },
    {
      "address": "0xb97ef9ef8734c71904d8002f8b6bc66dd9c48a6e",
      "chainId": 43114,
      "decimals": 6,
      "name": "USD Coin",
      "symbol": "USDC",
      "type": "ERC20",
      "hasLogo": true,
      "issuer": {
        "name": "circle",
        "metadata": {}
      },
      "blockListsCount": 0,
      "exchangeListsCount": 0,
      "flagListsCount": 0,
      "importedListsCount": 2,
      "buyTax": null,
      "sellTax": null,
      "isInDex": true,
      "isHoneypot": false,
      "manualUnblock": false,
      "transactionsHourly": 29,
      "transactionsDaily": 723,
      "transactionsWeekly": 4983,
      "transactionsMonthly": 18742,
      "volumeUsdHourly": 1497.7161319070044,
      "volumeUsdDaily": 161774.1964680085,
      "volumeUsdWeekly": 777419.2495993831,
      "volumeUsdMonthly": 7715034.62763015,
      "logo": "https://matcha-image-proxy.api.0x.org/images/43114/0xb97ef9ef8734c71904d8002f8b6bc66dd9c48a6e",
      "isNativeUsdc": true
    },
    {
      "address": "0x3c499c542cef5e3811e1192ce70d8cc03d5c3359",
      "chainId": 137,
      "decimals": 6,
      "name": "USD Coin",
      "symbol": "USDC",
      "type": "ERC20",
      "hasLogo": true,
      "issuer": {
        "name": "circle",
        "metadata": {}
      },
      "blockListsCount": 0,
      "exchangeListsCount": 0,
      "flagListsCount": 0,
      "importedListsCount": 2,
      "buyTax": 0,
      "sellTax": 0,
      "isInDex": true,
      "isHoneypot": false,
      "manualUnblock": false,
      "transactionsHourly": 321,
      "transactionsDaily": 7122,
      "transactionsWeekly": 59404,
      "transactionsMonthly": 197584,
      "volumeUsdHourly": 1381124.8670411122,
      "volumeUsdDaily": 21106592.83869887,
      "volumeUsdWeekly": 111299762.63129748,
      "volumeUsdMonthly": 429756715.74842066,
      "logo": "https://matcha-image-proxy.api.0x.org/images/137/0x3c499c542cef5e3811e1192ce70d8cc03d5c3359",
      "isNativeUsdc": true
    },
    {
      "address": "0xaf88d065e77c8cc2239327c5edb3a432268e5831",
      "chainId": 42161,
      "decimals": 6,
      "name": "USD Coin",
      "symbol": "USDC",
      "type": "ERC20",
      "hasLogo": true,
      "issuer": {
        "name": "circle",
        "metadata": {}
      },
      "blockListsCount": 0,
      "exchangeListsCount": 0,
      "flagListsCount": 0,
      "importedListsCount": 2,
      "buyTax": 0,
      "sellTax": 0,
      "isInDex": true,
      "isHoneypot": false,
      "manualUnblock": false,
      "transactionsHourly": 62,
      "transactionsDaily": 3317,
      "transactionsWeekly": 24007,
      "transactionsMonthly": 146542,
      "volumeUsdHourly": 149565.1858249071,
      "volumeUsdDaily": 6507267.129683354,
      "volumeUsdWeekly": 52608760.51157601,
      "volumeUsdMonthly": 321187197.2406798,
      "logo": "https://matcha-image-proxy.api.0x.org/images/42161/0xaf88d065e77c8cc2239327c5edb3a432268e5831",
      "isNativeUsdc": true
    },
    {
      "address": "0x078d782b760474a361dda0af3839290b0ef57ad6",
      "chainId": 130,
      "decimals": 6,
      "name": "USDC",
      "symbol": "USDC",
      "type": "ERC20",
      "hasLogo": true,
      "issuer": {
        "name": "circle",
        "metadata": {}
      },
      "blockListsCount": 0,
      "exchangeListsCount": 0,
      "flagListsCount": 0,
      "importedListsCount": 3,
      "buyTax": null,
      "sellTax": null,
      "isInDex": true,
      "isHoneypot": false,
      "manualUnblock": false,
      "transactionsHourly": 2,
      "transactionsDaily": 237,
      "transactionsWeekly": 3093,
      "transactionsMonthly": 18078,
      "volumeUsdHourly": 0.24607754503160673,
      "volumeUsdDaily": 19907.08714049749,
      "volumeUsdWeekly": 237400.07687654244,
      "volumeUsdMonthly": 3230084.050685787,
      "logo": "https://matcha-image-proxy.api.0x.org/images/130/0x078d782b760474a361dda0af3839290b0ef57ad6",
      "isNativeUsdc": true
    },
    {
      "address": "0x45804880de22913dafe09f4980848ece6ecbaf78",
      "chainId": 1,
      "decimals": 18,
      "name": "Paxos Gold",
      "symbol": "PAXG",
      "type": "ERC20",
      "hasLogo": true,
      "blockListsCount": 0,
      "exchangeListsCount": 1,
      "flagListsCount": 0,
      "importedListsCount": 4,
      "buyTax": 0,
      "sellTax": 0,
      "isInDex": true,
      "isHoneypot": false,
      "manualUnblock": false,
      "transactionsHourly": 5,
      "transactionsDaily": 93,
      "transactionsWeekly": 462,
      "transactionsMonthly": 1547,
      "volumeUsdHourly": 91800.39713921223,
      "volumeUsdDaily": 536168.1680086199,
      "volumeUsdWeekly": 11091205.349172805,
      "volumeUsdMonthly": 18331585.98713595,
      "logo": "https://matcha-image-proxy.api.0x.org/images/1/0x45804880de22913dafe09f4980848ece6ecbaf78"
    },
    {
      "address": "0x111111111117dc0aa78b770fa6a738034120c302",
      "chainId": 1,
      "decimals": 18,
      "name": "1INCH Token",
      "symbol": "1INCH",
      "type": "ERC20",
      "hasLogo": true,
      "blockListsCount": 0,
      "exchangeListsCount": 1,
      "flagListsCount": 0,
      "importedListsCount": 5,
      "buyTax": 0,
      "sellTax": 0,
      "isInDex": true,
      "isHoneypot": false,
      "manualUnblock": false,
      "transactionsHourly": 1,
      "transactionsDaily": 10,
      "transactionsWeekly": 73,
      "transactionsMonthly": 334,
      "volumeUsdHourly": 20.5341568251105,
      "volumeUsdDaily": 267.84173402592444,
      "volumeUsdWeekly": 7438.301515135045,
      "volumeUsdMonthly": 88864.61493805263,
      "logo": "https://matcha-image-proxy.api.0x.org/images/1/0x111111111117dc0aa78b770fa6a738034120c302"
    },
    {
      "address": "0xc08cd26474722ce93f4d0c34d16201461c10aa8c",
      "chainId": 8453,
      "decimals": 18,
      "name": "CARV",
      "symbol": "CARV",
      "type": "ERC20",
      "hasLogo": true,
      "blockListsCount": 0,
      "exchangeListsCount": 0,
      "flagListsCount": 0,
      "importedListsCount": 1,
      "buyTax": 0,
      "sellTax": 0,
      "isInDex": true,
      "isHoneypot": false,
      "manualUnblock": false,
      "transactionsHourly": 2,
      "transactionsDaily": 41,
      "transactionsWeekly": 4325,
      "transactionsMonthly": 10275,
      "volumeUsdHourly": 1.04370555108511,
      "volumeUsdDaily": 1737.0648242410596,
      "volumeUsdWeekly": 82188.72562361164,
      "volumeUsdMonthly": 293088.0772420752,
      "logo": "https://matcha-image-proxy.api.0x.org/images/8453/0xc08cd26474722ce93f4d0c34d16201461c10aa8c"
    },
    {
      "address": "0x54b659832f59c24cec0e4a2cd193377f1bcefc3c",
      "chainId": 8453,
      "decimals": 18,
      "name": "Akashalife",
      "symbol": "AK1111",
      "type": "ERC20",
      "hasLogo": true,
      "blockListsCount": 0,
      "exchangeListsCount": 0,
      "flagListsCount": 0,
      "importedListsCount": 1,
      "buyTax": 0,
      "sellTax": 0,
      "isInDex": true,
      "isHoneypot": false,
      "manualUnblock": false,
      "transactionsHourly": 6,
      "transactionsDaily": 131,
      "transactionsWeekly": 976,
      "transactionsMonthly": 4088,
      "volumeUsdHourly": 181.5429786089504,
      "volumeUsdDaily": 4319.518569336358,
      "volumeUsdWeekly": 58426.31878839176,
      "volumeUsdMonthly": 165195.23402107615,
      "logo": "https://matcha-image-proxy.api.0x.org/images/8453/0x54b659832f59c24cec0e4a2cd193377f1bcefc3c"
    },
    {
      "address": "0x7300b37dfdfab110d83290a29dfb31b1740219fe",
      "chainId": 8453,
      "decimals": 18,
      "name": "Mamo",
      "symbol": "MAMO",
      "type": "ERC20",
      "hasLogo": true,
      "blockListsCount": 0,
      "exchangeListsCount": 0,
      "flagListsCount": 0,
      "importedListsCount": 2,
      "buyTax": 0,
      "sellTax": 0,
      "isInDex": true,
      "isHoneypot": false,
      "manualUnblock": false,
      "transactionsHourly": 2,
      "transactionsDaily": 45,
      "transactionsWeekly": 301,
      "transactionsMonthly": 1131,
      "volumeUsdHourly": 111.40331851068495,
      "volumeUsdDaily": 4496.038570689366,
      "volumeUsdWeekly": 32750.06691526857,
      "volumeUsdMonthly": 699970.2609177099,
      "logo": "https://matcha-image-proxy.api.0x.org/images/8453/0x7300b37dfdfab110d83290a29dfb31b1740219fe"
    },
    {
      "address": "0x3b991130eae3cca364406d718da22fa1c3e7c256",
      "chainId": 1,
      "decimals": 18,
      "name": "Shrub",
      "symbol": "SHRUB",
      "type": "ERC20",
      "hasLogo": true,
      "blockListsCount": 0,
      "exchangeListsCount": 0,
      "flagListsCount": 0,
      "importedListsCount": 2,
      "buyTax": 0,
      "sellTax": 0,
      "isInDex": true,
      "isHoneypot": false,
      "manualUnblock": false,
      "transactionsHourly": 1,
      "transactionsDaily": 20,
      "transactionsWeekly": 143,
      "transactionsMonthly": 974,
      "volumeUsdHourly": 512.210473392579,
      "volumeUsdDaily": 9131.99155104888,
      "volumeUsdWeekly": 50832.884535688034,
      "volumeUsdMonthly": 616724.9879697994,
      "logo": "https://matcha-image-proxy.api.0x.org/images/1/0x3b991130eae3cca364406d718da22fa1c3e7c256"
    },
    {
      "address": "0x111111111117dc0aa78b770fa6a738034120c302",
      "chainId": 56,
      "decimals": 18,
      "name": "1INCH Token",
      "symbol": "1INCH",
      "type": "ERC20",
      "hasLogo": true,
      "blockListsCount": 0,
      "exchangeListsCount": 0,
      "flagListsCount": 0,
      "importedListsCount": 2,
      "buyTax": 0,
      "sellTax": 0,
      "isInDex": true,
      "isHoneypot": false,
      "manualUnblock": false,
      "transactionsHourly": 1,
      "transactionsDaily": 4,
      "transactionsWeekly": 28,
      "transactionsMonthly": 142,
      "volumeUsdHourly": 14.8127178314266,
      "volumeUsdDaily": 27.17896566770877,
      "volumeUsdWeekly": 651.8081187063449,
      "volumeUsdMonthly": 6607.555892187452,
      "logo": "https://matcha-image-proxy.api.0x.org/images/56/0x111111111117dc0aa78b770fa6a738034120c302"
    },
    {
      "address": "0xb661933d9f24ec34dc0fd6862f086079f864b26f",
      "chainId": 8453,
      "decimals": 18,
      "name": "Base Street",
      "symbol": "$STREET",
      "type": "ERC20",
      "hasLogo": true,
      "blockListsCount": 0,
      "exchangeListsCount": 0,
      "flagListsCount": 0,
      "importedListsCount": 1,
      "buyTax": 0,
      "sellTax": 0,
      "isInDex": true,
      "isHoneypot": false,
      "manualUnblock": false,
      "transactionsHourly": 1,
      "transactionsDaily": 44,
      "transactionsWeekly": 112,
      "transactionsMonthly": 444,
      "volumeUsdHourly": 1.00344457570984,
      "volumeUsdDaily": 6378.379467051688,
      "volumeUsdWeekly": 13195.806478463495,
      "volumeUsdMonthly": 55423.24230228398,
      "logo": "https://matcha-image-proxy.api.0x.org/images/8453/0xb661933d9f24ec34dc0fd6862f086079f864b26f"
    }
  ],
  "searchTime": "2025-12-30T01:57:06.474Z",
  "error": null
}