{
  "originalSymbol": "SAFE",
  "originalFullName": "Safe",
  "searchedQuery": "SAFE Safe",
  "retried": false,
  "isL1": false,
  "success": true,
  "tokenCount": 15,
  "resultCount": 10000,
  "tokens": [
    {
      "address": "0x68749665ff8d2d112fa859aa293f07a622782f38",
      "chainId": 1,
      "decimals": 6,
      "name": "Tether Gold",
      "symbol": "XAUt",
      "type": "ERC20",
      "hasLogo": true,
      "issuer": {
        "name": "tether",
        "metadata": {}
      },
      "blockListsCount": 0,
      "exchangeListsCount": 0,
      "flagListsCount": 0,
      "importedListsCount": 3,
      "buyTax": 0,
      "sellTax": 0,
      "isInDex": true,
      "isHoneypot": false,
      "manualUnblock": false,
      "transactionsHourly": 3,
      "transactionsDaily": 78,
      "transactionsWeekly": 353,
      "transactionsMonthly": 1330,
      "volumeUsdHourly": 1056.933663818158,
      "volumeUsdDaily": 863166.4329644464,
      "volumeUsdWeekly": 2529542.648242724,
      "volumeUsdMonthly": 5943618.2543013375,
      "logo": "https://matcha-image-proxy.api.0x.org/images/1/0x68749665ff8d2d112fa859aa293f07a622782f38"
    },
    {
      "address": "0xac68931b666e086e9de380cfdb0fb5704a35dc2d",
      "chainId": 56,
      "decimals": 9,
      "name": "Bnb Tiger Inu",
      "symbol": "BNBTiger",
      "type": "ERC20",
      "hasLogo": true,
      "blockListsCount": 0,
      "exchangeListsCount": 0,
      "flagListsCount": 0,
      "importedListsCount": 1,
      "buyTax": 0.09,
      "sellTax": 0.09,
      "isInDex": true,
      "isHoneypot": false,
      "manualUnblock": false,
      "transactionsHourly": 3,
      "transactionsDaily": 111,
      "transactionsWeekly": 351,
      "transactionsMonthly": 3509,
      "volumeUsdHourly": 14.12289233402731,
      "volumeUsdDaily": 483.1751503409152,
      "volumeUsdWeekly": 13195.016598297025,
      "volumeUsdMonthly": 113084.87223673717,
      "logo": "https://matcha-image-proxy.api.0x.org/images/56/0xac68931b666e086e9de380cfdb0fb5704a35dc2d"
    },
    {
      "address": "0xf486ad071f3bee968384d2e39e2d8af0fcf6fd46",
      "chainId": 56,
      "decimals": 18,
      "name": "VELO",
      "symbol": "VELO",
      "type": "ERC20",
      "hasLogo": true,
      "blockListsCount": 0,
      "exchangeListsCount": 0,
      "flagListsCount": 0,
      "importedListsCount": 1,
      "buyTax": 0,
      "sellTax": 0,
      "isInDex": true,
      "isHoneypot": false,
      "manualUnblock": false,
      "transactionsHourly": 1,
      "transactionsDaily": 29,
      "transactionsWeekly": 203,
      "transactionsMonthly": 614,
      "volumeUsdHourly": 22.9225172274352,
      "volumeUsdDaily": 13127.518410593586,
      "volumeUsdWeekly": 82527.24268078445,
      "volumeUsdMonthly": 248350.3255422444,
      "logo": "https://matcha-image-proxy.api.0x.org/images/56/0xf486ad071f3bee968384d2e39e2d8af0fcf6fd46"
    },
    {
      "address": "0x75ca521892de7f2ecfb070cab545c250d0ceb7e3",
      "chainId": 56,
      "decimals": 9,
      "name": "PVC META",
      "symbol": "PVC",
      "type": "ERC20",
      "hasLogo": true,
      "blockListsCount": 0,
      "exchangeListsCount": 0,
      "flagListsCount": 0,
      "importedListsCount": 1,
      "buyTax": 0,
      "sellTax": 0,
      "isInDex": true,
      "isHoneypot": false,
      "manualUnblock": false,
      "transactionsHourly": 1,
      "transactionsDaily": 39,
      "transactionsWeekly": 305,
      "transactionsMonthly": 1694,
      "volumeUsdHourly": 9.40213043733762,
      "volumeUsdDaily": 1579.7205625808656,
      "volumeUsdWeekly": 18406.793987710873,
      "volumeUsdMonthly": 80314.19457814467,
      "logo": "https://matcha-image-proxy.api.0x.org/images/56/0x75ca521892de7f2ecfb070cab545c250d0ceb7e3"
    },
    {
      "address": "0xef8b243a21b0786a7c094c16b438ced4554f566e",
      "chainId": 8453,
      "decimals": 18,
      "name": "SAFE (Safe) NFT",
      "symbol": "SAFE (Safe) NFT",
      "type": "ERC20",
      "issuer": {
        "name": "zora",
        "metadata": {}
      },
      "blockListsCount": 0,
      "exchangeListsCount": 0,
      "flagListsCount": 0,
      "importedListsCount": 0,
      "logo": "https://matcha-image-proxy.api.0x.org/images/8453/0xef8b243a21b0786a7c094c16b438ced4554f566e"
    },
    {
      "address": "0x5afe3855358e112b5647b952709e6165e1c1eeee",
      "chainId": 1,
      "decimals": 18,
      "name": "Safe Token",
      "symbol": "SAFE",
      "type": "ERC20",
      "hasLogo": true,
      "blockListsCount": 0,
      "exchangeListsCount": 1,
      "flagListsCount": 0,
      "importedListsCount": 3,
      "buyTax": 0,
      "sellTax": 0,
      "isInDex": true,
      "isHoneypot": false,
      "manualUnblock": false,
      "transactionsHourly": 2,
      "transactionsDaily": 5,
      "transactionsWeekly": 19,
      "transactionsMonthly": 78,
      "volumeUsdHourly": 2456.41492356643,
      "volumeUsdDaily": 24686.826829919115,
      "volumeUsdWeekly": 35044.44350692629,
      "volumeUsdMonthly": 114946.66998177624,
      "logo": "https://matcha-image-proxy.api.0x.org/images/1/0x5afe3855358e112b5647b952709e6165e1c1eeee"
    },
    {
      "address": "0x69af81e73a73b40adf4f3d4223cd9b1ece623074",
      "chainId": 1,
      "decimals": 18,
      "name": "Mask Network",
      "symbol": "MASK",
      "type": "ERC20",
      "hasLogo": true,
      "blockListsCount": 0,
      "exchangeListsCount": 1,
      "flagListsCount": 0,
      "importedListsCount": 5,
      "buyTax": 0,
      "sellTax": 0,
      "isInDex": true,
      "isHoneypot": false,
      "manualUnblock": false,
      "transactionsHourly": 1,
      "transactionsDaily": 3,
      "transactionsWeekly": 15,
      "transactionsMonthly": 43,
      "volumeUsdHourly": 1041.83536425374,
      "volumeUsdDaily": 1668.9909141994,
      "volumeUsdWeekly": 4249.575909007529,
      "volumeUsdMonthly": 27098.229963446593,
      "logo": "https://matcha-image-proxy.api.0x.org/images/1/0x69af81e73a73b40adf4f3d4223cd9b1ece623074"
    },
    {
      "address": "0x4bfaa776991e85e5f8b1255461cbbd216cfc714f",
      "chainId": 8453,
      "decimals": 18,
      "name": "Home",
      "symbol": "HOME",
      "type": "ERC20",
      "hasLogo": true,
      "blockListsCount": 0,
      "exchangeListsCount": 0,
      "flagListsCount": 0,
      "importedListsCount": 2,
      "buyTax": 0,
      "sellTax": 0,
      "isInDex": true,
      "isHoneypot": false,
      "manualUnblock": false,
      "transactionsHourly": 3,
      "transactionsDaily": 62,
      "transactionsWeekly": 1213,
      "transactionsMonthly": 2360,
      "volumeUsdHourly": 301.94960934015774,
      "volumeUsdDaily": 528.4917626052451,
      "volumeUsdWeekly": 14535.778063379355,
      "volumeUsdMonthly": 83573.30540335065,
      "logo": "https://matcha-image-proxy.api.0x.org/images/8453/0x4bfaa776991e85e5f8b1255461cbbd216cfc714f"
    },
    {
      "address": "0x4a220e6096b25eadb88358cb44068a3248254675",
      "chainId": 1,
      "decimals": 18,
      "name": "Quant",
      "symbol": "QNT",
      "type": "ERC20",
      "hasLogo": true,
      "blockListsCount": 0,
      "exchangeListsCount": 1,
      "flagListsCount": 0,
      "importedListsCount": 4,
      "buyTax": 0,
      "sellTax": 0,
      "isInDex": true,
      "isHoneypot": false,
      "manualUnblock": false,
      "transactionsHourly": 2,
      "transactionsDaily": 24,
      "transactionsWeekly": 107,
      "transactionsMonthly": 709,
      "volumeUsdHourly": 3803.42343213956,
      "volumeUsdDaily": 44276.87667998563,
      "volumeUsdWeekly": 175214.22465919144,
      "volumeUsdMonthly": 1139251.3780751054,
      "logo": "https://matcha-image-proxy.api.0x.org/images/1/0x4a220e6096b25eadb88358cb44068a3248254675"
    },
    {
      "address": "0x72499bddb67f4ca150e1f522ca82c87bc9fb18c8",
      "chainId": 8453,
      "decimals": 18,
      "name": "Bonk",
      "symbol": "BONK",
      "type": "ERC20",
      "hasLogo": true,
      "blockListsCount": 0,
      "exchangeListsCount": 0,
      "flagListsCount": 0,
      "importedListsCount": 1,
      "buyTax": 0,
      "sellTax": 0,
      "isInDex": true,
      "isHoneypot": false,
      "manualUnblock": false,
      "transactionsHourly": 3,
      "transactionsDaily": 12,
      "transactionsWeekly": 178,
      "transactionsMonthly": 5764,
      "volumeUsdHourly": 0.565649812924978,
      "volumeUsdDaily": 222.1996280437024,
      "volumeUsdWeekly": 5662.841161241236,
      "volumeUsdMonthly": 72429.33097596365,
      "logo": "https://matcha-image-proxy.api.0x.org/images/8453/0x72499bddb67f4ca150e1f522ca82c87bc9fb18c8"
    },
    {
      "address": "0x85eee30c52b0b379b046fb0f85f4f3dc3009afec",
      "chainId": 1,
      "decimals": 18,
      "name": "KEEP Token",
      "symbol": "KEEP",
      "type": "ERC20",
      "hasLogo": true,
      "blockListsCount": 0,
      "exchangeListsCount": 0,
      "flagListsCount": 0,
      "importedListsCount": 4,
      "buyTax": 0,
      "sellTax": 0,
      "isInDex": true,
      "isHoneypot": false,
      "manualUnblock": false,
      "transactionsHourly": 1,
      "transactionsDaily": 2,
      "transactionsWeekly": 12,
      "transactionsMonthly": 33,
      "volumeUsdHourly": 746.556787927866,
      "volumeUsdDaily": 752.5709337338106,
      "volumeUsdWeekly": 1772.3733683587045,
      "volumeUsdMonthly": 2337.67555480056,
      "logo": "https://matcha-image-proxy.api.0x.org/images/1/0x85eee30c52b0b379b046fb0f85f4f3dc3009afec"
    },
    {
      "address": "0xb72e76ccf005313868db7b48070901a44629da98",
      "chainId": 1,
      "decimals": 9,
      "name": "SquidGrow",
      "symbol": "SQGROW",
      "type": "ERC20",
      "hasLogo": true,
      "blockListsCount": 0,
      "exchangeListsCount": 0,
      "flagListsCount": 0,
      "importedListsCount": 2,
      "buyTax": 0,
      "sellTax": 0,
      "isInDex": true,
      "isHoneypot": false,
      "manualUnblock": false,
      "transactionsHourly": 1,
      "transactionsDaily": 9,
      "transactionsWeekly": 110,
      "transactionsMonthly": 416,
      "volumeUsdHourly": 35.343936004776,
      "volumeUsdDaily": 3654.2474189399545,
      "volumeUsdWeekly": 46318.165090527546,
      "volumeUsdMonthly": 203703.25584938363,
      "logo": "https://matcha-image-proxy.api.0x.org/images/1/0xb72e76ccf005313868db7b48070901a44629da98"
    },
    {
      "address": "0x3082cc23568ea640225c2467653db90e9250aaa0",
      "chainId": 42161,
      "decimals": 18,
      "name": "Radiant",
      "symbol": "RDNT",
      "type": "ERC20",
      "hasLogo": true,
      "blockListsCount": 0,
      "exchangeListsCount": 0,
      "flagListsCount": 0,
      "importedListsCount": 1,
      "buyTax": 0,
      "sellTax": 0,
      "isInDex": true,
      "isHoneypot": false,
      "manualUnblock": false,
      "transactionsHourly": 1,
      "transactionsDaily": 20,
      "transactionsWeekly": 90,
      "transactionsMonthly": 820,
      "volumeUsdHourly": 601.405045704158,
      "volumeUsdDaily": 8620.631116934132,
      "volumeUsdWeekly": 30955.63903077882,
      "volumeUsdMonthly": 353893.6231559842,
      "logo": "https://matcha-image-proxy.api.0x.org/images/42161/0x3082cc23568ea640225c2467653db90e9250aaa0"
    },
    {
      "address": "0xb17548c7b510427baac4e267bea62e800b247173",
      "chainId": 1,
      "decimals": 18,
      "name": "Swarm Markets",
      "symbol": "SMT",
      "type": "ERC20",
      "hasLogo": true,
      "blockListsCount": 0,
      "exchangeListsCount": 0,
      "flagListsCount": 0,
      "importedListsCount": 3,
      "buyTax": 0,
      "sellTax": 0,
      "isInDex": true,
      "isHoneypot": false,
      "manualUnblock": false,
      "transactionsHourly": 1,
      "transactionsDaily": 7,
      "transactionsWeekly": 50,
      "transactionsMonthly": 145,
      "volumeUsdHourly": 366.380284861053,
      "volumeUsdDaily": 2270.8996278302607,
      "volumeUsdWeekly": 20437.05316774085,
      "volumeUsdMonthly": 77485.75913285819,
      "logo": "https://matcha-image-proxy.api.0x.org/images/1/0xb17548c7b510427baac4e267bea62e800b247173"
    },
    {
      "address": "0x7e2e8cb8fd41acc5be88e139a65b09ed2ddfee81",
      "chainId": 130,
      "decimals": 18,
      "name": "Safe SAFE",
      "symbol": "Safe SAFE",
      "type": "ERC20",
      "blockListsCount": 0,
      "exchangeListsCount": 0,
      "flagListsCount": 0,
      "importedListsCount": 0,
      "logo": "https://matcha-image-proxy.api.0x.org/images/130/0x7e2e8cb8fd41acc5be88e139a65b09ed2ddfee81"
    }
  ],
  "searchTime": "2025-12-30T01:57:55.821Z",
  "error": null
}