{
  "originalSymbol": "FLUID",
  "originalFullName": "Fluid",
  "searchedQuery": "FLUID Fluid",
  "retried": false,
  "isL1": false,
  "success": true,
  "tokenCount": 15,
  "resultCount": 2632,
  "tokens": [
    {
      "address": "0x199322b3a4b119111fbc172390662eb164d5f39a",
      "chainId": 8453,
      "decimals": 18,
      "name": "FLUID (Fluid Protocol) NFT",
      "symbol": "FLUID (Fluid Protocol) NFT",
      "type": "ERC20",
      "issuer": {
        "name": "zora",
        "metadata": {}
      },
      "blockListsCount": 0,
      "exchangeListsCount": 0,
      "flagListsCount": 0,
      "importedListsCount": 0,
      "logo": "https://matcha-image-proxy.api.0x.org/images/8453/0x199322b3a4b119111fbc172390662eb164d5f39a"
    },
    {
      "address": "0x61e030a56d33e8260fdd81f03b162a79fe3449cd",
      "chainId": 42161,
      "decimals": 18,
      "name": "Fluid",
      "symbol": "FLUID",
      "type": "ERC20",
      "hasLogo": true,
      "blockListsCount": 0,
      "exchangeListsCount": 0,
      "flagListsCount": 0,
      "importedListsCount": 1,
      "buyTax": 0,
      "sellTax": 0,
      "isInDex": true,
      "isHoneypot": false,
      "manualUnblock": false,
      "transactionsHourly": 1,
      "transactionsDaily": 5,
      "transactionsWeekly": 44,
      "transactionsMonthly": 240,
      "volumeUsdHourly": 0.9234481613954,
      "volumeUsdDaily": 590.9463113983319,
      "volumeUsdWeekly": 1473.4775001016574,
      "volumeUsdMonthly": 34105.49131692072,
      "logo": "https://matcha-image-proxy.api.0x.org/images/42161/0x61e030a56d33e8260fdd81f03b162a79fe3449cd"
    },
    {
      "address": "0x61e030a56d33e8260fdd81f03b162a79fe3449cd",
      "chainId": 8453,
      "decimals": 18,
      "name": "Fluid",
      "symbol": "FLUID",
      "type": "ERC20",
      "hasLogo": true,
      "blockListsCount": 0,
      "exchangeListsCount": 1,
      "flagListsCount": 0,
      "importedListsCount": 2,
      "buyTax": 0,
      "sellTax": 0,
      "isInDex": true,
      "isHoneypot": false,
      "manualUnblock": false,
      "transactionsHourly": 1,
      "transactionsDaily": 6,
      "transactionsWeekly": 45,
      "transactionsMonthly": 186,
      "volumeUsdHourly": 28.9507573270116,
      "volumeUsdDaily": 690.8632564685948,
      "volumeUsdWeekly": 2975.593276461101,
      "volumeUsdMonthly": 59327.4904782971,
      "logo": "https://matcha-image-proxy.api.0x.org/images/8453/0x61e030a56d33e8260fdd81f03b162a79fe3449cd"
    },
    {
      "address": "0x61e030a56d33e8260fdd81f03b162a79fe3449cd",
      "chainId": 9745,
      "decimals": 18,
      "name": "Fluid",
      "symbol": "FLUID",
      "type": "ERC20",
      "hasLogo": true,
      "blockListsCount": 0,
      "exchangeListsCount": 0,
      "flagListsCount": 0,
      "importedListsCount": 1,
      "manualUnblock": false,
      "transactionsHourly": 1,
      "transactionsDaily": 3,
      "transactionsWeekly": 17,
      "transactionsMonthly": 89,
      "volumeUsdHourly": 5.26425655122089,
      "volumeUsdDaily": 65.93358805735808,
      "volumeUsdWeekly": 723.8508218348634,
      "volumeUsdMonthly": 3230.91481230518,
      "logo": "https://matcha-image-proxy.api.0x.org/images/9745/0x61e030a56d33e8260fdd81f03b162a79fe3449cd"
    },
    {
      "address": "0x719684c04229a7dfaf7b315f65b92949d0f7a8bd",
      "chainId": 8453,
      "decimals": 9,
      "name": "Fluid FLUID",
      "symbol": "Fluid FLUID",
      "type": "ERC20",
      "blockListsCount": 0,
      "exchangeListsCount": 0,
      "flagListsCount": 0,
      "importedListsCount": 0,
      "buyTax": 0,
      "sellTax": 0,
      "isInDex": true,
      "isHoneypot": false,
      "logo": "https://matcha-image-proxy.api.0x.org/images/8453/0x719684c04229a7dfaf7b315f65b92949d0f7a8bd"
    },
    {
      "address": "0x66fd140cf28f69e254b1ca83c8e1d00bfa4779a4",
      "chainId": 8453,
      "decimals": 18,
      "name": "Fluid FLUID",
      "symbol": "Fluid FLUID",
      "type": "ERC20",
      "blockListsCount": 0,
      "exchangeListsCount": 0,
      "flagListsCount": 0,
      "importedListsCount": 0,
      "buyTax": 0,
      "sellTax": 0,
      "isInDex": true,
      "isHoneypot": false,
      "logo": "https://matcha-image-proxy.api.0x.org/images/8453/0x66fd140cf28f69e254b1ca83c8e1d00bfa4779a4"
    },
    {
      "address": "0x297dd18714090c134cc89f8a2db83378051977f1",
      "chainId": 130,
      "decimals": 18,
      "name": "Fluid FLUID",
      "symbol": "Fluid FLUID",
      "type": "ERC20",
      "blockListsCount": 0,
      "exchangeListsCount": 0,
      "flagListsCount": 0,
      "importedListsCount": 0,
      "logo": "https://matcha-image-proxy.api.0x.org/images/130/0x297dd18714090c134cc89f8a2db83378051977f1"
    },
    {
      "address": "0x33ff406e0e7fcd1d521deab7fa4afbcb266dab36",
      "chainId": 130,
      "decimals": 18,
      "name": "Fluid FLUID",
      "symbol": "Fluid FLUID",
      "type": "ERC20",
      "blockListsCount": 0,
      "exchangeListsCount": 0,
      "flagListsCount": 0,
      "importedListsCount": 0,
      "logo": "https://matcha-image-proxy.api.0x.org/images/130/0x33ff406e0e7fcd1d521deab7fa4afbcb266dab36"
    },
    {
      "address": "0x7e7b6d50bf3178ead94cf26a194425c3428b9800",
      "chainId": 130,
      "decimals": 18,
      "name": "Fluid FLUID V2",
      "symbol": "Fluid FLUID V2",
      "type": "ERC20",
      "blockListsCount": 0,
      "exchangeListsCount": 0,
      "flagListsCount": 0,
      "importedListsCount": 0,
      "logo": "https://matcha-image-proxy.api.0x.org/images/130/0x7e7b6d50bf3178ead94cf26a194425c3428b9800"
    },
    {
      "address": "0x9270c19ebf872a6ef74d9bce9214f5d3aa624751",
      "chainId": 130,
      "decimals": 18,
      "name": "Fluid FLUID V3",
      "symbol": "Fluid FLUID V3",
      "type": "ERC20",
      "blockListsCount": 0,
      "exchangeListsCount": 0,
      "flagListsCount": 0,
      "importedListsCount": 0,
      "logo": "https://matcha-image-proxy.api.0x.org/images/130/0x9270c19ebf872a6ef74d9bce9214f5d3aa624751"
    },
    {
      "address": "0x273185e61171424dc01c9f7bf4a6d73cfe9f3b13",
      "chainId": 8453,
      "decimals": 18,
      "name": "Based Fluid FLUID",
      "symbol": "Based Fluid FLUID",
      "type": "ERC20",
      "blockListsCount": 0,
      "exchangeListsCount": 0,
      "flagListsCount": 0,
      "importedListsCount": 0,
      "buyTax": 0,
      "sellTax": 0,
      "isInDex": true,
      "isHoneypot": false,
      "logo": "https://matcha-image-proxy.api.0x.org/images/8453/0x273185e61171424dc01c9f7bf4a6d73cfe9f3b13"
    },
    {
      "address": "0x52f02a1e4a52dff106cc972694cf216a02bc97d2",
      "chainId": 8453,
      "decimals": 18,
      "name": "Fluid FLUID XRP",
      "symbol": "Fluid FLUID XRP",
      "type": "ERC20",
      "blockListsCount": 0,
      "exchangeListsCount": 0,
      "flagListsCount": 0,
      "importedListsCount": 0,
      "buyTax": 0,
      "sellTax": 0,
      "isInDex": true,
      "isHoneypot": false,
      "logo": "https://matcha-image-proxy.api.0x.org/images/8453/0x52f02a1e4a52dff106cc972694cf216a02bc97d2"
    },
    {
      "address": "0xee4fe1670ae8f1685fdbe60b8630e107bd838bb2",
      "chainId": 8453,
      "decimals": 18,
      "name": "Strategic Fluid FLUID Reserve",
      "symbol": "Strategic Fluid FLUID Reserve",
      "type": "ERC20",
      "blockListsCount": 0,
      "exchangeListsCount": 0,
      "flagListsCount": 0,
      "importedListsCount": 0,
      "buyTax": 0,
      "sellTax": 0,
      "isInDex": true,
      "isHoneypot": false,
      "logo": "https://matcha-image-proxy.api.0x.org/images/8453/0xee4fe1670ae8f1685fdbe60b8630e107bd838bb2"
    },
    {
      "address": "0x5c5ed09e1b4de930ce26812a88b36445ae2568c7",
      "chainId": 8453,
      "decimals": 9,
      "name": "Fluid FLUID AI On Base",
      "symbol": "Fluid FLUID AI On Base",
      "type": "ERC20",
      "blockListsCount": 0,
      "exchangeListsCount": 0,
      "flagListsCount": 0,
      "importedListsCount": 0,
      "buyTax": 0,
      "sellTax": 0,
      "isInDex": true,
      "isHoneypot": false,
      "logo": "https://matcha-image-proxy.api.0x.org/images/8453/0x5c5ed09e1b4de930ce26812a88b36445ae2568c7"
    },
    {
      "address": "0xf091867ec603a6628ed83d274e835539d82e9cc8",
      "chainId": 1,
      "decimals": 18,
      "name": "Zeta",
      "symbol": "ZETA",
      "type": "ERC20",
      "hasLogo": true,
      "blockListsCount": 0,
      "exchangeListsCount": 1,
      "flagListsCount": 0,
      "importedListsCount": 3,
      "buyTax": 0,
      "sellTax": 0,
      "isInDex": true,
      "isHoneypot": false,
      "manualUnblock": false,
      "transactionsHourly": 2,
      "transactionsDaily": 7,
      "transactionsWeekly": 13,
      "transactionsMonthly": 43,
      "volumeUsdHourly": -1.650320107475256,
      "volumeUsdDaily": 1782.8696242686142,
      "volumeUsdWeekly": 1783.439661162104,
      "volumeUsdMonthly": 9188.007722243085,
      "logo": "https://matcha-image-proxy.api.0x.org/images/1/0xf091867ec603a6628ed83d274e835539d82e9cc8"
    }
  ],
  "searchTime": "2025-12-30T01:58:31.645Z",
  "error": null
}