{
  "originalSymbol": "WLD",
  "originalFullName": "Worldcoin",
  "searchedQuery": "WLD Worldcoin",
  "retried": false,
  "isL1": false,
  "success": true,
  "tokenCount": 15,
  "resultCount": 3290,
  "tokens": [
    {
      "address": "0x163f8c2467924be0ae7b5347228cabf260318753",
      "chainId": 1,
      "decimals": 18,
      "name": "Worldcoin",
      "symbol": "WLD",
      "type": "ERC20",
      "hasLogo": true,
      "blockListsCount": 0,
      "exchangeListsCount": 0,
      "flagListsCount": 0,
      "importedListsCount": 3,
      "buyTax": 0,
      "sellTax": 0,
      "isInDex": true,
      "isHoneypot": false,
      "manualUnblock": false,
      "transactionsHourly": 1,
      "transactionsDaily": 17,
      "transactionsWeekly": 114,
      "transactionsMonthly": 539,
      "volumeUsdHourly": 22.4157643543831,
      "volumeUsdDaily": 12822.917098688513,
      "volumeUsdWeekly": 66674.48758912721,
      "volumeUsdMonthly": 357226.8114961748,
      "logo": "https://matcha-image-proxy.api.0x.org/images/1/0x163f8c2467924be0ae7b5347228cabf260318753"
    },
    {
      "address": "0xdc6ff44d5d932cbd77b52e5612ba0529dc6226f1",
      "chainId": 10,
      "decimals": 18,
      "name": "Worldcoin",
      "symbol": "WLD",
      "type": "ERC20",
      "hasLogo": true,
      "blockListsCount": 0,
      "exchangeListsCount": 1,
      "flagListsCount": 0,
      "importedListsCount": 3,
      "buyTax": null,
      "sellTax": null,
      "isInDex": true,
      "isHoneypot": false,
      "manualUnblock": false,
      "transactionsHourly": 1,
      "transactionsDaily": 11,
      "transactionsWeekly": 78,
      "transactionsMonthly": 524,
      "volumeUsdHourly": 640.418705303956,
      "volumeUsdDaily": 4934.371535810667,
      "volumeUsdWeekly": 10893.143791276883,
      "volumeUsdMonthly": 64099.59038812483,
      "logo": "https://matcha-image-proxy.api.0x.org/images/10/0xdc6ff44d5d932cbd77b52e5612ba0529dc6226f1"
    },
    {
      "address": "0x302c6e54461b13de2015ba34523fb4a9fc2e2a33",
      "chainId": 8453,
      "decimals": 18,
      "name": "WLD Worldcoin On Base",
      "symbol": "WLD Worldcoin On Base",
      "type": "ERC20",
      "blockListsCount": 0,
      "exchangeListsCount": 0,
      "flagListsCount": 0,
      "importedListsCount": 0,
      "logo": "https://matcha-image-proxy.api.0x.org/images/8453/0x302c6e54461b13de2015ba34523fb4a9fc2e2a33"
    },
    {
      "address": "0xf4742345752606f414f43276f9eadf53c5143cf2",
      "chainId": 56,
      "decimals": 9,
      "name": "WLD Worldcoin AI Presale v2",
      "symbol": "WLD Worldcoin AI Presale v2",
      "type": "ERC20",
      "blockListsCount": 0,
      "exchangeListsCount": 0,
      "flagListsCount": 0,
      "importedListsCount": 0,
      "logo": "https://matcha-image-proxy.api.0x.org/images/56/0xf4742345752606f414f43276f9eadf53c5143cf2"
    },
    {
      "address": "0x5afe3855358e112b5647b952709e6165e1c1eeee",
      "chainId": 1,
      "decimals": 18,
      "name": "Safe Token",
      "symbol": "SAFE",
      "type": "ERC20",
      "hasLogo": true,
      "blockListsCount": 0,
      "exchangeListsCount": 1,
      "flagListsCount": 0,
      "importedListsCount": 3,
      "buyTax": 0,
      "sellTax": 0,
      "isInDex": true,
      "isHoneypot": false,
      "manualUnblock": false,
      "transactionsHourly": 2,
      "transactionsDaily": 5,
      "transactionsWeekly": 19,
      "transactionsMonthly": 78,
      "volumeUsdHourly": 2456.41492356643,
      "volumeUsdDaily": 24686.826829919115,
      "volumeUsdWeekly": 35044.44350692629,
      "volumeUsdMonthly": 114946.66998177624,
      "logo": "https://matcha-image-proxy.api.0x.org/images/1/0x5afe3855358e112b5647b952709e6165e1c1eeee"
    },
    {
      "address": "0xe4310d260c3ea1a3ece25f1eee8968eb08cba208",
      "chainId": 8453,
      "decimals": 18,
      "name": "WLD",
      "symbol": "WLD",
      "type": "ERC20",
      "issuer": {
        "name": "zora",
        "metadata": {}
      },
      "blockListsCount": 0,
      "exchangeListsCount": 0,
      "flagListsCount": 0,
      "importedListsCount": 0,
      "buyTax": null,
      "sellTax": null,
      "isInDex": false,
      "isHoneypot": false,
      "transactionsHourly": 1,
      "transactionsDaily": 1,
      "transactionsWeekly": 1,
      "transactionsMonthly": 1,
      "volumeUsdHourly": 503.035758507845,
      "volumeUsdDaily": 505.113892324054,
      "volumeUsdWeekly": 505.113892324054,
      "volumeUsdMonthly": 505.113892324054,
      "logo": "https://matcha-image-proxy.api.0x.org/images/8453/0xe4310d260c3ea1a3ece25f1eee8968eb08cba208"
    },
    {
      "address": "0x8d2ff83729ea59d45ebbfacd9ee128b470c22e19",
      "chainId": 8453,
      "decimals": 18,
      "name": "WLD",
      "symbol": "WLD",
      "type": "ERC20",
      "issuer": {
        "name": "zora",
        "metadata": {}
      },
      "blockListsCount": 0,
      "exchangeListsCount": 0,
      "flagListsCount": 0,
      "importedListsCount": 0,
      "buyTax": null,
      "sellTax": null,
      "isInDex": false,
      "isHoneypot": false,
      "transactionsHourly": 1,
      "transactionsDaily": 1,
      "transactionsWeekly": 1,
      "transactionsMonthly": 1,
      "volumeUsdHourly": 113.128844246078,
      "volumeUsdDaily": 113.128844246078,
      "volumeUsdWeekly": 110.935642677506,
      "volumeUsdMonthly": 110.935642677506,
      "logo": "https://matcha-image-proxy.api.0x.org/images/8453/0x8d2ff83729ea59d45ebbfacd9ee128b470c22e19"
    },
    {
      "address": "0x0e1cf833a177feb082c9c9f9b0639deea5e8e520",
      "chainId": 56,
      "decimals": 18,
      "name": "WLD Worldcoin On Binance Alpha",
      "symbol": "WLD Worldc",
      "type": "ERC20",
      "blockListsCount": 0,
      "exchangeListsCount": 0,
      "flagListsCount": 0,
      "importedListsCount": 0,
      "logo": "https://matcha-image-proxy.api.0x.org/images/56/0x0e1cf833a177feb082c9c9f9b0639deea5e8e520"
    },
    {
      "address": "0xc7c768938936ed6b113214887e9fe5f81f70b9e2",
      "chainId": 8453,
      "decimals": 18,
      "name": "WLD Worldcoin Perpetual",
      "symbol": "WLDWOR",
      "type": "ERC20",
      "blockListsCount": 0,
      "exchangeListsCount": 0,
      "flagListsCount": 0,
      "importedListsCount": 0,
      "logo": "https://matcha-image-proxy.api.0x.org/images/8453/0xc7c768938936ed6b113214887e9fe5f81f70b9e2"
    },
    {
      "address": "0x14acc13ea74df69369a864754e7dcff180529970",
      "chainId": 130,
      "decimals": 18,
      "name": "Nikola Tesla Token WLD",
      "symbol": "Nikola Tesla Token WLD",
      "type": "ERC20",
      "blockListsCount": 1,
      "exchangeListsCount": 0,
      "flagListsCount": 1,
      "importedListsCount": 0,
      "manualUnblock": false,
      "logo": "https://matcha-image-proxy.api.0x.org/images/130/0x14acc13ea74df69369a864754e7dcff180529970"
    },
    {
      "address": "0xcb2b7771e75e8fb114bc46f71b36593a1e66f41f",
      "chainId": 8453,
      "decimals": 18,
      "name": "WLD",
      "symbol": "WLD",
      "type": "ERC20",
      "issuer": {
        "name": "zora",
        "metadata": {}
      },
      "blockListsCount": 0,
      "exchangeListsCount": 0,
      "flagListsCount": 0,
      "importedListsCount": 0,
      "logo": "https://matcha-image-proxy.api.0x.org/images/8453/0xcb2b7771e75e8fb114bc46f71b36593a1e66f41f"
    },
    {
      "address": "0xf4d44f683ec043ba35000158a39b97393d18c1c6",
      "chainId": 8453,
      "decimals": 18,
      "name": "WLD",
      "symbol": "WLD",
      "type": "ERC20",
      "issuer": {
        "name": "zora",
        "metadata": {}
      },
      "blockListsCount": 0,
      "exchangeListsCount": 0,
      "flagListsCount": 0,
      "importedListsCount": 0,
      "logo": "https://matcha-image-proxy.api.0x.org/images/8453/0xf4d44f683ec043ba35000158a39b97393d18c1c6"
    },
    {
      "address": "0xdaa148e6560346cdf78888c948d59f74b22d907d",
      "chainId": 8453,
      "decimals": 18,
      "name": "WLD",
      "symbol": "WLD",
      "type": "ERC20",
      "issuer": {
        "name": "zora",
        "metadata": {}
      },
      "blockListsCount": 0,
      "exchangeListsCount": 0,
      "flagListsCount": 0,
      "importedListsCount": 0,
      "logo": "https://matcha-image-proxy.api.0x.org/images/8453/0xdaa148e6560346cdf78888c948d59f74b22d907d"
    },
    {
      "address": "0x6c962d40618d4ce92d9396b129ecab6cf090998a",
      "chainId": 8453,
      "decimals": 18,
      "name": "WLD",
      "symbol": "WLD",
      "type": "ERC20",
      "issuer": {
        "name": "zora",
        "metadata": {}
      },
      "blockListsCount": 0,
      "exchangeListsCount": 0,
      "flagListsCount": 0,
      "importedListsCount": 0,
      "logo": "https://matcha-image-proxy.api.0x.org/images/8453/0x6c962d40618d4ce92d9396b129ecab6cf090998a"
    },
    {
      "address": "0x5a6d18368e3834e90bdadf4a40aa415054317c68",
      "chainId": 8453,
      "decimals": 18,
      "name": "WLD",
      "symbol": "WLD",
      "type": "ERC20",
      "issuer": {
        "name": "zora",
        "metadata": {}
      },
      "blockListsCount": 0,
      "exchangeListsCount": 0,
      "flagListsCount": 0,
      "importedListsCount": 0,
      "logo": "https://matcha-image-proxy.api.0x.org/images/8453/0x5a6d18368e3834e90bdadf4a40aa415054317c68"
    }
  ],
  "searchTime": "2025-12-30T01:57:02.464Z",
  "error": null
}