{
  "originalSymbol": "PEPE",
  "originalFullName": "Pepe",
  "searchedQuery": "PEPE Pepe",
  "retried": false,
  "isL1": false,
  "success": true,
  "tokenCount": 15,
  "resultCount": 10000,
  "tokens": [
    {
      "address": "0x6982508145454ce325ddbe47a25d4ec3d2311933",
      "chainId": 1,
      "decimals": 18,
      "name": "Pepe",
      "symbol": "PEPE",
      "type": "ERC20",
      "hasLogo": true,
      "blockListsCount": 0,
      "exchangeListsCount": 1,
      "flagListsCount": 0,
      "importedListsCount": 4,
      "buyTax": 0,
      "sellTax": 0,
      "isInDex": true,
      "isHoneypot": false,
      "manualUnblock": false,
      "transactionsHourly": 4,
      "transactionsDaily": 86,
      "transactionsWeekly": 589,
      "transactionsMonthly": 2960,
      "volumeUsdHourly": 61411.95048582388,
      "volumeUsdDaily": 131830.81438667828,
      "volumeUsdWeekly": 482100.0144582259,
      "volumeUsdMonthly": 3343308.2768236026,
      "logo": "https://matcha-image-proxy.api.0x.org/images/1/0x6982508145454ce325ddbe47a25d4ec3d2311933"
    },
    {
      "address": "0x532f27101965dd16442e59d40670faf5ebb142e4",
      "chainId": 8453,
      "decimals": 18,
      "name": "Brett",
      "symbol": "BRETT",
      "type": "ERC20",
      "hasLogo": true,
      "blockListsCount": 0,
      "exchangeListsCount": 0,
      "flagListsCount": 0,
      "importedListsCount": 1,
      "buyTax": 0,
      "sellTax": 0,
      "isInDex": true,
      "isHoneypot": false,
      "manualUnblock": false,
      "transactionsHourly": 14,
      "transactionsDaily": 393,
      "transactionsWeekly": 3805,
      "transactionsMonthly": 17151,
      "volumeUsdHourly": 5254.00098973257,
      "volumeUsdDaily": 33717.84632277612,
      "volumeUsdWeekly": 856379.8610153093,
      "volumeUsdMonthly": 3810107.849586768,
      "logo": "https://matcha-image-proxy.api.0x.org/images/8453/0x532f27101965dd16442e59d40670faf5ebb142e4"
    },
    {
      "address": "0x9ac9468e7e3e1d194080827226b45d0b892c77fd",
      "chainId": 1,
      "decimals": 9,
      "name": "Yee Token",
      "symbol": "Yee",
      "type": "ERC20",
      "hasLogo": true,
      "blockListsCount": 0,
      "exchangeListsCount": 0,
      "flagListsCount": 0,
      "importedListsCount": 2,
      "buyTax": 0,
      "sellTax": 0,
      "isInDex": true,
      "isHoneypot": false,
      "manualUnblock": false,
      "transactionsHourly": 5,
      "transactionsDaily": 89,
      "transactionsWeekly": 786,
      "transactionsMonthly": 3589,
      "volumeUsdHourly": 3740.573705113945,
      "volumeUsdDaily": 177402.02779978924,
      "volumeUsdWeekly": 700915.0858314718,
      "volumeUsdMonthly": 2246020.24007648,
      "logo": "https://matcha-image-proxy.api.0x.org/images/1/0x9ac9468e7e3e1d194080827226b45d0b892c77fd"
    },
    {
      "address": "0x52b492a33e447cdb854c7fc19f1e57e8bfa1777d",
      "chainId": 8453,
      "decimals": 18,
      "name": "BasedPepe",
      "symbol": "PEPE",
      "type": "ERC20",
      "hasLogo": true,
      "blockListsCount": 0,
      "exchangeListsCount": 0,
      "flagListsCount": 0,
      "importedListsCount": 1,
      "buyTax": 0,
      "sellTax": 0,
      "isInDex": true,
      "isHoneypot": false,
      "manualUnblock": false,
      "transactionsHourly": 4,
      "transactionsDaily": 72,
      "transactionsWeekly": 768,
      "transactionsMonthly": 3789,
      "volumeUsdHourly": 3.2942928024774525,
      "volumeUsdDaily": 3515.3973695522877,
      "volumeUsdWeekly": 35993.88000115042,
      "volumeUsdMonthly": 281817.61871843284,
      "logo": "https://matcha-image-proxy.api.0x.org/images/8453/0x52b492a33e447cdb854c7fc19f1e57e8bfa1777d"
    },
    {
      "address": "0x698dc45e4f10966f6d1d98e3bfd7071d8144c233",
      "chainId": 8453,
      "decimals": 9,
      "name": "Pepe",
      "symbol": "PEPE",
      "type": "ERC20",
      "hasLogo": true,
      "blockListsCount": 0,
      "exchangeListsCount": 0,
      "flagListsCount": 0,
      "importedListsCount": 1,
      "buyTax": 0,
      "sellTax": 0,
      "isInDex": true,
      "isHoneypot": false,
      "manualUnblock": false,
      "transactionsHourly": 1,
      "transactionsDaily": 15,
      "transactionsWeekly": 261,
      "transactionsMonthly": 1406,
      "volumeUsdHourly": 12.50698734565,
      "volumeUsdDaily": 725.0062561241926,
      "volumeUsdWeekly": 14047.275094199184,
      "volumeUsdMonthly": 168804.92379316236,
      "logo": "https://matcha-image-proxy.api.0x.org/images/8453/0x698dc45e4f10966f6d1d98e3bfd7071d8144c233"
    },
    {
      "address": "0x69babe9811cc86dcfc3b8f9a14de6470dd18eda4",
      "chainId": 1,
      "decimals": 9,
      "name": "Baby Pepe",
      "symbol": "BABYPEPE",
      "type": "ERC20",
      "hasLogo": true,
      "blockListsCount": 0,
      "exchangeListsCount": 0,
      "flagListsCount": 0,
      "importedListsCount": 2,
      "buyTax": 0,
      "sellTax": 0,
      "isInDex": true,
      "isHoneypot": false,
      "manualUnblock": false,
      "transactionsHourly": 2,
      "transactionsDaily": 14,
      "transactionsWeekly": 499,
      "transactionsMonthly": 527,
      "volumeUsdHourly": 204.5588219641056,
      "volumeUsdDaily": 1394.038622200722,
      "volumeUsdWeekly": 169478.1667981642,
      "volumeUsdMonthly": 172886.26835953628,
      "logo": "https://matcha-image-proxy.api.0x.org/images/1/0x69babe9811cc86dcfc3b8f9a14de6470dd18eda4"
    },
    {
      "address": "0x25d887ce7a35172c62febfd67a1856f20faebb00",
      "chainId": 56,
      "decimals": 18,
      "name": "Pepe",
      "symbol": "PEPE",
      "type": "ERC20",
      "hasLogo": true,
      "blockListsCount": 0,
      "exchangeListsCount": 0,
      "flagListsCount": 0,
      "importedListsCount": 1,
      "buyTax": 0,
      "sellTax": 0,
      "isInDex": true,
      "isHoneypot": false,
      "manualUnblock": false,
      "transactionsHourly": 2,
      "transactionsDaily": 16,
      "transactionsWeekly": 121,
      "transactionsMonthly": 585,
      "volumeUsdHourly": 1.6893371034607954,
      "volumeUsdDaily": 455.3015727170836,
      "volumeUsdWeekly": 2651.4215262580256,
      "volumeUsdMonthly": 19024.08614582584,
      "logo": "https://matcha-image-proxy.api.0x.org/images/56/0x25d887ce7a35172c62febfd67a1856f20faebb00"
    },
    {
      "address": "0xc09c8242eb21b24298303799bb5af402a2957777",
      "chainId": 143,
      "decimals": 18,
      "name": "Pepe on Monad",
      "symbol": "PEPE",
      "type": "ERC20",
      "blockListsCount": 0,
      "exchangeListsCount": 0,
      "flagListsCount": 0,
      "importedListsCount": 0,
      "isHoneypot": false,
      "transactionsHourly": 3,
      "transactionsDaily": 3567,
      "transactionsWeekly": 34147,
      "transactionsMonthly": 169001,
      "volumeUsdHourly": 52.5512930490588,
      "volumeUsdDaily": 392.66629442551704,
      "volumeUsdWeekly": 9747.0149065274,
      "volumeUsdMonthly": 191965.324980928,
      "logo": "https://matcha-image-proxy.api.0x.org/images/143/0xc09c8242eb21b24298303799bb5af402a2957777"
    },
    {
      "address": "0x26e550ac11b26f78a04489d5f20f24e3559f7dd9",
      "chainId": 1,
      "decimals": 9,
      "name": "Kekius Maximus",
      "symbol": "KEKIUS",
      "type": "ERC20",
      "hasLogo": true,
      "blockListsCount": 0,
      "exchangeListsCount": 0,
      "flagListsCount": 0,
      "importedListsCount": 2,
      "buyTax": 0,
      "sellTax": 0,
      "isInDex": true,
      "isHoneypot": false,
      "manualUnblock": false,
      "transactionsHourly": 1,
      "transactionsDaily": 27,
      "transactionsWeekly": 144,
      "transactionsMonthly": 559,
      "volumeUsdHourly": 6.67164373882306,
      "volumeUsdDaily": 6396.399826699422,
      "volumeUsdWeekly": 69747.93938822586,
      "volumeUsdMonthly": 231255.25494753072,
      "logo": "https://matcha-image-proxy.api.0x.org/images/1/0x26e550ac11b26f78a04489d5f20f24e3559f7dd9"
    },
    {
      "address": "0x31927a3d243b06e823407763f6940c62c4679ee5",
      "chainId": 56,
      "decimals": 18,
      "name": "BNB PEPE",
      "symbol": "BNB PEPE",
      "type": "ERC20",
      "hasLogo": true,
      "blockListsCount": 0,
      "exchangeListsCount": 0,
      "flagListsCount": 0,
      "importedListsCount": 1,
      "buyTax": 0,
      "sellTax": 0,
      "isInDex": true,
      "isHoneypot": false,
      "manualUnblock": false,
      "transactionsHourly": 1,
      "transactionsDaily": 10,
      "transactionsWeekly": 69,
      "transactionsMonthly": 374,
      "volumeUsdHourly": 621.675541050827,
      "volumeUsdDaily": 2272.2409624312113,
      "volumeUsdWeekly": 11431.217901051225,
      "volumeUsdMonthly": 88087.16994483629,
      "logo": "https://matcha-image-proxy.api.0x.org/images/56/0x31927a3d243b06e823407763f6940c62c4679ee5"
    },
    {
      "address": "0xfc8349df78c7c3e17e4626f8eef855d455f0eda8",
      "chainId": 8453,
      "decimals": 18,
      "name": "PEPE (PEPE)",
      "symbol": "PEPE (PEPE)",
      "type": "ERC20",
      "issuer": {
        "name": "zora",
        "metadata": {}
      },
      "blockListsCount": 0,
      "exchangeListsCount": 0,
      "flagListsCount": 0,
      "importedListsCount": 0,
      "logo": "https://matcha-image-proxy.api.0x.org/images/8453/0xfc8349df78c7c3e17e4626f8eef855d455f0eda8"
    },
    {
      "address": "0x836d65605048fd1b160b26ea16aa7ea0c5dc70f7",
      "chainId": 8453,
      "decimals": 18,
      "name": "Pepe #PEPE",
      "symbol": "Pepe #PEPE",
      "type": "ERC20",
      "issuer": {
        "name": "zora",
        "metadata": {}
      },
      "blockListsCount": 0,
      "exchangeListsCount": 0,
      "flagListsCount": 0,
      "importedListsCount": 0,
      "logo": "https://matcha-image-proxy.api.0x.org/images/8453/0x836d65605048fd1b160b26ea16aa7ea0c5dc70f7"
    },
    {
      "address": "0x5a6dbdd21334c17f6f8262b9862e5c18d3f8d69f",
      "chainId": 8453,
      "decimals": 18,
      "name": "Pepe (PEPE)",
      "symbol": "Pepe (PEPE)",
      "type": "ERC20",
      "issuer": {
        "name": "zora",
        "metadata": {}
      },
      "blockListsCount": 0,
      "exchangeListsCount": 0,
      "flagListsCount": 0,
      "importedListsCount": 0,
      "logo": "https://matcha-image-proxy.api.0x.org/images/8453/0x5a6dbdd21334c17f6f8262b9862e5c18d3f8d69f"
    },
    {
      "address": "0x3ffeea07a27fab7ad1df5297fa75e77a43cb5790",
      "chainId": 1,
      "decimals": 18,
      "name": "PeiPei",
      "symbol": "PEIPEI",
      "type": "ERC20",
      "hasLogo": true,
      "blockListsCount": 0,
      "exchangeListsCount": 0,
      "flagListsCount": 0,
      "importedListsCount": 2,
      "buyTax": 0,
      "sellTax": 0,
      "isInDex": true,
      "isHoneypot": false,
      "manualUnblock": false,
      "transactionsHourly": 1,
      "transactionsDaily": 10,
      "transactionsWeekly": 132,
      "transactionsMonthly": 786,
      "volumeUsdHourly": 1791.99701786979,
      "volumeUsdDaily": 12030.067065364254,
      "volumeUsdWeekly": 26854.13777577032,
      "volumeUsdMonthly": 139438.84685168203,
      "logo": "https://matcha-image-proxy.api.0x.org/images/1/0x3ffeea07a27fab7ad1df5297fa75e77a43cb5790"
    },
    {
      "address": "0x0f7dc5d02cc1e1f5ee47854d534d332a1081ccc8",
      "chainId": 1,
      "decimals": 9,
      "name": "Pepes Dog",
      "symbol": "ZEUS",
      "type": "ERC20",
      "hasLogo": true,
      "blockListsCount": 0,
      "exchangeListsCount": 0,
      "flagListsCount": 0,
      "importedListsCount": 2,
      "buyTax": 0,
      "sellTax": 0,
      "isInDex": true,
      "isHoneypot": false,
      "manualUnblock": false,
      "transactionsHourly": 1,
      "transactionsDaily": 10,
      "transactionsWeekly": 95,
      "transactionsMonthly": 520,
      "volumeUsdHourly": 13.719606250257,
      "volumeUsdDaily": 282.36327453304585,
      "volumeUsdWeekly": 19666.295344996768,
      "volumeUsdMonthly": 82172.24512457759,
      "logo": "https://matcha-image-proxy.api.0x.org/images/1/0x0f7dc5d02cc1e1f5ee47854d534d332a1081ccc8"
    }
  ],
  "searchTime": "2025-12-30T01:57:03.012Z",
  "error": null
}