{
  "originalSymbol": "ID",
  "originalFullName": "SPACE ID",
  "searchedQuery": "ID SPACE ID",
  "retried": false,
  "isL1": false,
  "success": true,
  "tokenCount": 15,
  "resultCount": 10000,
  "tokens": [
    {
      "address": "0x0c5142bc58f9a61ab8c3d2085dd2f4e550c5ce0b",
      "chainId": 8453,
      "decimals": 18,
      "name": "RUSSELL",
      "symbol": "RUSSELL",
      "type": "ERC20",
      "hasLogo": true,
      "blockListsCount": 0,
      "exchangeListsCount": 0,
      "flagListsCount": 0,
      "importedListsCount": 1,
      "buyTax": 0,
      "sellTax": 0,
      "isInDex": true,
      "isHoneypot": false,
      "manualUnblock": false,
      "transactionsHourly": 6,
      "transactionsDaily": 227,
      "transactionsWeekly": 3547,
      "transactionsMonthly": 12925,
      "volumeUsdHourly": 578.3690065781884,
      "volumeUsdDaily": 71267.52980005096,
      "volumeUsdWeekly": 1265454.0473710017,
      "volumeUsdMonthly": 4819971.509566697,
      "logo": "https://matcha-image-proxy.api.0x.org/images/8453/0x0c5142bc58f9a61ab8c3d2085dd2f4e550c5ce0b"
    },
    {
      "address": "0xc08cd26474722ce93f4d0c34d16201461c10aa8c",
      "chainId": 8453,
      "decimals": 18,
      "name": "CARV",
      "symbol": "CARV",
      "type": "ERC20",
      "hasLogo": true,
      "blockListsCount": 0,
      "exchangeListsCount": 0,
      "flagListsCount": 0,
      "importedListsCount": 1,
      "buyTax": 0,
      "sellTax": 0,
      "isInDex": true,
      "isHoneypot": false,
      "manualUnblock": false,
      "transactionsHourly": 2,
      "transactionsDaily": 41,
      "transactionsWeekly": 4325,
      "transactionsMonthly": 10275,
      "volumeUsdHourly": 1.04370555108511,
      "volumeUsdDaily": 1737.0648242410596,
      "volumeUsdWeekly": 82188.72562361164,
      "volumeUsdMonthly": 293088.0772420752,
      "logo": "https://matcha-image-proxy.api.0x.org/images/8453/0xc08cd26474722ce93f4d0c34d16201461c10aa8c"
    },
    {
      "address": "0x4f9fd6be4a90f2620860d680c0d4d5fb53d1a825",
      "chainId": 8453,
      "decimals": 18,
      "name": "aixbt by Virtuals",
      "symbol": "AIXBT",
      "type": "ERC20",
      "hasLogo": true,
      "blockListsCount": 0,
      "exchangeListsCount": 0,
      "flagListsCount": 0,
      "importedListsCount": 2,
      "buyTax": 0,
      "sellTax": 0,
      "isInDex": true,
      "isHoneypot": false,
      "manualUnblock": false,
      "transactionsHourly": 7,
      "transactionsDaily": 140,
      "transactionsWeekly": 1549,
      "transactionsMonthly": 6168,
      "volumeUsdHourly": 412.2378126842403,
      "volumeUsdDaily": 22437.405380112938,
      "volumeUsdWeekly": 77410.11373999347,
      "volumeUsdMonthly": 400147.1981707032,
      "logo": "https://matcha-image-proxy.api.0x.org/images/8453/0x4f9fd6be4a90f2620860d680c0d4d5fb53d1a825"
    },
    {
      "address": "0x4ed4e862860bed51a9570b96d89af5e1b0efefed",
      "chainId": 8453,
      "decimals": 18,
      "name": "Degen",
      "symbol": "DEGEN",
      "type": "ERC20",
      "hasLogo": true,
      "blockListsCount": 0,
      "exchangeListsCount": 1,
      "flagListsCount": 0,
      "importedListsCount": 2,
      "buyTax": 0,
      "sellTax": 0,
      "isInDex": true,
      "isHoneypot": false,
      "manualUnblock": false,
      "transactionsHourly": 33,
      "transactionsDaily": 726,
      "transactionsWeekly": 4684,
      "transactionsMonthly": 20208,
      "volumeUsdHourly": 58.41491176296141,
      "volumeUsdDaily": 7173.038850492301,
      "volumeUsdWeekly": 146497.23334727588,
      "volumeUsdMonthly": 567311.3313116197,
      "logo": "https://matcha-image-proxy.api.0x.org/images/8453/0x4ed4e862860bed51a9570b96d89af5e1b0efefed"
    },
    {
      "address": "0x163f8c2467924be0ae7b5347228cabf260318753",
      "chainId": 1,
      "decimals": 18,
      "name": "Worldcoin",
      "symbol": "WLD",
      "type": "ERC20",
      "hasLogo": true,
      "blockListsCount": 0,
      "exchangeListsCount": 0,
      "flagListsCount": 0,
      "importedListsCount": 3,
      "buyTax": 0,
      "sellTax": 0,
      "isInDex": true,
      "isHoneypot": false,
      "manualUnblock": false,
      "transactionsHourly": 1,
      "transactionsDaily": 17,
      "transactionsWeekly": 114,
      "transactionsMonthly": 539,
      "volumeUsdHourly": 22.4157643543831,
      "volumeUsdDaily": 12822.917098688513,
      "volumeUsdWeekly": 66674.48758912721,
      "volumeUsdMonthly": 357226.8114961748,
      "logo": "https://matcha-image-proxy.api.0x.org/images/1/0x163f8c2467924be0ae7b5347228cabf260318753"
    },
    {
      "address": "0xc0634090f2fe6c6d75e61be2b949464abb498973",
      "chainId": 8453,
      "decimals": 18,
      "name": "Keeta",
      "symbol": "KTA",
      "type": "ERC20",
      "hasLogo": true,
      "blockListsCount": 0,
      "exchangeListsCount": 0,
      "flagListsCount": 0,
      "importedListsCount": 2,
      "buyTax": 0,
      "sellTax": 0,
      "isInDex": true,
      "isHoneypot": false,
      "manualUnblock": false,
      "transactionsHourly": 10,
      "transactionsDaily": 337,
      "transactionsWeekly": 2241,
      "transactionsMonthly": 12148,
      "volumeUsdHourly": 16601.30011031583,
      "volumeUsdDaily": 250665.7676953407,
      "volumeUsdWeekly": 808653.2667041642,
      "volumeUsdMonthly": 10223189.157788182,
      "logo": "https://matcha-image-proxy.api.0x.org/images/8453/0xc0634090f2fe6c6d75e61be2b949464abb498973"
    },
    {
      "address": "0xfd7b3a77848f1c2d67e05e54d78d174a0c850335",
      "chainId": 56,
      "decimals": 18,
      "name": "Ontology Token",
      "symbol": "ONT",
      "type": "ERC20",
      "hasLogo": true,
      "issuer": {
        "name": "binance",
        "metadata": {}
      },
      "blockListsCount": 0,
      "exchangeListsCount": 0,
      "flagListsCount": 0,
      "importedListsCount": 1,
      "buyTax": 0,
      "sellTax": 0,
      "isInDex": true,
      "isHoneypot": false,
      "manualUnblock": false,
      "transactionsHourly": 1,
      "transactionsDaily": 8,
      "transactionsWeekly": 35,
      "transactionsMonthly": 83,
      "volumeUsdHourly": 0.381136897269291,
      "volumeUsdDaily": 50.25932231049642,
      "volumeUsdWeekly": 1050.3872080815602,
      "volumeUsdMonthly": 2415.653578418368,
      "logo": "https://matcha-image-proxy.api.0x.org/images/56/0xfd7b3a77848f1c2d67e05e54d78d174a0c850335"
    },
    {
      "address": "0xac0f66379a6d7801d7726d5a943356a172549adb",
      "chainId": 137,
      "decimals": 18,
      "name": "Geodnet Token",
      "symbol": "GEOD",
      "type": "ERC20",
      "hasLogo": true,
      "blockListsCount": 0,
      "exchangeListsCount": 0,
      "flagListsCount": 0,
      "importedListsCount": 1,
      "buyTax": 0,
      "sellTax": 0,
      "isInDex": true,
      "isHoneypot": false,
      "manualUnblock": false,
      "transactionsHourly": 3,
      "transactionsDaily": 65,
      "transactionsWeekly": 510,
      "transactionsMonthly": 3141,
      "volumeUsdHourly": 1221.0562392457584,
      "volumeUsdDaily": 9841.82879018874,
      "volumeUsdWeekly": 38865.19166171271,
      "volumeUsdMonthly": 276546.670729907,
      "logo": "https://matcha-image-proxy.api.0x.org/images/137/0xac0f66379a6d7801d7726d5a943356a172549adb"
    },
    {
      "address": "0xc18360217d8f7ab5e7c516566761ea12ce7f9d72",
      "chainId": 1,
      "decimals": 18,
      "name": "Ethereum Name Service",
      "symbol": "ENS",
      "type": "ERC20",
      "hasLogo": true,
      "blockListsCount": 0,
      "exchangeListsCount": 0,
      "flagListsCount": 0,
      "importedListsCount": 5,
      "buyTax": 0,
      "sellTax": 0,
      "isInDex": true,
      "isHoneypot": false,
      "manualUnblock": false,
      "transactionsHourly": 1,
      "transactionsDaily": 6,
      "transactionsWeekly": 36,
      "transactionsMonthly": 179,
      "volumeUsdHourly": 114.631700607677,
      "volumeUsdDaily": 1824.9392431392023,
      "volumeUsdWeekly": 15405.17703631651,
      "volumeUsdMonthly": 252557.33383086455,
      "logo": "https://matcha-image-proxy.api.0x.org/images/1/0xc18360217d8f7ab5e7c516566761ea12ce7f9d72"
    },
    {
      "address": "0xcd5fe23c85820f7b72d0926fc9b05b43e359b7ee",
      "chainId": 1,
      "decimals": 18,
      "name": "Wrapped eETH",
      "symbol": "weETH",
      "type": "ERC20",
      "hasLogo": true,
      "blockListsCount": 0,
      "exchangeListsCount": 0,
      "flagListsCount": 0,
      "importedListsCount": 3,
      "buyTax": 0,
      "sellTax": 0,
      "isInDex": true,
      "isHoneypot": false,
      "manualUnblock": false,
      "transactionsHourly": 2,
      "transactionsDaily": 8,
      "transactionsWeekly": 41,
      "transactionsMonthly": 352,
      "volumeUsdHourly": 66548.90117736874,
      "volumeUsdDaily": 527941.5186365788,
      "volumeUsdWeekly": 1184438.124884341,
      "volumeUsdMonthly": 32964399.449198578,
      "logo": "https://matcha-image-proxy.api.0x.org/images/1/0xcd5fe23c85820f7b72d0926fc9b05b43e359b7ee"
    },
    {
      "address": "0x35751007a407ca6feffe80b3cb397736d2cf4dbe",
      "chainId": 42161,
      "decimals": 18,
      "name": "Wrapped eETH",
      "symbol": "weETH",
      "type": "ERC20",
      "hasLogo": true,
      "blockListsCount": 0,
      "exchangeListsCount": 0,
      "flagListsCount": 0,
      "importedListsCount": 1,
      "buyTax": 0,
      "sellTax": 0,
      "isInDex": true,
      "isHoneypot": false,
      "manualUnblock": false,
      "transactionsHourly": 1,
      "transactionsDaily": 10,
      "transactionsWeekly": 126,
      "transactionsMonthly": 542,
      "volumeUsdHourly": 3.30021719193963,
      "volumeUsdDaily": 16349.670451872253,
      "volumeUsdWeekly": 655288.7323130532,
      "volumeUsdMonthly": 1975470.439228329,
      "logo": "https://matcha-image-proxy.api.0x.org/images/42161/0x35751007a407ca6feffe80b3cb397736d2cf4dbe"
    },
    {
      "address": "0x18b6f6049a0af4ed2bbe0090319174eeef89f53a",
      "chainId": 8453,
      "decimals": 18,
      "name": "RUNNER",
      "symbol": "RUNNER",
      "type": "ERC20",
      "hasLogo": true,
      "blockListsCount": 0,
      "exchangeListsCount": 0,
      "flagListsCount": 0,
      "importedListsCount": 1,
      "buyTax": 0,
      "sellTax": 0,
      "isInDex": true,
      "isHoneypot": false,
      "manualUnblock": false,
      "transactionsHourly": 4,
      "transactionsDaily": 114,
      "transactionsWeekly": 995,
      "transactionsMonthly": 4326,
      "volumeUsdHourly": 4.355966453331559,
      "volumeUsdDaily": 217.4684143353238,
      "volumeUsdWeekly": 3389.5670698858007,
      "volumeUsdMonthly": 39989.731358193545,
      "logo": "https://matcha-image-proxy.api.0x.org/images/8453/0x18b6f6049a0af4ed2bbe0090319174eeef89f53a"
    },
    {
      "address": "0xc7198437980c041c805a1edcba50c1ce5db95118",
      "chainId": 43114,
      "decimals": 6,
      "name": "Tether USD",
      "symbol": "USDT.e",
      "type": "ERC20",
      "hasLogo": true,
      "blockListsCount": 0,
      "exchangeListsCount": 0,
      "flagListsCount": 0,
      "importedListsCount": 1,
      "buyTax": 0,
      "sellTax": 0,
      "isInDex": true,
      "isHoneypot": false,
      "manualUnblock": false,
      "transactionsHourly": 1,
      "transactionsDaily": 1,
      "transactionsWeekly": 65,
      "transactionsMonthly": 197,
      "volumeUsdHourly": 582.386153495196,
      "volumeUsdDaily": 582.386153495196,
      "volumeUsdWeekly": 3218.339454280188,
      "volumeUsdMonthly": 85387.44872981452,
      "logo": "https://matcha-image-proxy.api.0x.org/images/43114/0xc7198437980c041c805a1edcba50c1ce5db95118"
    },
    {
      "address": "0x47a1eb0b825b73e6a14807beaecafef199d5477c",
      "chainId": 56,
      "decimals": 18,
      "name": "CaptainBNB",
      "symbol": "CaptainBNB",
      "type": "ERC20",
      "hasLogo": true,
      "blockListsCount": 0,
      "exchangeListsCount": 0,
      "flagListsCount": 0,
      "importedListsCount": 1,
      "buyTax": 0,
      "sellTax": 0,
      "isInDex": true,
      "isHoneypot": false,
      "manualUnblock": false,
      "transactionsHourly": 3,
      "transactionsDaily": 36,
      "transactionsWeekly": 86,
      "transactionsMonthly": 312,
      "volumeUsdHourly": 3142.618747195896,
      "volumeUsdDaily": 33546.22777635155,
      "volumeUsdWeekly": 50762.26781171561,
      "volumeUsdMonthly": 119701.82586651844,
      "logo": "https://matcha-image-proxy.api.0x.org/images/56/0x47a1eb0b825b73e6a14807beaecafef199d5477c"
    },
    {
      "address": "0x72e4f9f808c49a2a61de9c5896298920dc4eeea9",
      "chainId": 1,
      "decimals": 8,
      "name": "HarryPotterObamaSonic10Inu",
      "symbol": "BITCOIN",
      "type": "ERC20",
      "hasLogo": true,
      "blockListsCount": 0,
      "exchangeListsCount": 0,
      "flagListsCount": 0,
      "importedListsCount": 4,
      "buyTax": 0,
      "sellTax": 0,
      "isInDex": true,
      "isHoneypot": false,
      "manualUnblock": false,
      "transactionsHourly": 1,
      "transactionsDaily": 20,
      "transactionsWeekly": 99,
      "transactionsMonthly": 349,
      "volumeUsdHourly": 864.221889471445,
      "volumeUsdDaily": 32968.94358889556,
      "volumeUsdWeekly": 137090.8190100691,
      "volumeUsdMonthly": 798381.9337899068,
      "logo": "https://matcha-image-proxy.api.0x.org/images/1/0x72e4f9f808c49a2a61de9c5896298920dc4eeea9"
    }
  ],
  "searchTime": "2025-12-30T01:57:33.142Z",
  "error": null
}