{
  "originalSymbol": "DEEP",
  "originalFullName": "Deep",
  "searchedQuery": "DEEP Deep",
  "retried": false,
  "isL1": false,
  "success": true,
  "tokenCount": 15,
  "resultCount": 10000,
  "tokens": [
    {
      "address": "0xd1c3f94de7e5b45fa4edbba472491a9f4b166fc4",
      "chainId": 43114,
      "decimals": 18,
      "name": "Avalaunch",
      "symbol": "XAVA",
      "type": "ERC20",
      "hasLogo": true,
      "blockListsCount": 0,
      "exchangeListsCount": 0,
      "flagListsCount": 0,
      "importedListsCount": 1,
      "buyTax": null,
      "sellTax": null,
      "isInDex": true,
      "isHoneypot": false,
      "manualUnblock": false,
      "transactionsHourly": 11,
      "transactionsDaily": 60,
      "transactionsWeekly": 402,
      "transactionsMonthly": 429,
      "volumeUsdHourly": 113.1157111595771,
      "volumeUsdDaily": 424.9334922183053,
      "volumeUsdWeekly": 4395.988492159776,
      "volumeUsdMonthly": 18292.927416753155,
      "logo": "https://matcha-image-proxy.api.0x.org/images/43114/0xd1c3f94de7e5b45fa4edbba472491a9f4b166fc4"
    },
    {
      "address": "0x1410da263033778575913c13826553274114cc8c",
      "chainId": 8453,
      "decimals": 18,
      "name": "Deep deep",
      "symbol": "Deep deep",
      "type": "ERC20",
      "issuer": {
        "name": "zora",
        "metadata": {}
      },
      "blockListsCount": 0,
      "exchangeListsCount": 0,
      "flagListsCount": 0,
      "importedListsCount": 0,
      "logo": "https://matcha-image-proxy.api.0x.org/images/8453/0x1410da263033778575913c13826553274114cc8c"
    },
    {
      "address": "0xacfe6019ed1a7dc6f7b508c02d1b04ec88cc21bf",
      "chainId": 8453,
      "decimals": 18,
      "name": "Venice Token",
      "symbol": "VVV",
      "type": "ERC20",
      "hasLogo": true,
      "blockListsCount": 0,
      "exchangeListsCount": 0,
      "flagListsCount": 0,
      "importedListsCount": 2,
      "buyTax": 0,
      "sellTax": 0,
      "isInDex": true,
      "isHoneypot": false,
      "manualUnblock": false,
      "transactionsHourly": 3,
      "transactionsDaily": 300,
      "transactionsWeekly": 1752,
      "transactionsMonthly": 5028,
      "volumeUsdHourly": 505.1143590630168,
      "volumeUsdDaily": 75638.1038942548,
      "volumeUsdWeekly": 294441.97089246876,
      "volumeUsdMonthly": 1135252.66026129,
      "logo": "https://matcha-image-proxy.api.0x.org/images/8453/0xacfe6019ed1a7dc6f7b508c02d1b04ec88cc21bf"
    },
    {
      "address": "0xcafcd85d8ca7ad1e1c6f82f651fa15e33aefd07b",
      "chainId": 42161,
      "decimals": 18,
      "name": "Wootrade Network",
      "symbol": "WOO",
      "type": "ERC20",
      "hasLogo": true,
      "blockListsCount": 0,
      "exchangeListsCount": 0,
      "flagListsCount": 0,
      "importedListsCount": 2,
      "buyTax": 0,
      "sellTax": 0,
      "isInDex": true,
      "isHoneypot": false,
      "manualUnblock": false,
      "transactionsHourly": 1,
      "transactionsDaily": 2,
      "transactionsWeekly": 8,
      "transactionsMonthly": 30,
      "volumeUsdHourly": 58.9753229967462,
      "volumeUsdDaily": 358.0491804538282,
      "volumeUsdWeekly": 4494.503384339241,
      "volumeUsdMonthly": 10106.760341832976,
      "logo": "https://matcha-image-proxy.api.0x.org/images/42161/0xcafcd85d8ca7ad1e1c6f82f651fa15e33aefd07b"
    },
    {
      "address": "0x85eee30c52b0b379b046fb0f85f4f3dc3009afec",
      "chainId": 1,
      "decimals": 18,
      "name": "KEEP Token",
      "symbol": "KEEP",
      "type": "ERC20",
      "hasLogo": true,
      "blockListsCount": 0,
      "exchangeListsCount": 0,
      "flagListsCount": 0,
      "importedListsCount": 4,
      "buyTax": 0,
      "sellTax": 0,
      "isInDex": true,
      "isHoneypot": false,
      "manualUnblock": false,
      "transactionsHourly": 1,
      "transactionsDaily": 2,
      "transactionsWeekly": 12,
      "transactionsMonthly": 33,
      "volumeUsdHourly": 746.556787927866,
      "volumeUsdDaily": 752.5709337338106,
      "volumeUsdWeekly": 1772.3733683587045,
      "volumeUsdMonthly": 2337.67555480056,
      "logo": "https://matcha-image-proxy.api.0x.org/images/1/0x85eee30c52b0b379b046fb0f85f4f3dc3009afec"
    },
    {
      "address": "0x0f7dc5d02cc1e1f5ee47854d534d332a1081ccc8",
      "chainId": 1,
      "decimals": 9,
      "name": "Pepes Dog",
      "symbol": "ZEUS",
      "type": "ERC20",
      "hasLogo": true,
      "blockListsCount": 0,
      "exchangeListsCount": 0,
      "flagListsCount": 0,
      "importedListsCount": 2,
      "buyTax": 0,
      "sellTax": 0,
      "isInDex": true,
      "isHoneypot": false,
      "manualUnblock": false,
      "transactionsHourly": 1,
      "transactionsDaily": 10,
      "transactionsWeekly": 95,
      "transactionsMonthly": 520,
      "volumeUsdHourly": 13.719606250257,
      "volumeUsdDaily": 282.36327453304585,
      "volumeUsdWeekly": 19666.295344996768,
      "volumeUsdMonthly": 82172.24512457759,
      "logo": "https://matcha-image-proxy.api.0x.org/images/1/0x0f7dc5d02cc1e1f5ee47854d534d332a1081ccc8"
    },
    {
      "address": "0xc20059e0317de91738d13af027dfc4a50781b066",
      "chainId": 1,
      "decimals": 18,
      "name": "Spark",
      "symbol": "SPK",
      "type": "ERC20",
      "hasLogo": true,
      "blockListsCount": 0,
      "exchangeListsCount": 0,
      "flagListsCount": 0,
      "importedListsCount": 3,
      "buyTax": 0,
      "sellTax": 0,
      "isInDex": true,
      "isHoneypot": false,
      "manualUnblock": false,
      "transactionsHourly": 1,
      "transactionsDaily": 4,
      "transactionsWeekly": 41,
      "transactionsMonthly": 205,
      "volumeUsdHourly": 925.038778821467,
      "volumeUsdDaily": 8675.060739199527,
      "volumeUsdWeekly": 27370.418030417957,
      "volumeUsdMonthly": 224249.7111357386,
      "logo": "https://matcha-image-proxy.api.0x.org/images/1/0xc20059e0317de91738d13af027dfc4a50781b066"
    },
    {
      "address": "0x6e2c81b6c2c0e02360f00a0da694e489acb0b05e",
      "chainId": 8453,
      "decimals": 18,
      "name": "Reflect",
      "symbol": "RFL",
      "type": "ERC20",
      "hasLogo": true,
      "blockListsCount": 0,
      "exchangeListsCount": 0,
      "flagListsCount": 0,
      "importedListsCount": 1,
      "buyTax": 0,
      "sellTax": 0,
      "isInDex": true,
      "isHoneypot": false,
      "manualUnblock": false,
      "transactionsHourly": 1,
      "transactionsDaily": 12,
      "transactionsWeekly": 38,
      "transactionsMonthly": 516,
      "volumeUsdHourly": 50.9079668733295,
      "volumeUsdDaily": 172.84537491800185,
      "volumeUsdWeekly": 692.4027568389049,
      "volumeUsdMonthly": 89228.04738246715,
      "logo": "https://matcha-image-proxy.api.0x.org/images/8453/0x6e2c81b6c2c0e02360f00a0da694e489acb0b05e"
    },
    {
      "address": "0x3199a64bc8aabdfd9a3937a346cc59c3d81d8a9a",
      "chainId": 56,
      "decimals": 18,
      "name": "Mubarakah",
      "symbol": "Mubarakah",
      "type": "ERC20",
      "hasLogo": true,
      "blockListsCount": 0,
      "exchangeListsCount": 0,
      "flagListsCount": 0,
      "importedListsCount": 1,
      "buyTax": 0,
      "sellTax": 0,
      "isInDex": true,
      "isHoneypot": false,
      "manualUnblock": false,
      "transactionsHourly": 1,
      "transactionsDaily": 5,
      "transactionsWeekly": 41,
      "transactionsMonthly": 961,
      "volumeUsdHourly": 3.01668112484475,
      "volumeUsdDaily": 108.09670259709485,
      "volumeUsdWeekly": 5673.171028614783,
      "volumeUsdMonthly": 172661.94633025854,
      "logo": "https://matcha-image-proxy.api.0x.org/images/56/0x3199a64bc8aabdfd9a3937a346cc59c3d81d8a9a"
    },
    {
      "address": "0xeec468333ccc16d4bf1cef497a56cf8c0aae4ca3",
      "chainId": 8453,
      "decimals": 18,
      "name": "Anzen Token",
      "symbol": "ANZ",
      "type": "ERC20",
      "hasLogo": true,
      "blockListsCount": 0,
      "exchangeListsCount": 0,
      "flagListsCount": 0,
      "importedListsCount": 1,
      "buyTax": 0,
      "sellTax": 0,
      "isInDex": true,
      "isHoneypot": false,
      "manualUnblock": false,
      "transactionsHourly": 4,
      "transactionsDaily": 10,
      "transactionsWeekly": 85,
      "transactionsMonthly": 1204,
      "volumeUsdHourly": 33.832512568575126,
      "volumeUsdDaily": 49.41172229232771,
      "volumeUsdWeekly": 6218.746086862568,
      "volumeUsdMonthly": 77960.09606351114,
      "logo": "https://matcha-image-proxy.api.0x.org/images/8453/0xeec468333ccc16d4bf1cef497a56cf8c0aae4ca3"
    },
    {
      "address": "0x3e985250cb137fc1ff55922116934c5982d29f85",
      "chainId": 1,
      "decimals": 18,
      "name": "Zentu",
      "symbol": "ZENT",
      "type": "ERC20",
      "hasLogo": true,
      "blockListsCount": 0,
      "exchangeListsCount": 0,
      "flagListsCount": 0,
      "importedListsCount": 2,
      "buyTax": 0,
      "sellTax": 0,
      "isInDex": true,
      "isHoneypot": false,
      "manualUnblock": false,
      "transactionsHourly": 3,
      "transactionsDaily": 5,
      "transactionsWeekly": 33,
      "transactionsMonthly": 160,
      "volumeUsdHourly": 2425.307289914908,
      "volumeUsdDaily": 2723.5449651076,
      "volumeUsdWeekly": 9104.977761033182,
      "volumeUsdMonthly": 46784.805100427286,
      "logo": "https://matcha-image-proxy.api.0x.org/images/1/0x3e985250cb137fc1ff55922116934c5982d29f85"
    },
    {
      "address": "0x3b604747ad1720c01ded0455728b62c0d2f100f0",
      "chainId": 1,
      "decimals": 18,
      "name": "WAGMI GAMES",
      "symbol": "WAGMIGAMES",
      "type": "ERC20",
      "hasLogo": true,
      "blockListsCount": 0,
      "exchangeListsCount": 0,
      "flagListsCount": 0,
      "importedListsCount": 2,
      "buyTax": 0.002,
      "sellTax": 0.002,
      "isInDex": true,
      "isHoneypot": false,
      "manualUnblock": false,
      "transactionsHourly": 1,
      "transactionsDaily": 6,
      "transactionsWeekly": 16,
      "transactionsMonthly": 68,
      "volumeUsdHourly": 29.5804681401219,
      "volumeUsdDaily": 474.8132384787504,
      "volumeUsdWeekly": 2476.3056529903424,
      "volumeUsdMonthly": 14158.683295271394,
      "logo": "https://matcha-image-proxy.api.0x.org/images/1/0x3b604747ad1720c01ded0455728b62c0d2f100f0"
    },
    {
      "address": "0xb62132e35a6c13ee1ee0f84dc5d40bad8d815206",
      "chainId": 1,
      "decimals": 18,
      "name": "Nexo",
      "symbol": "NEXO",
      "type": "ERC20",
      "hasLogo": true,
      "blockListsCount": 0,
      "exchangeListsCount": 0,
      "flagListsCount": 0,
      "importedListsCount": 2,
      "buyTax": 0,
      "sellTax": 0,
      "isInDex": true,
      "isHoneypot": false,
      "manualUnblock": false,
      "transactionsHourly": 2,
      "transactionsDaily": 4,
      "transactionsWeekly": 25,
      "transactionsMonthly": 89,
      "volumeUsdHourly": 208.189536471918,
      "volumeUsdDaily": 1444.368195866376,
      "volumeUsdWeekly": 21420.311514053723,
      "volumeUsdMonthly": 71407.25268094592,
      "logo": "https://matcha-image-proxy.api.0x.org/images/1/0xb62132e35a6c13ee1ee0f84dc5d40bad8d815206"
    },
    {
      "address": "0x18bc66f0c15e27179dd8e2277c1c9c056df0a14d",
      "chainId": 1,
      "decimals": 18,
      "name": "Deep Whales",
      "symbol": "DEEPAI",
      "type": "ERC20",
      "hasLogo": true,
      "blockListsCount": 0,
      "exchangeListsCount": 0,
      "flagListsCount": 0,
      "importedListsCount": 2,
      "buyTax": 0.05,
      "sellTax": 0.05,
      "isInDex": true,
      "isHoneypot": false,
      "manualUnblock": false,
      "transactionsHourly": 1,
      "transactionsDaily": 1,
      "transactionsWeekly": 13,
      "transactionsMonthly": 39,
      "volumeUsdHourly": 55.3527833707598,
      "volumeUsdDaily": 55.3527833707598,
      "volumeUsdWeekly": 2959.691605908583,
      "volumeUsdMonthly": 13986.611818559262,
      "logo": "https://matcha-image-proxy.api.0x.org/images/1/0x18bc66f0c15e27179dd8e2277c1c9c056df0a14d"
    },
    {
      "address": "0xbb59167235bf3588b357de6cd98ca6f94d753c76",
      "chainId": 8453,
      "decimals": 18,
      "name": "MetaInside by Virtuals",
      "symbol": "MIN",
      "type": "ERC20",
      "hasLogo": true,
      "blockListsCount": 0,
      "exchangeListsCount": 0,
      "flagListsCount": 0,
      "importedListsCount": 1,
      "buyTax": null,
      "sellTax": null,
      "isInDex": true,
      "isHoneypot": false,
      "manualUnblock": false,
      "transactionsHourly": 2,
      "transactionsDaily": 14,
      "transactionsWeekly": 107,
      "transactionsMonthly": 403,
      "volumeUsdHourly": 541.8809101243065,
      "volumeUsdDaily": 819.3770432494313,
      "volumeUsdWeekly": 15820.356535518406,
      "volumeUsdMonthly": 134505.90259339436,
      "logo": "https://matcha-image-proxy.api.0x.org/images/8453/0xbb59167235bf3588b357de6cd98ca6f94d753c76"
    }
  ],
  "searchTime": "2025-12-30T01:58:53.643Z",
  "error": null
}