{
  "originalSymbol": "LINEA",
  "originalFullName": "Linea",
  "searchedQuery": "LINEA Linea",
  "retried": false,
  "isL1": false,
  "success": true,
  "tokenCount": 15,
  "resultCount": 6015,
  "tokens": [
    {
      "address": "0xeeeeeeeeeeeeeeeeeeeeeeeeeeeeeeeeeeeeeeee",
      "chainId": 59144,
      "decimals": 18,
      "name": "Ethereum",
      "symbol": "ETH",
      "type": "Native",
      "hasLogo": true,
      "blockListsCount": 0,
      "exchangeListsCount": 0,
      "flagListsCount": 0,
      "importedListsCount": 0,
      "transactionsHourly": 4,
      "transactionsDaily": 82,
      "transactionsWeekly": 710,
      "transactionsMonthly": 3558,
      "volumeUsdHourly": 83.38318969641725,
      "volumeUsdDaily": 25369.250309397452,
      "volumeUsdWeekly": 268757.34248542105,
      "volumeUsdMonthly": 1149214.1850384504,
      "logo": "https://matcha-image-proxy.api.0x.org/images/59144/0xeeeeeeeeeeeeeeeeeeeeeeeeeeeeeeeeeeeeeeee"
    },
    {
      "address": "0x1789e0043623282d5dcc7f213d703c6d8bafbb04",
      "chainId": 59144,
      "decimals": 18,
      "name": "Linea",
      "symbol": "LINEA",
      "type": "ERC20",
      "hasLogo": true,
      "blockListsCount": 0,
      "exchangeListsCount": 0,
      "flagListsCount": 0,
      "importedListsCount": 1,
      "buyTax": null,
      "sellTax": null,
      "isInDex": false,
      "isHoneypot": false,
      "manualUnblock": false,
      "transactionsHourly": 1,
      "transactionsDaily": 43,
      "transactionsWeekly": 277,
      "transactionsMonthly": 2350,
      "volumeUsdHourly": 532.210978895059,
      "volumeUsdDaily": 14701.133556682173,
      "volumeUsdWeekly": 43754.10949121693,
      "volumeUsdMonthly": 575956.2589622774,
      "logo": "https://matcha-image-proxy.api.0x.org/images/59144/0x1789e0043623282d5dcc7f213d703c6d8bafbb04"
    },
    {
      "address": "0x1789e0043623282d5dcc7f213d703c6d8bafbb04",
      "chainId": 1,
      "decimals": 18,
      "name": "Linea",
      "symbol": "LINEA",
      "type": "ERC20",
      "hasLogo": true,
      "blockListsCount": 0,
      "exchangeListsCount": 1,
      "flagListsCount": 0,
      "importedListsCount": 3,
      "buyTax": 0,
      "sellTax": 0,
      "isInDex": true,
      "isHoneypot": false,
      "manualUnblock": false,
      "transactionsHourly": 4,
      "transactionsDaily": 15,
      "transactionsWeekly": 176,
      "transactionsMonthly": 809,
      "volumeUsdHourly": 781.552167867825,
      "volumeUsdDaily": 2000.9736018063577,
      "volumeUsdWeekly": 39590.22590943492,
      "volumeUsdMonthly": 333994.4039267375,
      "logo": "https://matcha-image-proxy.api.0x.org/images/1/0x1789e0043623282d5dcc7f213d703c6d8bafbb04"
    },
    {
      "address": "0xb79dd08ea68a908a97220c76d19a6aa9cbde4376",
      "chainId": 8453,
      "decimals": 6,
      "name": "USD+",
      "symbol": "USD+",
      "type": "ERC20",
      "hasLogo": true,
      "blockListsCount": 0,
      "exchangeListsCount": 0,
      "flagListsCount": 0,
      "importedListsCount": 1,
      "buyTax": 0,
      "sellTax": 0,
      "isInDex": true,
      "isHoneypot": false,
      "manualUnblock": false,
      "transactionsHourly": 1,
      "transactionsDaily": 17,
      "transactionsWeekly": 1051,
      "transactionsMonthly": 8657,
      "volumeUsdHourly": 0.570678904397943,
      "volumeUsdDaily": 1389.165646200105,
      "volumeUsdWeekly": 42476.71276845297,
      "volumeUsdMonthly": 2430324.336427343,
      "logo": "https://matcha-image-proxy.api.0x.org/images/8453/0xb79dd08ea68a908a97220c76d19a6aa9cbde4376"
    },
    {
      "address": "0xb4b80cbf23511a00e3af80f7d23f4da63da9e682",
      "chainId": 8453,
      "decimals": 18,
      "name": "Wen linea #linea",
      "symbol": "Wen linea #linea",
      "type": "ERC20",
      "issuer": {
        "name": "zora",
        "metadata": {}
      },
      "blockListsCount": 0,
      "exchangeListsCount": 0,
      "flagListsCount": 0,
      "importedListsCount": 0,
      "logo": "https://matcha-image-proxy.api.0x.org/images/8453/0xb4b80cbf23511a00e3af80f7d23f4da63da9e682"
    },
    {
      "address": "0x933b6e391bfd8807dc142b781c86d6e54161e518",
      "chainId": 8453,
      "decimals": 18,
      "name": "$LINEA LINEA LATEST MARKET SNAPS",
      "symbol": "$LINEA LINEA LATEST MARKET SNAPS",
      "type": "ERC20",
      "issuer": {
        "name": "zora",
        "metadata": {}
      },
      "blockListsCount": 0,
      "exchangeListsCount": 0,
      "flagListsCount": 0,
      "importedListsCount": 0,
      "logo": "https://matcha-image-proxy.api.0x.org/images/8453/0x933b6e391bfd8807dc142b781c86d6e54161e518"
    },
    {
      "address": "0xd93d1411e510f46e94ac5577311464a07acf9dc6",
      "chainId": 8453,
      "decimals": 18,
      "name": ";$LINEA checker sooon 👀are you ready ?? #Linea #linea",
      "symbol": ";$LINEA checker sooon 👀are you ready ?? #Linea #linea",
      "type": "ERC20",
      "issuer": {
        "name": "zora",
        "metadata": {}
      },
      "blockListsCount": 0,
      "exchangeListsCount": 0,
      "flagListsCount": 0,
      "importedListsCount": 0,
      "logo": "https://matcha-image-proxy.api.0x.org/images/8453/0xd93d1411e510f46e94ac5577311464a07acf9dc6"
    },
    {
      "address": "0x0e44ed5a2e8e27d4902bc0dc5e6b315ea6a218cc",
      "chainId": 8453,
      "decimals": 18,
      "name": "How much fdv for linea?#linea",
      "symbol": "Howmuch fdv for linea?#linea",
      "type": "ERC20",
      "issuer": {
        "name": "zora",
        "metadata": {}
      },
      "blockListsCount": 0,
      "exchangeListsCount": 0,
      "flagListsCount": 0,
      "importedListsCount": 0,
      "buyTax": null,
      "sellTax": null,
      "isInDex": false,
      "isHoneypot": false,
      "logo": "https://matcha-image-proxy.api.0x.org/images/8453/0x0e44ed5a2e8e27d4902bc0dc5e6b315ea6a218cc"
    },
    {
      "address": "0x5de58baec5dad4d514ac1fc47b11ac3d1cc5d13f",
      "chainId": 8453,
      "decimals": 18,
      "name": "@Here's the Analysis of #LINEA :#LINEA recently got it listing",
      "symbol": "?Here's the Analysis of #LINEA :#LINEA recently got it listing",
      "type": "ERC20",
      "issuer": {
        "name": "zora",
        "metadata": {}
      },
      "blockListsCount": 0,
      "exchangeListsCount": 0,
      "flagListsCount": 0,
      "importedListsCount": 0,
      "logo": "https://matcha-image-proxy.api.0x.org/images/8453/0x5de58baec5dad4d514ac1fc47b11ac3d1cc5d13f"
    },
    {
      "address": "0x00ade1a8e21e6441b8d935cf50ab7ae0f72b8ebe",
      "chainId": 8453,
      "decimals": 18,
      "name": "@Upbit Notice:Market Support for Linea(LINEA) (KRW, BTC, USDT M",
      "symbol": "@Upbit Notice:Market Support for Linea(LINEA) (KRW, BTC, USDT M",
      "type": "ERC20",
      "issuer": {
        "name": "zora",
        "metadata": {}
      },
      "blockListsCount": 0,
      "exchangeListsCount": 0,
      "flagListsCount": 0,
      "importedListsCount": 0,
      "logo": "https://matcha-image-proxy.api.0x.org/images/8453/0x00ade1a8e21e6441b8d935cf50ab7ae0f72b8ebe"
    },
    {
      "address": "0xdb95cba2ccebfb5edf467bcfc1fcce394a41bb2d",
      "chainId": 8453,
      "decimals": 18,
      "name": "A🚀 Coinbase to List Linea (LINEA) — Another Big Step for Base",
      "symbol": "A🚀 Coinbase to List Linea (LINEA) — Another Big Step for Base",
      "type": "ERC20",
      "issuer": {
        "name": "zora",
        "metadata": {}
      },
      "blockListsCount": 0,
      "exchangeListsCount": 0,
      "flagListsCount": 0,
      "importedListsCount": 0,
      "logo": "https://matcha-image-proxy.api.0x.org/images/8453/0xdb95cba2ccebfb5edf467bcfc1fcce394a41bb2d"
    },
    {
      "address": "0x20e54fd528f79846009b272b7266123ef7b013d6",
      "chainId": 8453,
      "decimals": 18,
      "name": "D🚨 BREAKING NEWS 🚨Game Stop (GME), Linea (LINEA), Solana (SOL",
      "symbol": "D🚨 BREAKING NEWS 🚨Game Stop (GME), Linea (LINEA), Solana (SOL",
      "type": "ERC20",
      "issuer": {
        "name": "zora",
        "metadata": {}
      },
      "blockListsCount": 0,
      "exchangeListsCount": 0,
      "flagListsCount": 0,
      "importedListsCount": 0,
      "logo": "https://matcha-image-proxy.api.0x.org/images/8453/0x20e54fd528f79846009b272b7266123ef7b013d6"
    },
    {
      "address": "0x324a4ddbaf411234a992a6ea18345b15dd60a1e6",
      "chainId": 8453,
      "decimals": 9,
      "name": "Linea $LINEA",
      "symbol": "Linea $LINEA",
      "type": "ERC20",
      "blockListsCount": 0,
      "exchangeListsCount": 0,
      "flagListsCount": 0,
      "importedListsCount": 0,
      "logo": "https://matcha-image-proxy.api.0x.org/images/8453/0x324a4ddbaf411234a992a6ea18345b15dd60a1e6"
    },
    {
      "address": "0x163f2abb40b484c9bb45e36586948ba2738f4b03",
      "chainId": 8453,
      "decimals": 9,
      "name": "LINEA$LINEA",
      "symbol": "LINEA$LINEA",
      "type": "ERC20",
      "blockListsCount": 0,
      "exchangeListsCount": 0,
      "flagListsCount": 0,
      "importedListsCount": 0,
      "logo": "https://matcha-image-proxy.api.0x.org/images/8453/0x163f2abb40b484c9bb45e36586948ba2738f4b03"
    },
    {
      "address": "0x1690c60d5bfd5e2db9cc27fd50b43cda58a48e1e",
      "chainId": 8453,
      "decimals": 18,
      "name": "LINEA Linea",
      "symbol": "LINEA Linea",
      "type": "ERC20",
      "blockListsCount": 0,
      "exchangeListsCount": 0,
      "flagListsCount": 0,
      "importedListsCount": 0,
      "logo": "https://matcha-image-proxy.api.0x.org/images/8453/0x1690c60d5bfd5e2db9cc27fd50b43cda58a48e1e"
    }
  ],
  "searchTime": "2025-12-30T01:57:57.458Z",
  "error": null
}