{
  "originalSymbol": "SHIB",
  "originalFullName": "Shiba Inu",
  "searchedQuery": "SHIB Shiba Inu",
  "retried": false,
  "isL1": false,
  "success": true,
  "tokenCount": 15,
  "resultCount": 10000,
  "tokens": [
    {
      "address": "0x2859e4544c4bb03966803b044a93563bd2d0dd4d",
      "chainId": 56,
      "decimals": 18,
      "name": "SHIBA INU",
      "symbol": "SHIB",
      "type": "ERC20",
      "hasLogo": true,
      "issuer": {
        "name": "binance",
        "metadata": {}
      },
      "blockListsCount": 0,
      "exchangeListsCount": 0,
      "flagListsCount": 0,
      "importedListsCount": 1,
      "buyTax": 0,
      "sellTax": 0,
      "isInDex": true,
      "isHoneypot": false,
      "manualUnblock": false,
      "transactionsHourly": 6,
      "transactionsDaily": 87,
      "transactionsWeekly": 738,
      "transactionsMonthly": 3381,
      "volumeUsdHourly": 30.29262955025925,
      "volumeUsdDaily": 5671.469141726437,
      "volumeUsdWeekly": 65999.4627535457,
      "volumeUsdMonthly": 211580.1337565629,
      "logo": "https://matcha-image-proxy.api.0x.org/images/56/0x2859e4544c4bb03966803b044a93563bd2d0dd4d"
    },
    {
      "address": "0x95ad61b0a150d79219dcf64e1e6cc01f0b64c4ce",
      "chainId": 1,
      "decimals": 18,
      "name": "SHIBA INU",
      "symbol": "SHIB",
      "type": "ERC20",
      "hasLogo": true,
      "blockListsCount": 0,
      "exchangeListsCount": 1,
      "flagListsCount": 0,
      "importedListsCount": 4,
      "buyTax": 0,
      "sellTax": 0,
      "isInDex": true,
      "isHoneypot": false,
      "manualUnblock": false,
      "transactionsHourly": 2,
      "transactionsDaily": 93,
      "transactionsWeekly": 589,
      "transactionsMonthly": 2755,
      "volumeUsdHourly": 0.794743850621092,
      "volumeUsdDaily": 33606.35719572585,
      "volumeUsdWeekly": 195135.32053402544,
      "volumeUsdMonthly": 933944.9176936948,
      "logo": "https://matcha-image-proxy.api.0x.org/images/1/0x95ad61b0a150d79219dcf64e1e6cc01f0b64c4ce"
    },
    {
      "address": "0xfca95aeb5bf44ae355806a5ad14659c940dc6bf7",
      "chainId": 8453,
      "decimals": 9,
      "name": "SHIBA INU",
      "symbol": "SHIB",
      "type": "ERC20",
      "hasLogo": true,
      "blockListsCount": 0,
      "exchangeListsCount": 0,
      "flagListsCount": 0,
      "importedListsCount": 1,
      "buyTax": 0,
      "sellTax": 0,
      "isInDex": true,
      "isHoneypot": false,
      "manualUnblock": false,
      "transactionsHourly": 11,
      "transactionsDaily": 224,
      "transactionsWeekly": 2664,
      "transactionsMonthly": 7292,
      "volumeUsdHourly": 151.48636216175615,
      "volumeUsdDaily": 12102.82496055637,
      "volumeUsdWeekly": 138040.73090524177,
      "volumeUsdMonthly": 287604.14690577565,
      "logo": "https://matcha-image-proxy.api.0x.org/images/8453/0xfca95aeb5bf44ae355806a5ad14659c940dc6bf7"
    },
    {
      "address": "0x27c70cd1946795b66be9d954418546998b546634",
      "chainId": 1,
      "decimals": 18,
      "name": "DOGE KILLER",
      "symbol": "LEASH",
      "type": "ERC20",
      "hasLogo": true,
      "blockListsCount": 0,
      "exchangeListsCount": 0,
      "flagListsCount": 0,
      "importedListsCount": 2,
      "buyTax": 0,
      "sellTax": 0,
      "isInDex": true,
      "isHoneypot": false,
      "manualUnblock": false,
      "transactionsHourly": 1,
      "transactionsDaily": 38,
      "transactionsWeekly": 205,
      "transactionsMonthly": 790,
      "volumeUsdHourly": 8.37387482208214,
      "volumeUsdDaily": 4815.342666243363,
      "volumeUsdWeekly": 35053.28503634951,
      "volumeUsdMonthly": 119694.92112941456,
      "logo": "https://matcha-image-proxy.api.0x.org/images/1/0x27c70cd1946795b66be9d954418546998b546634"
    },
    {
      "address": "0xa02c49da76a085e4e1ee60a6b920ddbc8db599f4",
      "chainId": 1,
      "decimals": 18,
      "name": "Shiba Inu Treat",
      "symbol": "TREAT",
      "type": "ERC20",
      "hasLogo": true,
      "blockListsCount": 0,
      "exchangeListsCount": 0,
      "flagListsCount": 0,
      "importedListsCount": 2,
      "buyTax": 0,
      "sellTax": 0,
      "isInDex": true,
      "isHoneypot": false,
      "manualUnblock": false,
      "transactionsHourly": 1,
      "transactionsDaily": 13,
      "transactionsWeekly": 49,
      "transactionsMonthly": 255,
      "volumeUsdHourly": 565.831979962357,
      "volumeUsdDaily": 1783.8840773489003,
      "volumeUsdWeekly": 7032.309180823061,
      "volumeUsdMonthly": 50819.69552130248,
      "logo": "https://matcha-image-proxy.api.0x.org/images/1/0xa02c49da76a085e4e1ee60a6b920ddbc8db599f4"
    },
    {
      "address": "0x5c341d5d87cf1248147bf4560e30b498863a0c25",
      "chainId": 8453,
      "decimals": 18,
      "name": "SHIB (Shiba Inu)",
      "symbol": "SHIB (Shiba Inu)",
      "type": "ERC20",
      "issuer": {
        "name": "zora",
        "metadata": {}
      },
      "blockListsCount": 0,
      "exchangeListsCount": 0,
      "flagListsCount": 0,
      "importedListsCount": 0,
      "logo": "https://matcha-image-proxy.api.0x.org/images/8453/0x5c341d5d87cf1248147bf4560e30b498863a0c25"
    },
    {
      "address": "0xb1547683da678f2e1f003a780143ec10af8a832b",
      "chainId": 56,
      "decimals": 18,
      "name": "SHIBA INU",
      "symbol": "SHIB",
      "type": "ERC20",
      "hasLogo": true,
      "blockListsCount": 0,
      "exchangeListsCount": 0,
      "flagListsCount": 0,
      "importedListsCount": 1,
      "buyTax": 0,
      "sellTax": 0,
      "isInDex": true,
      "isHoneypot": false,
      "manualUnblock": false,
      "transactionsHourly": 2,
      "transactionsDaily": 35,
      "transactionsWeekly": 166,
      "transactionsMonthly": 583,
      "volumeUsdHourly": 10.78280206698993,
      "volumeUsdDaily": 119.61388663005664,
      "volumeUsdWeekly": 754.4598062844265,
      "volumeUsdMonthly": 2542.621339038845,
      "logo": "https://matcha-image-proxy.api.0x.org/images/56/0xb1547683da678f2e1f003a780143ec10af8a832b"
    },
    {
      "address": "0xb72e76ccf005313868db7b48070901a44629da98",
      "chainId": 1,
      "decimals": 9,
      "name": "SquidGrow",
      "symbol": "SQGROW",
      "type": "ERC20",
      "hasLogo": true,
      "blockListsCount": 0,
      "exchangeListsCount": 0,
      "flagListsCount": 0,
      "importedListsCount": 2,
      "buyTax": 0,
      "sellTax": 0,
      "isInDex": true,
      "isHoneypot": false,
      "manualUnblock": false,
      "transactionsHourly": 1,
      "transactionsDaily": 9,
      "transactionsWeekly": 110,
      "transactionsMonthly": 416,
      "volumeUsdHourly": 35.343936004776,
      "volumeUsdDaily": 3654.2474189399545,
      "volumeUsdWeekly": 46318.165090527546,
      "volumeUsdMonthly": 203703.25584938363,
      "logo": "https://matcha-image-proxy.api.0x.org/images/1/0xb72e76ccf005313868db7b48070901a44629da98"
    },
    {
      "address": "0x812ba41e071c7b7fa4ebcfb62df5f45f6fa853ee",
      "chainId": 1,
      "decimals": 9,
      "name": "Neiro",
      "symbol": "Neiro",
      "type": "ERC20",
      "hasLogo": true,
      "blockListsCount": 0,
      "exchangeListsCount": 0,
      "flagListsCount": 0,
      "importedListsCount": 3,
      "buyTax": 0,
      "sellTax": 0,
      "isInDex": true,
      "isHoneypot": false,
      "manualUnblock": false,
      "transactionsHourly": 1,
      "transactionsDaily": 9,
      "transactionsWeekly": 82,
      "transactionsMonthly": 385,
      "volumeUsdHourly": 3.67619578220003,
      "volumeUsdDaily": 5730.792489213254,
      "volumeUsdWeekly": 84657.65222953056,
      "volumeUsdMonthly": 182655.56045223612,
      "logo": "https://matcha-image-proxy.api.0x.org/images/1/0x812ba41e071c7b7fa4ebcfb62df5f45f6fa853ee"
    },
    {
      "address": "0x7ca75944f5adee1e6489dc62e2a1bf7389bdb23a",
      "chainId": 8453,
      "decimals": 18,
      "name": "B🪙 #Shib#Shiba Inu is getting ready for a big bang in Weekly T",
      "symbol": "B🪙 #Shib#Shiba Inu is getting ready for a big bang in Weekly T",
      "type": "ERC20",
      "issuer": {
        "name": "zora",
        "metadata": {}
      },
      "blockListsCount": 0,
      "exchangeListsCount": 0,
      "flagListsCount": 0,
      "importedListsCount": 0,
      "logo": "https://matcha-image-proxy.api.0x.org/images/8453/0x7ca75944f5adee1e6489dc62e2a1bf7389bdb23a"
    },
    {
      "address": "0xaecf6d1aff214fef70042740054f0f6d0caa98ab",
      "chainId": 56,
      "decimals": 9,
      "name": "Baby Shiba Inu",
      "symbol": "BabyShibaInu",
      "type": "ERC20",
      "hasLogo": true,
      "blockListsCount": 0,
      "exchangeListsCount": 0,
      "flagListsCount": 0,
      "importedListsCount": 1,
      "buyTax": 0.126,
      "sellTax": 0.114,
      "isInDex": true,
      "isHoneypot": false,
      "manualUnblock": false,
      "transactionsHourly": 5,
      "transactionsDaily": 23,
      "transactionsWeekly": 109,
      "transactionsMonthly": 379,
      "volumeUsdHourly": 3.871395967366562,
      "volumeUsdDaily": 37.64580039536341,
      "volumeUsdWeekly": 148.85124833352188,
      "volumeUsdMonthly": 387.71373500515034,
      "logo": "https://matcha-image-proxy.api.0x.org/images/56/0xaecf6d1aff214fef70042740054f0f6d0caa98ab"
    },
    {
      "address": "0xac68931b666e086e9de380cfdb0fb5704a35dc2d",
      "chainId": 56,
      "decimals": 9,
      "name": "Bnb Tiger Inu",
      "symbol": "BNBTiger",
      "type": "ERC20",
      "hasLogo": true,
      "blockListsCount": 0,
      "exchangeListsCount": 0,
      "flagListsCount": 0,
      "importedListsCount": 1,
      "buyTax": 0.09,
      "sellTax": 0.09,
      "isInDex": true,
      "isHoneypot": false,
      "manualUnblock": false,
      "transactionsHourly": 3,
      "transactionsDaily": 111,
      "transactionsWeekly": 351,
      "transactionsMonthly": 3509,
      "volumeUsdHourly": 14.12289233402731,
      "volumeUsdDaily": 483.1751503409152,
      "volumeUsdWeekly": 13195.016598297025,
      "volumeUsdMonthly": 113084.87223673717,
      "logo": "https://matcha-image-proxy.api.0x.org/images/56/0xac68931b666e086e9de380cfdb0fb5704a35dc2d"
    },
    {
      "address": "0xafb89a09d82fbde58f18ac6437b3fc81724e4df6",
      "chainId": 8453,
      "decimals": 18,
      "name": "The Doge NFT",
      "symbol": "DOG",
      "type": "ERC20",
      "hasLogo": true,
      "blockListsCount": 0,
      "exchangeListsCount": 0,
      "flagListsCount": 0,
      "importedListsCount": 2,
      "buyTax": 0,
      "sellTax": 0,
      "isInDex": true,
      "isHoneypot": false,
      "manualUnblock": false,
      "transactionsHourly": 1,
      "transactionsDaily": 27,
      "transactionsWeekly": 236,
      "transactionsMonthly": 811,
      "volumeUsdHourly": 0.0343761428234304,
      "volumeUsdDaily": 818.7176664207917,
      "volumeUsdWeekly": 1109.256269225211,
      "volumeUsdMonthly": 4303.449351721485,
      "logo": "https://matcha-image-proxy.api.0x.org/images/8453/0xafb89a09d82fbde58f18ac6437b3fc81724e4df6"
    },
    {
      "address": "B2imU9FpSFzakVr4vGuUyF4EjJBdZxbmexN4mvbfGJtu",
      "chainId": 1399811149,
      "decimals": 6,
      "name": "LC SHIB",
      "symbol": "LC",
      "type": "SPL-Token",
      "blockListsCount": 0,
      "exchangeListsCount": 0,
      "flagListsCount": 0,
      "importedListsCount": 0,
      "transactionsDaily": 156,
      "transactionsWeekly": 156,
      "transactionsMonthly": 156,
      "volumeUsdDaily": 37311.56123106314,
      "volumeUsdWeekly": 37311.56123106314,
      "volumeUsdMonthly": 37311.56123106314,
      "logo": "https://matcha-image-proxy.api.0x.org/images/1399811149/B2imU9FpSFzakVr4vGuUyF4EjJBdZxbmexN4mvbfGJtu"
    },
    {
      "address": "0xc35ed584b24fd2d0885708e370343c43e20f3424",
      "chainId": 56,
      "decimals": 18,
      "name": "SHIBAAI",
      "symbol": "SHIBAAI",
      "type": "ERC20",
      "hasLogo": true,
      "blockListsCount": 0,
      "exchangeListsCount": 0,
      "flagListsCount": 0,
      "importedListsCount": 1,
      "buyTax": 0,
      "sellTax": 0,
      "isInDex": true,
      "isHoneypot": false,
      "manualUnblock": false,
      "transactionsHourly": 1,
      "transactionsDaily": 12,
      "transactionsWeekly": 80,
      "transactionsMonthly": 489,
      "volumeUsdHourly": 4.52804389390303,
      "volumeUsdDaily": 143.74017903585067,
      "volumeUsdWeekly": 607.2638346495659,
      "volumeUsdMonthly": 9416.887682572751,
      "logo": "https://matcha-image-proxy.api.0x.org/images/56/0xc35ed584b24fd2d0885708e370343c43e20f3424"
    }
  ],
  "searchTime": "2025-12-30T01:56:56.236Z",
  "error": null
}