{
  "originalSymbol": "TRUST",
  "originalFullName": "Intuition",
  "searchedQuery": "TRUST Intuition",
  "retried": false,
  "isL1": false,
  "success": true,
  "tokenCount": 15,
  "resultCount": 10000,
  "tokens": [
    {
      "address": "0x4b0f1812e5df2a09796481ff14017e6005508003",
      "chainId": 56,
      "decimals": 18,
      "name": "Trust Wallet",
      "symbol": "TWT",
      "type": "ERC20",
      "hasLogo": true,
      "blockListsCount": 0,
      "exchangeListsCount": 0,
      "flagListsCount": 0,
      "importedListsCount": 1,
      "buyTax": 0,
      "sellTax": 0,
      "isInDex": true,
      "isHoneypot": false,
      "manualUnblock": false,
      "transactionsHourly": 8,
      "transactionsDaily": 189,
      "transactionsWeekly": 1808,
      "transactionsMonthly": 7294,
      "volumeUsdHourly": 186.64897322289175,
      "volumeUsdDaily": 16332.646607411956,
      "volumeUsdWeekly": 138724.81347323657,
      "volumeUsdMonthly": 680465.9321856552,
      "logo": "https://matcha-image-proxy.api.0x.org/images/56/0x4b0f1812e5df2a09796481ff14017e6005508003"
    },
    {
      "address": "0x98965474ecbec2f532f1f780ee37b0b05f77ca55",
      "chainId": 137,
      "decimals": 18,
      "name": "SUPER TRUST",
      "symbol": "SUT",
      "type": "ERC20",
      "hasLogo": true,
      "blockListsCount": 0,
      "exchangeListsCount": 0,
      "flagListsCount": 0,
      "importedListsCount": 1,
      "buyTax": null,
      "sellTax": null,
      "isInDex": true,
      "isHoneypot": false,
      "manualUnblock": false,
      "transactionsHourly": 4,
      "transactionsDaily": 329,
      "transactionsWeekly": 2664,
      "transactionsMonthly": 11397,
      "volumeUsdHourly": 2263.063526767823,
      "volumeUsdDaily": 148407.8534768827,
      "volumeUsdWeekly": 1139285.467749138,
      "volumeUsdMonthly": 6540259.655379189,
      "logo": "https://matcha-image-proxy.api.0x.org/images/137/0x98965474ecbec2f532f1f780ee37b0b05f77ca55"
    },
    {
      "address": "0x6cd905df2ed214b22e0d48ff17cd4200c1c6d8a3",
      "chainId": 8453,
      "decimals": 18,
      "name": "TRUST",
      "symbol": "TRUST",
      "type": "ERC20",
      "hasLogo": true,
      "blockListsCount": 0,
      "exchangeListsCount": 0,
      "flagListsCount": 0,
      "importedListsCount": 2,
      "buyTax": 0,
      "sellTax": 0,
      "isInDex": true,
      "isHoneypot": false,
      "manualUnblock": false,
      "transactionsHourly": 1,
      "transactionsDaily": 26,
      "transactionsWeekly": 361,
      "transactionsMonthly": 2616,
      "volumeUsdHourly": 0.930890118100688,
      "volumeUsdDaily": 30774.50463169274,
      "volumeUsdWeekly": 47433.110602417015,
      "volumeUsdMonthly": 556778.6492801231,
      "logo": "https://matcha-image-proxy.api.0x.org/images/8453/0x6cd905df2ed214b22e0d48ff17cd4200c1c6d8a3"
    },
    {
      "address": "0xc5f0f7b66764f6ec8c8dff7ba683102295e16409",
      "chainId": 56,
      "decimals": 18,
      "name": "First Digital USD",
      "symbol": "FDUSD",
      "type": "ERC20",
      "hasLogo": true,
      "blockListsCount": 0,
      "exchangeListsCount": 0,
      "flagListsCount": 0,
      "importedListsCount": 1,
      "buyTax": 0,
      "sellTax": 0,
      "isInDex": true,
      "isHoneypot": false,
      "manualUnblock": false,
      "transactionsHourly": 1,
      "transactionsDaily": 7,
      "transactionsWeekly": 46,
      "transactionsMonthly": 208,
      "volumeUsdDaily": 56793.783805309366,
      "volumeUsdWeekly": 66844.494901117,
      "volumeUsdMonthly": 94481.0709764308,
      "logo": "https://matcha-image-proxy.api.0x.org/images/56/0xc5f0f7b66764f6ec8c8dff7ba683102295e16409"
    },
    {
      "address": "0xfd7b3a77848f1c2d67e05e54d78d174a0c850335",
      "chainId": 56,
      "decimals": 18,
      "name": "Ontology Token",
      "symbol": "ONT",
      "type": "ERC20",
      "hasLogo": true,
      "issuer": {
        "name": "binance",
        "metadata": {}
      },
      "blockListsCount": 0,
      "exchangeListsCount": 0,
      "flagListsCount": 0,
      "importedListsCount": 1,
      "buyTax": 0,
      "sellTax": 0,
      "isInDex": true,
      "isHoneypot": false,
      "manualUnblock": false,
      "transactionsHourly": 1,
      "transactionsDaily": 8,
      "transactionsWeekly": 35,
      "transactionsMonthly": 83,
      "volumeUsdHourly": 0.381136897269291,
      "volumeUsdDaily": 50.25932231049642,
      "volumeUsdWeekly": 1050.3872080815602,
      "volumeUsdMonthly": 2415.653578418368,
      "logo": "https://matcha-image-proxy.api.0x.org/images/56/0xfd7b3a77848f1c2d67e05e54d78d174a0c850335"
    },
    {
      "address": "0xeb2b7d5691878627eff20492ca7c9a71228d931d",
      "chainId": 56,
      "decimals": 9,
      "name": "CREPE",
      "symbol": "CREPE",
      "type": "ERC20",
      "hasLogo": true,
      "blockListsCount": 0,
      "exchangeListsCount": 0,
      "flagListsCount": 0,
      "importedListsCount": 1,
      "buyTax": 0,
      "sellTax": 0,
      "isInDex": true,
      "isHoneypot": false,
      "manualUnblock": false,
      "transactionsHourly": 6,
      "transactionsDaily": 254,
      "transactionsWeekly": 1419,
      "transactionsMonthly": 8778,
      "volumeUsdHourly": 5285.041849121569,
      "volumeUsdDaily": 71979.26662680155,
      "volumeUsdWeekly": 253673.73050426264,
      "volumeUsdMonthly": 1375538.5915961205,
      "logo": "https://matcha-image-proxy.api.0x.org/images/56/0xeb2b7d5691878627eff20492ca7c9a71228d931d"
    },
    {
      "address": "0x767a739d1a152639e9ea1d8c1bd55fdc5b217d7f",
      "chainId": 8453,
      "decimals": 18,
      "name": "VEIL Token",
      "symbol": "VEIL",
      "type": "ERC20",
      "hasLogo": true,
      "blockListsCount": 0,
      "exchangeListsCount": 0,
      "flagListsCount": 0,
      "importedListsCount": 1,
      "buyTax": 0,
      "sellTax": 0,
      "isInDex": true,
      "isHoneypot": false,
      "manualUnblock": false,
      "transactionsHourly": 3,
      "transactionsDaily": 118,
      "transactionsWeekly": 1213,
      "transactionsMonthly": 5472,
      "volumeUsdHourly": 2.114803371900574,
      "volumeUsdDaily": 8172.072604062154,
      "volumeUsdWeekly": 88476.49389806311,
      "volumeUsdMonthly": 524120.5230267457,
      "logo": "https://matcha-image-proxy.api.0x.org/images/8453/0x767a739d1a152639e9ea1d8c1bd55fdc5b217d7f"
    },
    {
      "address": "2qBf5YiiBbvoYVgZaJ9XvhFZHNwYcNvCD71Ma2rwmDYc",
      "chainId": 1399811149,
      "decimals": 6,
      "name": "🛡️Trust Wallet✨",
      "symbol": "Trust🥇",
      "type": "SPL-Token",
      "blockListsCount": 0,
      "exchangeListsCount": 0,
      "flagListsCount": 0,
      "importedListsCount": 0,
      "transactionsDaily": 2796,
      "transactionsWeekly": 2796,
      "transactionsMonthly": 2796,
      "volumeUsdDaily": 365705.97129982087,
      "volumeUsdWeekly": 365705.97129982087,
      "volumeUsdMonthly": 365705.97129982087,
      "logo": "https://matcha-image-proxy.api.0x.org/images/1399811149/2qBf5YiiBbvoYVgZaJ9XvhFZHNwYcNvCD71Ma2rwmDYc"
    },
    {
      "address": "0x6c3ea9036406852006290770bedfcaba0e23a0e8",
      "chainId": 1,
      "decimals": 6,
      "name": "PayPal USD",
      "symbol": "PYUSD",
      "type": "ERC20",
      "hasLogo": true,
      "blockListsCount": 0,
      "exchangeListsCount": 0,
      "flagListsCount": 0,
      "importedListsCount": 3,
      "buyTax": 0,
      "sellTax": 0,
      "isInDex": true,
      "isHoneypot": false,
      "manualUnblock": false,
      "transactionsHourly": 1,
      "transactionsDaily": 36,
      "transactionsWeekly": 273,
      "transactionsMonthly": 1350,
      "volumeUsdHourly": 4495.5062354301,
      "volumeUsdDaily": 21433.37612725515,
      "volumeUsdWeekly": 603581.2227318455,
      "volumeUsdMonthly": 2117682.964390598,
      "logo": "https://matcha-image-proxy.api.0x.org/images/1/0x6c3ea9036406852006290770bedfcaba0e23a0e8"
    },
    {
      "address": "0x45804880de22913dafe09f4980848ece6ecbaf78",
      "chainId": 1,
      "decimals": 18,
      "name": "Paxos Gold",
      "symbol": "PAXG",
      "type": "ERC20",
      "hasLogo": true,
      "blockListsCount": 0,
      "exchangeListsCount": 1,
      "flagListsCount": 0,
      "importedListsCount": 4,
      "buyTax": 0,
      "sellTax": 0,
      "isInDex": true,
      "isHoneypot": false,
      "manualUnblock": false,
      "transactionsHourly": 5,
      "transactionsDaily": 93,
      "transactionsWeekly": 462,
      "transactionsMonthly": 1547,
      "volumeUsdHourly": 91800.39713921223,
      "volumeUsdDaily": 536168.1680086199,
      "volumeUsdWeekly": 11091205.349172805,
      "volumeUsdMonthly": 18331585.98713595,
      "logo": "https://matcha-image-proxy.api.0x.org/images/1/0x45804880de22913dafe09f4980848ece6ecbaf78"
    },
    {
      "address": "0x441fcb23dfe8289cf572126fedcf450974adc891",
      "chainId": 8453,
      "decimals": 18,
      "name": "RBTC",
      "symbol": "RBTC",
      "type": "ERC20",
      "hasLogo": true,
      "blockListsCount": 0,
      "exchangeListsCount": 0,
      "flagListsCount": 0,
      "importedListsCount": 1,
      "buyTax": null,
      "sellTax": null,
      "isInDex": false,
      "isHoneypot": false,
      "manualUnblock": false,
      "transactionsHourly": 50,
      "transactionsDaily": 132,
      "transactionsWeekly": 2270,
      "transactionsMonthly": 6172,
      "volumeUsdHourly": 467.3225387055411,
      "volumeUsdDaily": 1719.4786061697018,
      "volumeUsdWeekly": 26229.401594992756,
      "volumeUsdMonthly": 64321.78948967938,
      "logo": "https://matcha-image-proxy.api.0x.org/images/8453/0x441fcb23dfe8289cf572126fedcf450974adc891"
    },
    {
      "address": "0x18084fba666a33d37592fa2633fd49a74dd93a88",
      "chainId": 1,
      "decimals": 18,
      "name": "tBTC v2",
      "symbol": "tBTC",
      "type": "ERC20",
      "hasLogo": true,
      "blockListsCount": 0,
      "exchangeListsCount": 0,
      "flagListsCount": 0,
      "importedListsCount": 4,
      "buyTax": 0,
      "sellTax": 0,
      "isInDex": true,
      "isHoneypot": false,
      "manualUnblock": false,
      "transactionsHourly": 1,
      "transactionsDaily": 12,
      "transactionsWeekly": 84,
      "transactionsMonthly": 672,
      "volumeUsdHourly": 8.69172414134302,
      "volumeUsdDaily": 140691.0915412769,
      "volumeUsdWeekly": 1111236.371472007,
      "volumeUsdMonthly": 14452711.66413364,
      "logo": "https://matcha-image-proxy.api.0x.org/images/1/0x18084fba666a33d37592fa2633fd49a74dd93a88"
    },
    {
      "address": "0x056fd409e1d7a124bd7017459dfea2f387b6d5cd",
      "chainId": 1,
      "decimals": 2,
      "name": "Gemini dollar",
      "symbol": "GUSD",
      "type": "ERC20",
      "hasLogo": true,
      "blockListsCount": 0,
      "exchangeListsCount": 0,
      "flagListsCount": 0,
      "importedListsCount": 4,
      "buyTax": 0,
      "sellTax": 0,
      "isInDex": true,
      "isHoneypot": false,
      "manualUnblock": false,
      "transactionsHourly": 1,
      "transactionsDaily": 1,
      "transactionsWeekly": 5,
      "transactionsMonthly": 66,
      "volumeUsdHourly": 9719.40542358722,
      "volumeUsdDaily": 9719.40542358722,
      "volumeUsdWeekly": 47647.89108150991,
      "volumeUsdMonthly": 502052.6434406709,
      "logo": "https://matcha-image-proxy.api.0x.org/images/1/0x056fd409e1d7a124bd7017459dfea2f387b6d5cd"
    },
    {
      "address": "0xa88594d404727625a9437c3f886c7643872296ae",
      "chainId": 8453,
      "decimals": 18,
      "name": "WELL",
      "symbol": "WELL",
      "type": "ERC20",
      "hasLogo": true,
      "blockListsCount": 0,
      "exchangeListsCount": 1,
      "flagListsCount": 0,
      "importedListsCount": 2,
      "buyTax": 0,
      "sellTax": 0,
      "isInDex": true,
      "isHoneypot": false,
      "manualUnblock": false,
      "transactionsHourly": 8,
      "transactionsDaily": 146,
      "transactionsWeekly": 1303,
      "transactionsMonthly": 5326,
      "volumeUsdHourly": 7.369613518089504,
      "volumeUsdDaily": 1621.5310392539611,
      "volumeUsdWeekly": 16069.528493785783,
      "volumeUsdMonthly": 300683.2692021864,
      "logo": "https://matcha-image-proxy.api.0x.org/images/8453/0xa88594d404727625a9437c3f886c7643872296ae"
    },
    {
      "address": "0xc335df7c25b72eec661d5aa32a7c2b7b2a1d1874",
      "chainId": 56,
      "decimals": 18,
      "name": "Ice",
      "symbol": "ICE",
      "type": "ERC20",
      "hasLogo": true,
      "blockListsCount": 0,
      "exchangeListsCount": 0,
      "flagListsCount": 0,
      "importedListsCount": 1,
      "buyTax": 0,
      "sellTax": 0,
      "isInDex": true,
      "isHoneypot": false,
      "manualUnblock": false,
      "transactionsHourly": 1,
      "transactionsDaily": 49,
      "transactionsWeekly": 342,
      "transactionsMonthly": 2832,
      "volumeUsdHourly": 0.285691255530228,
      "volumeUsdDaily": 366.6264957654151,
      "volumeUsdWeekly": 9619.985020945163,
      "volumeUsdMonthly": 96765.06452685125,
      "logo": "https://matcha-image-proxy.api.0x.org/images/56/0xc335df7c25b72eec661d5aa32a7c2b7b2a1d1874"
    }
  ],
  "searchTime": "2025-12-30T01:57:42.723Z",
  "error": null
}