{
  "originalSymbol": "PROVE",
  "originalFullName": "Prove",
  "searchedQuery": "PROVE Prove",
  "retried": false,
  "isL1": false,
  "success": true,
  "tokenCount": 15,
  "resultCount": 5009,
  "tokens": [
    {
      "address": "0x7d1afa7b718fb893db30a3abc0cfc608aacfebb0",
      "chainId": 1,
      "decimals": 18,
      "name": "Matic Token",
      "symbol": "MATIC",
      "type": "ERC20",
      "hasLogo": true,
      "blockListsCount": 0,
      "exchangeListsCount": 0,
      "flagListsCount": 0,
      "importedListsCount": 2,
      "buyTax": 0,
      "sellTax": 0,
      "isInDex": true,
      "isHoneypot": false,
      "manualUnblock": false,
      "transactionsHourly": 1,
      "transactionsDaily": 27,
      "transactionsWeekly": 136,
      "transactionsMonthly": 516,
      "volumeUsdHourly": 47.9814557446969,
      "volumeUsdDaily": 885.4950630403181,
      "volumeUsdWeekly": 5418.002255760821,
      "volumeUsdMonthly": 71188.94383567675,
      "logo": "https://matcha-image-proxy.api.0x.org/images/1/0x7d1afa7b718fb893db30a3abc0cfc608aacfebb0"
    },
    {
      "address": "0x163f8c2467924be0ae7b5347228cabf260318753",
      "chainId": 1,
      "decimals": 18,
      "name": "Worldcoin",
      "symbol": "WLD",
      "type": "ERC20",
      "hasLogo": true,
      "blockListsCount": 0,
      "exchangeListsCount": 0,
      "flagListsCount": 0,
      "importedListsCount": 3,
      "buyTax": 0,
      "sellTax": 0,
      "isInDex": true,
      "isHoneypot": false,
      "manualUnblock": false,
      "transactionsHourly": 1,
      "transactionsDaily": 17,
      "transactionsWeekly": 114,
      "transactionsMonthly": 539,
      "volumeUsdHourly": 22.4157643543831,
      "volumeUsdDaily": 12822.917098688513,
      "volumeUsdWeekly": 66674.48758912721,
      "volumeUsdMonthly": 357226.8114961748,
      "logo": "https://matcha-image-proxy.api.0x.org/images/1/0x163f8c2467924be0ae7b5347228cabf260318753"
    },
    {
      "address": "0x51363f073b1e4920fda7aa9e9d84ba97ede1560e",
      "chainId": 56,
      "decimals": 18,
      "name": "Build On BNB",
      "symbol": "BOB",
      "type": "ERC20",
      "hasLogo": true,
      "blockListsCount": 0,
      "exchangeListsCount": 0,
      "flagListsCount": 0,
      "importedListsCount": 1,
      "buyTax": 0,
      "sellTax": 0,
      "isInDex": true,
      "isHoneypot": false,
      "manualUnblock": false,
      "transactionsHourly": 4,
      "transactionsDaily": 25,
      "transactionsWeekly": 196,
      "transactionsMonthly": 783,
      "volumeUsdHourly": 7.154964728807485e-7,
      "volumeUsdDaily": 23.503276933104868,
      "volumeUsdWeekly": 6216.8140946568865,
      "volumeUsdMonthly": 37278.22363512274,
      "logo": "https://matcha-image-proxy.api.0x.org/images/56/0x51363f073b1e4920fda7aa9e9d84ba97ede1560e"
    },
    {
      "address": "0x9a06db14d639796b25a6cec6a1bf614fd98815ec",
      "chainId": 137,
      "decimals": 18,
      "name": "$ZKP Token",
      "symbol": "$ZKP",
      "type": "ERC20",
      "hasLogo": true,
      "blockListsCount": 0,
      "exchangeListsCount": 0,
      "flagListsCount": 0,
      "importedListsCount": 1,
      "buyTax": 0,
      "sellTax": 0,
      "isInDex": true,
      "isHoneypot": false,
      "manualUnblock": false,
      "transactionsHourly": 1,
      "transactionsDaily": 22,
      "transactionsWeekly": 78,
      "transactionsMonthly": 528,
      "volumeUsdHourly": 30.0693200640602,
      "volumeUsdDaily": 596.2758899653138,
      "volumeUsdWeekly": 2060.630296149418,
      "volumeUsdMonthly": 13801.453472462324,
      "logo": "https://matcha-image-proxy.api.0x.org/images/137/0x9a06db14d639796b25a6cec6a1bf614fd98815ec"
    },
    {
      "address": "0xf477ac7719e2e659001455cdda0cc8f3ad10b604",
      "chainId": 1,
      "decimals": 18,
      "name": "CryptoAutos",
      "symbol": "AUTOS",
      "type": "ERC20",
      "hasLogo": true,
      "blockListsCount": 0,
      "exchangeListsCount": 0,
      "flagListsCount": 0,
      "importedListsCount": 2,
      "buyTax": 0,
      "sellTax": 0,
      "isInDex": true,
      "isHoneypot": false,
      "manualUnblock": false,
      "transactionsHourly": 1,
      "transactionsDaily": 5,
      "transactionsWeekly": 39,
      "transactionsMonthly": 174,
      "volumeUsdHourly": 470.740486240774,
      "volumeUsdDaily": 2234.1677701193084,
      "volumeUsdWeekly": 8117.667057733941,
      "volumeUsdMonthly": 62413.65939618118,
      "logo": "https://matcha-image-proxy.api.0x.org/images/1/0xf477ac7719e2e659001455cdda0cc8f3ad10b604"
    },
    {
      "address": "0x7300b37dfdfab110d83290a29dfb31b1740219fe",
      "chainId": 8453,
      "decimals": 18,
      "name": "Mamo",
      "symbol": "MAMO",
      "type": "ERC20",
      "hasLogo": true,
      "blockListsCount": 0,
      "exchangeListsCount": 0,
      "flagListsCount": 0,
      "importedListsCount": 2,
      "buyTax": 0,
      "sellTax": 0,
      "isInDex": true,
      "isHoneypot": false,
      "manualUnblock": false,
      "transactionsHourly": 2,
      "transactionsDaily": 45,
      "transactionsWeekly": 301,
      "transactionsMonthly": 1131,
      "volumeUsdHourly": 111.40331851068495,
      "volumeUsdDaily": 4496.038570689366,
      "volumeUsdWeekly": 32750.06691526857,
      "volumeUsdMonthly": 699970.2609177099,
      "logo": "https://matcha-image-proxy.api.0x.org/images/8453/0x7300b37dfdfab110d83290a29dfb31b1740219fe"
    },
    {
      "address": "0xce870fdf210d577fc5f368d8b9007dd69ba30c9c",
      "chainId": 8453,
      "decimals": 18,
      "name": "PROVE PROVE",
      "symbol": "PROVE PROVE",
      "type": "ERC20",
      "blockListsCount": 0,
      "exchangeListsCount": 0,
      "flagListsCount": 0,
      "importedListsCount": 0,
      "logo": "https://matcha-image-proxy.api.0x.org/images/8453/0xce870fdf210d577fc5f368d8b9007dd69ba30c9c"
    },
    {
      "address": "0xc9a2b8db3a51a0359f5fafade2ece467ef6ef596",
      "chainId": 130,
      "decimals": 18,
      "name": "PROVE PROVE",
      "symbol": "PROVE PROVE",
      "type": "ERC20",
      "blockListsCount": 0,
      "exchangeListsCount": 0,
      "flagListsCount": 0,
      "importedListsCount": 0,
      "logo": "https://matcha-image-proxy.api.0x.org/images/130/0xc9a2b8db3a51a0359f5fafade2ece467ef6ef596"
    },
    {
      "address": "0xb0ac2b5a73da0e67a8e5489ba922b3f8d582e058",
      "chainId": 1,
      "decimals": 18,
      "name": "Shiro Neko",
      "symbol": "SHIRO",
      "type": "ERC20",
      "hasLogo": true,
      "blockListsCount": 0,
      "exchangeListsCount": 0,
      "flagListsCount": 0,
      "importedListsCount": 2,
      "buyTax": 0,
      "sellTax": 0,
      "isInDex": true,
      "isHoneypot": false,
      "manualUnblock": false,
      "transactionsHourly": 1,
      "transactionsDaily": 5,
      "transactionsWeekly": 23,
      "transactionsMonthly": 144,
      "volumeUsdHourly": 0.166262715398897,
      "volumeUsdDaily": 251.4662080551398,
      "volumeUsdWeekly": 3473.4059885671013,
      "volumeUsdMonthly": 15101.873473226124,
      "logo": "https://matcha-image-proxy.api.0x.org/images/1/0xb0ac2b5a73da0e67a8e5489ba922b3f8d582e058"
    },
    {
      "address": "0x6bef15d938d4e72056ac92ea4bdd0d76b1c4ad29",
      "chainId": 1,
      "decimals": 18,
      "name": "Succinct",
      "symbol": "PROVE",
      "type": "ERC20",
      "hasLogo": true,
      "blockListsCount": 0,
      "exchangeListsCount": 0,
      "flagListsCount": 0,
      "importedListsCount": 3,
      "buyTax": 0,
      "sellTax": 0,
      "isInDex": true,
      "isHoneypot": false,
      "manualUnblock": false,
      "transactionsHourly": 1,
      "transactionsDaily": 3,
      "transactionsWeekly": 26,
      "transactionsMonthly": 110,
      "volumeUsdHourly": 21.0001613586621,
      "volumeUsdDaily": 68.86799685794523,
      "volumeUsdWeekly": 32507.005982696657,
      "volumeUsdMonthly": 58810.97292221041,
      "logo": "https://matcha-image-proxy.api.0x.org/images/1/0x6bef15d938d4e72056ac92ea4bdd0d76b1c4ad29"
    },
    {
      "address": "0x8292bb45bf1ee4d140127049757c2e0ff06317ed",
      "chainId": 1,
      "decimals": 18,
      "name": "RLUSD",
      "symbol": "RLUSD",
      "type": "ERC20",
      "hasLogo": true,
      "blockListsCount": 0,
      "exchangeListsCount": 0,
      "flagListsCount": 0,
      "importedListsCount": 3,
      "buyTax": 0,
      "sellTax": 0,
      "isInDex": true,
      "isHoneypot": false,
      "manualUnblock": false,
      "transactionsHourly": 2,
      "transactionsDaily": 5,
      "transactionsWeekly": 39,
      "transactionsMonthly": 244,
      "volumeUsdHourly": 503.35258574357425,
      "volumeUsdDaily": 100779.8080303956,
      "volumeUsdWeekly": 529711.9739187008,
      "volumeUsdMonthly": 11304401.105124896,
      "logo": "https://matcha-image-proxy.api.0x.org/images/1/0x8292bb45bf1ee4d140127049757c2e0ff06317ed"
    },
    {
      "address": "0x069b5b0a1ea30a08f47ff9efd23abd0cb56f5689",
      "chainId": 56,
      "decimals": 4,
      "name": "FLIGHT COIN",
      "symbol": "FLIGHT",
      "type": "ERC20",
      "hasLogo": true,
      "blockListsCount": 0,
      "exchangeListsCount": 0,
      "flagListsCount": 0,
      "importedListsCount": 1,
      "buyTax": 0,
      "sellTax": 0,
      "isInDex": true,
      "isHoneypot": false,
      "manualUnblock": false,
      "transactionsHourly": 3,
      "transactionsDaily": 33,
      "transactionsWeekly": 158,
      "transactionsMonthly": 339,
      "volumeUsdHourly": 61.027052990769114,
      "volumeUsdDaily": 3460.065347427412,
      "volumeUsdWeekly": 17257.89446692574,
      "volumeUsdMonthly": 29406.23701575574,
      "logo": "https://matcha-image-proxy.api.0x.org/images/56/0x069b5b0a1ea30a08f47ff9efd23abd0cb56f5689"
    },
    {
      "address": "0xa2b4c0af19cc16a6cfacce81f192b024d625817d",
      "chainId": 1,
      "decimals": 9,
      "name": "Kishu Inu",
      "symbol": "KISHU",
      "type": "ERC20",
      "hasLogo": true,
      "blockListsCount": 0,
      "exchangeListsCount": 0,
      "flagListsCount": 0,
      "importedListsCount": 2,
      "buyTax": 0.02,
      "sellTax": 0.0167,
      "isInDex": true,
      "isHoneypot": false,
      "manualUnblock": false,
      "transactionsHourly": 1,
      "transactionsDaily": 2,
      "transactionsWeekly": 26,
      "transactionsMonthly": 221,
      "volumeUsdHourly": 1437.98064449214,
      "volumeUsdDaily": 1475.807324146336,
      "volumeUsdWeekly": 2546.576919581394,
      "volumeUsdMonthly": 19636.77398671147,
      "logo": "https://matcha-image-proxy.api.0x.org/images/1/0xa2b4c0af19cc16a6cfacce81f192b024d625817d"
    },
    {
      "address": "0xa0b73e1ff0b80914ab6fe0444e65848c4c34450b",
      "chainId": 1,
      "decimals": 8,
      "name": "CRO",
      "symbol": "CRO",
      "type": "ERC20",
      "hasLogo": true,
      "blockListsCount": 0,
      "exchangeListsCount": 1,
      "flagListsCount": 0,
      "importedListsCount": 3,
      "buyTax": 0,
      "sellTax": 0,
      "isInDex": true,
      "isHoneypot": false,
      "manualUnblock": false,
      "transactionsHourly": 1,
      "transactionsDaily": 18,
      "transactionsWeekly": 110,
      "transactionsMonthly": 580,
      "volumeUsdHourly": 146.865473044004,
      "volumeUsdDaily": 5701.38158462413,
      "volumeUsdWeekly": 59956.63518597644,
      "volumeUsdMonthly": 342576.98275408,
      "logo": "https://matcha-image-proxy.api.0x.org/images/1/0xa0b73e1ff0b80914ab6fe0444e65848c4c34450b"
    },
    {
      "address": "0xafb89a09d82fbde58f18ac6437b3fc81724e4df6",
      "chainId": 8453,
      "decimals": 18,
      "name": "The Doge NFT",
      "symbol": "DOG",
      "type": "ERC20",
      "hasLogo": true,
      "blockListsCount": 0,
      "exchangeListsCount": 0,
      "flagListsCount": 0,
      "importedListsCount": 2,
      "buyTax": 0,
      "sellTax": 0,
      "isInDex": true,
      "isHoneypot": false,
      "manualUnblock": false,
      "transactionsHourly": 1,
      "transactionsDaily": 27,
      "transactionsWeekly": 236,
      "transactionsMonthly": 811,
      "volumeUsdHourly": 0.0343761428234304,
      "volumeUsdDaily": 818.7176664207917,
      "volumeUsdWeekly": 1109.256269225211,
      "volumeUsdMonthly": 4303.449351721485,
      "logo": "https://matcha-image-proxy.api.0x.org/images/8453/0xafb89a09d82fbde58f18ac6437b3fc81724e4df6"
    }
  ],
  "searchTime": "2025-12-30T01:58:45.953Z",
  "error": null
}