{
  "originalSymbol": "DRIFT",
  "originalFullName": "Drift",
  "searchedQuery": "DRIFT Drift",
  "retried": false,
  "isL1": false,
  "success": true,
  "tokenCount": 15,
  "resultCount": 5924,
  "tokens": [
    {
      "address": "0xed487ea044bcec71754c3dbff583cb07236bab45",
      "chainId": 8453,
      "decimals": 18,
      "name": "キタ、drift, drift, drift",
      "symbol": "キタ、drift, drift, drift",
      "type": "ERC20",
      "issuer": {
        "name": "zora",
        "metadata": {}
      },
      "blockListsCount": 0,
      "exchangeListsCount": 0,
      "flagListsCount": 0,
      "importedListsCount": 0,
      "buyTax": null,
      "sellTax": null,
      "isInDex": false,
      "isHoneypot": false,
      "logo": "https://matcha-image-proxy.api.0x.org/images/8453/0xed487ea044bcec71754c3dbff583cb07236bab45"
    },
    {
      "address": "DriFtupJYLTosbwoN8koMbEYSx54aFAVLddWsbksjwg7",
      "chainId": 1399811149,
      "decimals": 6,
      "name": "Drift",
      "symbol": "DRIFT",
      "type": "SPL-Token",
      "blockListsCount": 0,
      "exchangeListsCount": 0,
      "flagListsCount": 0,
      "importedListsCount": 0,
      "isHoneypot": false,
      "transactionsDaily": 83,
      "transactionsWeekly": 83,
      "transactionsMonthly": 83,
      "volumeUsdDaily": 15567.930235774113,
      "volumeUsdWeekly": 15567.930235774113,
      "volumeUsdMonthly": 15567.930235774113,
      "logo": "https://matcha-image-proxy.api.0x.org/images/1399811149/DriFtupJYLTosbwoN8koMbEYSx54aFAVLddWsbksjwg7"
    },
    {
      "address": "0x4c5f8e66f7852d59ba5a26ca333155db93b61d04",
      "chainId": 130,
      "decimals": 18,
      "name": "Drift DRIFT",
      "symbol": "Drift DRIFT",
      "type": "ERC20",
      "blockListsCount": 0,
      "exchangeListsCount": 0,
      "flagListsCount": 0,
      "importedListsCount": 0,
      "logo": "https://matcha-image-proxy.api.0x.org/images/130/0x4c5f8e66f7852d59ba5a26ca333155db93b61d04"
    },
    {
      "address": "0x30d07d32e89b7ea28c80d1d37caccdfd0c575b3f",
      "chainId": 130,
      "decimals": 18,
      "name": "Drift DRIFT",
      "symbol": "Drift DRIFT",
      "type": "ERC20",
      "blockListsCount": 0,
      "exchangeListsCount": 0,
      "flagListsCount": 0,
      "importedListsCount": 0,
      "logo": "https://matcha-image-proxy.api.0x.org/images/130/0x30d07d32e89b7ea28c80d1d37caccdfd0c575b3f"
    },
    {
      "address": "0x43d68314405b29d2ebda28d24bb6da4b54b1f9a8",
      "chainId": 130,
      "decimals": 18,
      "name": "Drift DRIFT",
      "symbol": "Drift DRIFT",
      "type": "ERC20",
      "blockListsCount": 0,
      "exchangeListsCount": 0,
      "flagListsCount": 0,
      "importedListsCount": 0,
      "logo": "https://matcha-image-proxy.api.0x.org/images/130/0x43d68314405b29d2ebda28d24bb6da4b54b1f9a8"
    },
    {
      "address": "0xce4bcbd9b9b35b67fbf3f29357a73edd20a833fc",
      "chainId": 8453,
      "decimals": 18,
      "name": "Drift DRIFT V2",
      "symbol": "Drift DRIFT V2",
      "type": "ERC20",
      "blockListsCount": 0,
      "exchangeListsCount": 0,
      "flagListsCount": 0,
      "importedListsCount": 0,
      "buyTax": 0,
      "sellTax": 0,
      "isInDex": true,
      "isHoneypot": false,
      "logo": "https://matcha-image-proxy.api.0x.org/images/8453/0xce4bcbd9b9b35b67fbf3f29357a73edd20a833fc"
    },
    {
      "address": "0xa4d3b394844ffaf06e89d17cb6e3b21036695869",
      "chainId": 8453,
      "decimals": 9,
      "name": "Trump - Drift DRIFT",
      "symbol": "Trump - Drift DRIFT",
      "type": "ERC20",
      "blockListsCount": 0,
      "exchangeListsCount": 0,
      "flagListsCount": 0,
      "importedListsCount": 0,
      "buyTax": 0,
      "sellTax": 0,
      "isInDex": true,
      "isHoneypot": false,
      "logo": "https://matcha-image-proxy.api.0x.org/images/8453/0xa4d3b394844ffaf06e89d17cb6e3b21036695869"
    },
    {
      "address": "0xe2c0c505d757d1113fda5d75c394dfd469dcea6e",
      "chainId": 8453,
      "decimals": 18,
      "name": "Drift DRIFT Reserve",
      "symbol": "Drift DRIFT Reserve",
      "type": "ERC20",
      "blockListsCount": 0,
      "exchangeListsCount": 0,
      "flagListsCount": 0,
      "importedListsCount": 0,
      "logo": "https://matcha-image-proxy.api.0x.org/images/8453/0xe2c0c505d757d1113fda5d75c394dfd469dcea6e"
    },
    {
      "address": "0x56bf0e2f484682ab5767f245d24fbd67d6a11adb",
      "chainId": 130,
      "decimals": 18,
      "name": "Drift DRIFT V3",
      "symbol": "Drift DRIFT V3",
      "type": "ERC20",
      "blockListsCount": 0,
      "exchangeListsCount": 0,
      "flagListsCount": 0,
      "importedListsCount": 0,
      "logo": "https://matcha-image-proxy.api.0x.org/images/130/0x56bf0e2f484682ab5767f245d24fbd67d6a11adb"
    },
    {
      "address": "0x73c10493e94120014b945a20c6d93eda8813e46f",
      "chainId": 8453,
      "decimals": 9,
      "name": "Drift DRIFT TV",
      "symbol": "Drift DRIFT TV",
      "type": "ERC20",
      "blockListsCount": 0,
      "exchangeListsCount": 0,
      "flagListsCount": 0,
      "importedListsCount": 0,
      "logo": "https://matcha-image-proxy.api.0x.org/images/8453/0x73c10493e94120014b945a20c6d93eda8813e46f"
    },
    {
      "address": "0x712cdbdb3e593526dfc3440e7df0eca1e1e73797",
      "chainId": 56,
      "decimals": 9,
      "name": "Perp Drift DRIFT",
      "symbol": "PERP DRIFT DRIFT",
      "type": "ERC20",
      "blockListsCount": 0,
      "exchangeListsCount": 0,
      "flagListsCount": 0,
      "importedListsCount": 0,
      "logo": "https://matcha-image-proxy.api.0x.org/images/56/0x712cdbdb3e593526dfc3440e7df0eca1e1e73797"
    },
    {
      "address": "0xbedb5b90e53310643bcf6520cc4b06ad7e5a46ab",
      "chainId": 8453,
      "decimals": 9,
      "name": "Drift DRIFT - AI",
      "symbol": "Drift DRIFT - AI",
      "type": "ERC20",
      "blockListsCount": 0,
      "exchangeListsCount": 0,
      "flagListsCount": 0,
      "importedListsCount": 0,
      "buyTax": 0,
      "sellTax": 0,
      "isInDex": true,
      "isHoneypot": false,
      "logo": "https://matcha-image-proxy.api.0x.org/images/8453/0xbedb5b90e53310643bcf6520cc4b06ad7e5a46ab"
    },
    {
      "address": "0x602f9dc7b0c3435bfe24e1061865c3a3377fe0e3",
      "chainId": 56,
      "decimals": 9,
      "name": "AI Drift DRIFT",
      "symbol": "AI DRIFT DRIFT",
      "type": "ERC20",
      "blockListsCount": 0,
      "exchangeListsCount": 0,
      "flagListsCount": 0,
      "importedListsCount": 0,
      "logo": "https://matcha-image-proxy.api.0x.org/images/56/0x602f9dc7b0c3435bfe24e1061865c3a3377fe0e3"
    },
    {
      "address": "0x05a29cb407e62e6cdf8adfa5037b41e31f0a0121",
      "chainId": 8453,
      "decimals": 9,
      "name": "Drift DRIFT Mobile",
      "symbol": "Drift DRIFT Mobile",
      "type": "ERC20",
      "blockListsCount": 0,
      "exchangeListsCount": 0,
      "flagListsCount": 0,
      "importedListsCount": 0,
      "logo": "https://matcha-image-proxy.api.0x.org/images/8453/0x05a29cb407e62e6cdf8adfa5037b41e31f0a0121"
    },
    {
      "address": "0x4542cfefb01b69907850edd20eb16e2a3b6fc7b9",
      "chainId": 130,
      "decimals": 18,
      "name": "Drift DRIFT AI",
      "symbol": "Drift DRIFT AI",
      "type": "ERC20",
      "blockListsCount": 0,
      "exchangeListsCount": 0,
      "flagListsCount": 0,
      "importedListsCount": 0,
      "logo": "https://matcha-image-proxy.api.0x.org/images/130/0x4542cfefb01b69907850edd20eb16e2a3b6fc7b9"
    }
  ],
  "searchTime": "2025-12-30T01:58:01.843Z",
  "error": null
}