{
  "originalSymbol": "ZIL",
  "originalFullName": "Zilliqa",
  "searchedQuery": "ZIL Zilliqa",
  "retried": true,
  "isL1": true,
  "success": true,
  "tokenCount": 15,
  "resultCount": 576,
  "tokens": [
    {
      "address": "0xb86abcb37c3a4b64f74f59301aff131a1becc787",
      "chainId": 56,
      "decimals": 12,
      "name": "Zilliqa",
      "symbol": "ZIL",
      "type": "ERC20",
      "hasLogo": true,
      "issuer": {
        "name": "binance",
        "metadata": {}
      },
      "blockListsCount": 0,
      "exchangeListsCount": 0,
      "flagListsCount": 0,
      "importedListsCount": 1,
      "buyTax": 0,
      "sellTax": 0,
      "isInDex": true,
      "isHoneypot": false,
      "manualUnblock": false,
      "transactionsHourly": 1,
      "transactionsDaily": 4,
      "transactionsWeekly": 27,
      "transactionsMonthly": 92,
      "volumeUsdHourly": 14.9826271341881,
      "volumeUsdDaily": 387.99617513151946,
      "volumeUsdWeekly": 831.3496107340089,
      "volumeUsdMonthly": 2436.265383691035,
      "logo": "https://matcha-image-proxy.api.0x.org/images/56/0xb86abcb37c3a4b64f74f59301aff131a1becc787"
    },
    {
      "address": "0x351da1e7500aba1d168b9435dce73415718d212f",
      "chainId": 56,
      "decimals": 12,
      "name": "WEB3WAR Token",
      "symbol": "FPS",
      "type": "ERC20",
      "hasLogo": true,
      "blockListsCount": 0,
      "exchangeListsCount": 0,
      "flagListsCount": 0,
      "importedListsCount": 1,
      "buyTax": 0,
      "sellTax": 0,
      "isInDex": true,
      "isHoneypot": false,
      "manualUnblock": false,
      "transactionsHourly": 1,
      "transactionsDaily": 3,
      "transactionsWeekly": 5,
      "transactionsMonthly": 17,
      "volumeUsdHourly": 4.99302276732059,
      "volumeUsdDaily": 335.18781451482823,
      "volumeUsdWeekly": 742.6081493950943,
      "volumeUsdMonthly": 923.4531430521344,
      "logo": "https://matcha-image-proxy.api.0x.org/images/56/0x351da1e7500aba1d168b9435dce73415718d212f"
    },
    {
      "address": "0x05f4a42e251f2d52b8ed15e9fedaacfcef1fad27",
      "chainId": 1,
      "decimals": 12,
      "name": "Zilliqa",
      "symbol": "ZIL",
      "type": "ERC20",
      "hasLogo": true,
      "blockListsCount": 0,
      "exchangeListsCount": 0,
      "flagListsCount": 0,
      "importedListsCount": 0,
      "buyTax": 0,
      "sellTax": 0,
      "isInDex": true,
      "isHoneypot": false,
      "transactionsHourly": 1,
      "transactionsDaily": 1,
      "transactionsWeekly": 1,
      "transactionsMonthly": 2,
      "volumeUsdHourly": 29.3862715498318,
      "volumeUsdDaily": 29.3862715498318,
      "volumeUsdWeekly": 29.3862715498318,
      "volumeUsdMonthly": 30.91430039176165,
      "logo": "https://matcha-image-proxy.api.0x.org/images/1/0x05f4a42e251f2d52b8ed15e9fedaacfcef1fad27"
    },
    {
      "address": "0xe152f9f0ae116f02cee99d7b95eea7edc0f24540",
      "chainId": 8453,
      "decimals": 18,
      "name": "Zilliqa (ZIL) NFT",
      "symbol": "Zilliqa (ZIL) NFT",
      "type": "ERC20",
      "issuer": {
        "name": "zora",
        "metadata": {}
      },
      "blockListsCount": 0,
      "exchangeListsCount": 0,
      "flagListsCount": 0,
      "importedListsCount": 0,
      "logo": "https://matcha-image-proxy.api.0x.org/images/8453/0xe152f9f0ae116f02cee99d7b95eea7edc0f24540"
    },
    {
      "address": "0xaf4eb97d8d3667d5f2298b21ce7278aa6ae4ceb0",
      "chainId": 8453,
      "decimals": 18,
      "name": "Zilliqa",
      "symbol": "Zilliqa",
      "type": "ERC20",
      "issuer": {
        "name": "zora",
        "metadata": {}
      },
      "blockListsCount": 0,
      "exchangeListsCount": 0,
      "flagListsCount": 0,
      "importedListsCount": 0,
      "logo": "https://matcha-image-proxy.api.0x.org/images/8453/0xaf4eb97d8d3667d5f2298b21ce7278aa6ae4ceb0"
    },
    {
      "address": "0xc3e0f565e539bbec08c55822defff138557aba55",
      "chainId": 8453,
      "decimals": 18,
      "name": "61 -  Zilliqa v Godzilla",
      "symbol": "61 -  Zilliqa v Godzilla",
      "type": "ERC20",
      "issuer": {
        "name": "zora",
        "metadata": {}
      },
      "blockListsCount": 0,
      "exchangeListsCount": 0,
      "flagListsCount": 0,
      "importedListsCount": 0,
      "buyTax": null,
      "sellTax": null,
      "isInDex": false,
      "isHoneypot": false,
      "logo": "https://matcha-image-proxy.api.0x.org/images/8453/0xc3e0f565e539bbec08c55822defff138557aba55"
    },
    {
      "address": "0x4378bb9c0c7d0b13971943112a50047c74c981e0",
      "chainId": 8453,
      "decimals": 18,
      "name": "@Cryptocurrency Terms and Meaning ZIL (Zilliqa): Zilliqa is a",
      "symbol": "@Cryptocurrency Terms and Meaning ZIL (Zilliqa): Zilliqa is a",
      "type": "ERC20",
      "issuer": {
        "name": "zora",
        "metadata": {}
      },
      "blockListsCount": 0,
      "exchangeListsCount": 0,
      "flagListsCount": 0,
      "importedListsCount": 0,
      "logo": "https://matcha-image-proxy.api.0x.org/images/8453/0x4378bb9c0c7d0b13971943112a50047c74c981e0"
    },
    {
      "address": "6Fzj9TPnUP8PKr9zK9psRmKpcTZArTuzc1CjHQUA3AzC",
      "chainId": 1399811149,
      "decimals": 8,
      "name": "Wrapped ZIL",
      "symbol": "WZIL",
      "type": "SPL-Token",
      "blockListsCount": 0,
      "exchangeListsCount": 0,
      "flagListsCount": 0,
      "importedListsCount": 0,
      "logo": "https://matcha-image-proxy.api.0x.org/images/1399811149/6Fzj9TPnUP8PKr9zK9psRmKpcTZArTuzc1CjHQUA3AzC"
    },
    {
      "address": "0x6b1b2d42cdbfcbdd3125b8a24413c0a7c432a5ee",
      "chainId": 130,
      "decimals": 18,
      "name": "Wrapped ZIL",
      "symbol": "WZIL",
      "type": "ERC20",
      "blockListsCount": 0,
      "exchangeListsCount": 0,
      "flagListsCount": 0,
      "importedListsCount": 0,
      "logo": "https://matcha-image-proxy.api.0x.org/images/130/0x6b1b2d42cdbfcbdd3125b8a24413c0a7c432a5ee"
    },
    {
      "address": "0xcde70e2e3d6594cecdd16daac427c091bb3afbc3",
      "chainId": 8453,
      "decimals": 18,
      "name": "Wrapped ZIL",
      "symbol": "WZIL",
      "type": "ERC20",
      "blockListsCount": 0,
      "exchangeListsCount": 0,
      "flagListsCount": 0,
      "importedListsCount": 0,
      "buyTax": 0,
      "sellTax": 0,
      "isInDex": true,
      "isHoneypot": null,
      "logo": "https://matcha-image-proxy.api.0x.org/images/8453/0xcde70e2e3d6594cecdd16daac427c091bb3afbc3"
    },
    {
      "address": "0xb5023235c712a03e9d310bd0bbced19e40db4b53",
      "chainId": 137,
      "decimals": 18,
      "name": "Wrapped ZIL",
      "symbol": "WZIL",
      "type": "ERC20",
      "blockListsCount": 0,
      "exchangeListsCount": 0,
      "flagListsCount": 0,
      "importedListsCount": 0,
      "buyTax": null,
      "sellTax": null,
      "isInDex": false,
      "isHoneypot": null,
      "logo": "https://matcha-image-proxy.api.0x.org/images/137/0xb5023235c712a03e9d310bd0bbced19e40db4b53"
    },
    {
      "address": "0x069dcccc5ee2d7662cdb3bc85a8c806404eb6b6b",
      "chainId": 56,
      "decimals": 18,
      "name": "Wrapped ZIL",
      "symbol": "WZIL",
      "type": "ERC20",
      "blockListsCount": 0,
      "exchangeListsCount": 0,
      "flagListsCount": 0,
      "importedListsCount": 0,
      "logo": "https://matcha-image-proxy.api.0x.org/images/56/0x069dcccc5ee2d7662cdb3bc85a8c806404eb6b6b"
    },
    {
      "address": "0x204dd918a9c2441bbbae5014ed4f26de73a7c665",
      "chainId": 42161,
      "decimals": 18,
      "name": "Wrapped ZIL",
      "symbol": "WZIL",
      "type": "ERC20",
      "blockListsCount": 0,
      "exchangeListsCount": 0,
      "flagListsCount": 0,
      "importedListsCount": 0,
      "buyTax": null,
      "sellTax": null,
      "isInDex": false,
      "isHoneypot": null,
      "logo": "https://matcha-image-proxy.api.0x.org/images/42161/0x204dd918a9c2441bbbae5014ed4f26de73a7c665"
    },
    {
      "address": "0x5d719000d16d648fc08e3d87e03702054cdb6788",
      "chainId": 137,
      "decimals": 18,
      "name": "Wrapped ZIL",
      "symbol": "WZIL",
      "type": "ERC20",
      "blockListsCount": 0,
      "exchangeListsCount": 0,
      "flagListsCount": 0,
      "importedListsCount": 0,
      "buyTax": 0,
      "sellTax": 0,
      "isInDex": true,
      "isHoneypot": null,
      "logo": "https://matcha-image-proxy.api.0x.org/images/137/0x5d719000d16d648fc08e3d87e03702054cdb6788"
    },
    {
      "address": "0xa5e58ae1b6e99674fbf592d1a814d3750523c596",
      "chainId": 8453,
      "decimals": 18,
      "name": "Visual Shard Zilliqa",
      "symbol": "VisualShardZilliqa",
      "type": "ERC20",
      "issuer": {
        "name": "zora",
        "metadata": {}
      },
      "blockListsCount": 0,
      "exchangeListsCount": 0,
      "flagListsCount": 0,
      "importedListsCount": 0,
      "logo": "https://matcha-image-proxy.api.0x.org/images/8453/0xa5e58ae1b6e99674fbf592d1a814d3750523c596"
    }
  ],
  "searchTime": "2025-12-30T01:58:43.818Z",
  "error": null
}