{
  "originalSymbol": "VANA",
  "originalFullName": "Vana",
  "searchedQuery": "VANA Vana",
  "retried": false,
  "isL1": false,
  "success": true,
  "tokenCount": 15,
  "resultCount": 2004,
  "tokens": [
    {
      "address": "0x190962e4113b68245bd8386389478482909f8538",
      "chainId": 8453,
      "decimals": 18,
      "name": "Vana VANA",
      "symbol": "Vana VANA",
      "type": "ERC20",
      "blockListsCount": 0,
      "exchangeListsCount": 0,
      "flagListsCount": 0,
      "importedListsCount": 0,
      "buyTax": 0,
      "sellTax": 0,
      "isInDex": true,
      "isHoneypot": false,
      "logo": "https://matcha-image-proxy.api.0x.org/images/8453/0x190962e4113b68245bd8386389478482909f8538"
    },
    {
      "address": "0xfc0a4ec8427d478d1c0ac6913dffe14e90c3d9d0",
      "chainId": 130,
      "decimals": 18,
      "name": "Vana VANA",
      "symbol": "Vana VANA",
      "type": "ERC20",
      "blockListsCount": 0,
      "exchangeListsCount": 0,
      "flagListsCount": 0,
      "importedListsCount": 0,
      "logo": "https://matcha-image-proxy.api.0x.org/images/130/0xfc0a4ec8427d478d1c0ac6913dffe14e90c3d9d0"
    },
    {
      "address": "0x09b866c9eeae1f6d423d300ccf8f0c29e4b37292",
      "chainId": 8453,
      "decimals": 9,
      "name": "Vana VANA",
      "symbol": "Vana VANA",
      "type": "ERC20",
      "blockListsCount": 0,
      "exchangeListsCount": 0,
      "flagListsCount": 0,
      "importedListsCount": 0,
      "buyTax": 0,
      "sellTax": 0,
      "isInDex": true,
      "isHoneypot": false,
      "logo": "https://matcha-image-proxy.api.0x.org/images/8453/0x09b866c9eeae1f6d423d300ccf8f0c29e4b37292"
    },
    {
      "address": "0xa13ccea674e2997e91bf772285962c856d05b92e",
      "chainId": 8453,
      "decimals": 9,
      "name": "Vana VANA",
      "symbol": "Vana VANA",
      "type": "ERC20",
      "blockListsCount": 0,
      "exchangeListsCount": 0,
      "flagListsCount": 0,
      "importedListsCount": 0,
      "buyTax": 0,
      "sellTax": 0,
      "isInDex": true,
      "isHoneypot": false,
      "logo": "https://matcha-image-proxy.api.0x.org/images/8453/0xa13ccea674e2997e91bf772285962c856d05b92e"
    },
    {
      "address": "0x596505fac0f0c7b62c63eeac0f5cd8ea0b5f978b",
      "chainId": 8453,
      "decimals": 18,
      "name": "Vana VANA",
      "symbol": "Vana VANA",
      "type": "ERC20",
      "blockListsCount": 0,
      "exchangeListsCount": 0,
      "flagListsCount": 0,
      "importedListsCount": 0,
      "buyTax": 0,
      "sellTax": 0,
      "isInDex": true,
      "isHoneypot": false,
      "logo": "https://matcha-image-proxy.api.0x.org/images/8453/0x596505fac0f0c7b62c63eeac0f5cd8ea0b5f978b"
    },
    {
      "address": "0x3d4272847e0f1a3473d253aae94c123f06abe584",
      "chainId": 8453,
      "decimals": 9,
      "name": "Vana VANA",
      "symbol": "Vana VANA",
      "type": "ERC20",
      "blockListsCount": 0,
      "exchangeListsCount": 0,
      "flagListsCount": 0,
      "importedListsCount": 0,
      "logo": "https://matcha-image-proxy.api.0x.org/images/8453/0x3d4272847e0f1a3473d253aae94c123f06abe584"
    },
    {
      "address": "0xae9ea1e037f926d20cae19b8db4668d176bf7baf",
      "chainId": 8453,
      "decimals": 9,
      "name": "Vana VANA",
      "symbol": "Vana VANA",
      "type": "ERC20",
      "blockListsCount": 0,
      "exchangeListsCount": 0,
      "flagListsCount": 0,
      "importedListsCount": 0,
      "buyTax": 0,
      "sellTax": 0,
      "isInDex": true,
      "isHoneypot": false,
      "logo": "https://matcha-image-proxy.api.0x.org/images/8453/0xae9ea1e037f926d20cae19b8db4668d176bf7baf"
    },
    {
      "address": "0x4b6c3771f5e55a0a45e2e58aa7b214a394da91fe",
      "chainId": 8453,
      "decimals": 18,
      "name": "Vana VANA",
      "symbol": "Vana VANA",
      "type": "ERC20",
      "blockListsCount": 0,
      "exchangeListsCount": 0,
      "flagListsCount": 0,
      "importedListsCount": 0,
      "buyTax": 0,
      "sellTax": 0,
      "isInDex": true,
      "isHoneypot": false,
      "logo": "https://matcha-image-proxy.api.0x.org/images/8453/0x4b6c3771f5e55a0a45e2e58aa7b214a394da91fe"
    },
    {
      "address": "0x729528555ff9b49448390c5c447291626e64139c",
      "chainId": 130,
      "decimals": 18,
      "name": "Vana VANA",
      "symbol": "Vana VANA",
      "type": "ERC20",
      "blockListsCount": 0,
      "exchangeListsCount": 0,
      "flagListsCount": 0,
      "importedListsCount": 0,
      "logo": "https://matcha-image-proxy.api.0x.org/images/130/0x729528555ff9b49448390c5c447291626e64139c"
    },
    {
      "address": "0x77fc0700f47e204af1b3f30793b1bca2fabfcf83",
      "chainId": 130,
      "decimals": 18,
      "name": "Vana VANA",
      "symbol": "Vana VANA",
      "type": "ERC20",
      "blockListsCount": 0,
      "exchangeListsCount": 0,
      "flagListsCount": 0,
      "importedListsCount": 0,
      "logo": "https://matcha-image-proxy.api.0x.org/images/130/0x77fc0700f47e204af1b3f30793b1bca2fabfcf83"
    },
    {
      "address": "0xf0d71fc987a3b7f46fa1201932e91a53717c58f3",
      "chainId": 130,
      "decimals": 18,
      "name": "Vana VANA",
      "symbol": "Vana VANA",
      "type": "ERC20",
      "blockListsCount": 0,
      "exchangeListsCount": 0,
      "flagListsCount": 0,
      "importedListsCount": 0,
      "logo": "https://matcha-image-proxy.api.0x.org/images/130/0xf0d71fc987a3b7f46fa1201932e91a53717c58f3"
    },
    {
      "address": "0x7454918e08777f15a40c11cae2c22f6430f088c1",
      "chainId": 8453,
      "decimals": 18,
      "name": "Vana VANA",
      "symbol": "Vana VANA",
      "type": "ERC20",
      "blockListsCount": 0,
      "exchangeListsCount": 0,
      "flagListsCount": 0,
      "importedListsCount": 0,
      "buyTax": 0,
      "sellTax": 0,
      "isInDex": true,
      "isHoneypot": false,
      "logo": "https://matcha-image-proxy.api.0x.org/images/8453/0x7454918e08777f15a40c11cae2c22f6430f088c1"
    },
    {
      "address": "0x776a6b8b57bd6164fc3b2edfe733973a38d30f68",
      "chainId": 8453,
      "decimals": 9,
      "name": "Vana VANA",
      "symbol": "Vana VANA",
      "type": "ERC20",
      "blockListsCount": 0,
      "exchangeListsCount": 0,
      "flagListsCount": 0,
      "importedListsCount": 0,
      "buyTax": null,
      "sellTax": null,
      "isInDex": false,
      "isHoneypot": false,
      "logo": "https://matcha-image-proxy.api.0x.org/images/8453/0x776a6b8b57bd6164fc3b2edfe733973a38d30f68"
    },
    {
      "address": "0x9beb777d6202a6e0da5c578696f9c36aebc84729",
      "chainId": 8453,
      "decimals": 18,
      "name": "Vana VANA",
      "symbol": "Vana VANA",
      "type": "ERC20",
      "blockListsCount": 0,
      "exchangeListsCount": 0,
      "flagListsCount": 0,
      "importedListsCount": 0,
      "buyTax": 0,
      "sellTax": 0,
      "isInDex": true,
      "isHoneypot": false,
      "logo": "https://matcha-image-proxy.api.0x.org/images/8453/0x9beb777d6202a6e0da5c578696f9c36aebc84729"
    },
    {
      "address": "0x618d16d4283411a9366f021ca444f5a8dbcc656d",
      "chainId": 8453,
      "decimals": 18,
      "name": "Vana VANA",
      "symbol": "Vana VANA",
      "type": "ERC20",
      "blockListsCount": 0,
      "exchangeListsCount": 0,
      "flagListsCount": 0,
      "importedListsCount": 0,
      "buyTax": 0,
      "sellTax": 0,
      "isInDex": true,
      "isHoneypot": false,
      "logo": "https://matcha-image-proxy.api.0x.org/images/8453/0x618d16d4283411a9366f021ca444f5a8dbcc656d"
    }
  ],
  "searchTime": "2025-12-30T01:58:29.514Z",
  "error": null
}