{
  "originalSymbol": "F",
  "originalFullName": "F",
  "searchedQuery": "F F",
  "retried": false,
  "isL1": false,
  "success": true,
  "tokenCount": 15,
  "resultCount": 10000,
  "tokens": [
    {
      "address": "0x833589fcd6edb6e08f4c7c32d4f71b54bda02913",
      "chainId": 8453,
      "decimals": 6,
      "name": "USD Coin",
      "symbol": "USDC",
      "type": "ERC20",
      "hasLogo": true,
      "issuer": {
        "name": "circle",
        "metadata": {}
      },
      "blockListsCount": 0,
      "exchangeListsCount": 0,
      "flagListsCount": 0,
      "importedListsCount": 3,
      "buyTax": 0,
      "sellTax": 0,
      "isInDex": true,
      "isHoneypot": false,
      "manualUnblock": false,
      "transactionsHourly": 2480,
      "transactionsDaily": 72410,
      "transactionsWeekly": 748173,
      "transactionsMonthly": 3410970,
      "volumeUsdHourly": 591007.6321069509,
      "volumeUsdDaily": 16256443.957940713,
      "volumeUsdWeekly": 108432873.46401526,
      "volumeUsdMonthly": 691127389.360701,
      "logo": "https://matcha-image-proxy.api.0x.org/images/8453/0x833589fcd6edb6e08f4c7c32d4f71b54bda02913",
      "isNativeUsdc": true
    },
    {
      "address": "0xa0b86991c6218b36c1d19d4a2e9eb0ce3606eb48",
      "chainId": 1,
      "decimals": 6,
      "name": "USD Coin",
      "symbol": "USDC",
      "type": "ERC20",
      "hasLogo": true,
      "issuer": {
        "name": "circle",
        "metadata": {}
      },
      "blockListsCount": 0,
      "exchangeListsCount": 1,
      "flagListsCount": 0,
      "importedListsCount": 8,
      "buyTax": 0,
      "sellTax": 0,
      "isInDex": true,
      "isHoneypot": false,
      "manualUnblock": false,
      "transactionsHourly": 141,
      "transactionsDaily": 4160,
      "transactionsWeekly": 31483,
      "transactionsMonthly": 149773,
      "volumeUsdHourly": 622641.9045947444,
      "volumeUsdDaily": 18758262.16569803,
      "volumeUsdWeekly": 113595220.27101795,
      "volumeUsdMonthly": 729188376.1230068,
      "logo": "https://matcha-image-proxy.api.0x.org/images/1/0xa0b86991c6218b36c1d19d4a2e9eb0ce3606eb48",
      "isNativeUsdc": true
    },
    {
      "address": "0xfd086bc7cd5c481dcc9c85ebe478a1c0b69fcbb9",
      "chainId": 42161,
      "decimals": 6,
      "name": "Tether USD",
      "symbol": "USDT",
      "type": "ERC20",
      "hasLogo": true,
      "issuer": {
        "name": "tether",
        "metadata": {}
      },
      "blockListsCount": 0,
      "exchangeListsCount": 0,
      "flagListsCount": 0,
      "importedListsCount": 1,
      "buyTax": 0,
      "sellTax": 0,
      "isInDex": true,
      "isHoneypot": false,
      "manualUnblock": false,
      "transactionsHourly": 16,
      "transactionsDaily": 1435,
      "transactionsWeekly": 10401,
      "transactionsMonthly": 75831,
      "volumeUsdHourly": 4740.676815705429,
      "volumeUsdDaily": 3509630.7519359174,
      "volumeUsdWeekly": 27070269.466951422,
      "volumeUsdMonthly": 174495301.62142164,
      "logo": "https://matcha-image-proxy.api.0x.org/images/42161/0xfd086bc7cd5c481dcc9c85ebe478a1c0b69fcbb9"
    },
    {
      "address": "0x754704bc059f8c67012fed69bc8a327a5aafb603",
      "chainId": 143,
      "decimals": 6,
      "name": "USDC",
      "symbol": "USDC",
      "type": "ERC20",
      "hasLogo": true,
      "issuer": {
        "name": "circle",
        "metadata": {}
      },
      "blockListsCount": 0,
      "exchangeListsCount": 0,
      "flagListsCount": 0,
      "importedListsCount": 3,
      "isHoneypot": false,
      "manualUnblock": false,
      "transactionsHourly": 55,
      "transactionsDaily": 1555,
      "transactionsWeekly": 11481,
      "transactionsMonthly": 115584,
      "volumeUsdHourly": 707356.1348688182,
      "volumeUsdDaily": 1944498.9073435904,
      "volumeUsdWeekly": 7370476.898497381,
      "volumeUsdMonthly": 64611454.54559621,
      "logo": "https://matcha-image-proxy.api.0x.org/images/143/0x754704bc059f8c67012fed69bc8a327a5aafb603",
      "isNativeUsdc": true
    },
    {
      "address": "0xb97ef9ef8734c71904d8002f8b6bc66dd9c48a6e",
      "chainId": 43114,
      "decimals": 6,
      "name": "USD Coin",
      "symbol": "USDC",
      "type": "ERC20",
      "hasLogo": true,
      "issuer": {
        "name": "circle",
        "metadata": {}
      },
      "blockListsCount": 0,
      "exchangeListsCount": 0,
      "flagListsCount": 0,
      "importedListsCount": 2,
      "buyTax": null,
      "sellTax": null,
      "isInDex": true,
      "isHoneypot": false,
      "manualUnblock": false,
      "transactionsHourly": 29,
      "transactionsDaily": 723,
      "transactionsWeekly": 4983,
      "transactionsMonthly": 18742,
      "volumeUsdHourly": 1497.7161319070044,
      "volumeUsdDaily": 161774.1964680085,
      "volumeUsdWeekly": 777419.2495993831,
      "volumeUsdMonthly": 7715034.62763015,
      "logo": "https://matcha-image-proxy.api.0x.org/images/43114/0xb97ef9ef8734c71904d8002f8b6bc66dd9c48a6e",
      "isNativeUsdc": true
    },
    {
      "address": "0xeeeeeeeeeeeeeeeeeeeeeeeeeeeeeeeeeeeeeeee",
      "chainId": 8453,
      "decimals": 18,
      "name": "Ethereum",
      "symbol": "ETH",
      "type": "Native",
      "hasLogo": true,
      "blockListsCount": 0,
      "exchangeListsCount": 0,
      "flagListsCount": 0,
      "importedListsCount": 0,
      "transactionsHourly": 1256,
      "transactionsDaily": 42389,
      "transactionsWeekly": 581773,
      "transactionsMonthly": 2986961,
      "volumeUsdHourly": 136017.31704962367,
      "volumeUsdDaily": 6716085.416918305,
      "volumeUsdWeekly": 50948491.98742326,
      "volumeUsdMonthly": 284416385.80555266,
      "logo": "https://matcha-image-proxy.api.0x.org/images/8453/0xeeeeeeeeeeeeeeeeeeeeeeeeeeeeeeeeeeeeeeee"
    },
    {
      "address": "0x2791bca1f2de4661ed88a30c99a7a9449aa84174",
      "chainId": 137,
      "decimals": 6,
      "name": "USD Coin (PoS)",
      "symbol": "USDC",
      "type": "ERC20",
      "hasLogo": true,
      "blockListsCount": 0,
      "exchangeListsCount": 0,
      "flagListsCount": 0,
      "importedListsCount": 2,
      "buyTax": 0,
      "sellTax": 0,
      "isInDex": true,
      "isHoneypot": false,
      "manualUnblock": false,
      "transactionsHourly": 269,
      "transactionsDaily": 6564,
      "transactionsWeekly": 34954,
      "transactionsMonthly": 181899,
      "volumeUsdHourly": 1290318.7966205028,
      "volumeUsdDaily": 18795541.2835983,
      "volumeUsdWeekly": 91179636.03456952,
      "volumeUsdMonthly": 397585129.6000752,
      "logo": "https://matcha-image-proxy.api.0x.org/images/137/0x2791bca1f2de4661ed88a30c99a7a9449aa84174"
    },
    {
      "address": "0xeeeeeeeeeeeeeeeeeeeeeeeeeeeeeeeeeeeeeeee",
      "chainId": 1,
      "decimals": 18,
      "name": "Ethereum",
      "symbol": "ETH",
      "type": "Native",
      "hasLogo": true,
      "blockListsCount": 0,
      "exchangeListsCount": 0,
      "flagListsCount": 0,
      "importedListsCount": 0,
      "transactionsHourly": 277,
      "transactionsDaily": 8103,
      "transactionsWeekly": 58854,
      "transactionsMonthly": 256541,
      "volumeUsdHourly": 232787.01188987217,
      "volumeUsdDaily": 14804088.852707256,
      "volumeUsdWeekly": 45867164.218499094,
      "volumeUsdMonthly": 297091769.97342896,
      "logo": "https://matcha-image-proxy.api.0x.org/images/1/0xeeeeeeeeeeeeeeeeeeeeeeeeeeeeeeeeeeeeeeee"
    },
    {
      "address": "0xeeeeeeeeeeeeeeeeeeeeeeeeeeeeeeeeeeeeeeee",
      "chainId": 56,
      "decimals": 18,
      "name": "BNB",
      "symbol": "BNB",
      "type": "Native",
      "hasLogo": true,
      "blockListsCount": 0,
      "exchangeListsCount": 0,
      "flagListsCount": 0,
      "importedListsCount": 0,
      "transactionsHourly": 287,
      "transactionsDaily": 9190,
      "transactionsWeekly": 56849,
      "transactionsMonthly": 306154,
      "volumeUsdHourly": 57227.489224341145,
      "volumeUsdDaily": 2125157.131270839,
      "volumeUsdWeekly": 11012494.516924333,
      "volumeUsdMonthly": 57247382.6367815,
      "logo": "https://matcha-image-proxy.api.0x.org/images/56/0xeeeeeeeeeeeeeeeeeeeeeeeeeeeeeeeeeeeeeeee"
    },
    {
      "address": "0x3c499c542cef5e3811e1192ce70d8cc03d5c3359",
      "chainId": 137,
      "decimals": 6,
      "name": "USD Coin",
      "symbol": "USDC",
      "type": "ERC20",
      "hasLogo": true,
      "issuer": {
        "name": "circle",
        "metadata": {}
      },
      "blockListsCount": 0,
      "exchangeListsCount": 0,
      "flagListsCount": 0,
      "importedListsCount": 2,
      "buyTax": 0,
      "sellTax": 0,
      "isInDex": true,
      "isHoneypot": false,
      "manualUnblock": false,
      "transactionsHourly": 321,
      "transactionsDaily": 7122,
      "transactionsWeekly": 59404,
      "transactionsMonthly": 197584,
      "volumeUsdHourly": 1381124.8670411122,
      "volumeUsdDaily": 21106592.83869887,
      "volumeUsdWeekly": 111299762.63129748,
      "volumeUsdMonthly": 429756715.74842066,
      "logo": "https://matcha-image-proxy.api.0x.org/images/137/0x3c499c542cef5e3811e1192ce70d8cc03d5c3359",
      "isNativeUsdc": true
    },
    {
      "address": "0xeeeeeeeeeeeeeeeeeeeeeeeeeeeeeeeeeeeeeeee",
      "chainId": 42161,
      "decimals": 18,
      "name": "Ethereum",
      "symbol": "ETH",
      "type": "Native",
      "hasLogo": true,
      "blockListsCount": 0,
      "exchangeListsCount": 0,
      "flagListsCount": 0,
      "importedListsCount": 0,
      "transactionsHourly": 61,
      "transactionsDaily": 1506,
      "transactionsWeekly": 15440,
      "transactionsMonthly": 87479,
      "volumeUsdHourly": 3397.476619716007,
      "volumeUsdDaily": 1081371.0260958087,
      "volumeUsdWeekly": 6539668.765227103,
      "volumeUsdMonthly": 37957829.30597014,
      "logo": "https://matcha-image-proxy.api.0x.org/images/42161/0xeeeeeeeeeeeeeeeeeeeeeeeeeeeeeeeeeeeeeeee"
    },
    {
      "address": "0xeeeeeeeeeeeeeeeeeeeeeeeeeeeeeeeeeeeeeeee",
      "chainId": 10,
      "decimals": 18,
      "name": "Ethereum",
      "symbol": "ETH",
      "type": "Native",
      "hasLogo": true,
      "blockListsCount": 0,
      "exchangeListsCount": 0,
      "flagListsCount": 0,
      "importedListsCount": 0,
      "transactionsHourly": 139,
      "transactionsDaily": 6018,
      "transactionsWeekly": 40685,
      "transactionsMonthly": 237467,
      "volumeUsdHourly": 1782.360822193715,
      "volumeUsdDaily": 119636.06606760908,
      "volumeUsdWeekly": 860160.409935014,
      "volumeUsdMonthly": 6752902.555188892,
      "logo": "https://matcha-image-proxy.api.0x.org/images/10/0xeeeeeeeeeeeeeeeeeeeeeeeeeeeeeeeeeeeeeeee"
    },
    {
      "address": "0x82af49447d8a07e3bd95bd0d56f35241523fbab1",
      "chainId": 42161,
      "decimals": 18,
      "name": "Wrapped Ether",
      "symbol": "WETH",
      "type": "ERC20",
      "hasLogo": true,
      "blockListsCount": 0,
      "exchangeListsCount": 0,
      "flagListsCount": 0,
      "importedListsCount": 2,
      "buyTax": 0,
      "sellTax": 0,
      "isInDex": true,
      "isHoneypot": false,
      "manualUnblock": false,
      "transactionsHourly": 15,
      "transactionsDaily": 395,
      "transactionsWeekly": 3071,
      "transactionsMonthly": 16640,
      "volumeUsdHourly": 126771.55724430384,
      "volumeUsdDaily": 790541.6392451355,
      "volumeUsdWeekly": 4658892.903024222,
      "volumeUsdMonthly": 27280015.230347283,
      "logo": "https://matcha-image-proxy.api.0x.org/images/42161/0x82af49447d8a07e3bd95bd0d56f35241523fbab1"
    },
    {
      "address": "0xaf88d065e77c8cc2239327c5edb3a432268e5831",
      "chainId": 42161,
      "decimals": 6,
      "name": "USD Coin",
      "symbol": "USDC",
      "type": "ERC20",
      "hasLogo": true,
      "issuer": {
        "name": "circle",
        "metadata": {}
      },
      "blockListsCount": 0,
      "exchangeListsCount": 0,
      "flagListsCount": 0,
      "importedListsCount": 2,
      "buyTax": 0,
      "sellTax": 0,
      "isInDex": true,
      "isHoneypot": false,
      "manualUnblock": false,
      "transactionsHourly": 62,
      "transactionsDaily": 3317,
      "transactionsWeekly": 24007,
      "transactionsMonthly": 146542,
      "volumeUsdHourly": 149565.1858249071,
      "volumeUsdDaily": 6507267.129683354,
      "volumeUsdWeekly": 52608760.51157601,
      "volumeUsdMonthly": 321187197.2406798,
      "logo": "https://matcha-image-proxy.api.0x.org/images/42161/0xaf88d065e77c8cc2239327c5edb3a432268e5831",
      "isNativeUsdc": true
    },
    {
      "address": "0xd5d0322b6bab6a762c79f8c81a0b674778e13aed",
      "chainId": 56,
      "decimals": 8,
      "name": "Firo",
      "symbol": "FIRO",
      "type": "ERC20",
      "hasLogo": true,
      "issuer": {
        "name": "binance",
        "metadata": {}
      },
      "blockListsCount": 0,
      "exchangeListsCount": 0,
      "flagListsCount": 0,
      "importedListsCount": 1,
      "buyTax": 0,
      "sellTax": 0,
      "isInDex": true,
      "isHoneypot": false,
      "manualUnblock": false,
      "transactionsHourly": 1,
      "transactionsDaily": 19,
      "transactionsWeekly": 48,
      "transactionsMonthly": 294,
      "volumeUsdHourly": 49.9323901757578,
      "volumeUsdDaily": 1372.7528109527177,
      "volumeUsdWeekly": 5411.9667915974005,
      "volumeUsdMonthly": 82069.9175305555,
      "logo": "https://matcha-image-proxy.api.0x.org/images/56/0xd5d0322b6bab6a762c79f8c81a0b674778e13aed"
    }
  ],
  "searchTime": "2025-12-30T01:57:16.551Z",
  "error": null
}