{
  "originalSymbol": "FCT2",
  "originalFullName": "FirmaChain",
  "searchedQuery": "FCT2 FirmaChain",
  "retried": false,
  "isL1": false,
  "success": true,
  "tokenCount": 15,
  "resultCount": 237,
  "tokens": [
    {
      "address": "0x4b1853b1b2482c896bfe623e261c3ef296094a63",
      "chainId": 137,
      "decimals": 18,
      "name": "FCT2",
      "symbol": "FCT2",
      "type": "ERC20",
      "blockListsCount": 0,
      "exchangeListsCount": 0,
      "flagListsCount": 0,
      "importedListsCount": 0,
      "logo": "https://matcha-image-proxy.api.0x.org/images/137/0x4b1853b1b2482c896bfe623e261c3ef296094a63"
    },
    {
      "address": "0xbfa00f21b1c482c550b35ba4112fd4f5be77cd03",
      "chainId": 130,
      "decimals": 18,
      "name": "Firmachain Corp",
      "symbol": "Firmachain Corp",
      "type": "ERC20",
      "blockListsCount": 1,
      "exchangeListsCount": 0,
      "flagListsCount": 1,
      "importedListsCount": 0,
      "manualUnblock": false,
      "logo": "https://matcha-image-proxy.api.0x.org/images/130/0xbfa00f21b1c482c550b35ba4112fd4f5be77cd03"
    },
    {
      "address": "0x1c7db5bbe59064a76194d7f8c32df93b4cb1d82c",
      "chainId": 42161,
      "decimals": 9,
      "name": "FuckingT2",
      "symbol": "FCT2",
      "type": "ERC20",
      "blockListsCount": 0,
      "exchangeListsCount": 0,
      "flagListsCount": 0,
      "importedListsCount": 0,
      "buyTax": null,
      "sellTax": null,
      "isInDex": true,
      "isHoneypot": null,
      "logo": "https://matcha-image-proxy.api.0x.org/images/42161/0x1c7db5bbe59064a76194d7f8c32df93b4cb1d82c"
    },
    {
      "address": "0xb40ed2dcb6f1df0514bc90c336b7c1bf0cfdcb96",
      "chainId": 42161,
      "decimals": 9,
      "name": "FuckingT2",
      "symbol": "FCT2",
      "type": "ERC20",
      "blockListsCount": 0,
      "exchangeListsCount": 0,
      "flagListsCount": 0,
      "importedListsCount": 0,
      "buyTax": null,
      "sellTax": null,
      "isInDex": false,
      "isHoneypot": null,
      "logo": "https://matcha-image-proxy.api.0x.org/images/42161/0xb40ed2dcb6f1df0514bc90c336b7c1bf0cfdcb96"
    },
    {
      "address": "0xa0309d53d61b0bef4c55604e98e34f57894d822a",
      "chainId": 42161,
      "decimals": 9,
      "name": "FuckingT2",
      "symbol": "FCT2",
      "type": "ERC20",
      "blockListsCount": 0,
      "exchangeListsCount": 0,
      "flagListsCount": 0,
      "importedListsCount": 0,
      "buyTax": null,
      "sellTax": null,
      "isInDex": false,
      "isHoneypot": null,
      "logo": "https://matcha-image-proxy.api.0x.org/images/42161/0xa0309d53d61b0bef4c55604e98e34f57894d822a"
    },
    {
      "address": "0x24292e68a85b4c018fe057ff6b697d18f5785625",
      "chainId": 42161,
      "decimals": 9,
      "name": "FuckingT2",
      "symbol": "FCT2",
      "type": "ERC20",
      "blockListsCount": 0,
      "exchangeListsCount": 0,
      "flagListsCount": 0,
      "importedListsCount": 0,
      "buyTax": null,
      "sellTax": null,
      "isInDex": false,
      "isHoneypot": null,
      "logo": "https://matcha-image-proxy.api.0x.org/images/42161/0x24292e68a85b4c018fe057ff6b697d18f5785625"
    },
    {
      "address": "0x7546db954ca0747f5dbca073e64c5dd50a96f87e",
      "chainId": 1,
      "decimals": 18,
      "name": "ForgiveCryptoTwitter Token",
      "symbol": "FCT2",
      "type": "ERC20",
      "blockListsCount": 0,
      "exchangeListsCount": 0,
      "flagListsCount": 0,
      "importedListsCount": 0,
      "buyTax": null,
      "sellTax": null,
      "isInDex": false,
      "isHoneypot": false,
      "logo": "https://matcha-image-proxy.api.0x.org/images/1/0x7546db954ca0747f5dbca073e64c5dd50a96f87e"
    },
    {
      "address": "0x9f62d03bfc3caf9bd69efb433de6295c9cd28d54",
      "chainId": 42161,
      "decimals": 9,
      "name": "FuckingT2",
      "symbol": "FCT2",
      "type": "ERC20",
      "blockListsCount": 0,
      "exchangeListsCount": 0,
      "flagListsCount": 0,
      "importedListsCount": 0,
      "buyTax": null,
      "sellTax": null,
      "isInDex": false,
      "isHoneypot": null,
      "logo": "https://matcha-image-proxy.api.0x.org/images/42161/0x9f62d03bfc3caf9bd69efb433de6295c9cd28d54"
    },
    {
      "address": "0x52f800e2a3ffc6bc484278b64f8c6825bddba93e",
      "chainId": 56,
      "decimals": 18,
      "name": "Farcaster2",
      "symbol": "FCT2",
      "type": "ERC20",
      "blockListsCount": 0,
      "exchangeListsCount": 0,
      "flagListsCount": 0,
      "importedListsCount": 0,
      "logo": "https://matcha-image-proxy.api.0x.org/images/56/0x52f800e2a3ffc6bc484278b64f8c6825bddba93e"
    },
    {
      "address": "0xf19e07adf512fcd13cddc2e030f80037ad887fbc",
      "chainId": 1,
      "decimals": 18,
      "name": "Factory V2",
      "symbol": "FCT2",
      "type": "ERC20",
      "blockListsCount": 0,
      "exchangeListsCount": 0,
      "flagListsCount": 0,
      "importedListsCount": 0,
      "logo": "https://matcha-image-proxy.api.0x.org/images/1/0xf19e07adf512fcd13cddc2e030f80037ad887fbc"
    },
    {
      "address": "0x042b921626b14482e06813874bfc1663746d7ad9",
      "chainId": 56,
      "decimals": 18,
      "name": "FirmaChain",
      "symbol": "FCT FCT2",
      "type": "ERC20",
      "blockListsCount": 0,
      "exchangeListsCount": 0,
      "flagListsCount": 0,
      "importedListsCount": 0,
      "buyTax": 0,
      "sellTax": 0,
      "isInDex": false,
      "isHoneypot": null,
      "logo": "https://matcha-image-proxy.api.0x.org/images/56/0x042b921626b14482e06813874bfc1663746d7ad9"
    },
    {
      "address": "0x63b9657be813d0567e9726940e401d3e96acaac4",
      "chainId": 137,
      "decimals": 18,
      "name": "FirmaChain",
      "symbol": "FCT FCT2",
      "type": "ERC20",
      "blockListsCount": 0,
      "exchangeListsCount": 0,
      "flagListsCount": 0,
      "importedListsCount": 0,
      "buyTax": null,
      "sellTax": null,
      "isInDex": false,
      "isHoneypot": null,
      "logo": "https://matcha-image-proxy.api.0x.org/images/137/0x63b9657be813d0567e9726940e401d3e96acaac4"
    },
    {
      "address": "0xe1bad922f84b198a08292fb600319300ae32471b",
      "chainId": 1,
      "decimals": 18,
      "name": "[FCT] FirmaChain Token",
      "symbol": "FCT",
      "type": "ERC20",
      "hasLogo": true,
      "blockListsCount": 0,
      "exchangeListsCount": 0,
      "flagListsCount": 0,
      "importedListsCount": 2,
      "buyTax": 0,
      "sellTax": 0,
      "isInDex": true,
      "isHoneypot": false,
      "manualUnblock": false,
      "transactionsHourly": 2,
      "transactionsDaily": 2,
      "transactionsWeekly": 2,
      "transactionsMonthly": 2,
      "volumeUsdHourly": 4.00212079129291,
      "volumeUsdDaily": 1.805286364319189,
      "volumeUsdWeekly": 1.805286364319189,
      "volumeUsdMonthly": 1.805286364319189,
      "logo": "https://matcha-image-proxy.api.0x.org/images/1/0xe1bad922f84b198a08292fb600319300ae32471b"
    },
    {
      "address": "0xa7a230269140c1df978410c3ce8bddeeb01621c0",
      "chainId": 8453,
      "decimals": 9,
      "name": "Strategic FirmaChain FCT Reserve",
      "symbol": "Strategic FirmaChain FCT Reserve",
      "type": "ERC20",
      "blockListsCount": 0,
      "exchangeListsCount": 0,
      "flagListsCount": 0,
      "importedListsCount": 0,
      "buyTax": 0,
      "sellTax": 0,
      "isInDex": true,
      "isHoneypot": false,
      "logo": "https://matcha-image-proxy.api.0x.org/images/8453/0xa7a230269140c1df978410c3ce8bddeeb01621c0"
    },
    {
      "address": "0x95fe21e01a0a006b2c19d1596198424a98bb8bf4",
      "chainId": 8453,
      "decimals": 18,
      "name": "MutuumPresale FirmaChain",
      "symbol": "MutuumPresale FirmaChain",
      "type": "ERC20",
      "blockListsCount": 0,
      "exchangeListsCount": 0,
      "flagListsCount": 0,
      "importedListsCount": 0,
      "buyTax": 0,
      "sellTax": 0,
      "isInDex": true,
      "isHoneypot": false,
      "logo": "https://matcha-image-proxy.api.0x.org/images/8453/0x95fe21e01a0a006b2c19d1596198424a98bb8bf4"
    }
  ],
  "searchTime": "2025-12-30T01:58:02.381Z",
  "error": null
}