{
  "originalSymbol": "ENA",
  "originalFullName": "Ethena",
  "searchedQuery": "ENA Ethena",
  "retried": false,
  "isL1": false,
  "success": true,
  "tokenCount": 15,
  "resultCount": 7400,
  "tokens": [
    {
      "address": "0x57e114b691db790c35207b2e685d4a43181e6061",
      "chainId": 1,
      "decimals": 18,
      "name": "ENA",
      "symbol": "ENA",
      "type": "ERC20",
      "hasLogo": true,
      "blockListsCount": 0,
      "exchangeListsCount": 0,
      "flagListsCount": 0,
      "importedListsCount": 3,
      "buyTax": 0,
      "sellTax": 0,
      "isInDex": true,
      "isHoneypot": false,
      "manualUnblock": false,
      "transactionsHourly": 2,
      "transactionsDaily": 22,
      "transactionsWeekly": 202,
      "transactionsMonthly": 1065,
      "volumeUsdHourly": 551.535786684609,
      "volumeUsdDaily": 9211.873444117413,
      "volumeUsdWeekly": 478438.1809680615,
      "volumeUsdMonthly": 2492209.3956452915,
      "logo": "https://matcha-image-proxy.api.0x.org/images/1/0x57e114b691db790c35207b2e685d4a43181e6061"
    },
    {
      "address": "0x58538e6a46e07434d7e7375bc268d3cb839c0133",
      "chainId": 8453,
      "decimals": 18,
      "name": "ENA",
      "symbol": "ENA",
      "type": "ERC20",
      "hasLogo": true,
      "blockListsCount": 0,
      "exchangeListsCount": 0,
      "flagListsCount": 0,
      "importedListsCount": 1,
      "buyTax": 0,
      "sellTax": 0,
      "isInDex": true,
      "isHoneypot": false,
      "manualUnblock": false,
      "transactionsHourly": 2,
      "transactionsDaily": 15,
      "transactionsWeekly": 85,
      "transactionsMonthly": 631,
      "volumeUsdHourly": 236.6544746459357,
      "volumeUsdDaily": 670.9915597930088,
      "volumeUsdWeekly": 8040.978133362096,
      "volumeUsdMonthly": 58577.847801884265,
      "logo": "https://matcha-image-proxy.api.0x.org/images/8453/0x58538e6a46e07434d7e7375bc268d3cb839c0133"
    },
    {
      "address": "0x8be3460a480c80728a8c4d7a5d5303c85ba7b3b9",
      "chainId": 1,
      "decimals": 18,
      "name": "Staked ENA",
      "symbol": "sENA",
      "type": "ERC20",
      "hasLogo": true,
      "blockListsCount": 0,
      "exchangeListsCount": 0,
      "flagListsCount": 0,
      "importedListsCount": 2,
      "buyTax": 0,
      "sellTax": 0,
      "isInDex": true,
      "isHoneypot": false,
      "manualUnblock": false,
      "transactionsHourly": 2,
      "transactionsDaily": 10,
      "transactionsWeekly": 72,
      "transactionsMonthly": 368,
      "volumeUsdHourly": 2400.1375095473463,
      "volumeUsdDaily": 4241.35681372904,
      "volumeUsdWeekly": 204438.5013014263,
      "volumeUsdMonthly": 1028412.8632105908,
      "logo": "https://matcha-image-proxy.api.0x.org/images/1/0x8be3460a480c80728a8c4d7a5d5303c85ba7b3b9"
    },
    {
      "address": "0x5d3a1ff2b6bab83b63cd9ad0787074081a52ef34",
      "chainId": 9745,
      "decimals": 18,
      "name": "USDe",
      "symbol": "USDe",
      "type": "ERC20",
      "hasLogo": true,
      "blockListsCount": 0,
      "exchangeListsCount": 0,
      "flagListsCount": 0,
      "importedListsCount": 2,
      "manualUnblock": false,
      "transactionsHourly": 1,
      "transactionsDaily": 10,
      "transactionsWeekly": 57,
      "transactionsMonthly": 260,
      "volumeUsdHourly": 1152.53439236466,
      "volumeUsdDaily": 2461.803333621795,
      "volumeUsdWeekly": 448940.2204179162,
      "volumeUsdMonthly": 2118852.489141657,
      "logo": "https://matcha-image-proxy.api.0x.org/images/9745/0x5d3a1ff2b6bab83b63cd9ad0787074081a52ef34"
    },
    {
      "address": "0x4c9edd5852cd905f086c759e8383e09bff1e68b3",
      "chainId": 1,
      "decimals": 18,
      "name": "USDe",
      "symbol": "USDe",
      "type": "ERC20",
      "hasLogo": true,
      "blockListsCount": 0,
      "exchangeListsCount": 0,
      "flagListsCount": 0,
      "importedListsCount": 2,
      "buyTax": 0,
      "sellTax": 0,
      "isInDex": true,
      "isHoneypot": false,
      "manualUnblock": false,
      "transactionsHourly": 2,
      "transactionsDaily": 138,
      "transactionsWeekly": 775,
      "transactionsMonthly": 4441,
      "volumeUsdHourly": 4495.883255990164,
      "volumeUsdDaily": 1690758.9007457923,
      "volumeUsdWeekly": 15151214.223795936,
      "volumeUsdMonthly": 156186757.6876361,
      "logo": "https://matcha-image-proxy.api.0x.org/images/1/0x4c9edd5852cd905f086c759e8383e09bff1e68b3"
    },
    {
      "address": "0x5d3a1ff2b6bab83b63cd9ad0787074081a52ef34",
      "chainId": 8453,
      "decimals": 18,
      "name": "USDe",
      "symbol": "USDe",
      "type": "ERC20",
      "hasLogo": true,
      "blockListsCount": 0,
      "exchangeListsCount": 0,
      "flagListsCount": 0,
      "importedListsCount": 1,
      "buyTax": 0,
      "sellTax": 0,
      "isInDex": true,
      "isHoneypot": false,
      "manualUnblock": false,
      "transactionsHourly": 17,
      "transactionsDaily": 435,
      "transactionsWeekly": 6020,
      "transactionsMonthly": 22457,
      "volumeUsdHourly": 1261.6225220933911,
      "volumeUsdDaily": 9019.00541500291,
      "volumeUsdWeekly": 106543.60725098524,
      "volumeUsdMonthly": 1131440.7486015486,
      "logo": "https://matcha-image-proxy.api.0x.org/images/8453/0x5d3a1ff2b6bab83b63cd9ad0787074081a52ef34"
    },
    {
      "address": "0x9d39a5de30e57443bff2a8307a4256c8797a3497",
      "chainId": 1,
      "decimals": 18,
      "name": "Staked USDe",
      "symbol": "sUSDe",
      "type": "ERC20",
      "hasLogo": true,
      "blockListsCount": 0,
      "exchangeListsCount": 0,
      "flagListsCount": 1,
      "importedListsCount": 2,
      "buyTax": 0,
      "sellTax": 0,
      "isInDex": true,
      "isHoneypot": false,
      "manualUnblock": false,
      "transactionsHourly": 1,
      "transactionsDaily": 14,
      "transactionsWeekly": 88,
      "transactionsMonthly": 465,
      "volumeUsdHourly": 8614.43900868706,
      "volumeUsdDaily": 902512.4015818896,
      "volumeUsdWeekly": 5316342.500869698,
      "volumeUsdMonthly": 41173699.25255321,
      "logo": "https://matcha-image-proxy.api.0x.org/images/1/0x9d39a5de30e57443bff2a8307a4256c8797a3497"
    },
    {
      "address": "0x5d3a1ff2b6bab83b63cd9ad0787074081a52ef34",
      "chainId": 42161,
      "decimals": 18,
      "name": "USDe",
      "symbol": "USDe",
      "type": "ERC20",
      "hasLogo": true,
      "blockListsCount": 0,
      "exchangeListsCount": 0,
      "flagListsCount": 0,
      "importedListsCount": 1,
      "buyTax": null,
      "sellTax": null,
      "isInDex": true,
      "isHoneypot": false,
      "manualUnblock": false,
      "transactionsHourly": 1,
      "transactionsDaily": 41,
      "transactionsWeekly": 237,
      "transactionsMonthly": 1552,
      "volumeUsdHourly": 2295.82620731309,
      "volumeUsdDaily": 22102.572221574796,
      "volumeUsdWeekly": 328310.74519876053,
      "volumeUsdMonthly": 2372119.5310276793,
      "logo": "https://matcha-image-proxy.api.0x.org/images/42161/0x5d3a1ff2b6bab83b63cd9ad0787074081a52ef34"
    },
    {
      "address": "0x7ec5ca8371ceb1cd2044d4aaedab9a091cb2f8dc",
      "chainId": 8453,
      "decimals": 9,
      "name": "ENA Ethena",
      "symbol": "ENA Ethena",
      "type": "ERC20",
      "blockListsCount": 0,
      "exchangeListsCount": 0,
      "flagListsCount": 0,
      "importedListsCount": 0,
      "buyTax": 0,
      "sellTax": 0,
      "isInDex": true,
      "isHoneypot": false,
      "logo": "https://matcha-image-proxy.api.0x.org/images/8453/0x7ec5ca8371ceb1cd2044d4aaedab9a091cb2f8dc"
    },
    {
      "address": "0xd6788d3d2e170f284a15b6a8169b0bacebb7c5d8",
      "chainId": 8453,
      "decimals": 18,
      "name": "ENA Ethena USDe",
      "symbol": "ENA Ethena USDe",
      "type": "ERC20",
      "blockListsCount": 0,
      "exchangeListsCount": 0,
      "flagListsCount": 0,
      "importedListsCount": 0,
      "buyTax": 0,
      "sellTax": 0,
      "isInDex": true,
      "isHoneypot": false,
      "logo": "https://matcha-image-proxy.api.0x.org/images/8453/0xd6788d3d2e170f284a15b6a8169b0bacebb7c5d8"
    },
    {
      "address": "0xdade0ab4e841cdaaebf78dc8a71fcbcae379ac8c",
      "chainId": 8453,
      "decimals": 9,
      "name": "ENA Ethena AI",
      "symbol": "ENA Ethena AI",
      "type": "ERC20",
      "blockListsCount": 0,
      "exchangeListsCount": 0,
      "flagListsCount": 0,
      "importedListsCount": 0,
      "buyTax": 0,
      "sellTax": 0,
      "isInDex": true,
      "isHoneypot": false,
      "logo": "https://matcha-image-proxy.api.0x.org/images/8453/0xdade0ab4e841cdaaebf78dc8a71fcbcae379ac8c"
    },
    {
      "address": "0x805b191c6b9a8dce941a71a5716b81a78e332620",
      "chainId": 8453,
      "decimals": 18,
      "name": "ENA Ethena On Base",
      "symbol": "ENA Ethena On Base",
      "type": "ERC20",
      "blockListsCount": 0,
      "exchangeListsCount": 0,
      "flagListsCount": 0,
      "importedListsCount": 0,
      "logo": "https://matcha-image-proxy.api.0x.org/images/8453/0x805b191c6b9a8dce941a71a5716b81a78e332620"
    },
    {
      "address": "0x2b4e25a2101ab64dee9d1587f4cf964ff0e1e018",
      "chainId": 56,
      "decimals": 18,
      "name": "ENA Ethena AI Presale v2",
      "symbol": "ENA Ethena AI Presale v2",
      "type": "ERC20",
      "blockListsCount": 0,
      "exchangeListsCount": 0,
      "flagListsCount": 0,
      "importedListsCount": 0,
      "logo": "https://matcha-image-proxy.api.0x.org/images/56/0x2b4e25a2101ab64dee9d1587f4cf964ff0e1e018"
    },
    {
      "address": "0xd7db574eb12fecc17df19a72c5371e4728318bd8",
      "chainId": 56,
      "decimals": 9,
      "name": "ENA Ethena AI Presale v2",
      "symbol": "ENA Ethena AI Presale v2",
      "type": "ERC20",
      "blockListsCount": 0,
      "exchangeListsCount": 0,
      "flagListsCount": 0,
      "importedListsCount": 0,
      "logo": "https://matcha-image-proxy.api.0x.org/images/56/0xd7db574eb12fecc17df19a72c5371e4728318bd8"
    },
    {
      "address": "0x5d3a1ff2b6bab83b63cd9ad0787074081a52ef34",
      "chainId": 56,
      "decimals": 18,
      "name": "USDe",
      "symbol": "USDe",
      "type": "ERC20",
      "hasLogo": true,
      "blockListsCount": 0,
      "exchangeListsCount": 0,
      "flagListsCount": 0,
      "importedListsCount": 1,
      "buyTax": 0,
      "sellTax": 0,
      "isInDex": true,
      "isHoneypot": false,
      "manualUnblock": false,
      "transactionsHourly": 1,
      "transactionsDaily": 2,
      "transactionsWeekly": 161,
      "transactionsMonthly": 328,
      "volumeUsdHourly": 299.428314697171,
      "volumeUsdDaily": 699.043275690965,
      "volumeUsdWeekly": 305622.09189265466,
      "volumeUsdMonthly": 498760.314889989,
      "logo": "https://matcha-image-proxy.api.0x.org/images/56/0x5d3a1ff2b6bab83b63cd9ad0787074081a52ef34"
    }
  ],
  "searchTime": "2025-12-30T01:58:07.753Z",
  "error": null
}