{
  "originalSymbol": "NXPC",
  "originalFullName": "NXPC",
  "searchedQuery": "NXPC NXPC",
  "retried": false,
  "isL1": false,
  "success": true,
  "tokenCount": 15,
  "resultCount": 249,
  "tokens": [
    {
      "address": "0x5e0e90e268bc247cc850c789a0db0d5c7621fb59",
      "chainId": 43114,
      "decimals": 18,
      "name": "NXPC",
      "symbol": "NXPC",
      "type": "ERC20",
      "hasLogo": true,
      "blockListsCount": 0,
      "exchangeListsCount": 0,
      "flagListsCount": 0,
      "importedListsCount": 1,
      "buyTax": 0,
      "sellTax": 0,
      "isInDex": true,
      "isHoneypot": false,
      "manualUnblock": false,
      "transactionsHourly": 2,
      "transactionsDaily": 64,
      "transactionsWeekly": 478,
      "transactionsMonthly": 1965,
      "volumeUsdHourly": 33.7809531274898,
      "volumeUsdDaily": 3734.4586727109577,
      "volumeUsdWeekly": 30806.897425731135,
      "volumeUsdMonthly": 108102.59466069107,
      "logo": "https://matcha-image-proxy.api.0x.org/images/43114/0x5e0e90e268bc247cc850c789a0db0d5c7621fb59"
    },
    {
      "address": "0xf2b51cc1850fed939658317a22d73d3482767591",
      "chainId": 56,
      "decimals": 18,
      "name": "NXPC",
      "symbol": "NXPC",
      "type": "ERC20",
      "blockListsCount": 0,
      "exchangeListsCount": 0,
      "flagListsCount": 0,
      "importedListsCount": 0,
      "buyTax": 0,
      "sellTax": 0,
      "isInDex": true,
      "isHoneypot": false,
      "transactionsHourly": 1,
      "transactionsDaily": 3,
      "transactionsWeekly": 15,
      "transactionsMonthly": 51,
      "volumeUsdHourly": 0.361535058650024,
      "volumeUsdDaily": 8.548240739347714,
      "volumeUsdWeekly": 100.36158425372156,
      "volumeUsdMonthly": 177.8903919109931,
      "logo": "https://matcha-image-proxy.api.0x.org/images/56/0xf2b51cc1850fed939658317a22d73d3482767591"
    },
    {
      "address": "0x3f4ccf2be5f7ca52c0718d7873a8ad68496abe0d",
      "chainId": 8453,
      "decimals": 18,
      "name": "nxpc",
      "symbol": "nxpc",
      "type": "ERC20",
      "issuer": {
        "name": "zora",
        "metadata": {}
      },
      "blockListsCount": 0,
      "exchangeListsCount": 0,
      "flagListsCount": 0,
      "importedListsCount": 0,
      "logo": "https://matcha-image-proxy.api.0x.org/images/8453/0x3f4ccf2be5f7ca52c0718d7873a8ad68496abe0d"
    },
    {
      "address": "0xbfe09c5e9e973edb72d8d4d9c7e279e69879008d",
      "chainId": 8453,
      "decimals": 18,
      "name": "nxpc",
      "symbol": "nxpc",
      "type": "ERC20",
      "issuer": {
        "name": "zora",
        "metadata": {}
      },
      "blockListsCount": 0,
      "exchangeListsCount": 0,
      "flagListsCount": 0,
      "importedListsCount": 0,
      "logo": "https://matcha-image-proxy.api.0x.org/images/8453/0xbfe09c5e9e973edb72d8d4d9c7e279e69879008d"
    },
    {
      "address": "0x224f4b97fd0b0f6ce19b93a429014a7ab9b76ebd",
      "chainId": 8453,
      "decimals": 18,
      "name": "NXPC",
      "symbol": "NXPC",
      "type": "ERC20",
      "issuer": {
        "name": "zora",
        "metadata": {}
      },
      "blockListsCount": 0,
      "exchangeListsCount": 0,
      "flagListsCount": 0,
      "importedListsCount": 0,
      "logo": "https://matcha-image-proxy.api.0x.org/images/8453/0x224f4b97fd0b0f6ce19b93a429014a7ab9b76ebd"
    },
    {
      "address": "0x1b57305eac90559ef126dcaa44d4cfc95b90cbbf",
      "chainId": 8453,
      "decimals": 18,
      "name": "$NXPC",
      "symbol": "$NXPC",
      "type": "ERC20",
      "issuer": {
        "name": "zora",
        "metadata": {}
      },
      "blockListsCount": 0,
      "exchangeListsCount": 0,
      "flagListsCount": 0,
      "importedListsCount": 0,
      "buyTax": null,
      "sellTax": null,
      "isInDex": false,
      "isHoneypot": false,
      "logo": "https://matcha-image-proxy.api.0x.org/images/8453/0x1b57305eac90559ef126dcaa44d4cfc95b90cbbf"
    },
    {
      "address": "0xc451c01e2d2c2607b9bbd339e8e21910501f2fe5",
      "chainId": 8453,
      "decimals": 18,
      "name": "NXPC",
      "symbol": "NXPC",
      "type": "ERC20",
      "issuer": {
        "name": "zora",
        "metadata": {}
      },
      "blockListsCount": 0,
      "exchangeListsCount": 0,
      "flagListsCount": 0,
      "importedListsCount": 0,
      "buyTax": null,
      "sellTax": null,
      "isInDex": false,
      "isHoneypot": false,
      "logo": "https://matcha-image-proxy.api.0x.org/images/8453/0xc451c01e2d2c2607b9bbd339e8e21910501f2fe5"
    },
    {
      "address": "0xbb21d14a6bae0ee5d8f1d8e9ff0aada4e0843f3c",
      "chainId": 8453,
      "decimals": 18,
      "name": "$NXPC Seasonis Die",
      "symbol": "$NXPC Seasonis Die",
      "type": "ERC20",
      "issuer": {
        "name": "zora",
        "metadata": {}
      },
      "blockListsCount": 0,
      "exchangeListsCount": 0,
      "flagListsCount": 0,
      "importedListsCount": 0,
      "logo": "https://matcha-image-proxy.api.0x.org/images/8453/0xbb21d14a6bae0ee5d8f1d8e9ff0aada4e0843f3c"
    },
    {
      "address": "0x7282a8da922f8436ef3dad021bd6b31518c8da9b",
      "chainId": 8453,
      "decimals": 18,
      "name": "NXPC Token Splash",
      "symbol": "NXPC Token Splash",
      "type": "ERC20",
      "issuer": {
        "name": "zora",
        "metadata": {}
      },
      "blockListsCount": 0,
      "exchangeListsCount": 0,
      "flagListsCount": 0,
      "importedListsCount": 0,
      "buyTax": null,
      "sellTax": null,
      "isInDex": false,
      "isHoneypot": false,
      "logo": "https://matcha-image-proxy.api.0x.org/images/8453/0x7282a8da922f8436ef3dad021bd6b31518c8da9b"
    },
    {
      "address": "0xdb18dd0c1116af45c8f374047a9f925782df9f87",
      "chainId": 8453,
      "decimals": 18,
      "name": "PUMP IT $NXPC",
      "symbol": "PUMP IT $NXPC",
      "type": "ERC20",
      "issuer": {
        "name": "zora",
        "metadata": {}
      },
      "blockListsCount": 0,
      "exchangeListsCount": 0,
      "flagListsCount": 0,
      "importedListsCount": 0,
      "logo": "https://matcha-image-proxy.api.0x.org/images/8453/0xdb18dd0c1116af45c8f374047a9f925782df9f87"
    },
    {
      "address": "0x3a9613f2aef61f56ddc009f4b217c413e06eb02c",
      "chainId": 8453,
      "decimals": 18,
      "name": "BSoft Staking Just Got Smarter with $NXPC! 🔥Say hello to soft s",
      "symbol": "ASoftStaking Just Got Smarter with $NXPC! 🔥Say hello to soft s",
      "type": "ERC20",
      "issuer": {
        "name": "zora",
        "metadata": {}
      },
      "blockListsCount": 0,
      "exchangeListsCount": 0,
      "flagListsCount": 0,
      "importedListsCount": 0,
      "buyTax": null,
      "sellTax": null,
      "isInDex": false,
      "isHoneypot": false,
      "logo": "https://matcha-image-proxy.api.0x.org/images/8453/0x3a9613f2aef61f56ddc009f4b217c413e06eb02c"
    },
    {
      "address": "0x8bdaf9d05393490b2d86d8b5415f4cae0cd650a2",
      "chainId": 8453,
      "decimals": 18,
      "name": "F💥 $5.25 NXPC x Binance Airdrop (FCFS – Only 8,000 Users!)🔍 H",
      "symbol": "E💥$5.25 NXPC x Binance Airdrop (FCFS – Only 8,000 Users!)🔍 H",
      "type": "ERC20",
      "issuer": {
        "name": "zora",
        "metadata": {}
      },
      "blockListsCount": 0,
      "exchangeListsCount": 0,
      "flagListsCount": 0,
      "importedListsCount": 0,
      "buyTax": null,
      "sellTax": null,
      "isInDex": false,
      "isHoneypot": false,
      "logo": "https://matcha-image-proxy.api.0x.org/images/8453/0x8bdaf9d05393490b2d86d8b5415f4cae0cd650a2"
    },
    {
      "address": "0x907f2e451e047832522b7dc1b110e909ff294009",
      "chainId": 8453,
      "decimals": 18,
      "name": "B#SoftStaking  for $NXPC  on and let me tell you, it’s a game-cha",
      "symbol": "A#SoftStaking for $NXPC  on and let me tell you, it’s a game-cha",
      "type": "ERC20",
      "issuer": {
        "name": "zora",
        "metadata": {}
      },
      "blockListsCount": 0,
      "exchangeListsCount": 0,
      "flagListsCount": 0,
      "importedListsCount": 0,
      "buyTax": null,
      "sellTax": null,
      "isInDex": false,
      "isHoneypot": false,
      "logo": "https://matcha-image-proxy.api.0x.org/images/8453/0x907f2e451e047832522b7dc1b110e909ff294009"
    },
    {
      "address": "0x1dc98a9d027fcc8c5520bcb37fe833a407eeed6d",
      "chainId": 8453,
      "decimals": 18,
      "name": "F💥 $5.25 NXPC x Binance Airdrop (FCFS – Only 8,000 Users!)🔍 H",
      "symbol": "E💥$5.25 NXPC x Binance Airdrop (FCFS – Only 8,000 Users!)🔍 H",
      "type": "ERC20",
      "issuer": {
        "name": "zora",
        "metadata": {}
      },
      "blockListsCount": 0,
      "exchangeListsCount": 0,
      "flagListsCount": 0,
      "importedListsCount": 0,
      "buyTax": null,
      "sellTax": null,
      "isInDex": false,
      "isHoneypot": false,
      "logo": "https://matcha-image-proxy.api.0x.org/images/8453/0x1dc98a9d027fcc8c5520bcb37fe833a407eeed6d"
    },
    {
      "address": "0x173cb9752f4c10958547c2d8fbd05787c5c63e80",
      "chainId": 8453,
      "decimals": 18,
      "name": "F💥 $5.25 NXPC x Binance Airdrop (FCFS – Only 8,000 Users!)🔍 H",
      "symbol": "E💥$5.25 NXPC x Binance Airdrop (FCFS – Only 8,000 Users!)🔍 H",
      "type": "ERC20",
      "issuer": {
        "name": "zora",
        "metadata": {}
      },
      "blockListsCount": 0,
      "exchangeListsCount": 0,
      "flagListsCount": 0,
      "importedListsCount": 0,
      "buyTax": null,
      "sellTax": null,
      "isInDex": false,
      "isHoneypot": false,
      "logo": "https://matcha-image-proxy.api.0x.org/images/8453/0x173cb9752f4c10958547c2d8fbd05787c5c63e80"
    }
  ],
  "searchTime": "2025-12-30T01:57:13.324Z",
  "error": null
}