{
  "originalSymbol": "TRX",
  "originalFullName": "TRON",
  "searchedQuery": "TRX TRON",
  "retried": true,
  "isL1": true,
  "success": true,
  "tokenCount": 15,
  "resultCount": 10000,
  "tokens": [
    {
      "address": "0x68749665ff8d2d112fa859aa293f07a622782f38",
      "chainId": 1,
      "decimals": 6,
      "name": "Tether Gold",
      "symbol": "XAUt",
      "type": "ERC20",
      "hasLogo": true,
      "issuer": {
        "name": "tether",
        "metadata": {}
      },
      "blockListsCount": 0,
      "exchangeListsCount": 0,
      "flagListsCount": 0,
      "importedListsCount": 3,
      "buyTax": 0,
      "sellTax": 0,
      "isInDex": true,
      "isHoneypot": false,
      "manualUnblock": false,
      "transactionsHourly": 3,
      "transactionsDaily": 78,
      "transactionsWeekly": 353,
      "transactionsMonthly": 1330,
      "volumeUsdHourly": 1056.933663818158,
      "volumeUsdDaily": 863166.4329644464,
      "volumeUsdWeekly": 2529542.648242724,
      "volumeUsdMonthly": 5943618.2543013375,
      "logo": "https://matcha-image-proxy.api.0x.org/images/1/0x68749665ff8d2d112fa859aa293f07a622782f38"
    },
    {
      "address": "0x352cb5e19b12fc216548a2677bd0fce83bae434b",
      "chainId": 56,
      "decimals": 18,
      "name": "BitTorrent",
      "symbol": "BTT",
      "type": "ERC20",
      "hasLogo": true,
      "blockListsCount": 0,
      "exchangeListsCount": 0,
      "flagListsCount": 0,
      "importedListsCount": 1,
      "buyTax": 0,
      "sellTax": 0,
      "isInDex": true,
      "isHoneypot": false,
      "manualUnblock": false,
      "transactionsHourly": 1,
      "transactionsDaily": 9,
      "transactionsWeekly": 87,
      "transactionsMonthly": 368,
      "volumeUsdHourly": 20.9763045022102,
      "volumeUsdDaily": 56.61074600243429,
      "volumeUsdWeekly": 1270.363801839125,
      "volumeUsdMonthly": 15816.688807472598,
      "logo": "https://matcha-image-proxy.api.0x.org/images/56/0x352cb5e19b12fc216548a2677bd0fce83bae434b"
    },
    {
      "address": "0x85eac5ac2f758618dfa09bdbe0cf174e7d574d5b",
      "chainId": 56,
      "decimals": 18,
      "name": "TRON",
      "symbol": "TRX",
      "type": "ERC20",
      "hasLogo": true,
      "blockListsCount": 0,
      "exchangeListsCount": 0,
      "flagListsCount": 0,
      "importedListsCount": 0,
      "buyTax": 0,
      "sellTax": 0,
      "isInDex": true,
      "isHoneypot": false,
      "transactionsHourly": 1,
      "transactionsDaily": 5,
      "transactionsWeekly": 40,
      "transactionsMonthly": 179,
      "volumeUsdHourly": 10.8676502385283,
      "volumeUsdDaily": 25.71203028199424,
      "volumeUsdWeekly": 884.4036333761238,
      "volumeUsdMonthly": 5618.891705679316,
      "logo": "https://matcha-image-proxy.api.0x.org/images/56/0x85eac5ac2f758618dfa09bdbe0cf174e7d574d5b"
    },
    {
      "address": "0x8595f9da7b868b1822194faed312235e43007b49",
      "chainId": 56,
      "decimals": 18,
      "name": "BitTorrent",
      "symbol": "BTT",
      "type": "ERC20",
      "hasLogo": true,
      "blockListsCount": 0,
      "exchangeListsCount": 0,
      "flagListsCount": 0,
      "importedListsCount": 1,
      "buyTax": 0,
      "sellTax": 0,
      "isInDex": true,
      "isHoneypot": false,
      "manualUnblock": false,
      "transactionsHourly": 1,
      "transactionsDaily": 5,
      "transactionsWeekly": 37,
      "transactionsMonthly": 131,
      "volumeUsdHourly": 12.6796835649837,
      "volumeUsdDaily": 28.176133303523823,
      "volumeUsdWeekly": 9249.14490042961,
      "volumeUsdMonthly": 21233.47966228871,
      "logo": "https://matcha-image-proxy.api.0x.org/images/56/0x8595f9da7b868b1822194faed312235e43007b49"
    },
    {
      "address": "0xc669928185dbce49d2230cc9b0979be6dc797957",
      "chainId": 1,
      "decimals": 18,
      "name": "BitTorrent",
      "symbol": "BTT",
      "type": "ERC20",
      "hasLogo": true,
      "blockListsCount": 0,
      "exchangeListsCount": 0,
      "flagListsCount": 0,
      "importedListsCount": 2,
      "buyTax": 0,
      "sellTax": 0,
      "isInDex": true,
      "isHoneypot": false,
      "manualUnblock": false,
      "transactionsHourly": 3,
      "transactionsDaily": 5,
      "transactionsWeekly": 18,
      "transactionsMonthly": 106,
      "volumeUsdHourly": 56.1813240171947,
      "volumeUsdDaily": 90.24228419069937,
      "volumeUsdWeekly": 555.0219293542157,
      "volumeUsdMonthly": 6514.95116176183,
      "logo": "https://matcha-image-proxy.api.0x.org/images/1/0xc669928185dbce49d2230cc9b0979be6dc797957"
    },
    {
      "address": "0xce7de646e7208a4ef112cb6ed5038fa6cc6b12e3",
      "chainId": 56,
      "decimals": 6,
      "name": "TRON",
      "symbol": "TRX",
      "type": "ERC20",
      "hasLogo": true,
      "blockListsCount": 0,
      "exchangeListsCount": 0,
      "flagListsCount": 0,
      "importedListsCount": 1,
      "buyTax": 0,
      "sellTax": 0,
      "isInDex": true,
      "isHoneypot": false,
      "manualUnblock": false,
      "transactionsHourly": 2,
      "transactionsDaily": 25,
      "transactionsWeekly": 149,
      "transactionsMonthly": 721,
      "volumeUsdHourly": 7.011071623540526,
      "volumeUsdDaily": 133.0374491580421,
      "volumeUsdWeekly": 4472.425971503562,
      "volumeUsdMonthly": 102410.09261699812,
      "logo": "https://matcha-image-proxy.api.0x.org/images/56/0xce7de646e7208a4ef112cb6ed5038fa6cc6b12e3"
    },
    {
      "address": "0xf230b790e05390fc8295f4d3f60332c93bed42e2",
      "chainId": 1,
      "decimals": 6,
      "name": "Tronix",
      "symbol": "TRX",
      "type": "ERC20",
      "hasLogo": true,
      "blockListsCount": 1,
      "exchangeListsCount": 0,
      "flagListsCount": 1,
      "importedListsCount": 0,
      "buyTax": 0,
      "sellTax": 0,
      "isInDex": true,
      "isHoneypot": false,
      "manualUnblock": false,
      "transactionsHourly": 1,
      "transactionsDaily": 4,
      "transactionsWeekly": 13,
      "transactionsMonthly": 50,
      "volumeUsdHourly": 23.4624162433582,
      "volumeUsdDaily": 51.69312062301504,
      "volumeUsdWeekly": 400.8621736203592,
      "volumeUsdMonthly": 4818.750297653241,
      "logo": "https://matcha-image-proxy.api.0x.org/images/1/0xf230b790e05390fc8295f4d3f60332c93bed42e2"
    },
    {
      "address": "0x50327c6c5a14dcade707abad2e27eb517df87ab5",
      "chainId": 1,
      "decimals": 6,
      "name": "TRON",
      "symbol": "TRX",
      "type": "ERC20",
      "hasLogo": true,
      "blockListsCount": 0,
      "exchangeListsCount": 0,
      "flagListsCount": 0,
      "importedListsCount": 3,
      "buyTax": 0,
      "sellTax": 0,
      "isInDex": true,
      "isHoneypot": false,
      "manualUnblock": false,
      "transactionsHourly": 1,
      "transactionsDaily": 8,
      "transactionsWeekly": 107,
      "transactionsMonthly": 446,
      "volumeUsdHourly": 4.53836984403568,
      "volumeUsdDaily": 159.9895348657451,
      "volumeUsdWeekly": 25577.38264477712,
      "volumeUsdMonthly": 160043.294750115,
      "logo": "https://matcha-image-proxy.api.0x.org/images/1/0x50327c6c5a14dcade707abad2e27eb517df87ab5"
    },
    {
      "address": "0x2d060ef4d6bf7f9e5edde373ab735513c0e4f944",
      "chainId": 56,
      "decimals": 18,
      "name": "AITECH",
      "symbol": "AITECH",
      "type": "ERC20",
      "hasLogo": true,
      "blockListsCount": 0,
      "exchangeListsCount": 0,
      "flagListsCount": 0,
      "importedListsCount": 1,
      "buyTax": 0,
      "sellTax": 0,
      "isInDex": true,
      "isHoneypot": false,
      "manualUnblock": false,
      "transactionsHourly": 2,
      "transactionsDaily": 14,
      "transactionsWeekly": 97,
      "transactionsMonthly": 480,
      "volumeUsdHourly": 6.775611374387274,
      "volumeUsdDaily": 1672.87634303798,
      "volumeUsdWeekly": 12197.094542045232,
      "volumeUsdMonthly": 88107.16568286966,
      "logo": "https://matcha-image-proxy.api.0x.org/images/56/0x2d060ef4d6bf7f9e5edde373ab735513c0e4f944"
    },
    {
      "address": "0x0000000000085d4780b73119b644ae5ecd22b376",
      "chainId": 1,
      "decimals": 18,
      "name": "TrueUSD",
      "symbol": "TUSD",
      "type": "ERC20",
      "hasLogo": true,
      "blockListsCount": 0,
      "exchangeListsCount": 0,
      "flagListsCount": 0,
      "importedListsCount": 5,
      "buyTax": 0,
      "sellTax": 0,
      "isInDex": true,
      "isHoneypot": false,
      "manualUnblock": false,
      "transactionsHourly": 1,
      "transactionsDaily": 1,
      "transactionsWeekly": 5,
      "transactionsMonthly": 28,
      "volumeUsdHourly": 1.93340532368557,
      "volumeUsdDaily": 1.94071478035026,
      "volumeUsdWeekly": 452.30197768292226,
      "volumeUsdMonthly": 15123.164096436383,
      "logo": "https://matcha-image-proxy.api.0x.org/images/1/0x0000000000085d4780b73119b644ae5ecd22b376"
    },
    {
      "address": "0x40af3827f39d0eacbf4a168f8d4ee67c121d11c9",
      "chainId": 56,
      "decimals": 18,
      "name": "TrueUSD",
      "symbol": "TUSD",
      "type": "ERC20",
      "hasLogo": true,
      "blockListsCount": 0,
      "exchangeListsCount": 0,
      "flagListsCount": 0,
      "importedListsCount": 1,
      "buyTax": 0,
      "sellTax": 0,
      "isInDex": true,
      "isHoneypot": false,
      "manualUnblock": false,
      "transactionsHourly": 2,
      "transactionsDaily": 2,
      "transactionsWeekly": 4,
      "transactionsMonthly": 43,
      "volumeUsdHourly": 4956.18152449669,
      "volumeUsdDaily": 4954.80689146854,
      "volumeUsdWeekly": 4975.004318068762,
      "volumeUsdMonthly": 22802.910329450024,
      "logo": "https://matcha-image-proxy.api.0x.org/images/56/0x40af3827f39d0eacbf4a168f8d4ee67c121d11c9"
    },
    {
      "address": "GbbesPbaYh5uiAZSYNXTc7w9jty1rpg3P9L4JeN4LkKc",
      "chainId": 1399811149,
      "decimals": 6,
      "name": "TRON",
      "symbol": "TRX",
      "type": "SPL-Token",
      "blockListsCount": 0,
      "exchangeListsCount": 0,
      "flagListsCount": 0,
      "importedListsCount": 0,
      "isHoneypot": false,
      "transactionsDaily": 81,
      "transactionsWeekly": 81,
      "transactionsMonthly": 81,
      "volumeUsdDaily": 941.7426621326264,
      "volumeUsdWeekly": 941.7426621326264,
      "volumeUsdMonthly": 941.7426621326264,
      "logo": "https://matcha-image-proxy.api.0x.org/images/1399811149/GbbesPbaYh5uiAZSYNXTc7w9jty1rpg3P9L4JeN4LkKc"
    },
    {
      "address": "0x12e34cdf6a031a10fe241864c32fb03a4fdad739",
      "chainId": 56,
      "decimals": 18,
      "name": "FREE coin BSC",
      "symbol": "FREE",
      "type": "ERC20",
      "hasLogo": true,
      "blockListsCount": 0,
      "exchangeListsCount": 0,
      "flagListsCount": 0,
      "importedListsCount": 1,
      "buyTax": 0,
      "sellTax": 0,
      "isInDex": true,
      "isHoneypot": false,
      "manualUnblock": false,
      "transactionsHourly": 1,
      "transactionsDaily": 2,
      "transactionsWeekly": 20,
      "transactionsMonthly": 118,
      "volumeUsdHourly": 16.5715180986606,
      "volumeUsdDaily": 16.5715180986606,
      "volumeUsdWeekly": 477.9646074616592,
      "volumeUsdMonthly": 3476.149479115873,
      "logo": "https://matcha-image-proxy.api.0x.org/images/56/0x12e34cdf6a031a10fe241864c32fb03a4fdad739"
    },
    {
      "address": "0xd71552d9e08e5351adb52163b3bbbc4d7de53ce1",
      "chainId": 8453,
      "decimals": 18,
      "name": "AITECH",
      "symbol": "AITECH",
      "type": "ERC20",
      "hasLogo": true,
      "blockListsCount": 0,
      "exchangeListsCount": 0,
      "flagListsCount": 0,
      "importedListsCount": 1,
      "buyTax": 0,
      "sellTax": 0,
      "isInDex": true,
      "isHoneypot": false,
      "manualUnblock": false,
      "transactionsHourly": 1,
      "transactionsDaily": 1,
      "transactionsWeekly": 29,
      "transactionsMonthly": 141,
      "volumeUsdHourly": 1.97975915217786,
      "volumeUsdDaily": 1.97975915217786,
      "volumeUsdWeekly": 3137.6818260543946,
      "volumeUsdMonthly": 21502.20170470091,
      "logo": "https://matcha-image-proxy.api.0x.org/images/8453/0xd71552d9e08e5351adb52163b3bbbc4d7de53ce1"
    },
    {
      "address": "0x1467cb0f4b4d32c95a8684491074b3654625ef94",
      "chainId": 130,
      "decimals": 18,
      "name": "WTRX Matr1x",
      "symbol": "WTRX Matr1x",
      "type": "ERC20",
      "blockListsCount": 1,
      "exchangeListsCount": 0,
      "flagListsCount": 1,
      "importedListsCount": 0,
      "manualUnblock": false,
      "logo": "https://matcha-image-proxy.api.0x.org/images/130/0x1467cb0f4b4d32c95a8684491074b3654625ef94"
    }
  ],
  "searchTime": "2025-12-30T01:57:10.612Z",
  "error": null
}