{
  "originalSymbol": "STORJ",
  "originalFullName": "Storj",
  "searchedQuery": "STORJ Storj",
  "retried": false,
  "isL1": false,
  "success": true,
  "tokenCount": 15,
  "resultCount": 646,
  "tokens": [
    {
      "address": "0xb64ef51c888972c908cfacf59b47c1afbc0ab8ac",
      "chainId": 1,
      "decimals": 8,
      "name": "StorjToken",
      "symbol": "STORJ",
      "type": "ERC20",
      "hasLogo": true,
      "blockListsCount": 0,
      "exchangeListsCount": 1,
      "flagListsCount": 0,
      "importedListsCount": 4,
      "buyTax": 0,
      "sellTax": 0,
      "isInDex": true,
      "isHoneypot": false,
      "manualUnblock": false,
      "transactionsHourly": 1,
      "transactionsDaily": 5,
      "transactionsWeekly": 15,
      "transactionsMonthly": 74,
      "volumeUsdHourly": 8.73059265063151,
      "volumeUsdDaily": 541.7575930808352,
      "volumeUsdWeekly": 4252.800740452323,
      "volumeUsdMonthly": 12256.866292565232,
      "logo": "https://matcha-image-proxy.api.0x.org/images/1/0xb64ef51c888972c908cfacf59b47c1afbc0ab8ac"
    },
    {
      "address": "0x11edcac3c97618e97801593f7ad3f151e03de865",
      "chainId": 8453,
      "decimals": 18,
      "name": "Storj STORJ",
      "symbol": "Storj STORJ",
      "type": "ERC20",
      "blockListsCount": 0,
      "exchangeListsCount": 0,
      "flagListsCount": 0,
      "importedListsCount": 0,
      "buyTax": 0,
      "sellTax": 0,
      "isInDex": true,
      "isHoneypot": false,
      "logo": "https://matcha-image-proxy.api.0x.org/images/8453/0x11edcac3c97618e97801593f7ad3f151e03de865"
    },
    {
      "address": "0xc047855f4669fe43ff05092e4be40118ef1c17c3",
      "chainId": 130,
      "decimals": 18,
      "name": "Storj STORJ",
      "symbol": "Storj STORJ",
      "type": "ERC20",
      "blockListsCount": 0,
      "exchangeListsCount": 0,
      "flagListsCount": 0,
      "importedListsCount": 0,
      "logo": "https://matcha-image-proxy.api.0x.org/images/130/0xc047855f4669fe43ff05092e4be40118ef1c17c3"
    },
    {
      "address": "0x5501b2242133c0116154bf6929534b9a0327b6af",
      "chainId": 130,
      "decimals": 18,
      "name": "Storj STORJ",
      "symbol": "Storj STORJ",
      "type": "ERC20",
      "blockListsCount": 0,
      "exchangeListsCount": 0,
      "flagListsCount": 0,
      "importedListsCount": 0,
      "logo": "https://matcha-image-proxy.api.0x.org/images/130/0x5501b2242133c0116154bf6929534b9a0327b6af"
    },
    {
      "address": "0xf705d3d8585a1f951764da79f7d638d0adf5fb63",
      "chainId": 130,
      "decimals": 18,
      "name": "Storj STORJ",
      "symbol": "Storj STORJ",
      "type": "ERC20",
      "blockListsCount": 0,
      "exchangeListsCount": 0,
      "flagListsCount": 0,
      "importedListsCount": 0,
      "logo": "https://matcha-image-proxy.api.0x.org/images/130/0xf705d3d8585a1f951764da79f7d638d0adf5fb63"
    },
    {
      "address": "0xe392bbf30fd30573ef55f955e5cf1d2877412db7",
      "chainId": 8453,
      "decimals": 18,
      "name": "Storj STORJ V2",
      "symbol": "Storj STORJ V2",
      "type": "ERC20",
      "blockListsCount": 0,
      "exchangeListsCount": 0,
      "flagListsCount": 0,
      "importedListsCount": 0,
      "buyTax": 0,
      "sellTax": 0,
      "isInDex": true,
      "isHoneypot": false,
      "logo": "https://matcha-image-proxy.api.0x.org/images/8453/0xe392bbf30fd30573ef55f955e5cf1d2877412db7"
    },
    {
      "address": "0x74e51907f19e0c75cc446c8d44ffa8591f095e34",
      "chainId": 8453,
      "decimals": 9,
      "name": "Trump - Storj STORJ",
      "symbol": "Trump - Storj STORJ",
      "type": "ERC20",
      "blockListsCount": 0,
      "exchangeListsCount": 0,
      "flagListsCount": 0,
      "importedListsCount": 0,
      "buyTax": 0,
      "sellTax": 0,
      "isInDex": true,
      "isHoneypot": false,
      "logo": "https://matcha-image-proxy.api.0x.org/images/8453/0x74e51907f19e0c75cc446c8d44ffa8591f095e34"
    },
    {
      "address": "0x6f5b91f65885b4c1edf76852f2a0400e709e9cbe",
      "chainId": 56,
      "decimals": 9,
      "name": "Perp Storj STORJ",
      "symbol": "PERP STORJ STORJ",
      "type": "ERC20",
      "blockListsCount": 0,
      "exchangeListsCount": 0,
      "flagListsCount": 0,
      "importedListsCount": 0,
      "logo": "https://matcha-image-proxy.api.0x.org/images/56/0x6f5b91f65885b4c1edf76852f2a0400e709e9cbe"
    },
    {
      "address": "0x75089b635387f00c04d6836341b9ae80fc095a96",
      "chainId": 8453,
      "decimals": 18,
      "name": "Storj STORJ Reserve",
      "symbol": "Storj STORJ Reserve",
      "type": "ERC20",
      "blockListsCount": 0,
      "exchangeListsCount": 0,
      "flagListsCount": 0,
      "importedListsCount": 0,
      "logo": "https://matcha-image-proxy.api.0x.org/images/8453/0x75089b635387f00c04d6836341b9ae80fc095a96"
    },
    {
      "address": "0x6b0001fccbc1ed97e6f03d6a186260bbbfc8dd28",
      "chainId": 8453,
      "decimals": 9,
      "name": "Storj STORJ Mobile",
      "symbol": "Storj STORJ Mobile",
      "type": "ERC20",
      "blockListsCount": 0,
      "exchangeListsCount": 0,
      "flagListsCount": 0,
      "importedListsCount": 0,
      "logo": "https://matcha-image-proxy.api.0x.org/images/8453/0x6b0001fccbc1ed97e6f03d6a186260bbbfc8dd28"
    },
    {
      "address": "0xa6df3f66ddb7963eda5f7749366449ae537c26e0",
      "chainId": 8453,
      "decimals": 18,
      "name": "Storj STORJ - Free",
      "symbol": "Storj STORJ - Free",
      "type": "ERC20",
      "blockListsCount": 0,
      "exchangeListsCount": 0,
      "flagListsCount": 0,
      "importedListsCount": 0,
      "buyTax": 0,
      "sellTax": 0,
      "isInDex": true,
      "isHoneypot": false,
      "logo": "https://matcha-image-proxy.api.0x.org/images/8453/0xa6df3f66ddb7963eda5f7749366449ae537c26e0"
    },
    {
      "address": "0xb43dd872c534a2150eeeb0cb7bcdd18f7b9e6663",
      "chainId": 8453,
      "decimals": 9,
      "name": "Storj STORJ Red",
      "symbol": "Storj STORJ Red",
      "type": "ERC20",
      "blockListsCount": 0,
      "exchangeListsCount": 0,
      "flagListsCount": 0,
      "importedListsCount": 0,
      "buyTax": 0,
      "sellTax": 0,
      "isInDex": true,
      "isHoneypot": false,
      "logo": "https://matcha-image-proxy.api.0x.org/images/8453/0xb43dd872c534a2150eeeb0cb7bcdd18f7b9e6663"
    },
    {
      "address": "0x21f521f72eb4b9478addbd0c9a47e2a3868666b4",
      "chainId": 8453,
      "decimals": 18,
      "name": "Storj STORJ V3",
      "symbol": "Storj STORJ V3",
      "type": "ERC20",
      "blockListsCount": 0,
      "exchangeListsCount": 0,
      "flagListsCount": 0,
      "importedListsCount": 0,
      "logo": "https://matcha-image-proxy.api.0x.org/images/8453/0x21f521f72eb4b9478addbd0c9a47e2a3868666b4"
    },
    {
      "address": "0xb9170912d2f24b3e4312f2455a1d4304c9aae8f2",
      "chainId": 8453,
      "decimals": 9,
      "name": "Storj STORJ - AI",
      "symbol": "Storj STORJ - AI",
      "type": "ERC20",
      "blockListsCount": 0,
      "exchangeListsCount": 0,
      "flagListsCount": 0,
      "importedListsCount": 0,
      "buyTax": 0,
      "sellTax": 0,
      "isInDex": true,
      "isHoneypot": false,
      "logo": "https://matcha-image-proxy.api.0x.org/images/8453/0xb9170912d2f24b3e4312f2455a1d4304c9aae8f2"
    },
    {
      "address": "0x48822e0ab29b140f07c887c93a250b9e05346b30",
      "chainId": 130,
      "decimals": 18,
      "name": "Storj STORJ V2",
      "symbol": "Storj STORJ V2",
      "type": "ERC20",
      "blockListsCount": 0,
      "exchangeListsCount": 0,
      "flagListsCount": 0,
      "importedListsCount": 0,
      "logo": "https://matcha-image-proxy.api.0x.org/images/130/0x48822e0ab29b140f07c887c93a250b9e05346b30"
    }
  ],
  "searchTime": "2025-12-30T01:58:07.240Z",
  "error": null
}