{
  "originalSymbol": "ZORA",
  "originalFullName": "Zora",
  "searchedQuery": "ZORA Zora",
  "retried": false,
  "isL1": false,
  "success": true,
  "tokenCount": 15,
  "resultCount": 10000,
  "tokens": [
    {
      "address": "0x1111111111166b7fe7bd91427724b487980afc69",
      "chainId": 8453,
      "decimals": 18,
      "name": "Zora",
      "symbol": "ZORA",
      "type": "ERC20",
      "hasLogo": true,
      "blockListsCount": 0,
      "exchangeListsCount": 0,
      "flagListsCount": 0,
      "importedListsCount": 2,
      "buyTax": 0,
      "sellTax": 0,
      "isInDex": true,
      "isHoneypot": false,
      "manualUnblock": false,
      "transactionsHourly": 41,
      "transactionsDaily": 2017,
      "transactionsWeekly": 12981,
      "transactionsMonthly": 58508,
      "volumeUsdHourly": 640.2520277023718,
      "volumeUsdDaily": 773122.9724378372,
      "volumeUsdWeekly": 1615647.789157225,
      "volumeUsdMonthly": 8405170.64560221,
      "logo": "https://matcha-image-proxy.api.0x.org/images/8453/0x1111111111166b7fe7bd91427724b487980afc69"
    },
    {
      "address": "0x50f88fe97f72cd3e75b9eb4f747f59bceba80d59",
      "chainId": 8453,
      "decimals": 18,
      "name": "jesse",
      "symbol": "jesse",
      "type": "ERC20",
      "hasLogo": true,
      "issuer": {
        "name": "zora",
        "metadata": {}
      },
      "blockListsCount": 0,
      "exchangeListsCount": 0,
      "flagListsCount": 0,
      "importedListsCount": 1,
      "isHoneypot": false,
      "manualUnblock": false,
      "transactionsHourly": 25,
      "transactionsDaily": 1137,
      "transactionsWeekly": 26296,
      "transactionsMonthly": 120447,
      "volumeUsdHourly": 309.21266032345966,
      "volumeUsdDaily": 75305.26257547109,
      "volumeUsdWeekly": 1662224.8803891223,
      "volumeUsdMonthly": 7632917.004055542,
      "logo": "https://matcha-image-proxy.api.0x.org/images/8453/0x50f88fe97f72cd3e75b9eb4f747f59bceba80d59"
    },
    {
      "address": "0x56f8ad6112c2db9f9848243531b277ce1c3be30c",
      "chainId": 8453,
      "decimals": 18,
      "name": "dockerzxbt",
      "symbol": "dockerzxbt",
      "type": "ERC20",
      "hasLogo": true,
      "issuer": {
        "name": "zora",
        "metadata": {}
      },
      "blockListsCount": 0,
      "exchangeListsCount": 0,
      "flagListsCount": 0,
      "importedListsCount": 1,
      "buyTax": 0,
      "sellTax": 0,
      "isInDex": true,
      "isHoneypot": false,
      "manualUnblock": false,
      "transactionsHourly": 5,
      "transactionsDaily": 103,
      "transactionsWeekly": 1225,
      "transactionsMonthly": 5118,
      "volumeUsdHourly": 10.113828563359458,
      "volumeUsdDaily": 10226.476625289226,
      "volumeUsdWeekly": 72263.29517793813,
      "volumeUsdMonthly": 560354.1362194307,
      "logo": "https://matcha-image-proxy.api.0x.org/images/8453/0x56f8ad6112c2db9f9848243531b277ce1c3be30c"
    },
    {
      "address": "0xf5a346ab106042d19743532162c2b07d22414557",
      "chainId": 8453,
      "decimals": 18,
      "name": "lilmiquela.base.eth",
      "symbol": "lilmiquela.base.eth",
      "type": "ERC20",
      "hasLogo": true,
      "issuer": {
        "name": "zora",
        "metadata": {}
      },
      "blockListsCount": 0,
      "exchangeListsCount": 0,
      "flagListsCount": 0,
      "importedListsCount": 1,
      "isHoneypot": false,
      "manualUnblock": false,
      "transactionsHourly": 7,
      "transactionsDaily": 62,
      "transactionsWeekly": 1022,
      "transactionsMonthly": 5814,
      "volumeUsdHourly": 743.521103731373,
      "volumeUsdDaily": 10277.764342626991,
      "volumeUsdWeekly": 92029.4918664718,
      "volumeUsdMonthly": 762204.9342755142,
      "logo": "https://matcha-image-proxy.api.0x.org/images/8453/0xf5a346ab106042d19743532162c2b07d22414557"
    },
    {
      "address": "0xf4d7fd100b5b03e51261a2e6a673632ef2c68896",
      "chainId": 8453,
      "decimals": 18,
      "name": "coinage",
      "symbol": "coinage",
      "type": "ERC20",
      "hasLogo": true,
      "issuer": {
        "name": "zora",
        "metadata": {}
      },
      "blockListsCount": 0,
      "exchangeListsCount": 0,
      "flagListsCount": 0,
      "importedListsCount": 1,
      "buyTax": 0,
      "sellTax": 0,
      "isInDex": true,
      "isHoneypot": false,
      "manualUnblock": false,
      "transactionsHourly": 1,
      "transactionsDaily": 82,
      "transactionsWeekly": 644,
      "transactionsMonthly": 2142,
      "volumeUsdHourly": 0.155046490080363,
      "volumeUsdDaily": 12682.981163868317,
      "volumeUsdWeekly": 21087.16029581009,
      "volumeUsdMonthly": 86085.6261657564,
      "logo": "https://matcha-image-proxy.api.0x.org/images/8453/0xf4d7fd100b5b03e51261a2e6a673632ef2c68896"
    },
    {
      "address": "0xbdb551e5e676d75a3ce84310d85423b7bf256d33",
      "chainId": 8453,
      "decimals": 18,
      "name": "(zora zora zora zora zora zora zora zora",
      "symbol": "'zora zora zora zora zora zora zora zora",
      "type": "ERC20",
      "issuer": {
        "name": "zora",
        "metadata": {}
      },
      "blockListsCount": 0,
      "exchangeListsCount": 0,
      "flagListsCount": 0,
      "importedListsCount": 0,
      "logo": "https://matcha-image-proxy.api.0x.org/images/8453/0xbdb551e5e676d75a3ce84310d85423b7bf256d33"
    },
    {
      "address": "0x23bc66678b7461a5b98305c957b6449399279252",
      "chainId": 8453,
      "decimals": 18,
      "name": "Zora Zora Zora Zora Zora",
      "symbol": "Zora Zora Zora Zora Zora",
      "type": "ERC20",
      "issuer": {
        "name": "zora",
        "metadata": {}
      },
      "blockListsCount": 0,
      "exchangeListsCount": 0,
      "flagListsCount": 0,
      "importedListsCount": 0,
      "buyTax": null,
      "sellTax": null,
      "isInDex": false,
      "isHoneypot": false,
      "logo": "https://matcha-image-proxy.api.0x.org/images/8453/0x23bc66678b7461a5b98305c957b6449399279252"
    },
    {
      "address": "0xd2fea9a34f82ba02fad825c213a95fd937d8a70b",
      "chainId": 8453,
      "decimals": 18,
      "name": "Zora zora zora zora",
      "symbol": "Zora zora zora zora",
      "type": "ERC20",
      "issuer": {
        "name": "zora",
        "metadata": {}
      },
      "blockListsCount": 0,
      "exchangeListsCount": 0,
      "flagListsCount": 0,
      "importedListsCount": 0,
      "buyTax": null,
      "sellTax": null,
      "isInDex": false,
      "isHoneypot": false,
      "logo": "https://matcha-image-proxy.api.0x.org/images/8453/0xd2fea9a34f82ba02fad825c213a95fd937d8a70b"
    },
    {
      "address": "0x1ceb27c6cbeb7ddf1749ab981c9fce76ace607bd",
      "chainId": 8453,
      "decimals": 18,
      "name": "zora zora zora zora zora",
      "symbol": "zora zora zora zora zora",
      "type": "ERC20",
      "issuer": {
        "name": "zora",
        "metadata": {}
      },
      "blockListsCount": 0,
      "exchangeListsCount": 0,
      "flagListsCount": 0,
      "importedListsCount": 0,
      "buyTax": 0,
      "sellTax": 0,
      "isInDex": true,
      "isHoneypot": false,
      "logo": "https://matcha-image-proxy.api.0x.org/images/8453/0x1ceb27c6cbeb7ddf1749ab981c9fce76ace607bd"
    },
    {
      "address": "0xb9cf7b4ca1d4756185c348c8c04758337794e90f",
      "chainId": 8453,
      "decimals": 18,
      "name": "QZora Zora Zora Zora Zora Zora Zora Zora Zora Zora Zora Zora Zora Zora ONLY (ZORA)",
      "symbol": "QZora Zora Zora Zora Zora Zora Zora Zora Zora Zora Zora Zora Zora Zora ONLY (ZORA)",
      "type": "ERC20",
      "issuer": {
        "name": "zora",
        "metadata": {}
      },
      "blockListsCount": 0,
      "exchangeListsCount": 0,
      "flagListsCount": 0,
      "importedListsCount": 0,
      "buyTax": null,
      "sellTax": null,
      "isInDex": false,
      "isHoneypot": false,
      "logo": "https://matcha-image-proxy.api.0x.org/images/8453/0xb9cf7b4ca1d4756185c348c8c04758337794e90f"
    },
    {
      "address": "0xb1b968b79b1224b71edd4d06951f68e7add49076",
      "chainId": 8453,
      "decimals": 18,
      "name": "ZORA ZORA ZORA ZORA",
      "symbol": "ZORA ZORA ZORA ZORA",
      "type": "ERC20",
      "issuer": {
        "name": "zora",
        "metadata": {}
      },
      "blockListsCount": 0,
      "exchangeListsCount": 0,
      "flagListsCount": 0,
      "importedListsCount": 0,
      "buyTax": null,
      "sellTax": null,
      "isInDex": false,
      "isHoneypot": false,
      "logo": "https://matcha-image-proxy.api.0x.org/images/8453/0xb1b968b79b1224b71edd4d06951f68e7add49076"
    },
    {
      "address": "0xbfa3467bd80a39b9c2aea58e5ef38bdc6a6e344e",
      "chainId": 8453,
      "decimals": 18,
      "name": "Zora Zora Zora",
      "symbol": "Zora Zora Zora",
      "type": "ERC20",
      "issuer": {
        "name": "zora",
        "metadata": {}
      },
      "blockListsCount": 0,
      "exchangeListsCount": 0,
      "flagListsCount": 0,
      "importedListsCount": 0,
      "buyTax": null,
      "sellTax": null,
      "isInDex": false,
      "isHoneypot": false,
      "logo": "https://matcha-image-proxy.api.0x.org/images/8453/0xbfa3467bd80a39b9c2aea58e5ef38bdc6a6e344e"
    },
    {
      "address": "0xb593a42de9ed84386289730aefc9df338cde9db7",
      "chainId": 8453,
      "decimals": 18,
      "name": "Zora Zora Zora",
      "symbol": "Zora Zora Zora",
      "type": "ERC20",
      "issuer": {
        "name": "zora",
        "metadata": {}
      },
      "blockListsCount": 0,
      "exchangeListsCount": 0,
      "flagListsCount": 0,
      "importedListsCount": 0,
      "logo": "https://matcha-image-proxy.api.0x.org/images/8453/0xb593a42de9ed84386289730aefc9df338cde9db7"
    },
    {
      "address": "0xe9cfb6ebaee55e28d7d39c6c305b6c67ba1d4e4b",
      "chainId": 8453,
      "decimals": 18,
      "name": "zora zora zora",
      "symbol": "zora zora zora",
      "type": "ERC20",
      "issuer": {
        "name": "zora",
        "metadata": {}
      },
      "blockListsCount": 0,
      "exchangeListsCount": 0,
      "flagListsCount": 0,
      "importedListsCount": 0,
      "logo": "https://matcha-image-proxy.api.0x.org/images/8453/0xe9cfb6ebaee55e28d7d39c6c305b6c67ba1d4e4b"
    },
    {
      "address": "0xa426d3c982896f0e9e7b9c41bb4f0e6c80f6d62a",
      "chainId": 8453,
      "decimals": 18,
      "name": "Zora zora zora",
      "symbol": "Zora zora zora",
      "type": "ERC20",
      "issuer": {
        "name": "zora",
        "metadata": {}
      },
      "blockListsCount": 0,
      "exchangeListsCount": 0,
      "flagListsCount": 0,
      "importedListsCount": 0,
      "buyTax": null,
      "sellTax": null,
      "isInDex": false,
      "isHoneypot": false,
      "logo": "https://matcha-image-proxy.api.0x.org/images/8453/0xa426d3c982896f0e9e7b9c41bb4f0e6c80f6d62a"
    }
  ],
  "searchTime": "2025-12-30T01:58:39.453Z",
  "error": null
}