{
  "originalSymbol": "ARDR",
  "originalFullName": "Ardor",
  "searchedQuery": "ARDR Ardor",
  "retried": true,
  "isL1": true,
  "success": true,
  "tokenCount": 15,
  "resultCount": 512,
  "tokens": [
    {
      "address": "0x5b837bf7697110fb93c29c1d82c6ec6d7e602864",
      "chainId": 8453,
      "decimals": 18,
      "name": "ardoreros",
      "symbol": "ardoreros",
      "type": "ERC20",
      "issuer": {
        "name": "zora",
        "metadata": {}
      },
      "blockListsCount": 0,
      "exchangeListsCount": 0,
      "flagListsCount": 0,
      "importedListsCount": 0,
      "logo": "https://matcha-image-proxy.api.0x.org/images/8453/0x5b837bf7697110fb93c29c1d82c6ec6d7e602864"
    },
    {
      "address": "0xf1d1b7e906bfaa2570e92313e79c6c3187dbdb28",
      "chainId": 130,
      "decimals": 18,
      "name": "MEME•ECONOMICS Ardor",
      "symbol": "MEME•ECONOMICS Ardor",
      "type": "ERC20",
      "blockListsCount": 0,
      "exchangeListsCount": 0,
      "flagListsCount": 0,
      "importedListsCount": 0,
      "logo": "https://matcha-image-proxy.api.0x.org/images/130/0xf1d1b7e906bfaa2570e92313e79c6c3187dbdb28"
    },
    {
      "address": "0xb7013f698bbfc85e7c9270751ad64c21b2960e51",
      "chainId": 8453,
      "decimals": 9,
      "name": "ARDORA",
      "symbol": "Ardor ARDR Ripple XRP On Base",
      "type": "ERC20",
      "blockListsCount": 0,
      "exchangeListsCount": 0,
      "flagListsCount": 0,
      "importedListsCount": 0,
      "buyTax": 0,
      "sellTax": 0,
      "isInDex": true,
      "isHoneypot": false,
      "logo": "https://matcha-image-proxy.api.0x.org/images/8453/0xb7013f698bbfc85e7c9270751ad64c21b2960e51"
    },
    {
      "address": "0x8e4fdca0e3bcab7aca2a7a1a945b259a8e200cfb",
      "chainId": 8453,
      "decimals": 9,
      "name": "Ardor ARDR",
      "symbol": "ARDORA",
      "type": "ERC20",
      "blockListsCount": 0,
      "exchangeListsCount": 0,
      "flagListsCount": 0,
      "importedListsCount": 0,
      "buyTax": 0,
      "sellTax": 0,
      "isInDex": true,
      "isHoneypot": false,
      "logo": "https://matcha-image-proxy.api.0x.org/images/8453/0x8e4fdca0e3bcab7aca2a7a1a945b259a8e200cfb"
    },
    {
      "address": "0xb507db92ccffdbe066365b9f3db0ece03bc25427",
      "chainId": 130,
      "decimals": 18,
      "name": "Ardor ARDR",
      "symbol": "Ardor ARDR",
      "type": "ERC20",
      "blockListsCount": 0,
      "exchangeListsCount": 0,
      "flagListsCount": 0,
      "importedListsCount": 0,
      "logo": "https://matcha-image-proxy.api.0x.org/images/130/0xb507db92ccffdbe066365b9f3db0ece03bc25427"
    },
    {
      "address": "0xd3bfe0bc2d2ce8901fc209e78bc24f5d0ad9e7ba",
      "chainId": 8453,
      "decimals": 18,
      "name": "Ardor Wojak Finance",
      "symbol": "Ardor Woja",
      "type": "ERC20",
      "blockListsCount": 0,
      "exchangeListsCount": 0,
      "flagListsCount": 0,
      "importedListsCount": 0,
      "buyTax": 0,
      "sellTax": 0,
      "isInDex": true,
      "isHoneypot": false,
      "logo": "https://matcha-image-proxy.api.0x.org/images/8453/0xd3bfe0bc2d2ce8901fc209e78bc24f5d0ad9e7ba"
    },
    {
      "address": "0x087e486185b4d2003e274da2a57f2b5fe075cd1e",
      "chainId": 8453,
      "decimals": 18,
      "name": "Ardor AI",
      "symbol": "Ardor AI",
      "type": "ERC20",
      "blockListsCount": 0,
      "exchangeListsCount": 0,
      "flagListsCount": 0,
      "importedListsCount": 0,
      "buyTax": 0,
      "sellTax": 0,
      "isInDex": true,
      "isHoneypot": false,
      "logo": "https://matcha-image-proxy.api.0x.org/images/8453/0x087e486185b4d2003e274da2a57f2b5fe075cd1e"
    },
    {
      "address": "0xcfcb8b0ee371acc699ed3af14fff34903675beb0",
      "chainId": 130,
      "decimals": 18,
      "name": "Ardor SILVA",
      "symbol": "Ardor SILVA",
      "type": "ERC20",
      "blockListsCount": 0,
      "exchangeListsCount": 0,
      "flagListsCount": 0,
      "importedListsCount": 0,
      "logo": "https://matcha-image-proxy.api.0x.org/images/130/0xcfcb8b0ee371acc699ed3af14fff34903675beb0"
    },
    {
      "address": "0x08cc1211c6a1ff55af005fb83b77355e76849c4b",
      "chainId": 130,
      "decimals": 18,
      "name": "Decred Ardor",
      "symbol": "Decred Ardor",
      "type": "ERC20",
      "blockListsCount": 0,
      "exchangeListsCount": 0,
      "flagListsCount": 0,
      "importedListsCount": 0,
      "logo": "https://matcha-image-proxy.api.0x.org/images/130/0x08cc1211c6a1ff55af005fb83b77355e76849c4b"
    },
    {
      "address": "0x9965757f87240de88dc28cf6bf1b443be30a8bc9",
      "chainId": 8453,
      "decimals": 9,
      "name": "ARDORM",
      "symbol": "Ardor Mars Ecosystem Token",
      "type": "ERC20",
      "blockListsCount": 0,
      "exchangeListsCount": 0,
      "flagListsCount": 0,
      "importedListsCount": 0,
      "buyTax": 0,
      "sellTax": 0,
      "isInDex": true,
      "isHoneypot": false,
      "logo": "https://matcha-image-proxy.api.0x.org/images/8453/0x9965757f87240de88dc28cf6bf1b443be30a8bc9"
    },
    {
      "address": "0x09c911e29f1c01e66c4759d8bf61ab4b4a431644",
      "chainId": 130,
      "decimals": 18,
      "name": "Ardor Unizen",
      "symbol": "Ardor Unizen",
      "type": "ERC20",
      "blockListsCount": 0,
      "exchangeListsCount": 0,
      "flagListsCount": 0,
      "importedListsCount": 0,
      "logo": "https://matcha-image-proxy.api.0x.org/images/130/0x09c911e29f1c01e66c4759d8bf61ab4b4a431644"
    },
    {
      "address": "0x71b2aec4ceb053748d817150d579f86d8238ce21",
      "chainId": 8453,
      "decimals": 18,
      "name": "ARDORW",
      "symbol": "Ardor Wojak Finance",
      "type": "ERC20",
      "blockListsCount": 0,
      "exchangeListsCount": 0,
      "flagListsCount": 0,
      "importedListsCount": 0,
      "buyTax": 0,
      "sellTax": 0,
      "isInDex": true,
      "isHoneypot": false,
      "logo": "https://matcha-image-proxy.api.0x.org/images/8453/0x71b2aec4ceb053748d817150d579f86d8238ce21"
    },
    {
      "address": "0x1855b418dd706c00bd916a57a0096490441de723",
      "chainId": 8453,
      "decimals": 18,
      "name": "Ardor Keep3rV1",
      "symbol": "Ardor Keep3rV1",
      "type": "ERC20",
      "blockListsCount": 0,
      "exchangeListsCount": 0,
      "flagListsCount": 0,
      "importedListsCount": 0,
      "buyTax": 0,
      "sellTax": 0,
      "isInDex": true,
      "isHoneypot": false,
      "logo": "https://matcha-image-proxy.api.0x.org/images/8453/0x1855b418dd706c00bd916a57a0096490441de723"
    },
    {
      "address": "0x260bfa28788883c394e514cff5233f590e13d966",
      "chainId": 130,
      "decimals": 18,
      "name": "Ardor ARDR",
      "symbol": "Ardor ARDR",
      "type": "ERC20",
      "blockListsCount": 0,
      "exchangeListsCount": 0,
      "flagListsCount": 0,
      "importedListsCount": 0,
      "logo": "https://matcha-image-proxy.api.0x.org/images/130/0x260bfa28788883c394e514cff5233f590e13d966"
    },
    {
      "address": "0x0e1bb1a4bdf920553f0e213bda0145f130de3ea1",
      "chainId": 56,
      "decimals": 18,
      "name": "Ardor Protocol",
      "symbol": "Ardor",
      "type": "ERC20",
      "blockListsCount": 0,
      "exchangeListsCount": 0,
      "flagListsCount": 0,
      "importedListsCount": 0,
      "buyTax": 0,
      "sellTax": 0,
      "isInDex": true,
      "isHoneypot": false,
      "logo": "https://matcha-image-proxy.api.0x.org/images/56/0x0e1bb1a4bdf920553f0e213bda0145f130de3ea1"
    }
  ],
  "searchTime": "2025-12-30T01:57:41.003Z",
  "error": null
}