{
  "originalSymbol": "ZRO",
  "originalFullName": "LayerZero",
  "searchedQuery": "ZRO LayerZero",
  "retried": false,
  "isL1": false,
  "success": true,
  "tokenCount": 15,
  "resultCount": 3739,
  "tokens": [
    {
      "address": "0x6985884c4392d348587b19cb9eaaf157f13271cd",
      "chainId": 8453,
      "decimals": 18,
      "name": "LayerZero",
      "symbol": "ZRO",
      "type": "ERC20",
      "hasLogo": true,
      "blockListsCount": 0,
      "exchangeListsCount": 0,
      "flagListsCount": 0,
      "importedListsCount": 2,
      "buyTax": 0,
      "sellTax": 0,
      "isInDex": true,
      "isHoneypot": false,
      "manualUnblock": false,
      "transactionsHourly": 8,
      "transactionsDaily": 226,
      "transactionsWeekly": 3525,
      "transactionsMonthly": 15941,
      "volumeUsdHourly": 5.68616243551215,
      "volumeUsdDaily": 4154.47522984712,
      "volumeUsdWeekly": 86772.1640187726,
      "volumeUsdMonthly": 484122.69841929094,
      "logo": "https://matcha-image-proxy.api.0x.org/images/8453/0x6985884c4392d348587b19cb9eaaf157f13271cd"
    },
    {
      "address": "0x6985884c4392d348587b19cb9eaaf157f13271cd",
      "chainId": 42161,
      "decimals": 18,
      "name": "LayerZero",
      "symbol": "ZRO",
      "type": "ERC20",
      "hasLogo": true,
      "blockListsCount": 0,
      "exchangeListsCount": 0,
      "flagListsCount": 0,
      "importedListsCount": 2,
      "buyTax": 0,
      "sellTax": 0,
      "isInDex": true,
      "isHoneypot": false,
      "manualUnblock": false,
      "transactionsHourly": 9,
      "transactionsDaily": 42,
      "transactionsWeekly": 546,
      "transactionsMonthly": 1851,
      "volumeUsdHourly": 92.52473151962538,
      "volumeUsdDaily": 7302.090400997509,
      "volumeUsdWeekly": 99252.96416119213,
      "volumeUsdMonthly": 281823.8246073287,
      "logo": "https://matcha-image-proxy.api.0x.org/images/42161/0x6985884c4392d348587b19cb9eaaf157f13271cd"
    },
    {
      "address": "0x6985884c4392d348587b19cb9eaaf157f13271cd",
      "chainId": 1,
      "decimals": 18,
      "name": "LayerZero",
      "symbol": "ZRO",
      "type": "ERC20",
      "hasLogo": true,
      "blockListsCount": 0,
      "exchangeListsCount": 0,
      "flagListsCount": 0,
      "importedListsCount": 3,
      "buyTax": 0,
      "sellTax": 0,
      "isInDex": true,
      "isHoneypot": false,
      "manualUnblock": false,
      "transactionsHourly": 1,
      "transactionsDaily": 4,
      "transactionsWeekly": 45,
      "transactionsMonthly": 273,
      "volumeUsdHourly": 27.8945053855509,
      "volumeUsdDaily": 717.553022777282,
      "volumeUsdWeekly": 232977.37179431313,
      "volumeUsdMonthly": 635215.8094741259,
      "logo": "https://matcha-image-proxy.api.0x.org/images/1/0x6985884c4392d348587b19cb9eaaf157f13271cd"
    },
    {
      "address": "0x6985884c4392d348587b19cb9eaaf157f13271cd",
      "chainId": 10,
      "decimals": 18,
      "name": "LayerZero",
      "symbol": "ZRO",
      "type": "ERC20",
      "hasLogo": true,
      "blockListsCount": 0,
      "exchangeListsCount": 0,
      "flagListsCount": 0,
      "importedListsCount": 2,
      "buyTax": null,
      "sellTax": null,
      "isInDex": true,
      "isHoneypot": false,
      "manualUnblock": false,
      "transactionsHourly": 1,
      "transactionsDaily": 13,
      "transactionsWeekly": 72,
      "transactionsMonthly": 358,
      "volumeUsdHourly": 61.652545958308,
      "volumeUsdDaily": 231.55949025699488,
      "volumeUsdWeekly": 2309.5088008440744,
      "volumeUsdMonthly": 16101.030430779112,
      "logo": "https://matcha-image-proxy.api.0x.org/images/10/0x6985884c4392d348587b19cb9eaaf157f13271cd"
    },
    {
      "address": "0x6985884c4392d348587b19cb9eaaf157f13271cd",
      "chainId": 56,
      "decimals": 18,
      "name": "LayerZero",
      "symbol": "ZRO",
      "type": "ERC20",
      "hasLogo": true,
      "blockListsCount": 0,
      "exchangeListsCount": 0,
      "flagListsCount": 0,
      "importedListsCount": 2,
      "buyTax": 0,
      "sellTax": 0,
      "isInDex": true,
      "isHoneypot": false,
      "manualUnblock": false,
      "transactionsHourly": 1,
      "transactionsDaily": 8,
      "transactionsWeekly": 29,
      "transactionsMonthly": 101,
      "volumeUsdHourly": 1.76363346692248,
      "volumeUsdDaily": 3538.4367576467125,
      "volumeUsdWeekly": 6769.692807702864,
      "volumeUsdMonthly": 9136.68465020802,
      "logo": "https://matcha-image-proxy.api.0x.org/images/56/0x6985884c4392d348587b19cb9eaaf157f13271cd"
    },
    {
      "address": "0x3082cc23568ea640225c2467653db90e9250aaa0",
      "chainId": 42161,
      "decimals": 18,
      "name": "Radiant",
      "symbol": "RDNT",
      "type": "ERC20",
      "hasLogo": true,
      "blockListsCount": 0,
      "exchangeListsCount": 0,
      "flagListsCount": 0,
      "importedListsCount": 1,
      "buyTax": 0,
      "sellTax": 0,
      "isInDex": true,
      "isHoneypot": false,
      "manualUnblock": false,
      "transactionsHourly": 1,
      "transactionsDaily": 20,
      "transactionsWeekly": 90,
      "transactionsMonthly": 820,
      "volumeUsdHourly": 601.405045704158,
      "volumeUsdDaily": 8620.631116934132,
      "volumeUsdWeekly": 30955.63903077882,
      "volumeUsdMonthly": 353893.6231559842,
      "logo": "https://matcha-image-proxy.api.0x.org/images/42161/0x3082cc23568ea640225c2467653db90e9250aaa0"
    },
    {
      "address": "0x922707d7bad5cb3fd9ac82c35abfdc86acbe4e5d",
      "chainId": 8453,
      "decimals": 18,
      "name": "ZRO LayerZero On Base",
      "symbol": "ZRO LayerZero On Base",
      "type": "ERC20",
      "blockListsCount": 0,
      "exchangeListsCount": 0,
      "flagListsCount": 0,
      "importedListsCount": 0,
      "logo": "https://matcha-image-proxy.api.0x.org/images/8453/0x922707d7bad5cb3fd9ac82c35abfdc86acbe4e5d"
    },
    {
      "address": "0xd8ccd1d013c642d359b6e1931d6daf326120a19f",
      "chainId": 56,
      "decimals": 9,
      "name": "ZRO LayerZero AI Presale v2",
      "symbol": "ZRO LayerZero AI Presale v2",
      "type": "ERC20",
      "blockListsCount": 0,
      "exchangeListsCount": 0,
      "flagListsCount": 0,
      "importedListsCount": 0,
      "logo": "https://matcha-image-proxy.api.0x.org/images/56/0xd8ccd1d013c642d359b6e1931d6daf326120a19f"
    },
    {
      "address": "0x3d63825b0d8669307366e6c8202f656b9e91d368",
      "chainId": 8453,
      "decimals": 6,
      "name": "Wild Goat Coin",
      "symbol": "WGC",
      "type": "ERC20",
      "hasLogo": true,
      "blockListsCount": 0,
      "exchangeListsCount": 0,
      "flagListsCount": 0,
      "importedListsCount": 2,
      "buyTax": 0,
      "sellTax": 0,
      "isInDex": true,
      "isHoneypot": false,
      "manualUnblock": false,
      "transactionsHourly": 3,
      "transactionsDaily": 17,
      "transactionsWeekly": 61,
      "transactionsMonthly": 253,
      "volumeUsdHourly": -0.03711232449875399,
      "volumeUsdDaily": 18.26946960995551,
      "volumeUsdWeekly": 117.377565732757,
      "volumeUsdMonthly": 2690.8281057801655,
      "logo": "https://matcha-image-proxy.api.0x.org/images/8453/0x3d63825b0d8669307366e6c8202f656b9e91d368"
    },
    {
      "address": "0xabd4c63d2616a5201454168269031355f4764337",
      "chainId": 1,
      "decimals": 18,
      "name": "Orderly Network",
      "symbol": "ORDER",
      "type": "ERC20",
      "hasLogo": true,
      "blockListsCount": 0,
      "exchangeListsCount": 0,
      "flagListsCount": 0,
      "importedListsCount": 2,
      "buyTax": 0,
      "sellTax": 0,
      "isInDex": true,
      "isHoneypot": false,
      "manualUnblock": false,
      "transactionsHourly": 1,
      "transactionsDaily": 1,
      "transactionsWeekly": 16,
      "transactionsMonthly": 110,
      "volumeUsdHourly": 1188.40853861831,
      "volumeUsdDaily": 1188.40853861831,
      "volumeUsdWeekly": 15229.40316972186,
      "volumeUsdMonthly": 104873.5540540096,
      "logo": "https://matcha-image-proxy.api.0x.org/images/1/0xabd4c63d2616a5201454168269031355f4764337"
    },
    {
      "address": "0x05af7bb0feb5e04354d5b54a33b938fccf26689a",
      "chainId": 8453,
      "decimals": 18,
      "name": "ZRO",
      "symbol": "ZRO",
      "type": "ERC20",
      "issuer": {
        "name": "zora",
        "metadata": {}
      },
      "blockListsCount": 0,
      "exchangeListsCount": 0,
      "flagListsCount": 0,
      "importedListsCount": 0,
      "buyTax": 0,
      "sellTax": 0,
      "isInDex": true,
      "isHoneypot": false,
      "transactionsHourly": 2,
      "transactionsDaily": 2,
      "transactionsWeekly": 2,
      "transactionsMonthly": 2,
      "volumeUsdHourly": 393.966293610406,
      "volumeUsdDaily": 391.935606000475,
      "volumeUsdWeekly": 391.935606000475,
      "volumeUsdMonthly": 391.935606000475,
      "logo": "https://matcha-image-proxy.api.0x.org/images/8453/0x05af7bb0feb5e04354d5b54a33b938fccf26689a"
    },
    {
      "address": "0x6985884c4392d348587b19cb9eaaf157f13271cd",
      "chainId": 43114,
      "decimals": 18,
      "name": "LayerZero",
      "symbol": "ZRO",
      "type": "ERC20",
      "hasLogo": true,
      "blockListsCount": 0,
      "exchangeListsCount": 0,
      "flagListsCount": 0,
      "importedListsCount": 2,
      "buyTax": null,
      "sellTax": null,
      "isInDex": true,
      "isHoneypot": false,
      "manualUnblock": false,
      "transactionsHourly": 1,
      "transactionsDaily": 1,
      "transactionsWeekly": 1,
      "transactionsMonthly": 32,
      "volumeUsdHourly": 59.7511101018357,
      "volumeUsdDaily": 60.7674996321458,
      "volumeUsdWeekly": 60.7674996321458,
      "volumeUsdMonthly": 690.9495766464692,
      "logo": "https://matcha-image-proxy.api.0x.org/images/43114/0x6985884c4392d348587b19cb9eaaf157f13271cd"
    },
    {
      "address": "0xc227717ef4ae4d982e14789eb33ba942243c3fee",
      "chainId": 8453,
      "decimals": 18,
      "name": "Mozaic Token",
      "symbol": "MOZ",
      "type": "ERC20",
      "hasLogo": true,
      "blockListsCount": 0,
      "exchangeListsCount": 0,
      "flagListsCount": 0,
      "importedListsCount": 1,
      "buyTax": null,
      "sellTax": null,
      "isInDex": false,
      "isHoneypot": false,
      "manualUnblock": false,
      "transactionsHourly": 4,
      "transactionsDaily": 4,
      "transactionsWeekly": 16,
      "transactionsMonthly": 81,
      "volumeUsdHourly": 45.0798419954526,
      "volumeUsdDaily": 45.0798419954526,
      "volumeUsdWeekly": 205.02223020568323,
      "volumeUsdMonthly": 1802.9289005045107,
      "logo": "https://matcha-image-proxy.api.0x.org/images/8453/0xc227717ef4ae4d982e14789eb33ba942243c3fee"
    },
    {
      "address": "0x64b88c73a5dfa78d1713fe1b4c69a22d7e0faaa7",
      "chainId": 8453,
      "decimals": 18,
      "name": "Maverick Token",
      "symbol": "MAV",
      "type": "ERC20",
      "hasLogo": true,
      "blockListsCount": 0,
      "exchangeListsCount": 0,
      "flagListsCount": 0,
      "importedListsCount": 1,
      "buyTax": 0,
      "sellTax": 0,
      "isInDex": true,
      "isHoneypot": false,
      "manualUnblock": false,
      "transactionsHourly": 1,
      "transactionsDaily": 4,
      "transactionsWeekly": 25,
      "transactionsMonthly": 157,
      "volumeUsdHourly": 0.249977266251776,
      "volumeUsdDaily": 4.2914974533208685,
      "volumeUsdWeekly": 286.1327458187599,
      "volumeUsdMonthly": 11658.555053245722,
      "logo": "https://matcha-image-proxy.api.0x.org/images/8453/0x64b88c73a5dfa78d1713fe1b4c69a22d7e0faaa7"
    },
    {
      "address": "0x22514ffb0d7232a56f0c24090e7b68f179faa940",
      "chainId": 56,
      "decimals": 18,
      "name": "QORPO Token",
      "symbol": "QORPO",
      "type": "ERC20",
      "hasLogo": true,
      "blockListsCount": 0,
      "exchangeListsCount": 0,
      "flagListsCount": 0,
      "importedListsCount": 1,
      "buyTax": 0,
      "sellTax": 0,
      "isInDex": true,
      "isHoneypot": false,
      "manualUnblock": false,
      "transactionsHourly": 1,
      "transactionsDaily": 1,
      "transactionsWeekly": 9,
      "transactionsMonthly": 19,
      "volumeUsdHourly": 543.350413030475,
      "volumeUsdDaily": 543.115439502657,
      "volumeUsdWeekly": 1999.274403120904,
      "volumeUsdMonthly": 4060.786624062075,
      "logo": "https://matcha-image-proxy.api.0x.org/images/56/0x22514ffb0d7232a56f0c24090e7b68f179faa940"
    }
  ],
  "searchTime": "2025-12-30T01:58:15.275Z",
  "error": null
}