{
  "originalSymbol": "IOTA",
  "originalFullName": "IOTA",
  "searchedQuery": "IOTA IOTA",
  "retried": false,
  "isL1": false,
  "success": true,
  "tokenCount": 15,
  "resultCount": 1963,
  "tokens": [
    {
      "address": "0xd944f1d1e9d5f9bb90b62f9d45e447d989580782",
      "chainId": 56,
      "decimals": 6,
      "name": "MIOTAC",
      "symbol": "IOTA",
      "type": "ERC20",
      "hasLogo": true,
      "issuer": {
        "name": "binance",
        "metadata": {}
      },
      "blockListsCount": 0,
      "exchangeListsCount": 0,
      "flagListsCount": 0,
      "importedListsCount": 0,
      "buyTax": 0,
      "sellTax": 0,
      "isInDex": true,
      "isHoneypot": false,
      "transactionsHourly": 1,
      "transactionsDaily": 8,
      "transactionsWeekly": 66,
      "transactionsMonthly": 353,
      "volumeUsdHourly": 1.38901590486775,
      "volumeUsdDaily": 2468.9581126989688,
      "volumeUsdWeekly": 7538.505530880335,
      "volumeUsdMonthly": 27848.76950089522,
      "logo": "https://matcha-image-proxy.api.0x.org/images/56/0xd944f1d1e9d5f9bb90b62f9d45e447d989580782"
    },
    {
      "address": "0xf39f004e16c3ec2603d601cef6c8d85f062a5b58",
      "chainId": 8453,
      "decimals": 18,
      "name": "What is IOTA (IOTA)?...",
      "symbol": "What is IOTA (IOTA)?...",
      "type": "ERC20",
      "issuer": {
        "name": "zora",
        "metadata": {}
      },
      "blockListsCount": 0,
      "exchangeListsCount": 0,
      "flagListsCount": 0,
      "importedListsCount": 0,
      "buyTax": 0,
      "sellTax": 0,
      "isInDex": true,
      "isHoneypot": false,
      "logo": "https://matcha-image-proxy.api.0x.org/images/8453/0xf39f004e16c3ec2603d601cef6c8d85f062a5b58"
    },
    {
      "address": "0x74299a718b2c44483a27325d7725f0b2646de3b1",
      "chainId": 8453,
      "decimals": 8,
      "name": "Constellation",
      "symbol": "DAG",
      "type": "ERC20",
      "hasLogo": true,
      "blockListsCount": 0,
      "exchangeListsCount": 0,
      "flagListsCount": 0,
      "importedListsCount": 0,
      "buyTax": 0,
      "sellTax": 0,
      "isInDex": true,
      "isHoneypot": false,
      "transactionsHourly": 1,
      "transactionsDaily": 20,
      "transactionsWeekly": 243,
      "transactionsMonthly": 923,
      "volumeUsdHourly": 2.97946174740246,
      "volumeUsdDaily": 879.6706132822665,
      "volumeUsdWeekly": 20362.908627644578,
      "volumeUsdMonthly": 96673.06521195204,
      "logo": "https://matcha-image-proxy.api.0x.org/images/8453/0x74299a718b2c44483a27325d7725f0b2646de3b1"
    },
    {
      "address": "0x39c7d8f0eca6ca239cef776245c40070d2d804e9",
      "chainId": 130,
      "decimals": 18,
      "name": "IOTA IOTA",
      "symbol": "IOTA IOTA",
      "type": "ERC20",
      "blockListsCount": 0,
      "exchangeListsCount": 0,
      "flagListsCount": 0,
      "importedListsCount": 0,
      "logo": "https://matcha-image-proxy.api.0x.org/images/130/0x39c7d8f0eca6ca239cef776245c40070d2d804e9"
    },
    {
      "address": "0x75572f5ae524dbc1044a9116566f9b414f28da2e",
      "chainId": 56,
      "decimals": 18,
      "name": "IOTA IOTA",
      "symbol": "IOTA IOTA",
      "type": "ERC20",
      "blockListsCount": 0,
      "exchangeListsCount": 0,
      "flagListsCount": 0,
      "importedListsCount": 0,
      "logo": "https://matcha-image-proxy.api.0x.org/images/56/0x75572f5ae524dbc1044a9116566f9b414f28da2e"
    },
    {
      "address": "0x08295bd5cf1b30072da6500a5ad1262d5bdd3d50",
      "chainId": 130,
      "decimals": 18,
      "name": "IOTA IOTA",
      "symbol": "IOTA IOTA",
      "type": "ERC20",
      "blockListsCount": 0,
      "exchangeListsCount": 0,
      "flagListsCount": 0,
      "importedListsCount": 0,
      "logo": "https://matcha-image-proxy.api.0x.org/images/130/0x08295bd5cf1b30072da6500a5ad1262d5bdd3d50"
    },
    {
      "address": "0x3820e8477209817f9befaee078d84595fbbd7ebf",
      "chainId": 130,
      "decimals": 18,
      "name": "IOTA IOTA",
      "symbol": "IOTA IOTA",
      "type": "ERC20",
      "blockListsCount": 0,
      "exchangeListsCount": 0,
      "flagListsCount": 0,
      "importedListsCount": 0,
      "logo": "https://matcha-image-proxy.api.0x.org/images/130/0x3820e8477209817f9befaee078d84595fbbd7ebf"
    },
    {
      "address": "0x67b15fe2871286150e811ae9ed512495aab800d2",
      "chainId": 130,
      "decimals": 18,
      "name": "IOTA IOTA",
      "symbol": "IOTA IOTA",
      "type": "ERC20",
      "blockListsCount": 0,
      "exchangeListsCount": 0,
      "flagListsCount": 0,
      "importedListsCount": 0,
      "logo": "https://matcha-image-proxy.api.0x.org/images/130/0x67b15fe2871286150e811ae9ed512495aab800d2"
    },
    {
      "address": "0x453b2cf8875ed92c17df716ddc49ae9411fd158c",
      "chainId": 1,
      "decimals": 18,
      "name": "IOTA IOTA v5",
      "symbol": "IOTA IOTA",
      "type": "ERC20",
      "blockListsCount": 0,
      "exchangeListsCount": 0,
      "flagListsCount": 0,
      "importedListsCount": 0,
      "logo": "https://matcha-image-proxy.api.0x.org/images/1/0x453b2cf8875ed92c17df716ddc49ae9411fd158c"
    },
    {
      "address": "0x371a1f95ebeaf966342aac2e88d23850609a38d4",
      "chainId": 8453,
      "decimals": 18,
      "name": "IOTA IOTA 2026",
      "symbol": "IOTA IOTA",
      "type": "ERC20",
      "blockListsCount": 0,
      "exchangeListsCount": 0,
      "flagListsCount": 0,
      "importedListsCount": 0,
      "logo": "https://matcha-image-proxy.api.0x.org/images/8453/0x371a1f95ebeaf966342aac2e88d23850609a38d4"
    },
    {
      "address": "0xa9ef2d8ba12cce994fa8b50c3be6ea1e0e5e0849",
      "chainId": 8453,
      "decimals": 18,
      "name": "Uni IOTA IOTA",
      "symbol": "Uni IOTA IOTA",
      "type": "ERC20",
      "blockListsCount": 0,
      "exchangeListsCount": 0,
      "flagListsCount": 0,
      "importedListsCount": 0,
      "buyTax": 0,
      "sellTax": 0,
      "isInDex": true,
      "isHoneypot": false,
      "logo": "https://matcha-image-proxy.api.0x.org/images/8453/0xa9ef2d8ba12cce994fa8b50c3be6ea1e0e5e0849"
    },
    {
      "address": "0x282ec5ea79282ec2d556111cf8d92deece1e6658",
      "chainId": 8453,
      "decimals": 9,
      "name": "IOTA IOTA - AI",
      "symbol": "IOTA IOTA - AI",
      "type": "ERC20",
      "blockListsCount": 0,
      "exchangeListsCount": 0,
      "flagListsCount": 0,
      "importedListsCount": 0,
      "buyTax": 0,
      "sellTax": 0,
      "isInDex": true,
      "isHoneypot": false,
      "logo": "https://matcha-image-proxy.api.0x.org/images/8453/0x282ec5ea79282ec2d556111cf8d92deece1e6658"
    },
    {
      "address": "0xf897355082252fd1c5c71534c7fcea272903d385",
      "chainId": 8453,
      "decimals": 18,
      "name": "IOTA IOTA V2",
      "symbol": "IOTA IOTA V2",
      "type": "ERC20",
      "blockListsCount": 0,
      "exchangeListsCount": 0,
      "flagListsCount": 0,
      "importedListsCount": 0,
      "buyTax": 0,
      "sellTax": 0,
      "isInDex": true,
      "isHoneypot": false,
      "logo": "https://matcha-image-proxy.api.0x.org/images/8453/0xf897355082252fd1c5c71534c7fcea272903d385"
    },
    {
      "address": "0x7a0c9ff3cc353599a99f5fbe3e0d65a4eeb06398",
      "chainId": 130,
      "decimals": 18,
      "name": "IOTA IOTA V3",
      "symbol": "IOTA IOTA V3",
      "type": "ERC20",
      "blockListsCount": 0,
      "exchangeListsCount": 0,
      "flagListsCount": 0,
      "importedListsCount": 0,
      "logo": "https://matcha-image-proxy.api.0x.org/images/130/0x7a0c9ff3cc353599a99f5fbe3e0d65a4eeb06398"
    },
    {
      "address": "0x9cc4071e7a152bfedd3fe6ce4d3122b4b407463f",
      "chainId": 8453,
      "decimals": 18,
      "name": "IOTA IOTA Football",
      "symbol": "IOTA IOTA Football",
      "type": "ERC20",
      "blockListsCount": 0,
      "exchangeListsCount": 0,
      "flagListsCount": 0,
      "importedListsCount": 0,
      "logo": "https://matcha-image-proxy.api.0x.org/images/8453/0x9cc4071e7a152bfedd3fe6ce4d3122b4b407463f"
    }
  ],
  "searchTime": "2025-12-30T01:57:27.099Z",
  "error": null
}