{
  "originalSymbol": "ONDO",
  "originalFullName": "Ondo",
  "searchedQuery": "ONDO Ondo",
  "retried": false,
  "isL1": false,
  "success": true,
  "tokenCount": 15,
  "resultCount": 5982,
  "tokens": [
    {
      "address": "0xfaba6f8e4a5e8ab82f62fe7c39859fa577269be3",
      "chainId": 1,
      "decimals": 18,
      "name": "Ondo",
      "symbol": "ONDO",
      "type": "ERC20",
      "hasLogo": true,
      "blockListsCount": 0,
      "exchangeListsCount": 0,
      "flagListsCount": 0,
      "importedListsCount": 3,
      "buyTax": 0,
      "sellTax": 0,
      "isInDex": true,
      "isHoneypot": false,
      "manualUnblock": false,
      "transactionsHourly": 2,
      "transactionsDaily": 49,
      "transactionsWeekly": 329,
      "transactionsMonthly": 1789,
      "volumeUsdHourly": 433.7885432312898,
      "volumeUsdDaily": 27130.834062813225,
      "volumeUsdWeekly": 212554.58462127784,
      "volumeUsdMonthly": 2046617.654087864,
      "logo": "https://matcha-image-proxy.api.0x.org/images/1/0xfaba6f8e4a5e8ab82f62fe7c39859fa577269be3"
    },
    {
      "address": "0x2491225eacac0eef3b5320157423136fb04699f6",
      "chainId": 8453,
      "decimals": 18,
      "name": "Ondo #ONDO",
      "symbol": "Ondo #ONDO",
      "type": "ERC20",
      "issuer": {
        "name": "zora",
        "metadata": {}
      },
      "blockListsCount": 0,
      "exchangeListsCount": 0,
      "flagListsCount": 0,
      "importedListsCount": 0,
      "logo": "https://matcha-image-proxy.api.0x.org/images/8453/0x2491225eacac0eef3b5320157423136fb04699f6"
    },
    {
      "address": "0xf3e4872e6a4cf365888d93b6146a2baa7348f1a4",
      "chainId": 1,
      "decimals": 18,
      "name": "%iShares Silver Trust (Ondo Tokenized)",
      "symbol": "SLVon",
      "type": "ERC20",
      "hasLogo": true,
      "blockListsCount": 0,
      "exchangeListsCount": 0,
      "flagListsCount": 0,
      "importedListsCount": 2,
      "buyTax": 0,
      "sellTax": 0,
      "isInDex": true,
      "isHoneypot": false,
      "manualUnblock": false,
      "transactionsHourly": 1,
      "transactionsDaily": 8,
      "transactionsWeekly": 54,
      "transactionsMonthly": 125,
      "volumeUsdHourly": 1400.64417920002,
      "volumeUsdDaily": 2499.883312759671,
      "volumeUsdWeekly": 20887.40989556278,
      "volumeUsdMonthly": 33019.30559453786,
      "logo": "https://matcha-image-proxy.api.0x.org/images/1/0xf3e4872e6a4cf365888d93b6146a2baa7348f1a4"
    },
    {
      "address": "0x840205ef89cd9b8172d9bc81abf520f5e16783ae",
      "chainId": 8453,
      "decimals": 18,
      "name": "@Ondo (ONDO) is one of the most talked-about tokens in the real-w",
      "symbol": "@Ondo (ONDO) is one of the most talked-about tokens in the real-w",
      "type": "ERC20",
      "issuer": {
        "name": "zora",
        "metadata": {}
      },
      "blockListsCount": 0,
      "exchangeListsCount": 0,
      "flagListsCount": 0,
      "importedListsCount": 0,
      "logo": "https://matcha-image-proxy.api.0x.org/images/8453/0x840205ef89cd9b8172d9bc81abf520f5e16783ae"
    },
    {
      "address": "0xe4449aa56bfbcfcf73814b3d9f311f55738c0c72",
      "chainId": 8453,
      "decimals": 18,
      "name": "F🚀 #6 Best Crypto of 2025🌐 Project: Ondo (ONDO)💵 Price: $1.",
      "symbol": "F🚀 #6 Best Crypto of 2025🌐 Project: Ondo (ONDO)💵 Price: $1.",
      "type": "ERC20",
      "issuer": {
        "name": "zora",
        "metadata": {}
      },
      "blockListsCount": 0,
      "exchangeListsCount": 0,
      "flagListsCount": 0,
      "importedListsCount": 0,
      "logo": "https://matcha-image-proxy.api.0x.org/images/8453/0xe4449aa56bfbcfcf73814b3d9f311f55738c0c72"
    },
    {
      "address": "0x5bf515bb953e52c68e2028b78ec66fde20c70b60",
      "chainId": 56,
      "decimals": 9,
      "name": "Ondo ONDO",
      "symbol": "ONDO ONDO",
      "type": "ERC20",
      "blockListsCount": 0,
      "exchangeListsCount": 0,
      "flagListsCount": 0,
      "importedListsCount": 0,
      "logo": "https://matcha-image-proxy.api.0x.org/images/56/0x5bf515bb953e52c68e2028b78ec66fde20c70b60"
    },
    {
      "address": "0xb2efb5c1c9373a872188bf45a69669453206143f",
      "chainId": 130,
      "decimals": 18,
      "name": "Ondo ONDO",
      "symbol": "Ondo ONDO",
      "type": "ERC20",
      "blockListsCount": 0,
      "exchangeListsCount": 0,
      "flagListsCount": 0,
      "importedListsCount": 0,
      "logo": "https://matcha-image-proxy.api.0x.org/images/130/0xb2efb5c1c9373a872188bf45a69669453206143f"
    },
    {
      "address": "0x9786808f79f3fc23c4ed7aee789ee94aaedbdfab",
      "chainId": 130,
      "decimals": 18,
      "name": "Ondo ONDO",
      "symbol": "Ondo ONDO",
      "type": "ERC20",
      "blockListsCount": 0,
      "exchangeListsCount": 0,
      "flagListsCount": 0,
      "importedListsCount": 0,
      "logo": "https://matcha-image-proxy.api.0x.org/images/130/0x9786808f79f3fc23c4ed7aee789ee94aaedbdfab"
    },
    {
      "address": "0x8cdb1b7c54588c57ce9acc98fda658abca8f6249",
      "chainId": 8453,
      "decimals": 18,
      "name": "$ONDO $Ondo",
      "symbol": "$Ondo$Ondo",
      "type": "ERC20",
      "blockListsCount": 0,
      "exchangeListsCount": 0,
      "flagListsCount": 0,
      "importedListsCount": 0,
      "logo": "https://matcha-image-proxy.api.0x.org/images/8453/0x8cdb1b7c54588c57ce9acc98fda658abca8f6249"
    },
    {
      "address": "0xa847d044184b4db6c03da61bc542ce25666cfbcf",
      "chainId": 130,
      "decimals": 18,
      "name": "Ondo ONDO",
      "symbol": "Ondo ONDO",
      "type": "ERC20",
      "blockListsCount": 0,
      "exchangeListsCount": 0,
      "flagListsCount": 0,
      "importedListsCount": 0,
      "logo": "https://matcha-image-proxy.api.0x.org/images/130/0xa847d044184b4db6c03da61bc542ce25666cfbcf"
    },
    {
      "address": "0x61d5328be86fcb934089608dcdef8500715eba61",
      "chainId": 8453,
      "decimals": 18,
      "name": "Ondo ONDO",
      "symbol": "Ondo ONDO",
      "type": "ERC20",
      "blockListsCount": 0,
      "exchangeListsCount": 0,
      "flagListsCount": 0,
      "importedListsCount": 0,
      "buyTax": 0,
      "sellTax": 0,
      "isInDex": true,
      "isHoneypot": false,
      "logo": "https://matcha-image-proxy.api.0x.org/images/8453/0x61d5328be86fcb934089608dcdef8500715eba61"
    },
    {
      "address": "0x4653e11d336d2e504491ebf17141542c09a307f5",
      "chainId": 8453,
      "decimals": 18,
      "name": "$ONDO $Ondo",
      "symbol": "$Ondo$Ondo",
      "type": "ERC20",
      "blockListsCount": 0,
      "exchangeListsCount": 0,
      "flagListsCount": 0,
      "importedListsCount": 0,
      "logo": "https://matcha-image-proxy.api.0x.org/images/8453/0x4653e11d336d2e504491ebf17141542c09a307f5"
    },
    {
      "address": "0x1d7a3066f635d4cb762349f2a8ae5fde03058861",
      "chainId": 43114,
      "decimals": 18,
      "name": "Ondo ONDO",
      "symbol": "Ondo ONDO",
      "type": "ERC20",
      "blockListsCount": 0,
      "exchangeListsCount": 0,
      "flagListsCount": 0,
      "importedListsCount": 0,
      "logo": "https://matcha-image-proxy.api.0x.org/images/43114/0x1d7a3066f635d4cb762349f2a8ae5fde03058861"
    },
    {
      "address": "0xeab1b12cbd2ee27214536ccc49ee34edf3189848",
      "chainId": 130,
      "decimals": 18,
      "name": "Ondo ONDO",
      "symbol": "Ondo ONDO",
      "type": "ERC20",
      "blockListsCount": 0,
      "exchangeListsCount": 0,
      "flagListsCount": 0,
      "importedListsCount": 0,
      "logo": "https://matcha-image-proxy.api.0x.org/images/130/0xeab1b12cbd2ee27214536ccc49ee34edf3189848"
    },
    {
      "address": "0x13610d27d48a473c8a65174b9745ea378b5e97b0",
      "chainId": 8453,
      "decimals": 18,
      "name": "Ondo ONDO Trump",
      "symbol": "Ondo ONDO",
      "type": "ERC20",
      "blockListsCount": 0,
      "exchangeListsCount": 0,
      "flagListsCount": 0,
      "importedListsCount": 0,
      "buyTax": 0,
      "sellTax": 0,
      "isInDex": true,
      "isHoneypot": false,
      "logo": "https://matcha-image-proxy.api.0x.org/images/8453/0x13610d27d48a473c8a65174b9745ea378b5e97b0"
    }
  ],
  "searchTime": "2025-12-30T01:58:16.363Z",
  "error": null
}