{
  "originalSymbol": "TAIKO",
  "originalFullName": "Taiko",
  "searchedQuery": "TAIKO Taiko",
  "retried": false,
  "isL1": false,
  "success": true,
  "tokenCount": 15,
  "resultCount": 1166,
  "tokens": [
    {
      "address": "0x4e600f78182dcbc08c6519f2a170c0793033b1a8",
      "chainId": 8453,
      "decimals": 18,
      "name": "Taiko TAIKO",
      "symbol": "Taiko TAIKO",
      "type": "ERC20",
      "blockListsCount": 0,
      "exchangeListsCount": 0,
      "flagListsCount": 0,
      "importedListsCount": 0,
      "buyTax": 0,
      "sellTax": 0,
      "isInDex": true,
      "isHoneypot": false,
      "logo": "https://matcha-image-proxy.api.0x.org/images/8453/0x4e600f78182dcbc08c6519f2a170c0793033b1a8"
    },
    {
      "address": "0x9d241b3d2d4c707e531d77f99e60b2b4a018e31e",
      "chainId": 130,
      "decimals": 18,
      "name": "Taiko TAIKO",
      "symbol": "Taiko TAIKO",
      "type": "ERC20",
      "blockListsCount": 0,
      "exchangeListsCount": 0,
      "flagListsCount": 0,
      "importedListsCount": 0,
      "logo": "https://matcha-image-proxy.api.0x.org/images/130/0x9d241b3d2d4c707e531d77f99e60b2b4a018e31e"
    },
    {
      "address": "0x573d98add0449d1e44e0b73767bd00b2cbc511fd",
      "chainId": 130,
      "decimals": 18,
      "name": "Taiko TAIKO",
      "symbol": "Taiko TAIKO",
      "type": "ERC20",
      "blockListsCount": 0,
      "exchangeListsCount": 0,
      "flagListsCount": 0,
      "importedListsCount": 0,
      "logo": "https://matcha-image-proxy.api.0x.org/images/130/0x573d98add0449d1e44e0b73767bd00b2cbc511fd"
    },
    {
      "address": "0x3c0755bfc862304dcba251b47ff85e4b11c67fb0",
      "chainId": 130,
      "decimals": 18,
      "name": "Taiko TAIKO",
      "symbol": "Taiko TAIKO",
      "type": "ERC20",
      "blockListsCount": 0,
      "exchangeListsCount": 0,
      "flagListsCount": 0,
      "importedListsCount": 0,
      "logo": "https://matcha-image-proxy.api.0x.org/images/130/0x3c0755bfc862304dcba251b47ff85e4b11c67fb0"
    },
    {
      "address": "0xbed910ff950ab0043999cb4dd5bb1e3a89123630",
      "chainId": 8453,
      "decimals": 18,
      "name": "Taiko TAIKO - Free",
      "symbol": "Taiko TAIKO - Free",
      "type": "ERC20",
      "blockListsCount": 0,
      "exchangeListsCount": 0,
      "flagListsCount": 0,
      "importedListsCount": 0,
      "buyTax": 0,
      "sellTax": 0,
      "isInDex": true,
      "isHoneypot": false,
      "logo": "https://matcha-image-proxy.api.0x.org/images/8453/0xbed910ff950ab0043999cb4dd5bb1e3a89123630"
    },
    {
      "address": "0x713cb7c3c6500f979ac69c7f57fff31d096d9fa4",
      "chainId": 8453,
      "decimals": 9,
      "name": "Taiko TAIKO Mobile",
      "symbol": "Taiko TAIKO Mobile",
      "type": "ERC20",
      "blockListsCount": 0,
      "exchangeListsCount": 0,
      "flagListsCount": 0,
      "importedListsCount": 0,
      "logo": "https://matcha-image-proxy.api.0x.org/images/8453/0x713cb7c3c6500f979ac69c7f57fff31d096d9fa4"
    },
    {
      "address": "0xa757b72317688d6d37a0907eb0f4a7419c5fe54c",
      "chainId": 8453,
      "decimals": 18,
      "name": "Taiko TAIKO AI",
      "symbol": "Taiko TAIKO AI",
      "type": "ERC20",
      "blockListsCount": 0,
      "exchangeListsCount": 0,
      "flagListsCount": 0,
      "importedListsCount": 0,
      "logo": "https://matcha-image-proxy.api.0x.org/images/8453/0xa757b72317688d6d37a0907eb0f4a7419c5fe54c"
    },
    {
      "address": "0x78ae0f8cc1f4bf39ade866c442be27e1d8f82c0a",
      "chainId": 8453,
      "decimals": 18,
      "name": "Taiko TAIKO V2",
      "symbol": "Taiko TAIKO V2",
      "type": "ERC20",
      "blockListsCount": 0,
      "exchangeListsCount": 0,
      "flagListsCount": 0,
      "importedListsCount": 0,
      "buyTax": 0,
      "sellTax": 0,
      "isInDex": true,
      "isHoneypot": false,
      "logo": "https://matcha-image-proxy.api.0x.org/images/8453/0x78ae0f8cc1f4bf39ade866c442be27e1d8f82c0a"
    },
    {
      "address": "0x8bc86f6f9820f39568593d8c1960241263d55a76",
      "chainId": 8453,
      "decimals": 9,
      "name": "Taiko TAIKO - AI",
      "symbol": "Taiko TAIKO - AI",
      "type": "ERC20",
      "blockListsCount": 0,
      "exchangeListsCount": 0,
      "flagListsCount": 0,
      "importedListsCount": 0,
      "buyTax": 0,
      "sellTax": 0,
      "isInDex": true,
      "isHoneypot": false,
      "logo": "https://matcha-image-proxy.api.0x.org/images/8453/0x8bc86f6f9820f39568593d8c1960241263d55a76"
    },
    {
      "address": "0x8fbc4f4bfc66adb6bbf6cf029978f85a2af31586",
      "chainId": 130,
      "decimals": 18,
      "name": "Taiko TAIKO V2",
      "symbol": "Taiko TAIKO V2",
      "type": "ERC20",
      "blockListsCount": 0,
      "exchangeListsCount": 0,
      "flagListsCount": 0,
      "importedListsCount": 0,
      "logo": "https://matcha-image-proxy.api.0x.org/images/130/0x8fbc4f4bfc66adb6bbf6cf029978f85a2af31586"
    },
    {
      "address": "0xfe9dd1ad07944a5dc15d2b8952b57d56be496bbe",
      "chainId": 130,
      "decimals": 18,
      "name": "Taiko TAIKO V3",
      "symbol": "Taiko TAIKO V3",
      "type": "ERC20",
      "blockListsCount": 0,
      "exchangeListsCount": 0,
      "flagListsCount": 0,
      "importedListsCount": 0,
      "logo": "https://matcha-image-proxy.api.0x.org/images/130/0xfe9dd1ad07944a5dc15d2b8952b57d56be496bbe"
    },
    {
      "address": "0x199d87ce112b73d4a0a77485f2539c2710668d51",
      "chainId": 8453,
      "decimals": 18,
      "name": "Taiko TAIKO V3",
      "symbol": "Taiko TAIKO V3",
      "type": "ERC20",
      "blockListsCount": 0,
      "exchangeListsCount": 0,
      "flagListsCount": 0,
      "importedListsCount": 0,
      "logo": "https://matcha-image-proxy.api.0x.org/images/8453/0x199d87ce112b73d4a0a77485f2539c2710668d51"
    },
    {
      "address": "0x5bd2121d06c4e96735e0a728a810597b77bc433c",
      "chainId": 130,
      "decimals": 18,
      "name": "Taiko TAIKO AI",
      "symbol": "Taiko TAIKO AI",
      "type": "ERC20",
      "blockListsCount": 0,
      "exchangeListsCount": 0,
      "flagListsCount": 0,
      "importedListsCount": 0,
      "logo": "https://matcha-image-proxy.api.0x.org/images/130/0x5bd2121d06c4e96735e0a728a810597b77bc433c"
    },
    {
      "address": "0xd383689ce136cc870efa9d4b7b499bca97ee06b5",
      "chainId": 130,
      "decimals": 18,
      "name": "Taiko TAIKO Unichain",
      "symbol": "Taiko TAIKO Unichain",
      "type": "ERC20",
      "blockListsCount": 0,
      "exchangeListsCount": 0,
      "flagListsCount": 0,
      "importedListsCount": 0,
      "logo": "https://matcha-image-proxy.api.0x.org/images/130/0xd383689ce136cc870efa9d4b7b499bca97ee06b5"
    },
    {
      "address": "0xa6f9db68abbdb481ea2c5bd367a951db8ca2b8b5",
      "chainId": 8453,
      "decimals": 9,
      "name": "Trump - Taiko TAIKO",
      "symbol": "Trump - Taiko TAIKO",
      "type": "ERC20",
      "blockListsCount": 0,
      "exchangeListsCount": 0,
      "flagListsCount": 0,
      "importedListsCount": 0,
      "buyTax": 0,
      "sellTax": 0,
      "isInDex": true,
      "isHoneypot": false,
      "logo": "https://matcha-image-proxy.api.0x.org/images/8453/0xa6f9db68abbdb481ea2c5bd367a951db8ca2b8b5"
    }
  ],
  "searchTime": "2025-12-30T01:57:49.135Z",
  "error": null
}