{
  "originalSymbol": "MTL",
  "originalFullName": "Metal",
  "searchedQuery": "MTL Metal",
  "retried": false,
  "isL1": false,
  "success": true,
  "tokenCount": 15,
  "resultCount": 10000,
  "tokens": [
    {
      "address": "0x1fc11c079a3432b42f27527a272d1cde7af1a745",
      "chainId": 8453,
      "decimals": 18,
      "name": "Metalos",
      "symbol": "Metalos",
      "type": "ERC20",
      "hasLogo": true,
      "blockListsCount": 0,
      "exchangeListsCount": 0,
      "flagListsCount": 0,
      "importedListsCount": 1,
      "buyTax": 0,
      "sellTax": 0,
      "isInDex": true,
      "isHoneypot": false,
      "manualUnblock": false,
      "transactionsHourly": 1,
      "transactionsDaily": 4,
      "transactionsWeekly": 418,
      "transactionsMonthly": 940,
      "volumeUsdHourly": 2.54953941472358,
      "volumeUsdDaily": 500.9357429696278,
      "volumeUsdWeekly": 67714.35047217434,
      "volumeUsdMonthly": 170174.28728383695,
      "logo": "https://matcha-image-proxy.api.0x.org/images/8453/0x1fc11c079a3432b42f27527a272d1cde7af1a745"
    },
    {
      "address": "0x2fc5f17d199dc24b89d10d55c076fecddd9174e9",
      "chainId": 8453,
      "decimals": 18,
      "name": "MTL Metal DAO On Base",
      "symbol": "MTL Metal DAO On Base",
      "type": "ERC20",
      "blockListsCount": 0,
      "exchangeListsCount": 0,
      "flagListsCount": 0,
      "importedListsCount": 0,
      "logo": "https://matcha-image-proxy.api.0x.org/images/8453/0x2fc5f17d199dc24b89d10d55c076fecddd9174e9"
    },
    {
      "address": "0x9be07addf5202eb2c40ffae675bc67743d723b29",
      "chainId": 56,
      "decimals": 9,
      "name": "MTL Metal DAO AI Presale v2",
      "symbol": "MTL Metal DAO AI Presale v2",
      "type": "ERC20",
      "blockListsCount": 0,
      "exchangeListsCount": 0,
      "flagListsCount": 0,
      "importedListsCount": 0,
      "logo": "https://matcha-image-proxy.api.0x.org/images/56/0x9be07addf5202eb2c40ffae675bc67743d723b29"
    },
    {
      "address": "0xb849c4d843769d42812fb600b1bcc8a6ba843466",
      "chainId": 56,
      "decimals": 18,
      "name": "Upstarty",
      "symbol": "UPY",
      "type": "ERC20",
      "hasLogo": true,
      "blockListsCount": 0,
      "exchangeListsCount": 0,
      "flagListsCount": 0,
      "importedListsCount": 1,
      "buyTax": 0,
      "sellTax": 0,
      "isInDex": true,
      "isHoneypot": false,
      "manualUnblock": false,
      "transactionsHourly": 1,
      "transactionsDaily": 8,
      "transactionsWeekly": 25,
      "transactionsMonthly": 130,
      "volumeUsdHourly": 349.820571395125,
      "volumeUsdDaily": 2426.533929071755,
      "volumeUsdWeekly": 6123.313842548058,
      "volumeUsdMonthly": 64666.70892011777,
      "logo": "https://matcha-image-proxy.api.0x.org/images/56/0xb849c4d843769d42812fb600b1bcc8a6ba843466"
    },
    {
      "address": "0x200c234721b5e549c3693ccc93cf191f90dc2af9",
      "chainId": 137,
      "decimals": 18,
      "name": "METAL",
      "symbol": "METAL",
      "type": "ERC20",
      "hasLogo": true,
      "blockListsCount": 0,
      "exchangeListsCount": 0,
      "flagListsCount": 0,
      "importedListsCount": 1,
      "buyTax": 0,
      "sellTax": 0,
      "isInDex": true,
      "isHoneypot": false,
      "manualUnblock": false,
      "transactionsHourly": 1,
      "transactionsDaily": 1,
      "transactionsWeekly": 7,
      "transactionsMonthly": 23,
      "volumeUsdHourly": 57.159794890017,
      "volumeUsdDaily": 57.159794890017,
      "volumeUsdWeekly": 199.9884876268792,
      "volumeUsdMonthly": 432.24074764372466,
      "logo": "https://matcha-image-proxy.api.0x.org/images/137/0x200c234721b5e549c3693ccc93cf191f90dc2af9"
    },
    {
      "address": "0x3e5d9d8a63cc8a88748f229999cf59487e90721e",
      "chainId": 1,
      "decimals": 18,
      "name": "MetalSwap",
      "symbol": "XMT",
      "type": "ERC20",
      "hasLogo": true,
      "blockListsCount": 0,
      "exchangeListsCount": 0,
      "flagListsCount": 0,
      "importedListsCount": 3,
      "buyTax": 0,
      "sellTax": 0,
      "isInDex": true,
      "isHoneypot": false,
      "manualUnblock": false,
      "transactionsHourly": 1,
      "transactionsDaily": 1,
      "transactionsWeekly": 2,
      "transactionsMonthly": 12,
      "volumeUsdHourly": 348.472308580155,
      "volumeUsdDaily": 348.404049693118,
      "volumeUsdWeekly": 413.4804315091936,
      "volumeUsdMonthly": 4001.9367206378306,
      "logo": "https://matcha-image-proxy.api.0x.org/images/1/0x3e5d9d8a63cc8a88748f229999cf59487e90721e"
    },
    {
      "address": "0xa6089dbfed19d1bcd43146bbdca2b8f9d9f84a9a",
      "chainId": 1,
      "decimals": 18,
      "name": "UGOLD Inc.",
      "symbol": "UGOLD",
      "type": "ERC20",
      "hasLogo": true,
      "blockListsCount": 1,
      "exchangeListsCount": 0,
      "flagListsCount": 1,
      "importedListsCount": 2,
      "buyTax": 0,
      "sellTax": 0,
      "isInDex": true,
      "isHoneypot": false,
      "manualUnblock": false,
      "transactionsHourly": 2,
      "transactionsDaily": 2,
      "transactionsWeekly": 2,
      "transactionsMonthly": 2,
      "volumeUsdHourly": 23.98681450869922,
      "volumeUsdDaily": 23.9876875906439,
      "volumeUsdWeekly": 23.9876875906439,
      "volumeUsdMonthly": 23.9876875906439,
      "logo": "https://matcha-image-proxy.api.0x.org/images/1/0xa6089dbfed19d1bcd43146bbdca2b8f9d9f84a9a"
    },
    {
      "address": "0x3ad8a339088cef261ad36350beed135542cdb124",
      "chainId": 8453,
      "decimals": 18,
      "name": "mtl mtl",
      "symbol": "mtl mtl",
      "type": "ERC20",
      "issuer": {
        "name": "zora",
        "metadata": {}
      },
      "blockListsCount": 0,
      "exchangeListsCount": 0,
      "flagListsCount": 0,
      "importedListsCount": 0,
      "buyTax": null,
      "sellTax": null,
      "isInDex": false,
      "isHoneypot": false,
      "logo": "https://matcha-image-proxy.api.0x.org/images/8453/0x3ad8a339088cef261ad36350beed135542cdb124"
    },
    {
      "address": "0x8bf8ef7dc600fb247d96787ca22280566c962c39",
      "chainId": 8453,
      "decimals": 18,
      "name": "MTL Metal DAO Perpetual",
      "symbol": "MTLMET",
      "type": "ERC20",
      "blockListsCount": 0,
      "exchangeListsCount": 0,
      "flagListsCount": 0,
      "importedListsCount": 0,
      "logo": "https://matcha-image-proxy.api.0x.org/images/8453/0x8bf8ef7dc600fb247d96787ca22280566c962c39"
    },
    {
      "address": "0x9f883cd321bf3a05ac0e00c905d1cb5a7936fad2",
      "chainId": 8453,
      "decimals": 18,
      "name": "MTL",
      "symbol": "MTL",
      "type": "ERC20",
      "issuer": {
        "name": "zora",
        "metadata": {}
      },
      "blockListsCount": 0,
      "exchangeListsCount": 0,
      "flagListsCount": 0,
      "importedListsCount": 0,
      "buyTax": null,
      "sellTax": null,
      "isInDex": false,
      "isHoneypot": false,
      "logo": "https://matcha-image-proxy.api.0x.org/images/8453/0x9f883cd321bf3a05ac0e00c905d1cb5a7936fad2"
    },
    {
      "address": "0x7955be270317529f4d1250d1b83d150c816dbeef",
      "chainId": 8453,
      "decimals": 18,
      "name": "MTL",
      "symbol": "MTL",
      "type": "ERC20",
      "issuer": {
        "name": "zora",
        "metadata": {}
      },
      "blockListsCount": 0,
      "exchangeListsCount": 0,
      "flagListsCount": 0,
      "importedListsCount": 0,
      "buyTax": null,
      "sellTax": null,
      "isInDex": false,
      "isHoneypot": false,
      "logo": "https://matcha-image-proxy.api.0x.org/images/8453/0x7955be270317529f4d1250d1b83d150c816dbeef"
    },
    {
      "address": "0x4f7632c7fbfa4595d3d53b4a7eda854f602164b0",
      "chainId": 8453,
      "decimals": 18,
      "name": "MTL",
      "symbol": "MTL",
      "type": "ERC20",
      "issuer": {
        "name": "zora",
        "metadata": {}
      },
      "blockListsCount": 0,
      "exchangeListsCount": 0,
      "flagListsCount": 0,
      "importedListsCount": 0,
      "buyTax": null,
      "sellTax": null,
      "isInDex": false,
      "isHoneypot": false,
      "logo": "https://matcha-image-proxy.api.0x.org/images/8453/0x4f7632c7fbfa4595d3d53b4a7eda854f602164b0"
    },
    {
      "address": "0x9b29f8b39e27f16f21b3c2262afc7fe543062b8c",
      "chainId": 8453,
      "decimals": 18,
      "name": "MTL",
      "symbol": "MTL",
      "type": "ERC20",
      "issuer": {
        "name": "zora",
        "metadata": {}
      },
      "blockListsCount": 0,
      "exchangeListsCount": 0,
      "flagListsCount": 0,
      "importedListsCount": 0,
      "logo": "https://matcha-image-proxy.api.0x.org/images/8453/0x9b29f8b39e27f16f21b3c2262afc7fe543062b8c"
    },
    {
      "address": "0xa2902d38a5ce3d0f64fb7e3105276a3da73f0f70",
      "chainId": 8453,
      "decimals": 18,
      "name": "MTL",
      "symbol": "MTL",
      "type": "ERC20",
      "issuer": {
        "name": "zora",
        "metadata": {}
      },
      "blockListsCount": 0,
      "exchangeListsCount": 0,
      "flagListsCount": 0,
      "importedListsCount": 0,
      "logo": "https://matcha-image-proxy.api.0x.org/images/8453/0xa2902d38a5ce3d0f64fb7e3105276a3da73f0f70"
    },
    {
      "address": "0x870990b660497f4750e1f85cce12b43ba26beefd",
      "chainId": 8453,
      "decimals": 18,
      "name": "MTL",
      "symbol": "MTL",
      "type": "ERC20",
      "issuer": {
        "name": "zora",
        "metadata": {}
      },
      "blockListsCount": 0,
      "exchangeListsCount": 0,
      "flagListsCount": 0,
      "importedListsCount": 0,
      "buyTax": null,
      "sellTax": null,
      "isInDex": false,
      "isHoneypot": false,
      "logo": "https://matcha-image-proxy.api.0x.org/images/8453/0x870990b660497f4750e1f85cce12b43ba26beefd"
    }
  ],
  "searchTime": "2025-12-30T01:58:02.909Z",
  "error": null
}