{
  "originalSymbol": "IN",
  "originalFullName": "Infinit",
  "searchedQuery": "IN Infinit",
  "retried": false,
  "isL1": false,
  "success": true,
  "tokenCount": 15,
  "resultCount": 10000,
  "tokens": [
    {
      "address": "0x0615e0256b7c4355d385d4cb2752e4afc0159276",
      "chainId": 8453,
      "decimals": 18,
      "name": "THIS DAYCARE IN MINNESOTA RECEIV",
      "symbol": "THIS DAYCARE IN MINNESOTA RECEIV",
      "type": "ERC20",
      "issuer": {
        "name": "zora",
        "metadata": {}
      },
      "blockListsCount": 0,
      "exchangeListsCount": 0,
      "flagListsCount": 0,
      "importedListsCount": 0,
      "isHoneypot": false,
      "transactionsHourly": 20,
      "transactionsDaily": 639,
      "transactionsWeekly": 6553,
      "transactionsMonthly": 6553,
      "volumeUsdHourly": 1636.536144821855,
      "volumeUsdDaily": 72687.50060372075,
      "volumeUsdWeekly": 1028892.502609028,
      "volumeUsdMonthly": 1028892.502609028,
      "logo": "https://matcha-image-proxy.api.0x.org/images/8453/0x0615e0256b7c4355d385d4cb2752e4afc0159276"
    },
    {
      "address": "0x715d400f88c167884bbcc41c5fea407ed4d2f8a0",
      "chainId": 56,
      "decimals": 18,
      "name": "Axie Infinity Shard",
      "symbol": "AXS",
      "type": "ERC20",
      "hasLogo": true,
      "issuer": {
        "name": "binance",
        "metadata": {}
      },
      "blockListsCount": 0,
      "exchangeListsCount": 0,
      "flagListsCount": 0,
      "importedListsCount": 2,
      "buyTax": 0,
      "sellTax": 0,
      "isInDex": true,
      "isHoneypot": false,
      "manualUnblock": false,
      "transactionsHourly": 1,
      "transactionsDaily": 6,
      "transactionsWeekly": 35,
      "transactionsMonthly": 119,
      "volumeUsdHourly": 12.6757676831034,
      "volumeUsdDaily": 41.3475566579641,
      "volumeUsdWeekly": 597.347658575177,
      "volumeUsdMonthly": 3206.1369877263674,
      "logo": "https://matcha-image-proxy.api.0x.org/images/56/0x715d400f88c167884bbcc41c5fea407ed4d2f8a0"
    },
    {
      "address": "0x61fac5f038515572d6f42d4bcb6b581642753d50",
      "chainId": 56,
      "decimals": 18,
      "name": "INFINIT",
      "symbol": "IN",
      "type": "ERC20",
      "hasLogo": true,
      "blockListsCount": 0,
      "exchangeListsCount": 0,
      "flagListsCount": 0,
      "importedListsCount": 1,
      "buyTax": 0,
      "sellTax": 0,
      "isInDex": true,
      "isHoneypot": false,
      "manualUnblock": false,
      "transactionsHourly": 1,
      "transactionsDaily": 3,
      "transactionsWeekly": 23,
      "transactionsMonthly": 280,
      "volumeUsdHourly": 6.50291164536627,
      "volumeUsdDaily": 273.21668734042424,
      "volumeUsdWeekly": 6576.465807176928,
      "volumeUsdMonthly": 32463.337529321736,
      "logo": "https://matcha-image-proxy.api.0x.org/images/56/0x61fac5f038515572d6f42d4bcb6b581642753d50"
    },
    {
      "address": "0x8248270620aa532e4d64316017be5e873e37cc09",
      "chainId": 1,
      "decimals": 18,
      "name": "DevvE",
      "symbol": "DEVVE",
      "type": "ERC20",
      "hasLogo": true,
      "blockListsCount": 0,
      "exchangeListsCount": 0,
      "flagListsCount": 0,
      "importedListsCount": 2,
      "buyTax": 0,
      "sellTax": 0,
      "isInDex": true,
      "isHoneypot": false,
      "manualUnblock": false,
      "transactionsHourly": 2,
      "transactionsDaily": 8,
      "transactionsWeekly": 58,
      "transactionsMonthly": 339,
      "volumeUsdHourly": 4897.427385083382,
      "volumeUsdDaily": 11496.405027268316,
      "volumeUsdWeekly": 44318.79202327439,
      "volumeUsdMonthly": 290110.88397854875,
      "logo": "https://matcha-image-proxy.api.0x.org/images/1/0x8248270620aa532e4d64316017be5e873e37cc09"
    },
    {
      "address": "0x5b375b8fc260fe31a115f5fc444a614b1052e1d4",
      "chainId": 8453,
      "decimals": 18,
      "name": "IN INFINIT",
      "symbol": "IN INFINIT",
      "type": "ERC20",
      "blockListsCount": 0,
      "exchangeListsCount": 0,
      "flagListsCount": 0,
      "importedListsCount": 0,
      "logo": "https://matcha-image-proxy.api.0x.org/images/8453/0x5b375b8fc260fe31a115f5fc444a614b1052e1d4"
    },
    {
      "address": "0xf25620f89d0e23a8ba7b11ab3235b66268794196",
      "chainId": 8453,
      "decimals": 18,
      "name": "Infinity Rising",
      "symbol": "RISE",
      "type": "ERC20",
      "hasLogo": true,
      "blockListsCount": 0,
      "exchangeListsCount": 0,
      "flagListsCount": 0,
      "importedListsCount": 1,
      "buyTax": null,
      "sellTax": null,
      "isInDex": false,
      "isHoneypot": false,
      "manualUnblock": false,
      "transactionsHourly": 1,
      "transactionsDaily": 8,
      "transactionsWeekly": 21,
      "transactionsMonthly": 205,
      "volumeUsdHourly": 1806.82894002226,
      "volumeUsdDaily": 3681.1355283855783,
      "volumeUsdWeekly": 6276.314110887854,
      "volumeUsdMonthly": 77381.59999782669,
      "logo": "https://matcha-image-proxy.api.0x.org/images/8453/0xf25620f89d0e23a8ba7b11ab3235b66268794196"
    },
    {
      "address": "0x26a6b9da2b2bcd3bdf902336ba2984a2f15ff9bd",
      "chainId": 8453,
      "decimals": 18,
      "name": "Flywheel in Action",
      "symbol": "FLYWHEEL",
      "type": "ERC20",
      "issuer": {
        "name": "zora",
        "metadata": {}
      },
      "blockListsCount": 0,
      "exchangeListsCount": 0,
      "flagListsCount": 0,
      "importedListsCount": 0,
      "isHoneypot": false,
      "transactionsHourly": 1,
      "transactionsDaily": 11,
      "transactionsWeekly": 115,
      "transactionsMonthly": 367,
      "volumeUsdHourly": 0.0999819378322972,
      "volumeUsdDaily": 35.87016731331231,
      "volumeUsdWeekly": 164.00664637013156,
      "volumeUsdMonthly": 1187.184839996388,
      "logo": "https://matcha-image-proxy.api.0x.org/images/8453/0x26a6b9da2b2bcd3bdf902336ba2984a2f15ff9bd"
    },
    {
      "address": "0x7b75230e667d8a51ba840d26b67db09045fb38e2",
      "chainId": 8453,
      "decimals": 18,
      "name": "Unbroken in the Rain",
      "symbol": "UNBROKEN",
      "type": "ERC20",
      "issuer": {
        "name": "zora",
        "metadata": {}
      },
      "blockListsCount": 0,
      "exchangeListsCount": 0,
      "flagListsCount": 0,
      "importedListsCount": 0,
      "isHoneypot": false,
      "transactionsHourly": 1,
      "transactionsDaily": 5,
      "transactionsWeekly": 124,
      "transactionsMonthly": 432,
      "volumeUsdHourly": 0.00862972840698343,
      "volumeUsdDaily": 10.466981531252976,
      "volumeUsdWeekly": 1452.9677873626583,
      "volumeUsdMonthly": 4676.876844268323,
      "logo": "https://matcha-image-proxy.api.0x.org/images/8453/0x7b75230e667d8a51ba840d26b67db09045fb38e2"
    },
    {
      "address": "0xa5334f839db0dc3504ff05944018ca20f3de2cd0",
      "chainId": 8453,
      "decimals": 18,
      "name": "LOST IN SHADOWS.",
      "symbol": "LOST IN SHADOWS.",
      "type": "ERC20",
      "issuer": {
        "name": "zora",
        "metadata": {}
      },
      "blockListsCount": 0,
      "exchangeListsCount": 0,
      "flagListsCount": 0,
      "importedListsCount": 0,
      "isHoneypot": false,
      "transactionsHourly": 2,
      "transactionsDaily": 11,
      "transactionsWeekly": 11,
      "transactionsMonthly": 11,
      "volumeUsdHourly": 1091.091570758109,
      "volumeUsdDaily": 1091.6406413493814,
      "volumeUsdWeekly": 1091.6406413493814,
      "volumeUsdMonthly": 1091.6406413493814,
      "logo": "https://matcha-image-proxy.api.0x.org/images/8453/0xa5334f839db0dc3504ff05944018ca20f3de2cd0"
    },
    {
      "address": "MEW1gQWJ3nEXg2qgERiKu7FAFj79PHvQVREQUzScPP5",
      "chainId": 1399811149,
      "decimals": 5,
      "name": "cat in a dogs world",
      "symbol": "MEW",
      "type": "SPL-Token",
      "blockListsCount": 0,
      "exchangeListsCount": 0,
      "flagListsCount": 0,
      "importedListsCount": 0,
      "isHoneypot": false,
      "transactionsDaily": 51,
      "transactionsWeekly": 51,
      "transactionsMonthly": 51,
      "volumeUsdDaily": 21871.48111934709,
      "volumeUsdWeekly": 21871.48111934709,
      "volumeUsdMonthly": 21871.48111934709,
      "logo": "https://matcha-image-proxy.api.0x.org/images/1399811149/MEW1gQWJ3nEXg2qgERiKu7FAFj79PHvQVREQUzScPP5"
    },
    {
      "address": "0x8e4f1ce473b292d56934c36976356e3e22c35585",
      "chainId": 1,
      "decimals": 18,
      "name": "Fias",
      "symbol": "FIAS",
      "type": "ERC20",
      "hasLogo": true,
      "blockListsCount": 0,
      "exchangeListsCount": 0,
      "flagListsCount": 0,
      "importedListsCount": 2,
      "buyTax": 0,
      "sellTax": 0,
      "isInDex": true,
      "isHoneypot": false,
      "manualUnblock": false,
      "transactionsHourly": 1,
      "transactionsDaily": 2,
      "transactionsWeekly": 24,
      "transactionsMonthly": 59,
      "volumeUsdHourly": 1070.54639530658,
      "volumeUsdDaily": 3335.51404955941,
      "volumeUsdWeekly": 22931.356593203767,
      "volumeUsdMonthly": 39510.97660959575,
      "logo": "https://matcha-image-proxy.api.0x.org/images/1/0x8e4f1ce473b292d56934c36976356e3e22c35585"
    },
    {
      "address": "0x653a143b8d15c565c6623d1f168cfbec1056d872",
      "chainId": 8453,
      "decimals": 9,
      "name": "kurbi",
      "symbol": "kurbi",
      "type": "ERC20",
      "hasLogo": true,
      "blockListsCount": 0,
      "exchangeListsCount": 0,
      "flagListsCount": 0,
      "importedListsCount": 1,
      "buyTax": 0,
      "sellTax": 0,
      "isInDex": true,
      "isHoneypot": false,
      "manualUnblock": false,
      "transactionsHourly": 1,
      "transactionsDaily": 3,
      "transactionsWeekly": 17,
      "transactionsMonthly": 908,
      "volumeUsdHourly": 136.443882268378,
      "volumeUsdDaily": 281.4439967371518,
      "volumeUsdWeekly": 463.4722823432881,
      "volumeUsdMonthly": 124307.00820547256,
      "logo": "https://matcha-image-proxy.api.0x.org/images/8453/0x653a143b8d15c565c6623d1f168cfbec1056d872"
    },
    {
      "address": "0x749e5334752466cda899b302ed4176b8573dc877",
      "chainId": 8453,
      "decimals": 18,
      "name": "Assimilate",
      "symbol": "SIM",
      "type": "ERC20",
      "hasLogo": true,
      "blockListsCount": 0,
      "exchangeListsCount": 0,
      "flagListsCount": 0,
      "importedListsCount": 1,
      "buyTax": 0,
      "sellTax": 0,
      "isInDex": true,
      "isHoneypot": false,
      "manualUnblock": false,
      "transactionsHourly": 1,
      "transactionsDaily": 2,
      "transactionsWeekly": 138,
      "transactionsMonthly": 193,
      "volumeUsdHourly": 25.184633159255,
      "volumeUsdDaily": 26.174830557973156,
      "volumeUsdWeekly": 31365.13644897538,
      "volumeUsdMonthly": 39285.27245861715,
      "logo": "https://matcha-image-proxy.api.0x.org/images/8453/0x749e5334752466cda899b302ed4176b8573dc877"
    },
    {
      "address": "0x623cd3a3edf080057892aaf8d773bbb7a5c9b6e9",
      "chainId": 8453,
      "decimals": 18,
      "name": "Sekuya",
      "symbol": "SKYA",
      "type": "ERC20",
      "hasLogo": true,
      "blockListsCount": 0,
      "exchangeListsCount": 0,
      "flagListsCount": 0,
      "importedListsCount": 1,
      "buyTax": 0,
      "sellTax": 0,
      "isInDex": true,
      "isHoneypot": false,
      "manualUnblock": false,
      "transactionsHourly": 1,
      "transactionsDaily": 28,
      "transactionsWeekly": 192,
      "transactionsMonthly": 635,
      "volumeUsdHourly": -0.00149029662688506,
      "volumeUsdDaily": 2.221073616508661,
      "volumeUsdWeekly": 835.264879387344,
      "volumeUsdMonthly": 9185.759728825084,
      "logo": "https://matcha-image-proxy.api.0x.org/images/8453/0x623cd3a3edf080057892aaf8d773bbb7a5c9b6e9"
    },
    {
      "address": "5oVNBeEEQvYi1cX3ir8Dx5n1P7pdxydbGF2X4TxVusJm",
      "chainId": 1399811149,
      "decimals": 9,
      "name": "Infinity",
      "symbol": "INF",
      "type": "SPL-Token",
      "blockListsCount": 0,
      "exchangeListsCount": 0,
      "flagListsCount": 0,
      "importedListsCount": 0,
      "isHoneypot": false,
      "transactionsDaily": 175,
      "transactionsWeekly": 175,
      "transactionsMonthly": 175,
      "volumeUsdDaily": 4253.141599298107,
      "volumeUsdWeekly": 4253.141599298107,
      "volumeUsdMonthly": 4253.141599298107,
      "logo": "https://matcha-image-proxy.api.0x.org/images/1399811149/5oVNBeEEQvYi1cX3ir8Dx5n1P7pdxydbGF2X4TxVusJm"
    }
  ],
  "searchTime": "2025-12-30T01:57:33.696Z",
  "error": null
}