{
  "originalSymbol": "SOMI",
  "originalFullName": "Somi",
  "searchedQuery": "SOMI Somi",
  "retried": false,
  "isL1": false,
  "success": true,
  "tokenCount": 15,
  "resultCount": 596,
  "tokens": [
    {
      "address": "0xa9616e5e23ec1582c2828b025becf3ef610e266f",
      "chainId": 56,
      "decimals": 18,
      "name": "SomniaOFT",
      "symbol": "SOMI",
      "type": "ERC20",
      "hasLogo": true,
      "blockListsCount": 0,
      "exchangeListsCount": 0,
      "flagListsCount": 0,
      "importedListsCount": 1,
      "buyTax": 0,
      "sellTax": 0,
      "isInDex": true,
      "isHoneypot": false,
      "manualUnblock": false,
      "transactionsHourly": 1,
      "transactionsDaily": 16,
      "transactionsWeekly": 203,
      "transactionsMonthly": 6581,
      "volumeUsdHourly": 4.15414163964793,
      "volumeUsdDaily": 250.58825772619736,
      "volumeUsdWeekly": 9687.172395001737,
      "volumeUsdMonthly": 147442.92358053196,
      "logo": "https://matcha-image-proxy.api.0x.org/images/56/0xa9616e5e23ec1582c2828b025becf3ef610e266f"
    },
    {
      "address": "0x0bdd19d02feed5138773f26a8b69695ea40ab6f5",
      "chainId": 130,
      "decimals": 18,
      "name": "SOMI SOMI",
      "symbol": "SOMI SOMI",
      "type": "ERC20",
      "blockListsCount": 0,
      "exchangeListsCount": 0,
      "flagListsCount": 0,
      "importedListsCount": 0,
      "logo": "https://matcha-image-proxy.api.0x.org/images/130/0x0bdd19d02feed5138773f26a8b69695ea40ab6f5"
    },
    {
      "address": "0x99c46d3ee01a001331be8ab08568dcfb6522820a",
      "chainId": 8453,
      "decimals": 18,
      "name": "SOMI SOMI",
      "symbol": "SOMI SOMI",
      "type": "ERC20",
      "blockListsCount": 0,
      "exchangeListsCount": 0,
      "flagListsCount": 0,
      "importedListsCount": 0,
      "logo": "https://matcha-image-proxy.api.0x.org/images/8453/0x99c46d3ee01a001331be8ab08568dcfb6522820a"
    },
    {
      "address": "0x47636b3188774a3e7273d85a537b9ba4ee7b2535",
      "chainId": 8453,
      "decimals": 18,
      "name": "SomniaOFT",
      "symbol": "SOMI",
      "type": "ERC20",
      "hasLogo": true,
      "blockListsCount": 0,
      "exchangeListsCount": 0,
      "flagListsCount": 0,
      "importedListsCount": 1,
      "buyTax": 0,
      "sellTax": 0,
      "isInDex": true,
      "isHoneypot": false,
      "manualUnblock": false,
      "transactionsHourly": 1,
      "transactionsDaily": 4,
      "transactionsWeekly": 13,
      "transactionsMonthly": 170,
      "volumeUsdHourly": 4.52086944503789,
      "volumeUsdDaily": 9.855172748199806,
      "volumeUsdWeekly": 116.67349477119336,
      "volumeUsdMonthly": 5838.707221588087,
      "logo": "https://matcha-image-proxy.api.0x.org/images/8453/0x47636b3188774a3e7273d85a537b9ba4ee7b2535"
    },
    {
      "address": "0x1b0f6590d21dc02b92ad3a7d00f8884dc4f1aed9",
      "chainId": 1,
      "decimals": 18,
      "name": "SomniaOFT",
      "symbol": "SOMI",
      "type": "ERC20",
      "hasLogo": true,
      "blockListsCount": 0,
      "exchangeListsCount": 0,
      "flagListsCount": 0,
      "importedListsCount": 2,
      "buyTax": 0,
      "sellTax": 0,
      "isInDex": false,
      "isHoneypot": false,
      "manualUnblock": false,
      "transactionsHourly": 1,
      "transactionsDaily": 1,
      "transactionsWeekly": 5,
      "transactionsMonthly": 51,
      "volumeUsdHourly": 24.7137948313251,
      "volumeUsdDaily": 24.7121791267781,
      "volumeUsdWeekly": 304.2983906161826,
      "volumeUsdMonthly": 4901.55974091022,
      "logo": "https://matcha-image-proxy.api.0x.org/images/1/0x1b0f6590d21dc02b92ad3a7d00f8884dc4f1aed9"
    },
    {
      "address": "0x5a3e353133d733d45b1f8826a0d54540a093d032",
      "chainId": 8453,
      "decimals": 18,
      "name": "SOMILIANS PAY CASH FOR HOMES IN",
      "symbol": "SOMILIANS PAY CASH FOR HOMES IN",
      "type": "ERC20",
      "issuer": {
        "name": "zora",
        "metadata": {}
      },
      "blockListsCount": 0,
      "exchangeListsCount": 0,
      "flagListsCount": 0,
      "importedListsCount": 0,
      "isHoneypot": false,
      "transactionsHourly": 2,
      "transactionsDaily": 12,
      "transactionsWeekly": 19,
      "transactionsMonthly": 19,
      "volumeUsdHourly": 0.22997875908453655,
      "volumeUsdDaily": 27.239258818822,
      "volumeUsdWeekly": 31.973206646186316,
      "volumeUsdMonthly": 31.973206646186316,
      "logo": "https://matcha-image-proxy.api.0x.org/images/8453/0x5a3e353133d733d45b1f8826a0d54540a093d032"
    },
    {
      "address": "0x3e138920c1388e84763c1b80e871c83ec9b4e6d4",
      "chainId": 8453,
      "decimals": 18,
      "name": "SOMI",
      "symbol": "YALY",
      "type": "ERC20",
      "blockListsCount": 0,
      "exchangeListsCount": 0,
      "flagListsCount": 0,
      "importedListsCount": 0,
      "isHoneypot": false,
      "transactionsHourly": 3,
      "transactionsDaily": 3,
      "transactionsWeekly": 3,
      "transactionsMonthly": 3,
      "volumeUsdHourly": 84.2914008607687,
      "volumeUsdDaily": 84.2914008607687,
      "volumeUsdWeekly": 84.94780976417098,
      "volumeUsdMonthly": 84.94780976417098,
      "logo": "https://matcha-image-proxy.api.0x.org/images/8453/0x3e138920c1388e84763c1b80e871c83ec9b4e6d4"
    },
    {
      "address": "0x1689dd3c4e94efdb8d3d84de2ba0da70eab0e03c",
      "chainId": 8453,
      "decimals": 18,
      "name": "SOMI",
      "symbol": "SOMI",
      "type": "ERC20",
      "issuer": {
        "name": "zora",
        "metadata": {}
      },
      "blockListsCount": 0,
      "exchangeListsCount": 0,
      "flagListsCount": 0,
      "importedListsCount": 0,
      "logo": "https://matcha-image-proxy.api.0x.org/images/8453/0x1689dd3c4e94efdb8d3d84de2ba0da70eab0e03c"
    },
    {
      "address": "0xf02622e12a2252ca0edcf3fa6b40b83e4628d97a",
      "chainId": 8453,
      "decimals": 18,
      "name": "Somi",
      "symbol": "Somi",
      "type": "ERC20",
      "issuer": {
        "name": "zora",
        "metadata": {}
      },
      "blockListsCount": 0,
      "exchangeListsCount": 0,
      "flagListsCount": 0,
      "importedListsCount": 0,
      "logo": "https://matcha-image-proxy.api.0x.org/images/8453/0xf02622e12a2252ca0edcf3fa6b40b83e4628d97a"
    },
    {
      "address": "0x4b385284ef42f268d7432388e2580879dbd7fc01",
      "chainId": 8453,
      "decimals": 18,
      "name": "Somi",
      "symbol": "Somi",
      "type": "ERC20",
      "issuer": {
        "name": "zora",
        "metadata": {}
      },
      "blockListsCount": 0,
      "exchangeListsCount": 0,
      "flagListsCount": 0,
      "importedListsCount": 0,
      "logo": "https://matcha-image-proxy.api.0x.org/images/8453/0x4b385284ef42f268d7432388e2580879dbd7fc01"
    },
    {
      "address": "0x0705e04c84f37464dd12514794629ef6f69f9802",
      "chainId": 8453,
      "decimals": 18,
      "name": "SOMI",
      "symbol": "SOMI",
      "type": "ERC20",
      "issuer": {
        "name": "zora",
        "metadata": {}
      },
      "blockListsCount": 0,
      "exchangeListsCount": 0,
      "flagListsCount": 0,
      "importedListsCount": 0,
      "logo": "https://matcha-image-proxy.api.0x.org/images/8453/0x0705e04c84f37464dd12514794629ef6f69f9802"
    },
    {
      "address": "0xf742a979e826d15a48513e97bf6b93212682cac8",
      "chainId": 8453,
      "decimals": 18,
      "name": "Somi",
      "symbol": "Somi",
      "type": "ERC20",
      "issuer": {
        "name": "zora",
        "metadata": {}
      },
      "blockListsCount": 0,
      "exchangeListsCount": 0,
      "flagListsCount": 0,
      "importedListsCount": 0,
      "logo": "https://matcha-image-proxy.api.0x.org/images/8453/0xf742a979e826d15a48513e97bf6b93212682cac8"
    },
    {
      "address": "0x1421d066396419d5a1944c657623b60eafb8b3b8",
      "chainId": 8453,
      "decimals": 18,
      "name": "somi",
      "symbol": "somi",
      "type": "ERC20",
      "issuer": {
        "name": "zora",
        "metadata": {}
      },
      "blockListsCount": 0,
      "exchangeListsCount": 0,
      "flagListsCount": 0,
      "importedListsCount": 0,
      "logo": "https://matcha-image-proxy.api.0x.org/images/8453/0x1421d066396419d5a1944c657623b60eafb8b3b8"
    },
    {
      "address": "0x26790eb56bcf6783c73aed25b69358aac01e6bb1",
      "chainId": 8453,
      "decimals": 18,
      "name": "$SOMI",
      "symbol": "$SOMI",
      "type": "ERC20",
      "issuer": {
        "name": "zora",
        "metadata": {}
      },
      "blockListsCount": 0,
      "exchangeListsCount": 0,
      "flagListsCount": 0,
      "importedListsCount": 0,
      "buyTax": null,
      "sellTax": null,
      "isInDex": false,
      "isHoneypot": false,
      "logo": "https://matcha-image-proxy.api.0x.org/images/8453/0x26790eb56bcf6783c73aed25b69358aac01e6bb1"
    },
    {
      "address": "0x5817d3cb36278bcfe88b8ef7830c8cc5e83ee5af",
      "chainId": 8453,
      "decimals": 18,
      "name": "SOMI",
      "symbol": "SOMI",
      "type": "ERC20",
      "issuer": {
        "name": "zora",
        "metadata": {}
      },
      "blockListsCount": 0,
      "exchangeListsCount": 0,
      "flagListsCount": 0,
      "importedListsCount": 0,
      "logo": "https://matcha-image-proxy.api.0x.org/images/8453/0x5817d3cb36278bcfe88b8ef7830c8cc5e83ee5af"
    }
  ],
  "searchTime": "2025-12-30T01:58:53.125Z",
  "error": null
}