{
  "originalSymbol": "TRUMP",
  "originalFullName": "Trump",
  "searchedQuery": "TRUMP Trump",
  "retried": false,
  "isL1": false,
  "success": true,
  "tokenCount": 15,
  "resultCount": 10000,
  "tokens": [
    {
      "address": "6p6xgHyF7AeE6TZkSmFsko444wqoP15icUSqi2jfGiPN",
      "chainId": 1399811149,
      "decimals": 6,
      "name": "OFFICIAL TRUMP",
      "symbol": "TRUMP",
      "type": "SPL-Token",
      "blockListsCount": 0,
      "exchangeListsCount": 0,
      "flagListsCount": 0,
      "importedListsCount": 0,
      "isHoneypot": false,
      "transactionsDaily": 1247,
      "transactionsWeekly": 1247,
      "transactionsMonthly": 1247,
      "volumeUsdDaily": 3426506.2757326034,
      "volumeUsdWeekly": 3426506.2757326034,
      "volumeUsdMonthly": 3426506.2757326034,
      "logo": "https://matcha-image-proxy.api.0x.org/images/1399811149/6p6xgHyF7AeE6TZkSmFsko444wqoP15icUSqi2jfGiPN"
    },
    {
      "address": "AkszrMuTDqZwjXXBbkveQfUGxaLD2D77hxQeHfhDpump",
      "chainId": 1399811149,
      "decimals": 6,
      "name": "TRUMP VS PUTIN",
      "symbol": "$TvsP",
      "type": "SPL-Token",
      "blockListsCount": 1,
      "exchangeListsCount": 0,
      "flagListsCount": 0,
      "importedListsCount": 0,
      "manualUnblock": false,
      "transactionsDaily": 722,
      "transactionsWeekly": 722,
      "transactionsMonthly": 722,
      "volumeUsdDaily": 2561.65789397408,
      "volumeUsdWeekly": 2561.65789397408,
      "volumeUsdMonthly": 2561.65789397408,
      "logo": "https://matcha-image-proxy.api.0x.org/images/1399811149/AkszrMuTDqZwjXXBbkveQfUGxaLD2D77hxQeHfhDpump"
    },
    {
      "address": "0xe9732d4b1e7d3789004ff029f032ba3034db059c",
      "chainId": 1,
      "decimals": 18,
      "name": "Patriot",
      "symbol": "PATRIOT",
      "type": "ERC20",
      "hasLogo": true,
      "blockListsCount": 0,
      "exchangeListsCount": 0,
      "flagListsCount": 0,
      "importedListsCount": 2,
      "buyTax": 0,
      "sellTax": 0,
      "isInDex": true,
      "isHoneypot": false,
      "manualUnblock": false,
      "transactionsHourly": 1,
      "transactionsDaily": 6,
      "transactionsWeekly": 45,
      "transactionsMonthly": 296,
      "volumeUsdHourly": 734.785654971311,
      "volumeUsdDaily": 10419.01968368449,
      "volumeUsdWeekly": 37283.007900307435,
      "volumeUsdMonthly": 228528.38417630343,
      "logo": "https://matcha-image-proxy.api.0x.org/images/1/0xe9732d4b1e7d3789004ff029f032ba3034db059c"
    },
    {
      "address": "0xdac9ae1338da4df22557795060c8300198f36d18",
      "chainId": 8453,
      "decimals": 18,
      "name": "TRUMP TRUMP TRUMP",
      "symbol": "TRUMP TRUMP TRUMP",
      "type": "ERC20",
      "issuer": {
        "name": "zora",
        "metadata": {}
      },
      "blockListsCount": 0,
      "exchangeListsCount": 0,
      "flagListsCount": 0,
      "importedListsCount": 0,
      "buyTax": null,
      "sellTax": null,
      "isInDex": false,
      "isHoneypot": false,
      "logo": "https://matcha-image-proxy.api.0x.org/images/8453/0xdac9ae1338da4df22557795060c8300198f36d18"
    },
    {
      "address": "0xe2f7a963b225df50e5c9415c31b2cfae9c6d8b30",
      "chainId": 8453,
      "decimals": 18,
      "name": "Trump trump trump",
      "symbol": "Trump trump trump",
      "type": "ERC20",
      "issuer": {
        "name": "zora",
        "metadata": {}
      },
      "blockListsCount": 0,
      "exchangeListsCount": 0,
      "flagListsCount": 0,
      "importedListsCount": 0,
      "buyTax": null,
      "sellTax": null,
      "isInDex": false,
      "isHoneypot": false,
      "logo": "https://matcha-image-proxy.api.0x.org/images/8453/0xe2f7a963b225df50e5c9415c31b2cfae9c6d8b30"
    },
    {
      "address": "0x5ef9eb442fd8afe7c23abcaa3ca90df0e913bf1e",
      "chainId": 8453,
      "decimals": 18,
      "name": "Trump trump",
      "symbol": "Trump trump",
      "type": "ERC20",
      "issuer": {
        "name": "zora",
        "metadata": {}
      },
      "blockListsCount": 0,
      "exchangeListsCount": 0,
      "flagListsCount": 0,
      "importedListsCount": 0,
      "buyTax": null,
      "sellTax": null,
      "isInDex": false,
      "isHoneypot": false,
      "logo": "https://matcha-image-proxy.api.0x.org/images/8453/0x5ef9eb442fd8afe7c23abcaa3ca90df0e913bf1e"
    },
    {
      "address": "0x5cfe1f705fa9a1dcfd3c1f8786e96fddca0fc6e0",
      "chainId": 8453,
      "decimals": 18,
      "name": "trump - trump",
      "symbol": "trump - trump",
      "type": "ERC20",
      "issuer": {
        "name": "zora",
        "metadata": {}
      },
      "blockListsCount": 0,
      "exchangeListsCount": 0,
      "flagListsCount": 0,
      "importedListsCount": 0,
      "buyTax": null,
      "sellTax": null,
      "isInDex": false,
      "isHoneypot": false,
      "logo": "https://matcha-image-proxy.api.0x.org/images/8453/0x5cfe1f705fa9a1dcfd3c1f8786e96fddca0fc6e0"
    },
    {
      "address": "0x7e6841cf3312f23588105d897df70c3be19eedd3",
      "chainId": 8453,
      "decimals": 18,
      "name": "#Trump $Trump",
      "symbol": "#Trump $Trump",
      "type": "ERC20",
      "issuer": {
        "name": "zora",
        "metadata": {}
      },
      "blockListsCount": 0,
      "exchangeListsCount": 0,
      "flagListsCount": 0,
      "importedListsCount": 0,
      "logo": "https://matcha-image-proxy.api.0x.org/images/8453/0x7e6841cf3312f23588105d897df70c3be19eedd3"
    },
    {
      "address": "5WxaPhgXuNPpQXQgtuNM6cvzzzbgQU3ZEBYmatFVeumh",
      "chainId": 1399811149,
      "decimals": 6,
      "name": "OFFICIAL TRUMP",
      "symbol": "TRUMP",
      "type": "SPL-Token",
      "blockListsCount": 0,
      "exchangeListsCount": 0,
      "flagListsCount": 0,
      "importedListsCount": 0,
      "transactionsDaily": 628,
      "transactionsWeekly": 628,
      "transactionsMonthly": 628,
      "volumeUsdDaily": 52021.03226724927,
      "volumeUsdWeekly": 52021.03226724927,
      "volumeUsdMonthly": 52021.03226724927,
      "logo": "https://matcha-image-proxy.api.0x.org/images/1399811149/5WxaPhgXuNPpQXQgtuNM6cvzzzbgQU3ZEBYmatFVeumh"
    },
    {
      "address": "0x9676ddcb558b1800e57479202c5500b5eef68fe0",
      "chainId": 8453,
      "decimals": 18,
      "name": "OFFICIAL TRUMP (TRUMP)",
      "symbol": "OFFICIAL TRUMP (TRUMP)",
      "type": "ERC20",
      "issuer": {
        "name": "zora",
        "metadata": {}
      },
      "blockListsCount": 0,
      "exchangeListsCount": 0,
      "flagListsCount": 0,
      "importedListsCount": 0,
      "logo": "https://matcha-image-proxy.api.0x.org/images/8453/0x9676ddcb558b1800e57479202c5500b5eef68fe0"
    },
    {
      "address": "0xc4bb78d8daa6faf3f8c8aaf7d4ded7bfff98259a",
      "chainId": 8453,
      "decimals": 18,
      "name": "@@clanker.farcaster.eth deploy token name trump trump and ticker",
      "symbol": "?@clanker.farcaster.eth deploy token name trump trump and ticker",
      "type": "ERC20",
      "issuer": {
        "name": "zora",
        "metadata": {}
      },
      "blockListsCount": 0,
      "exchangeListsCount": 0,
      "flagListsCount": 0,
      "importedListsCount": 0,
      "logo": "https://matcha-image-proxy.api.0x.org/images/8453/0xc4bb78d8daa6faf3f8c8aaf7d4ded7bfff98259a"
    },
    {
      "address": "0xe6b88a484852ae1628f4b5a7e1589e8c55b41432",
      "chainId": 8453,
      "decimals": 18,
      "name": "@\"All hell will breakout\" said Trump! Trump issues Hamas an ult",
      "symbol": "@\"All hell will breakout\" said Trump! Trump issues Hamas an ult",
      "type": "ERC20",
      "issuer": {
        "name": "zora",
        "metadata": {}
      },
      "blockListsCount": 0,
      "exchangeListsCount": 0,
      "flagListsCount": 0,
      "importedListsCount": 0,
      "logo": "https://matcha-image-proxy.api.0x.org/images/8453/0xe6b88a484852ae1628f4b5a7e1589e8c55b41432"
    },
    {
      "address": "0x2d2a7ff717c8098bdc9790e03a955a927099e39b",
      "chainId": 8453,
      "decimals": 18,
      "name": "@Here's the Analysis of #TRUMP :#TRUMP moving very choppy and n",
      "symbol": "@Here's the Analysis of #TRUMP :#TRUMP moving very choppy and n",
      "type": "ERC20",
      "issuer": {
        "name": "zora",
        "metadata": {}
      },
      "blockListsCount": 0,
      "exchangeListsCount": 0,
      "flagListsCount": 0,
      "importedListsCount": 0,
      "logo": "https://matcha-image-proxy.api.0x.org/images/8453/0x2d2a7ff717c8098bdc9790e03a955a927099e39b"
    },
    {
      "address": "0x363049b968284407c9c1b68983cf6b8c34a8b086",
      "chainId": 8453,
      "decimals": 18,
      "name": "@Official Trump (TRUMP) is not only making waves in the meme coin",
      "symbol": "@Official Trump (TRUMP) is not only making waves in the meme coin",
      "type": "ERC20",
      "issuer": {
        "name": "zora",
        "metadata": {}
      },
      "blockListsCount": 0,
      "exchangeListsCount": 0,
      "flagListsCount": 0,
      "importedListsCount": 0,
      "logo": "https://matcha-image-proxy.api.0x.org/images/8453/0x363049b968284407c9c1b68983cf6b8c34a8b086"
    },
    {
      "address": "0x225e5b78f289c6d7d7757ad2b9d23b6ab31a5eea",
      "chainId": 1,
      "decimals": 18,
      "name": "MAGA Trump",
      "symbol": "MAGATRUMP",
      "type": "ERC20",
      "hasLogo": true,
      "blockListsCount": 0,
      "exchangeListsCount": 0,
      "flagListsCount": 0,
      "importedListsCount": 2,
      "buyTax": 0,
      "sellTax": 0,
      "isInDex": true,
      "isHoneypot": false,
      "manualUnblock": false,
      "transactionsHourly": 1,
      "transactionsDaily": 6,
      "transactionsWeekly": 29,
      "transactionsMonthly": 111,
      "volumeUsdHourly": 52.2234275814966,
      "volumeUsdDaily": 132.30947715365832,
      "volumeUsdWeekly": 849.6717572958626,
      "volumeUsdMonthly": 1969.176155356649,
      "logo": "https://matcha-image-proxy.api.0x.org/images/1/0x225e5b78f289c6d7d7757ad2b9d23b6ab31a5eea"
    }
  ],
  "searchTime": "2025-12-30T01:57:14.924Z",
  "error": null
}