{
  "originalSymbol": "ZETA",
  "originalFullName": "ZetaChain",
  "searchedQuery": "ZETA ZetaChain",
  "retried": false,
  "isL1": false,
  "success": true,
  "tokenCount": 15,
  "resultCount": 2329,
  "tokens": [
    {
      "address": "0xf091867ec603a6628ed83d274e835539d82e9cc8",
      "chainId": 1,
      "decimals": 18,
      "name": "Zeta",
      "symbol": "ZETA",
      "type": "ERC20",
      "hasLogo": true,
      "blockListsCount": 0,
      "exchangeListsCount": 1,
      "flagListsCount": 0,
      "importedListsCount": 3,
      "buyTax": 0,
      "sellTax": 0,
      "isInDex": true,
      "isHoneypot": false,
      "manualUnblock": false,
      "transactionsHourly": 2,
      "transactionsDaily": 7,
      "transactionsWeekly": 13,
      "transactionsMonthly": 43,
      "volumeUsdHourly": -1.650320107475256,
      "volumeUsdDaily": 1782.8696242686142,
      "volumeUsdWeekly": 1783.439661162104,
      "volumeUsdMonthly": 9188.007722243085,
      "logo": "https://matcha-image-proxy.api.0x.org/images/1/0xf091867ec603a6628ed83d274e835539d82e9cc8"
    },
    {
      "address": "ZEXy1pqteRu3n13kdyh4LwPQknkFk3GzmMYMuNadWPo",
      "chainId": 1399811149,
      "decimals": 6,
      "name": "Zeta",
      "symbol": "ZEX",
      "type": "SPL-Token",
      "blockListsCount": 0,
      "exchangeListsCount": 0,
      "flagListsCount": 0,
      "importedListsCount": 0,
      "isHoneypot": false,
      "transactionsDaily": 107,
      "transactionsWeekly": 107,
      "transactionsMonthly": 107,
      "volumeUsdDaily": 2755.963706281931,
      "volumeUsdWeekly": 2755.963706281931,
      "volumeUsdMonthly": 2755.963706281931,
      "logo": "https://matcha-image-proxy.api.0x.org/images/1399811149/ZEXy1pqteRu3n13kdyh4LwPQknkFk3GzmMYMuNadWPo"
    },
    {
      "address": "0x409aba706ae1f4adc9e8bff3506261854d69cfc3",
      "chainId": 8453,
      "decimals": 18,
      "name": "ZETA ZetaChain On Base",
      "symbol": "ZETA ZetaChain On Base",
      "type": "ERC20",
      "blockListsCount": 0,
      "exchangeListsCount": 0,
      "flagListsCount": 0,
      "importedListsCount": 0,
      "logo": "https://matcha-image-proxy.api.0x.org/images/8453/0x409aba706ae1f4adc9e8bff3506261854d69cfc3"
    },
    {
      "address": "0x0000028a2eb8346cd5c0267856ab7594b7a55308",
      "chainId": 56,
      "decimals": 18,
      "name": "Zeta",
      "symbol": "ZETA",
      "type": "ERC20",
      "hasLogo": true,
      "blockListsCount": 0,
      "exchangeListsCount": 0,
      "flagListsCount": 0,
      "importedListsCount": 1,
      "buyTax": 0,
      "sellTax": 0,
      "isInDex": true,
      "isHoneypot": false,
      "manualUnblock": false,
      "transactionsHourly": 1,
      "transactionsDaily": 1,
      "transactionsWeekly": 5,
      "transactionsMonthly": 34,
      "volumeUsdHourly": 0.744710578363875,
      "volumeUsdDaily": 0.744710578363875,
      "volumeUsdWeekly": 39.254655882752,
      "volumeUsdMonthly": 706.1785546770861,
      "logo": "https://matcha-image-proxy.api.0x.org/images/56/0x0000028a2eb8346cd5c0267856ab7594b7a55308"
    },
    {
      "address": "0x3da42b887bba35c3f5132e23c6419102eaa82b23",
      "chainId": 130,
      "decimals": 18,
      "name": "Optionpanda Zeta",
      "symbol": "Optionpanda Zeta",
      "type": "ERC20",
      "blockListsCount": 1,
      "exchangeListsCount": 0,
      "flagListsCount": 1,
      "importedListsCount": 0,
      "manualUnblock": false,
      "logo": "https://matcha-image-proxy.api.0x.org/images/130/0x3da42b887bba35c3f5132e23c6419102eaa82b23"
    },
    {
      "address": "0x426167c0c317b82d07dac3398f7b632afe275aa0",
      "chainId": 8453,
      "decimals": 18,
      "name": "Zeta 50x.com",
      "symbol": "Zeta 50x.com",
      "type": "ERC20",
      "blockListsCount": 1,
      "exchangeListsCount": 0,
      "flagListsCount": 1,
      "importedListsCount": 0,
      "buyTax": 0,
      "sellTax": 0,
      "isInDex": true,
      "isHoneypot": false,
      "manualUnblock": false,
      "logo": "https://matcha-image-proxy.api.0x.org/images/8453/0x426167c0c317b82d07dac3398f7b632afe275aa0"
    },
    {
      "address": "0xa81a094a3b4ad0d7b497f911a6df2f4e33c80fff",
      "chainId": 130,
      "decimals": 18,
      "name": "Zeta Long",
      "symbol": "Zeta Long",
      "type": "ERC20",
      "blockListsCount": 1,
      "exchangeListsCount": 0,
      "flagListsCount": 1,
      "importedListsCount": 0,
      "manualUnblock": false,
      "logo": "https://matcha-image-proxy.api.0x.org/images/130/0xa81a094a3b4ad0d7b497f911a6df2f4e33c80fff"
    },
    {
      "address": "C3DV9UJuxaUvpBg5L3dcr7mpRGpsVF2en7bCZ8yHtnKv",
      "chainId": 1399811149,
      "decimals": 6,
      "name": "Zeta Memestock Inc.",
      "symbol": "Zeta",
      "type": "SPL-Token",
      "blockListsCount": 1,
      "exchangeListsCount": 0,
      "flagListsCount": 1,
      "importedListsCount": 0,
      "manualUnblock": false,
      "logo": "https://matcha-image-proxy.api.0x.org/images/1399811149/C3DV9UJuxaUvpBg5L3dcr7mpRGpsVF2en7bCZ8yHtnKv"
    },
    {
      "address": "6gm1K4gRrKmsasAjCM5RyLz57hxBU1iqaG4DPWjpump",
      "chainId": 1399811149,
      "decimals": 6,
      "name": "Zeta Global Holdings Corp",
      "symbol": "ZETA",
      "type": "SPL-Token",
      "blockListsCount": 1,
      "exchangeListsCount": 0,
      "flagListsCount": 1,
      "importedListsCount": 0,
      "manualUnblock": false,
      "logo": "https://matcha-image-proxy.api.0x.org/images/1399811149/6gm1K4gRrKmsasAjCM5RyLz57hxBU1iqaG4DPWjpump"
    },
    {
      "address": "27JhFmQXQcVFrJJhnDw1iZzPrTiDB7GJhzVg7bkApump",
      "chainId": 1399811149,
      "decimals": 6,
      "name": "Zeta Global Holdings Corp",
      "symbol": "ZETA",
      "type": "SPL-Token",
      "blockListsCount": 1,
      "exchangeListsCount": 0,
      "flagListsCount": 1,
      "importedListsCount": 0,
      "manualUnblock": false,
      "logo": "https://matcha-image-proxy.api.0x.org/images/1399811149/27JhFmQXQcVFrJJhnDw1iZzPrTiDB7GJhzVg7bkApump"
    },
    {
      "address": "0x794abcc783d4a73f8d343d9b5b18a0e1c6f4e595",
      "chainId": 56,
      "decimals": 18,
      "name": "ZETA ZetaChain On Binance Alpha",
      "symbol": "ZETA ZetaC",
      "type": "ERC20",
      "blockListsCount": 0,
      "exchangeListsCount": 0,
      "flagListsCount": 0,
      "importedListsCount": 0,
      "logo": "https://matcha-image-proxy.api.0x.org/images/56/0x794abcc783d4a73f8d343d9b5b18a0e1c6f4e595"
    },
    {
      "address": "0x003bd77857f930ec534a92f9a5bae4fc6c0fa051",
      "chainId": 8453,
      "decimals": 18,
      "name": "ZETA ZetaChain Perpetual",
      "symbol": "ZETAZE",
      "type": "ERC20",
      "blockListsCount": 0,
      "exchangeListsCount": 0,
      "flagListsCount": 0,
      "importedListsCount": 0,
      "logo": "https://matcha-image-proxy.api.0x.org/images/8453/0x003bd77857f930ec534a92f9a5bae4fc6c0fa051"
    },
    {
      "address": "0x109800d3e1efb117f9fde30f6f1b9e2465bd07c7",
      "chainId": 130,
      "decimals": 18,
      "name": "Osol Ai Index Zeta",
      "symbol": "Osol Ai Index Zeta",
      "type": "ERC20",
      "blockListsCount": 1,
      "exchangeListsCount": 0,
      "flagListsCount": 1,
      "importedListsCount": 0,
      "manualUnblock": false,
      "logo": "https://matcha-image-proxy.api.0x.org/images/130/0x109800d3e1efb117f9fde30f6f1b9e2465bd07c7"
    },
    {
      "address": "0x64942493beaca5591a76177a5b719311803b1725",
      "chainId": 1,
      "decimals": 18,
      "name": "Zeta AI",
      "symbol": "ZAI",
      "type": "ERC20",
      "blockListsCount": 0,
      "exchangeListsCount": 0,
      "flagListsCount": 0,
      "importedListsCount": 0,
      "buyTax": 0,
      "sellTax": 0,
      "isInDex": true,
      "isHoneypot": false,
      "transactionsHourly": 3,
      "transactionsDaily": 3,
      "transactionsWeekly": 3,
      "transactionsMonthly": 3,
      "volumeUsdHourly": 129.3066912533658,
      "volumeUsdDaily": 129.3066912533658,
      "volumeUsdWeekly": 129.4812300557573,
      "volumeUsdMonthly": 129.4812300557573,
      "logo": "https://matcha-image-proxy.api.0x.org/images/1/0x64942493beaca5591a76177a5b719311803b1725"
    },
    {
      "address": "2j99jkUoN5NzEZ2ksAbUdhMe6eRFtimUHB2bPGKRUXK6",
      "chainId": 1399811149,
      "decimals": 6,
      "name": "EUPHORIA ZETA-9X",
      "symbol": "EUPHORIA",
      "type": "SPL-Token",
      "blockListsCount": 1,
      "exchangeListsCount": 0,
      "flagListsCount": 1,
      "importedListsCount": 0,
      "manualUnblock": false,
      "logo": "https://matcha-image-proxy.api.0x.org/images/1399811149/2j99jkUoN5NzEZ2ksAbUdhMe6eRFtimUHB2bPGKRUXK6"
    }
  ],
  "searchTime": "2025-12-30T01:58:20.139Z",
  "error": null
}