{
  "originalSymbol": "ARK",
  "originalFullName": "Ark",
  "searchedQuery": "ARK Ark",
  "retried": false,
  "isL1": false,
  "success": true,
  "tokenCount": 15,
  "resultCount": 9157,
  "tokens": [
    {
      "address": "0xcae117ca6bc8a341d2e7207f30e180f0e5618b9d",
      "chainId": 56,
      "decimals": 18,
      "name": "ARK",
      "symbol": "ARK",
      "type": "ERC20",
      "hasLogo": true,
      "blockListsCount": 0,
      "exchangeListsCount": 0,
      "flagListsCount": 0,
      "importedListsCount": 1,
      "buyTax": 0,
      "sellTax": 0.025,
      "isInDex": true,
      "isHoneypot": false,
      "manualUnblock": false,
      "transactionsHourly": 1,
      "transactionsDaily": 11,
      "transactionsWeekly": 37,
      "transactionsMonthly": 470,
      "volumeUsdHourly": 18.0703574227182,
      "volumeUsdDaily": 2395.59746809889,
      "volumeUsdWeekly": 4842.740708832662,
      "volumeUsdMonthly": 118672.59684000052,
      "logo": "https://matcha-image-proxy.api.0x.org/images/56/0xcae117ca6bc8a341d2e7207f30e180f0e5618b9d"
    },
    {
      "address": "0x6b0b3a982b4634ac68dd83a4dbf02311ce324181",
      "chainId": 1,
      "decimals": 18,
      "name": "$Artificial Liquid Intelligence Token",
      "symbol": "ALI",
      "type": "ERC20",
      "hasLogo": true,
      "blockListsCount": 0,
      "exchangeListsCount": 0,
      "flagListsCount": 0,
      "importedListsCount": 5,
      "buyTax": 0,
      "sellTax": 0,
      "isInDex": false,
      "isHoneypot": false,
      "manualUnblock": false,
      "transactionsHourly": 1,
      "transactionsDaily": 5,
      "transactionsWeekly": 104,
      "transactionsMonthly": 160,
      "volumeUsdHourly": 117.976151498039,
      "volumeUsdDaily": 530.5000281831325,
      "volumeUsdWeekly": 24410.615243382155,
      "volumeUsdMonthly": 46849.80275628507,
      "logo": "https://matcha-image-proxy.api.0x.org/images/1/0x6b0b3a982b4634ac68dd83a4dbf02311ce324181"
    },
    {
      "address": "0x97c806e7665d3afd84a8fe1837921403d59f3dcc",
      "chainId": 8453,
      "decimals": 18,
      "name": "$Artificial Liquid Intelligence Token",
      "symbol": "ALI",
      "type": "ERC20",
      "hasLogo": true,
      "blockListsCount": 0,
      "exchangeListsCount": 0,
      "flagListsCount": 0,
      "importedListsCount": 3,
      "buyTax": 0,
      "sellTax": 0,
      "isInDex": true,
      "isHoneypot": false,
      "manualUnblock": false,
      "transactionsHourly": 1,
      "transactionsDaily": 7,
      "transactionsWeekly": 120,
      "transactionsMonthly": 200,
      "volumeUsdHourly": 4.96869209716261,
      "volumeUsdDaily": 164.8232246014084,
      "volumeUsdWeekly": 5654.131150353468,
      "volumeUsdMonthly": 11276.138066410009,
      "logo": "https://matcha-image-proxy.api.0x.org/images/8453/0x97c806e7665d3afd84a8fe1837921403d59f3dcc"
    },
    {
      "address": "0xda203f7ba3c33718a7706f4859fdc6a985ffa9aa",
      "chainId": 130,
      "decimals": 18,
      "name": "Ark ARK",
      "symbol": "Ark ARK",
      "type": "ERC20",
      "blockListsCount": 0,
      "exchangeListsCount": 0,
      "flagListsCount": 0,
      "importedListsCount": 0,
      "logo": "https://matcha-image-proxy.api.0x.org/images/130/0xda203f7ba3c33718a7706f4859fdc6a985ffa9aa"
    },
    {
      "address": "0xa377df582fa40f9208d640d1c82ba224073e37a7",
      "chainId": 130,
      "decimals": 18,
      "name": "Ark ARK",
      "symbol": "Ark ARK",
      "type": "ERC20",
      "blockListsCount": 0,
      "exchangeListsCount": 0,
      "flagListsCount": 0,
      "importedListsCount": 0,
      "logo": "https://matcha-image-proxy.api.0x.org/images/130/0xa377df582fa40f9208d640d1c82ba224073e37a7"
    },
    {
      "address": "0xc2739bdafec7d00168cc4333bc806f810cbe103f",
      "chainId": 130,
      "decimals": 18,
      "name": "Ark ARK",
      "symbol": "Ark ARK",
      "type": "ERC20",
      "blockListsCount": 0,
      "exchangeListsCount": 0,
      "flagListsCount": 0,
      "importedListsCount": 0,
      "logo": "https://matcha-image-proxy.api.0x.org/images/130/0xc2739bdafec7d00168cc4333bc806f810cbe103f"
    },
    {
      "address": "0x58f0f43f003fcf3e2f69068c6030bb20b2546f46",
      "chainId": 130,
      "decimals": 18,
      "name": "Ark Ark",
      "symbol": "Ark Ark",
      "type": "ERC20",
      "blockListsCount": 0,
      "exchangeListsCount": 0,
      "flagListsCount": 0,
      "importedListsCount": 0,
      "logo": "https://matcha-image-proxy.api.0x.org/images/130/0x58f0f43f003fcf3e2f69068c6030bb20b2546f46"
    },
    {
      "address": "EyvF56UqcZ9BiQrZAcZAqANx2jakmgGGxAjNqs869Pb",
      "chainId": 1399811149,
      "decimals": 6,
      "name": "ARK",
      "symbol": "ARK",
      "type": "SPL-Token",
      "blockListsCount": 0,
      "exchangeListsCount": 0,
      "flagListsCount": 0,
      "importedListsCount": 0,
      "transactionsDaily": 302,
      "transactionsWeekly": 302,
      "transactionsMonthly": 302,
      "volumeUsdDaily": 424.6177602337202,
      "volumeUsdWeekly": 424.6177602337202,
      "volumeUsdMonthly": 424.6177602337202,
      "logo": "https://matcha-image-proxy.api.0x.org/images/1399811149/EyvF56UqcZ9BiQrZAcZAqANx2jakmgGGxAjNqs869Pb"
    },
    {
      "address": "0x22d9de183a8e2ff44094ef2cd8bfcab12738ed45",
      "chainId": 8453,
      "decimals": 18,
      "name": "Ark ARK AI",
      "symbol": "Ark ARK AI",
      "type": "ERC20",
      "blockListsCount": 0,
      "exchangeListsCount": 0,
      "flagListsCount": 0,
      "importedListsCount": 0,
      "logo": "https://matcha-image-proxy.api.0x.org/images/8453/0x22d9de183a8e2ff44094ef2cd8bfcab12738ed45"
    },
    {
      "address": "0xd73409236c563e49cae302cc259fdefb2c1a01cc",
      "chainId": 8453,
      "decimals": 18,
      "name": "Ark ARK V3",
      "symbol": "Ark ARK V3",
      "type": "ERC20",
      "blockListsCount": 0,
      "exchangeListsCount": 0,
      "flagListsCount": 0,
      "importedListsCount": 0,
      "logo": "https://matcha-image-proxy.api.0x.org/images/8453/0xd73409236c563e49cae302cc259fdefb2c1a01cc"
    },
    {
      "address": "0xc641ddc807dd831885595d4012d066076ff53f56",
      "chainId": 8453,
      "decimals": 9,
      "name": "Ark ARK Mobile",
      "symbol": "Ark ARK Mobile",
      "type": "ERC20",
      "blockListsCount": 0,
      "exchangeListsCount": 0,
      "flagListsCount": 0,
      "importedListsCount": 0,
      "logo": "https://matcha-image-proxy.api.0x.org/images/8453/0xc641ddc807dd831885595d4012d066076ff53f56"
    },
    {
      "address": "0xecc402176c314ed9475737bbfbc836778c558de0",
      "chainId": 130,
      "decimals": 18,
      "name": "Ark ARK V3",
      "symbol": "Ark ARK V3",
      "type": "ERC20",
      "blockListsCount": 0,
      "exchangeListsCount": 0,
      "flagListsCount": 0,
      "importedListsCount": 0,
      "logo": "https://matcha-image-proxy.api.0x.org/images/130/0xecc402176c314ed9475737bbfbc836778c558de0"
    },
    {
      "address": "0x797342ea3a1856ca9aef279a5a37ffa9f7047dea",
      "chainId": 8453,
      "decimals": 9,
      "name": "Ark ARK Red",
      "symbol": "Ark ARK Red",
      "type": "ERC20",
      "blockListsCount": 0,
      "exchangeListsCount": 0,
      "flagListsCount": 0,
      "importedListsCount": 0,
      "buyTax": 0,
      "sellTax": 0,
      "isInDex": true,
      "isHoneypot": false,
      "logo": "https://matcha-image-proxy.api.0x.org/images/8453/0x797342ea3a1856ca9aef279a5a37ffa9f7047dea"
    },
    {
      "address": "0x4d25f2097782c047baeb4b25e78de6c8b6271a55",
      "chainId": 130,
      "decimals": 18,
      "name": "Ark ARK V2",
      "symbol": "Ark ARK V2",
      "type": "ERC20",
      "blockListsCount": 0,
      "exchangeListsCount": 0,
      "flagListsCount": 0,
      "importedListsCount": 0,
      "logo": "https://matcha-image-proxy.api.0x.org/images/130/0x4d25f2097782c047baeb4b25e78de6c8b6271a55"
    },
    {
      "address": "0x5bb9181dbd26b30869c851b1f82b67f5000b87b5",
      "chainId": 8453,
      "decimals": 9,
      "name": "The Ark $ARK",
      "symbol": "The Ark $ARK",
      "type": "ERC20",
      "blockListsCount": 0,
      "exchangeListsCount": 0,
      "flagListsCount": 0,
      "importedListsCount": 0,
      "buyTax": 0,
      "sellTax": 0,
      "isInDex": true,
      "isHoneypot": false,
      "logo": "https://matcha-image-proxy.api.0x.org/images/8453/0x5bb9181dbd26b30869c851b1f82b67f5000b87b5"
    }
  ],
  "searchTime": "2025-12-30T01:57:46.526Z",
  "error": null
}