{
  "originalSymbol": "ICX",
  "originalFullName": "ICON",
  "searchedQuery": "ICX ICON",
  "retried": true,
  "isL1": true,
  "success": true,
  "tokenCount": 15,
  "resultCount": 5470,
  "tokens": [
    {
      "address": "0x532f27101965dd16442e59d40670faf5ebb142e4",
      "chainId": 8453,
      "decimals": 18,
      "name": "Brett",
      "symbol": "BRETT",
      "type": "ERC20",
      "hasLogo": true,
      "blockListsCount": 0,
      "exchangeListsCount": 0,
      "flagListsCount": 0,
      "importedListsCount": 1,
      "buyTax": 0,
      "sellTax": 0,
      "isInDex": true,
      "isHoneypot": false,
      "manualUnblock": false,
      "transactionsHourly": 14,
      "transactionsDaily": 393,
      "transactionsWeekly": 3805,
      "transactionsMonthly": 17151,
      "volumeUsdHourly": 5254.00098973257,
      "volumeUsdDaily": 33717.84632277612,
      "volumeUsdWeekly": 856379.8610153093,
      "volumeUsdMonthly": 3810107.849586768,
      "logo": "https://matcha-image-proxy.api.0x.org/images/8453/0x532f27101965dd16442e59d40670faf5ebb142e4"
    },
    {
      "address": "0x9ac9468e7e3e1d194080827226b45d0b892c77fd",
      "chainId": 1,
      "decimals": 9,
      "name": "Yee Token",
      "symbol": "Yee",
      "type": "ERC20",
      "hasLogo": true,
      "blockListsCount": 0,
      "exchangeListsCount": 0,
      "flagListsCount": 0,
      "importedListsCount": 2,
      "buyTax": 0,
      "sellTax": 0,
      "isInDex": true,
      "isHoneypot": false,
      "manualUnblock": false,
      "transactionsHourly": 5,
      "transactionsDaily": 89,
      "transactionsWeekly": 786,
      "transactionsMonthly": 3589,
      "volumeUsdHourly": 3740.573705113945,
      "volumeUsdDaily": 177402.02779978924,
      "volumeUsdWeekly": 700915.0858314718,
      "volumeUsdMonthly": 2246020.24007648,
      "logo": "https://matcha-image-proxy.api.0x.org/images/1/0x9ac9468e7e3e1d194080827226b45d0b892c77fd"
    },
    {
      "address": "0x6982508145454ce325ddbe47a25d4ec3d2311933",
      "chainId": 1,
      "decimals": 18,
      "name": "Pepe",
      "symbol": "PEPE",
      "type": "ERC20",
      "hasLogo": true,
      "blockListsCount": 0,
      "exchangeListsCount": 1,
      "flagListsCount": 0,
      "importedListsCount": 4,
      "buyTax": 0,
      "sellTax": 0,
      "isInDex": true,
      "isHoneypot": false,
      "manualUnblock": false,
      "transactionsHourly": 4,
      "transactionsDaily": 86,
      "transactionsWeekly": 589,
      "transactionsMonthly": 2960,
      "volumeUsdHourly": 61411.95048582388,
      "volumeUsdDaily": 131830.81438667828,
      "volumeUsdWeekly": 482100.0144582259,
      "volumeUsdMonthly": 3343308.2768236026,
      "logo": "https://matcha-image-proxy.api.0x.org/images/1/0x6982508145454ce325ddbe47a25d4ec3d2311933"
    },
    {
      "address": "0x52b492a33e447cdb854c7fc19f1e57e8bfa1777d",
      "chainId": 8453,
      "decimals": 18,
      "name": "BasedPepe",
      "symbol": "PEPE",
      "type": "ERC20",
      "hasLogo": true,
      "blockListsCount": 0,
      "exchangeListsCount": 0,
      "flagListsCount": 0,
      "importedListsCount": 1,
      "buyTax": 0,
      "sellTax": 0,
      "isInDex": true,
      "isHoneypot": false,
      "manualUnblock": false,
      "transactionsHourly": 4,
      "transactionsDaily": 72,
      "transactionsWeekly": 768,
      "transactionsMonthly": 3789,
      "volumeUsdHourly": 3.2942928024774525,
      "volumeUsdDaily": 3515.3973695522877,
      "volumeUsdWeekly": 35993.88000115042,
      "volumeUsdMonthly": 281817.61871843284,
      "logo": "https://matcha-image-proxy.api.0x.org/images/8453/0x52b492a33e447cdb854c7fc19f1e57e8bfa1777d"
    },
    {
      "address": "0xafb89a09d82fbde58f18ac6437b3fc81724e4df6",
      "chainId": 8453,
      "decimals": 18,
      "name": "The Doge NFT",
      "symbol": "DOG",
      "type": "ERC20",
      "hasLogo": true,
      "blockListsCount": 0,
      "exchangeListsCount": 0,
      "flagListsCount": 0,
      "importedListsCount": 2,
      "buyTax": 0,
      "sellTax": 0,
      "isInDex": true,
      "isHoneypot": false,
      "manualUnblock": false,
      "transactionsHourly": 1,
      "transactionsDaily": 27,
      "transactionsWeekly": 236,
      "transactionsMonthly": 811,
      "volumeUsdHourly": 0.0343761428234304,
      "volumeUsdDaily": 818.7176664207917,
      "volumeUsdWeekly": 1109.256269225211,
      "volumeUsdMonthly": 4303.449351721485,
      "logo": "https://matcha-image-proxy.api.0x.org/images/8453/0xafb89a09d82fbde58f18ac6437b3fc81724e4df6"
    },
    {
      "address": "0x6894cde390a3f51155ea41ed24a33a4827d3063d",
      "chainId": 56,
      "decimals": 18,
      "name": "Simons Cat",
      "symbol": "CAT",
      "type": "ERC20",
      "hasLogo": true,
      "blockListsCount": 0,
      "exchangeListsCount": 0,
      "flagListsCount": 0,
      "importedListsCount": 1,
      "buyTax": 0,
      "sellTax": 0,
      "isInDex": true,
      "isHoneypot": false,
      "manualUnblock": false,
      "transactionsHourly": 1,
      "transactionsDaily": 14,
      "transactionsWeekly": 82,
      "transactionsMonthly": 368,
      "volumeUsdHourly": 0.00872337794264892,
      "volumeUsdDaily": 982.3508533199127,
      "volumeUsdWeekly": 8709.40340950889,
      "volumeUsdMonthly": 23212.963380093264,
      "logo": "https://matcha-image-proxy.api.0x.org/images/56/0x6894cde390a3f51155ea41ed24a33a4827d3063d"
    },
    {
      "address": "0x25d887ce7a35172c62febfd67a1856f20faebb00",
      "chainId": 56,
      "decimals": 18,
      "name": "Pepe",
      "symbol": "PEPE",
      "type": "ERC20",
      "hasLogo": true,
      "blockListsCount": 0,
      "exchangeListsCount": 0,
      "flagListsCount": 0,
      "importedListsCount": 1,
      "buyTax": 0,
      "sellTax": 0,
      "isInDex": true,
      "isHoneypot": false,
      "manualUnblock": false,
      "transactionsHourly": 2,
      "transactionsDaily": 16,
      "transactionsWeekly": 121,
      "transactionsMonthly": 585,
      "volumeUsdHourly": 1.6893371034607954,
      "volumeUsdDaily": 455.3015727170836,
      "volumeUsdWeekly": 2651.4215262580256,
      "volumeUsdMonthly": 19024.08614582584,
      "logo": "https://matcha-image-proxy.api.0x.org/images/56/0x25d887ce7a35172c62febfd67a1856f20faebb00"
    },
    {
      "address": "0xc438b0c0e80a8fa1b36898d1b36a3fc2ec371c54",
      "chainId": 8453,
      "decimals": 18,
      "name": "Blep Super Meme",
      "symbol": "BLEP",
      "type": "ERC20",
      "hasLogo": true,
      "blockListsCount": 0,
      "exchangeListsCount": 0,
      "flagListsCount": 0,
      "importedListsCount": 1,
      "buyTax": 0,
      "sellTax": 0,
      "isInDex": true,
      "isHoneypot": false,
      "manualUnblock": false,
      "transactionsHourly": 2,
      "transactionsDaily": 13,
      "transactionsWeekly": 75,
      "transactionsMonthly": 315,
      "volumeUsdHourly": 103.66567793568012,
      "volumeUsdDaily": 130.2631429192839,
      "volumeUsdWeekly": 3074.2959841089505,
      "volumeUsdMonthly": 25213.202921209384,
      "logo": "https://matcha-image-proxy.api.0x.org/images/8453/0xc438b0c0e80a8fa1b36898d1b36a3fc2ec371c54"
    },
    {
      "address": "0x2d57c47bc5d2432feeedf2c9150162a9862d3ccf",
      "chainId": 8453,
      "decimals": 18,
      "name": "Dickbutt",
      "symbol": "DICKBUTT",
      "type": "ERC20",
      "hasLogo": true,
      "blockListsCount": 0,
      "exchangeListsCount": 0,
      "flagListsCount": 0,
      "importedListsCount": 1,
      "buyTax": 0,
      "sellTax": 0,
      "isInDex": true,
      "isHoneypot": false,
      "manualUnblock": false,
      "transactionsHourly": 1,
      "transactionsDaily": 8,
      "transactionsWeekly": 108,
      "transactionsMonthly": 472,
      "volumeUsdHourly": 0.0713575752942207,
      "volumeUsdDaily": 181.30664673394045,
      "volumeUsdWeekly": 1733.306548207654,
      "volumeUsdMonthly": 19020.49564861953,
      "logo": "https://matcha-image-proxy.api.0x.org/images/8453/0x2d57c47bc5d2432feeedf2c9150162a9862d3ccf"
    },
    {
      "address": "0x12bb890508c125661e03b09ec06e404bc9289040",
      "chainId": 56,
      "decimals": 18,
      "name": "Radio Caca V2",
      "symbol": "RACA",
      "type": "ERC20",
      "hasLogo": true,
      "blockListsCount": 0,
      "exchangeListsCount": 0,
      "flagListsCount": 0,
      "importedListsCount": 1,
      "buyTax": 0,
      "sellTax": 0,
      "isInDex": true,
      "isHoneypot": false,
      "manualUnblock": false,
      "transactionsHourly": 1,
      "transactionsDaily": 12,
      "transactionsWeekly": 57,
      "transactionsMonthly": 301,
      "volumeUsdHourly": 38.3664488463035,
      "volumeUsdDaily": 124.18092837805894,
      "volumeUsdWeekly": 2823.9060511914554,
      "volumeUsdMonthly": 27120.84393731292,
      "logo": "https://matcha-image-proxy.api.0x.org/images/56/0x12bb890508c125661e03b09ec06e404bc9289040"
    },
    {
      "address": "0x3c5fdf0ee37d62c774025599e3b692d027746e24",
      "chainId": 8453,
      "decimals": 18,
      "name": "BONKEY",
      "symbol": "BONKEY",
      "type": "ERC20",
      "hasLogo": true,
      "blockListsCount": 0,
      "exchangeListsCount": 0,
      "flagListsCount": 0,
      "importedListsCount": 1,
      "buyTax": 0,
      "sellTax": 0,
      "isInDex": true,
      "isHoneypot": false,
      "manualUnblock": false,
      "transactionsHourly": 1,
      "transactionsDaily": 4,
      "transactionsWeekly": 135,
      "transactionsMonthly": 276,
      "volumeUsdDaily": 100.19582347906666,
      "volumeUsdWeekly": 14357.120363107852,
      "volumeUsdMonthly": 26105.398813227457,
      "logo": "https://matcha-image-proxy.api.0x.org/images/8453/0x3c5fdf0ee37d62c774025599e3b692d027746e24"
    },
    {
      "address": "0xccb365d2e11ae4d6d74715c680f56cf58bf4bf10",
      "chainId": 1,
      "decimals": 18,
      "name": "Wall Street Pepe",
      "symbol": "WEPE",
      "type": "ERC20",
      "hasLogo": true,
      "blockListsCount": 0,
      "exchangeListsCount": 0,
      "flagListsCount": 0,
      "importedListsCount": 2,
      "buyTax": 0,
      "sellTax": 0,
      "isInDex": true,
      "isHoneypot": false,
      "manualUnblock": false,
      "transactionsHourly": 1,
      "transactionsDaily": 7,
      "transactionsWeekly": 57,
      "transactionsMonthly": 220,
      "volumeUsdHourly": 119.439235823722,
      "volumeUsdDaily": 321.91844615479357,
      "volumeUsdWeekly": 2387.0615897745092,
      "volumeUsdMonthly": 11530.377397073196,
      "logo": "https://matcha-image-proxy.api.0x.org/images/1/0xccb365d2e11ae4d6d74715c680f56cf58bf4bf10"
    },
    {
      "address": "0x3d4f0513e8a29669b960f9dbca61861548a9a760",
      "chainId": 56,
      "decimals": 18,
      "name": "Banana For Scale",
      "symbol": "$BANANA",
      "type": "ERC20",
      "hasLogo": true,
      "blockListsCount": 0,
      "exchangeListsCount": 0,
      "flagListsCount": 0,
      "importedListsCount": 1,
      "buyTax": 0,
      "sellTax": 0,
      "isInDex": true,
      "isHoneypot": false,
      "manualUnblock": false,
      "transactionsHourly": 1,
      "transactionsDaily": 6,
      "transactionsWeekly": 71,
      "transactionsMonthly": 500,
      "volumeUsdHourly": 10.8539898359633,
      "volumeUsdDaily": 23.449355478229545,
      "volumeUsdWeekly": 734.0361819786369,
      "volumeUsdMonthly": 39139.88564933603,
      "logo": "https://matcha-image-proxy.api.0x.org/images/56/0x3d4f0513e8a29669b960f9dbca61861548a9a760"
    },
    {
      "address": "0xebb66a88cedd12bfe3a289df6dfee377f2963f12",
      "chainId": 1,
      "decimals": 9,
      "name": "Oscar",
      "symbol": "OSCAR",
      "type": "ERC20",
      "hasLogo": true,
      "blockListsCount": 0,
      "exchangeListsCount": 0,
      "flagListsCount": 0,
      "importedListsCount": 2,
      "buyTax": 0,
      "sellTax": 0,
      "isInDex": true,
      "isHoneypot": false,
      "manualUnblock": false,
      "transactionsHourly": 1,
      "transactionsDaily": 4,
      "transactionsWeekly": 45,
      "transactionsMonthly": 81,
      "volumeUsdHourly": 0.389786825675264,
      "volumeUsdDaily": 67.76439386942376,
      "volumeUsdWeekly": 3614.003279905144,
      "volumeUsdMonthly": 14273.37639347785,
      "logo": "https://matcha-image-proxy.api.0x.org/images/1/0xebb66a88cedd12bfe3a289df6dfee377f2963f12"
    },
    {
      "address": "0xde342a3e269056fc3305f9e315f4c40d917ba521",
      "chainId": 1,
      "decimals": 9,
      "name": "Byte",
      "symbol": "BYTE",
      "type": "ERC20",
      "hasLogo": true,
      "blockListsCount": 0,
      "exchangeListsCount": 0,
      "flagListsCount": 0,
      "importedListsCount": 2,
      "buyTax": 0,
      "sellTax": 0,
      "isInDex": true,
      "isHoneypot": false,
      "manualUnblock": false,
      "transactionsHourly": 1,
      "transactionsDaily": 5,
      "transactionsWeekly": 20,
      "transactionsMonthly": 69,
      "volumeUsdHourly": 56.8164278153784,
      "volumeUsdDaily": 337.45241571824585,
      "volumeUsdWeekly": 1449.741882780168,
      "volumeUsdMonthly": 10536.436952982638,
      "logo": "https://matcha-image-proxy.api.0x.org/images/1/0xde342a3e269056fc3305f9e315f4c40d917ba521"
    }
  ],
  "searchTime": "2025-12-30T01:58:54.653Z",
  "error": null
}