{
  "originalSymbol": "AERGO",
  "originalFullName": "Aergo",
  "searchedQuery": "AERGO Aergo",
  "retried": false,
  "isL1": false,
  "success": true,
  "tokenCount": 15,
  "resultCount": 634,
  "tokens": [
    {
      "address": "0x9d6b16934d20cbf6580a396f28fe60cb73b84a33",
      "chainId": 8453,
      "decimals": 18,
      "name": "Aergo AERGO",
      "symbol": "Aergo AERGO",
      "type": "ERC20",
      "blockListsCount": 0,
      "exchangeListsCount": 0,
      "flagListsCount": 0,
      "importedListsCount": 0,
      "buyTax": 0,
      "sellTax": 0,
      "isInDex": true,
      "isHoneypot": false,
      "transactionsDaily": 2,
      "transactionsWeekly": 2,
      "transactionsMonthly": 1,
      "volumeUsdDaily": 467.713062025189,
      "volumeUsdWeekly": 467.713062025189,
      "volumeUsdMonthly": 232.889184464265,
      "logo": "https://matcha-image-proxy.api.0x.org/images/8453/0x9d6b16934d20cbf6580a396f28fe60cb73b84a33"
    },
    {
      "address": "0x91af0fbb28aba7e31403cb457106ce79397fd4e6",
      "chainId": 1,
      "decimals": 18,
      "name": "Aergo",
      "symbol": "AERGO",
      "type": "ERC20",
      "hasLogo": true,
      "blockListsCount": 0,
      "exchangeListsCount": 1,
      "flagListsCount": 0,
      "importedListsCount": 3,
      "buyTax": 0,
      "sellTax": 0,
      "isInDex": true,
      "isHoneypot": false,
      "manualUnblock": false,
      "transactionsHourly": 1,
      "transactionsDaily": 3,
      "transactionsWeekly": 8,
      "transactionsMonthly": 48,
      "volumeUsdHourly": 85.8801967736035,
      "volumeUsdDaily": 721.1356893949195,
      "volumeUsdWeekly": 1314.9534570948708,
      "volumeUsdMonthly": 11125.220271009017,
      "logo": "https://matcha-image-proxy.api.0x.org/images/1/0x91af0fbb28aba7e31403cb457106ce79397fd4e6"
    },
    {
      "address": "0xa58cde39bdf1a34ae840188cf109cebd0af92532",
      "chainId": 130,
      "decimals": 18,
      "name": "Aergo AERGO",
      "symbol": "Aergo AERGO",
      "type": "ERC20",
      "blockListsCount": 0,
      "exchangeListsCount": 0,
      "flagListsCount": 0,
      "importedListsCount": 0,
      "logo": "https://matcha-image-proxy.api.0x.org/images/130/0xa58cde39bdf1a34ae840188cf109cebd0af92532"
    },
    {
      "address": "0xffee3c2e0a10a2d67636f35a31f36538cd8af752",
      "chainId": 130,
      "decimals": 18,
      "name": "Aergo AERGO",
      "symbol": "Aergo AERGO",
      "type": "ERC20",
      "blockListsCount": 0,
      "exchangeListsCount": 0,
      "flagListsCount": 0,
      "importedListsCount": 0,
      "logo": "https://matcha-image-proxy.api.0x.org/images/130/0xffee3c2e0a10a2d67636f35a31f36538cd8af752"
    },
    {
      "address": "0xeb43811aee321fa88ecb90bbdbf66c37555e8a57",
      "chainId": 130,
      "decimals": 18,
      "name": "Aergo AERGO",
      "symbol": "Aergo AERGO",
      "type": "ERC20",
      "blockListsCount": 0,
      "exchangeListsCount": 0,
      "flagListsCount": 0,
      "importedListsCount": 0,
      "logo": "https://matcha-image-proxy.api.0x.org/images/130/0xeb43811aee321fa88ecb90bbdbf66c37555e8a57"
    },
    {
      "address": "0xf945c1221a3879c85bc816752c22b69caf711ac5",
      "chainId": 130,
      "decimals": 18,
      "name": "Aergo AERGO",
      "symbol": "Aergo AERGO",
      "type": "ERC20",
      "blockListsCount": 0,
      "exchangeListsCount": 0,
      "flagListsCount": 0,
      "importedListsCount": 0,
      "buyTax": null,
      "sellTax": null,
      "isInDex": false,
      "isHoneypot": false,
      "logo": "https://matcha-image-proxy.api.0x.org/images/130/0xf945c1221a3879c85bc816752c22b69caf711ac5"
    },
    {
      "address": "0x854e69c43dc82adda0cecbc939602d3d98d2d14a",
      "chainId": 8453,
      "decimals": 18,
      "name": "Aergo AERGO Reserve",
      "symbol": "Aergo AERGO Reserve",
      "type": "ERC20",
      "blockListsCount": 0,
      "exchangeListsCount": 0,
      "flagListsCount": 0,
      "importedListsCount": 0,
      "logo": "https://matcha-image-proxy.api.0x.org/images/8453/0x854e69c43dc82adda0cecbc939602d3d98d2d14a"
    },
    {
      "address": "0x900bcb52a98882ece13035d78e05c7679075dfd4",
      "chainId": 130,
      "decimals": 18,
      "name": "Aergo AERGO AI",
      "symbol": "Aergo AERGO AI",
      "type": "ERC20",
      "blockListsCount": 0,
      "exchangeListsCount": 0,
      "flagListsCount": 0,
      "importedListsCount": 0,
      "logo": "https://matcha-image-proxy.api.0x.org/images/130/0x900bcb52a98882ece13035d78e05c7679075dfd4"
    },
    {
      "address": "0x6cdc8192e16addf00a97939c83aa7ba4d3d7eda3",
      "chainId": 8453,
      "decimals": 9,
      "name": "Aergo AERGO Red",
      "symbol": "Aergo AERGO Red",
      "type": "ERC20",
      "blockListsCount": 0,
      "exchangeListsCount": 0,
      "flagListsCount": 0,
      "importedListsCount": 0,
      "buyTax": 0,
      "sellTax": 0,
      "isInDex": true,
      "isHoneypot": false,
      "logo": "https://matcha-image-proxy.api.0x.org/images/8453/0x6cdc8192e16addf00a97939c83aa7ba4d3d7eda3"
    },
    {
      "address": "0x8fa8ae097a19037e07e6f40fefe71304182cd8d4",
      "chainId": 8453,
      "decimals": 18,
      "name": "Aergo AERGO V2",
      "symbol": "Aergo AERGO V2",
      "type": "ERC20",
      "blockListsCount": 0,
      "exchangeListsCount": 0,
      "flagListsCount": 0,
      "importedListsCount": 0,
      "buyTax": 0,
      "sellTax": 0,
      "isInDex": true,
      "isHoneypot": false,
      "logo": "https://matcha-image-proxy.api.0x.org/images/8453/0x8fa8ae097a19037e07e6f40fefe71304182cd8d4"
    },
    {
      "address": "0x12a782f32b07ff765c34db1b49143b15509f94d0",
      "chainId": 8453,
      "decimals": 18,
      "name": "Aergo AERGO V3",
      "symbol": "Aergo AERGO V3",
      "type": "ERC20",
      "blockListsCount": 0,
      "exchangeListsCount": 0,
      "flagListsCount": 0,
      "importedListsCount": 0,
      "logo": "https://matcha-image-proxy.api.0x.org/images/8453/0x12a782f32b07ff765c34db1b49143b15509f94d0"
    },
    {
      "address": "0x14a2d6cb2ec9b3b9663927d8343369b616838758",
      "chainId": 8453,
      "decimals": 18,
      "name": "Aergo AERGO - Free",
      "symbol": "Aergo AERGO - Free",
      "type": "ERC20",
      "blockListsCount": 0,
      "exchangeListsCount": 0,
      "flagListsCount": 0,
      "importedListsCount": 0,
      "buyTax": 0,
      "sellTax": 0,
      "isInDex": true,
      "isHoneypot": false,
      "logo": "https://matcha-image-proxy.api.0x.org/images/8453/0x14a2d6cb2ec9b3b9663927d8343369b616838758"
    },
    {
      "address": "0x229d869da4f9d449e930337e7f6222ad31114634",
      "chainId": 130,
      "decimals": 18,
      "name": "Aergo AERGO V2",
      "symbol": "Aergo AERGO V2",
      "type": "ERC20",
      "blockListsCount": 0,
      "exchangeListsCount": 0,
      "flagListsCount": 0,
      "importedListsCount": 0,
      "logo": "https://matcha-image-proxy.api.0x.org/images/130/0x229d869da4f9d449e930337e7f6222ad31114634"
    },
    {
      "address": "0x87da51dad622049d6fe54c761188e683f8d2ff86",
      "chainId": 8453,
      "decimals": 18,
      "name": "Aergo AERGO 2028",
      "symbol": "Aergo AERGO 2028",
      "type": "ERC20",
      "blockListsCount": 0,
      "exchangeListsCount": 0,
      "flagListsCount": 0,
      "importedListsCount": 0,
      "buyTax": 0,
      "sellTax": 0,
      "isInDex": true,
      "isHoneypot": false,
      "logo": "https://matcha-image-proxy.api.0x.org/images/8453/0x87da51dad622049d6fe54c761188e683f8d2ff86"
    },
    {
      "address": "0xcddbd6a334da246afa9606316fb4051cad8fe2e6",
      "chainId": 130,
      "decimals": 18,
      "name": "Aergo AERGO V3",
      "symbol": "Aergo AERGO V3",
      "type": "ERC20",
      "blockListsCount": 0,
      "exchangeListsCount": 0,
      "flagListsCount": 0,
      "importedListsCount": 0,
      "logo": "https://matcha-image-proxy.api.0x.org/images/130/0xcddbd6a334da246afa9606316fb4051cad8fe2e6"
    }
  ],
  "searchTime": "2025-12-30T01:56:45.321Z",
  "error": null
}