{
  "originalSymbol": "IMX",
  "originalFullName": "Immutable",
  "searchedQuery": "IMX Immutable",
  "retried": false,
  "isL1": false,
  "success": true,
  "tokenCount": 15,
  "resultCount": 2330,
  "tokens": [
    {
      "address": "0xf57e7e7c23978c3caec3c3548e3d615c346e79ff",
      "chainId": 1,
      "decimals": 18,
      "name": "Immutable X",
      "symbol": "IMX",
      "type": "ERC20",
      "hasLogo": true,
      "blockListsCount": 0,
      "exchangeListsCount": 1,
      "flagListsCount": 0,
      "importedListsCount": 4,
      "buyTax": 0,
      "sellTax": 0,
      "isInDex": true,
      "isHoneypot": false,
      "manualUnblock": false,
      "transactionsHourly": 1,
      "transactionsDaily": 17,
      "transactionsWeekly": 284,
      "transactionsMonthly": 842,
      "volumeUsdHourly": 181.068333513871,
      "volumeUsdDaily": 1751.895337328559,
      "volumeUsdWeekly": 20467.089172535496,
      "volumeUsdMonthly": 117230.30999573568,
      "logo": "https://matcha-image-proxy.api.0x.org/images/1/0xf57e7e7c23978c3caec3c3548e3d615c346e79ff"
    },
    {
      "address": "0xbaa5cc21fd487b8fcc2f632f3f4e8d37262a0842",
      "chainId": 8453,
      "decimals": 18,
      "name": "Morpho Token",
      "symbol": "MORPHO",
      "type": "ERC20",
      "hasLogo": true,
      "blockListsCount": 0,
      "exchangeListsCount": 1,
      "flagListsCount": 0,
      "importedListsCount": 2,
      "buyTax": 0,
      "sellTax": 0,
      "isInDex": true,
      "isHoneypot": false,
      "manualUnblock": false,
      "transactionsHourly": 5,
      "transactionsDaily": 306,
      "transactionsWeekly": 2720,
      "transactionsMonthly": 12694,
      "volumeUsdHourly": 9.408910933413528,
      "volumeUsdDaily": 5953.142384084943,
      "volumeUsdWeekly": 90616.6920953274,
      "volumeUsdMonthly": 1300816.046785039,
      "logo": "https://matcha-image-proxy.api.0x.org/images/8453/0xbaa5cc21fd487b8fcc2f632f3f4e8d37262a0842"
    },
    {
      "address": "0x6982508145454ce325ddbe47a25d4ec3d2311933",
      "chainId": 1,
      "decimals": 18,
      "name": "Pepe",
      "symbol": "PEPE",
      "type": "ERC20",
      "hasLogo": true,
      "blockListsCount": 0,
      "exchangeListsCount": 1,
      "flagListsCount": 0,
      "importedListsCount": 4,
      "buyTax": 0,
      "sellTax": 0,
      "isInDex": true,
      "isHoneypot": false,
      "manualUnblock": false,
      "transactionsHourly": 4,
      "transactionsDaily": 86,
      "transactionsWeekly": 589,
      "transactionsMonthly": 2960,
      "volumeUsdHourly": 61411.95048582388,
      "volumeUsdDaily": 131830.81438667828,
      "volumeUsdWeekly": 482100.0144582259,
      "volumeUsdMonthly": 3343308.2768236026,
      "logo": "https://matcha-image-proxy.api.0x.org/images/1/0x6982508145454ce325ddbe47a25d4ec3d2311933"
    },
    {
      "address": "0x712f93845aff35904bd014a986d84ad0c931d503",
      "chainId": 8453,
      "decimals": 18,
      "name": "IMX Immutable On Base",
      "symbol": "IMX Immutable On Base",
      "type": "ERC20",
      "blockListsCount": 0,
      "exchangeListsCount": 0,
      "flagListsCount": 0,
      "importedListsCount": 0,
      "logo": "https://matcha-image-proxy.api.0x.org/images/8453/0x712f93845aff35904bd014a986d84ad0c931d503"
    },
    {
      "address": "0x14e9f09f4ff3588e983526d5650c4360eff3aecf",
      "chainId": 56,
      "decimals": 9,
      "name": "IMX Immutable AI Presale v2",
      "symbol": "IMX Immutable AI Presale v2",
      "type": "ERC20",
      "blockListsCount": 0,
      "exchangeListsCount": 0,
      "flagListsCount": 0,
      "importedListsCount": 0,
      "logo": "https://matcha-image-proxy.api.0x.org/images/56/0x14e9f09f4ff3588e983526d5650c4360eff3aecf"
    },
    {
      "address": "0x06450dee7fd2fb8e39061434babcfc05599a6fb8",
      "chainId": 1,
      "decimals": 18,
      "name": "XEN Crypto",
      "symbol": "XEN",
      "type": "ERC20",
      "hasLogo": true,
      "blockListsCount": 0,
      "exchangeListsCount": 0,
      "flagListsCount": 0,
      "importedListsCount": 2,
      "buyTax": 0,
      "sellTax": 0,
      "isInDex": true,
      "isHoneypot": false,
      "manualUnblock": false,
      "transactionsHourly": 2,
      "transactionsDaily": 11,
      "transactionsWeekly": 73,
      "transactionsMonthly": 457,
      "volumeUsdHourly": 188.0675493265812,
      "volumeUsdDaily": 700.2104794693815,
      "volumeUsdWeekly": 9512.836080311185,
      "volumeUsdMonthly": 88492.4812993909,
      "logo": "https://matcha-image-proxy.api.0x.org/images/1/0x06450dee7fd2fb8e39061434babcfc05599a6fb8"
    },
    {
      "address": "0x58d97b57bb95320f9a05dc918aef65434969c2b2",
      "chainId": 1,
      "decimals": 18,
      "name": "Morpho Token",
      "symbol": "MORPHO",
      "type": "ERC20",
      "hasLogo": true,
      "blockListsCount": 0,
      "exchangeListsCount": 1,
      "flagListsCount": 0,
      "importedListsCount": 4,
      "buyTax": 0,
      "sellTax": 0,
      "isInDex": true,
      "isHoneypot": false,
      "manualUnblock": false,
      "transactionsHourly": 1,
      "transactionsDaily": 9,
      "transactionsWeekly": 53,
      "transactionsMonthly": 277,
      "volumeUsdHourly": 8.02967058268458,
      "volumeUsdDaily": 4393.152407576303,
      "volumeUsdWeekly": 276836.77172253333,
      "volumeUsdMonthly": 1475782.6195748695,
      "logo": "https://matcha-image-proxy.api.0x.org/images/1/0x58d97b57bb95320f9a05dc918aef65434969c2b2"
    },
    {
      "address": "0x25d887ce7a35172c62febfd67a1856f20faebb00",
      "chainId": 56,
      "decimals": 18,
      "name": "Pepe",
      "symbol": "PEPE",
      "type": "ERC20",
      "hasLogo": true,
      "blockListsCount": 0,
      "exchangeListsCount": 0,
      "flagListsCount": 0,
      "importedListsCount": 1,
      "buyTax": 0,
      "sellTax": 0,
      "isInDex": true,
      "isHoneypot": false,
      "manualUnblock": false,
      "transactionsHourly": 2,
      "transactionsDaily": 16,
      "transactionsWeekly": 121,
      "transactionsMonthly": 585,
      "volumeUsdHourly": 1.6893371034607954,
      "volumeUsdDaily": 455.3015727170836,
      "volumeUsdWeekly": 2651.4215262580256,
      "volumeUsdMonthly": 19024.08614582584,
      "logo": "https://matcha-image-proxy.api.0x.org/images/56/0x25d887ce7a35172c62febfd67a1856f20faebb00"
    },
    {
      "address": "0x9a06db14d639796b25a6cec6a1bf614fd98815ec",
      "chainId": 137,
      "decimals": 18,
      "name": "$ZKP Token",
      "symbol": "$ZKP",
      "type": "ERC20",
      "hasLogo": true,
      "blockListsCount": 0,
      "exchangeListsCount": 0,
      "flagListsCount": 0,
      "importedListsCount": 1,
      "buyTax": 0,
      "sellTax": 0,
      "isInDex": true,
      "isHoneypot": false,
      "manualUnblock": false,
      "transactionsHourly": 1,
      "transactionsDaily": 22,
      "transactionsWeekly": 78,
      "transactionsMonthly": 528,
      "volumeUsdHourly": 30.0693200640602,
      "volumeUsdDaily": 596.2758899653138,
      "volumeUsdWeekly": 2060.630296149418,
      "volumeUsdMonthly": 13801.453472462324,
      "logo": "https://matcha-image-proxy.api.0x.org/images/137/0x9a06db14d639796b25a6cec6a1bf614fd98815ec"
    },
    {
      "address": "0xad13bce42394add02e6c215a40e582309b7975c7",
      "chainId": 8453,
      "decimals": 6,
      "name": "KYVE Network",
      "symbol": "KYVE",
      "type": "ERC20",
      "hasLogo": true,
      "blockListsCount": 0,
      "exchangeListsCount": 0,
      "flagListsCount": 0,
      "importedListsCount": 1,
      "buyTax": 0,
      "sellTax": 0,
      "isInDex": true,
      "isHoneypot": false,
      "manualUnblock": false,
      "transactionsHourly": 2,
      "transactionsDaily": 12,
      "transactionsWeekly": 113,
      "transactionsMonthly": 184,
      "volumeUsdHourly": 342.8685014210879,
      "volumeUsdDaily": 851.5110330858887,
      "volumeUsdWeekly": 6596.248592950536,
      "volumeUsdMonthly": 9827.615962860713,
      "logo": "https://matcha-image-proxy.api.0x.org/images/8453/0xad13bce42394add02e6c215a40e582309b7975c7"
    },
    {
      "address": "0x80122c6a83c8202ea365233363d3f4837d13e888",
      "chainId": 1,
      "decimals": 18,
      "name": "Messier",
      "symbol": "M87",
      "type": "ERC20",
      "hasLogo": true,
      "blockListsCount": 0,
      "exchangeListsCount": 0,
      "flagListsCount": 0,
      "importedListsCount": 2,
      "buyTax": 0.03,
      "sellTax": 0.03,
      "isInDex": true,
      "isHoneypot": false,
      "manualUnblock": false,
      "transactionsHourly": 1,
      "transactionsDaily": 6,
      "transactionsWeekly": 57,
      "transactionsMonthly": 321,
      "volumeUsdHourly": 452.581711282387,
      "volumeUsdDaily": 745.3742996270263,
      "volumeUsdWeekly": 8423.30186346295,
      "volumeUsdMonthly": 114467.37358254398,
      "logo": "https://matcha-image-proxy.api.0x.org/images/1/0x80122c6a83c8202ea365233363d3f4837d13e888"
    },
    {
      "address": "0x5f98805a4e8be255a32880fdec7f6728c6568ba0",
      "chainId": 1,
      "decimals": 18,
      "name": "LUSD Stablecoin",
      "symbol": "LUSD",
      "type": "ERC20",
      "hasLogo": true,
      "blockListsCount": 0,
      "exchangeListsCount": 0,
      "flagListsCount": 0,
      "importedListsCount": 5,
      "buyTax": 0,
      "sellTax": 0,
      "isInDex": true,
      "isHoneypot": false,
      "manualUnblock": false,
      "transactionsHourly": 1,
      "transactionsDaily": 1,
      "transactionsWeekly": 33,
      "transactionsMonthly": 110,
      "volumeUsdHourly": 5026.15837712473,
      "volumeUsdDaily": 5026.15837712473,
      "volumeUsdWeekly": 605131.7938031023,
      "volumeUsdMonthly": 2260092.44845519,
      "logo": "https://matcha-image-proxy.api.0x.org/images/1/0x5f98805a4e8be255a32880fdec7f6728c6568ba0"
    },
    {
      "address": "0x6dea81c8171d0ba574754ef6f8b412f2ed88c54d",
      "chainId": 1,
      "decimals": 18,
      "name": "LQTY",
      "symbol": "LQTY",
      "type": "ERC20",
      "hasLogo": true,
      "blockListsCount": 0,
      "exchangeListsCount": 0,
      "flagListsCount": 0,
      "importedListsCount": 5,
      "buyTax": 0,
      "sellTax": 0,
      "isInDex": true,
      "isHoneypot": false,
      "manualUnblock": false,
      "transactionsHourly": 1,
      "transactionsDaily": 2,
      "transactionsWeekly": 11,
      "transactionsMonthly": 75,
      "volumeUsdHourly": 501.505038366115,
      "volumeUsdDaily": 1001.373870552744,
      "volumeUsdWeekly": 42253.24445769073,
      "volumeUsdMonthly": 171941.26739055145,
      "logo": "https://matcha-image-proxy.api.0x.org/images/1/0x6dea81c8171d0ba574754ef6f8b412f2ed88c54d"
    },
    {
      "address": "0xc555d625828c4527d477e595ff1dd5801b4a600e",
      "chainId": 1,
      "decimals": 18,
      "name": "MON",
      "symbol": "MON",
      "type": "ERC20",
      "hasLogo": true,
      "blockListsCount": 0,
      "exchangeListsCount": 0,
      "flagListsCount": 0,
      "importedListsCount": 2,
      "buyTax": 0,
      "sellTax": 0,
      "isInDex": true,
      "isHoneypot": false,
      "manualUnblock": false,
      "transactionsHourly": 1,
      "transactionsDaily": 3,
      "transactionsWeekly": 15,
      "transactionsMonthly": 115,
      "volumeUsdHourly": 0.454202992730446,
      "volumeUsdDaily": 984.6228694378904,
      "volumeUsdWeekly": 2503.502216332802,
      "volumeUsdMonthly": 13672.225018670322,
      "logo": "https://matcha-image-proxy.api.0x.org/images/1/0xc555d625828c4527d477e595ff1dd5801b4a600e"
    },
    {
      "address": "0x25d887ce7a35172c62febfd67a1856f20faebb00",
      "chainId": 42161,
      "decimals": 18,
      "name": "Pepe",
      "symbol": "PEPE",
      "type": "ERC20",
      "hasLogo": true,
      "blockListsCount": 0,
      "exchangeListsCount": 0,
      "flagListsCount": 0,
      "importedListsCount": 1,
      "buyTax": 0,
      "sellTax": 0,
      "isInDex": true,
      "isHoneypot": false,
      "manualUnblock": false,
      "transactionsHourly": 1,
      "transactionsDaily": 6,
      "transactionsWeekly": 19,
      "transactionsMonthly": 187,
      "volumeUsdHourly": 1.52922898328297,
      "volumeUsdDaily": 105.79804582384884,
      "volumeUsdWeekly": 247.5651590168744,
      "volumeUsdMonthly": 6138.530466979337,
      "logo": "https://matcha-image-proxy.api.0x.org/images/42161/0x25d887ce7a35172c62febfd67a1856f20faebb00"
    }
  ],
  "searchTime": "2025-12-30T01:57:50.728Z",
  "error": null
}