{
  "originalSymbol": "GAME2",
  "originalFullName": "Game2",
  "searchedQuery": "GAME2 Game2",
  "retried": false,
  "isL1": false,
  "success": true,
  "tokenCount": 15,
  "resultCount": 137,
  "tokens": [
    {
      "address": "0x4477b53c7adcb64e85d38f0fd90c0b7b7685e58e",
      "chainId": 8453,
      "decimals": 18,
      "name": "Game2",
      "symbol": "Game2",
      "type": "ERC20",
      "issuer": {
        "name": "zora",
        "metadata": {}
      },
      "blockListsCount": 0,
      "exchangeListsCount": 0,
      "flagListsCount": 0,
      "importedListsCount": 0,
      "logo": "https://matcha-image-proxy.api.0x.org/images/8453/0x4477b53c7adcb64e85d38f0fd90c0b7b7685e58e"
    },
    {
      "address": "0xf3f03702c132a970be308b833f28629a3fc074d2",
      "chainId": 8453,
      "decimals": 18,
      "name": "Game 2!",
      "symbol": "Game2",
      "type": "ERC20",
      "issuer": {
        "name": "zora",
        "metadata": {}
      },
      "blockListsCount": 0,
      "exchangeListsCount": 0,
      "flagListsCount": 0,
      "importedListsCount": 0,
      "buyTax": null,
      "sellTax": null,
      "isInDex": false,
      "isHoneypot": false,
      "logo": "https://matcha-image-proxy.api.0x.org/images/8453/0xf3f03702c132a970be308b833f28629a3fc074d2"
    },
    {
      "address": "0x90cd3ed409647b68ad114b2420f13831c10ac458",
      "chainId": 56,
      "decimals": 6,
      "name": "Game2",
      "symbol": "Game2",
      "type": "ERC20",
      "blockListsCount": 0,
      "exchangeListsCount": 0,
      "flagListsCount": 0,
      "importedListsCount": 0,
      "buyTax": 0,
      "sellTax": 0,
      "isInDex": false,
      "isHoneypot": null,
      "logo": "https://matcha-image-proxy.api.0x.org/images/56/0x90cd3ed409647b68ad114b2420f13831c10ac458"
    },
    {
      "address": "0x70971bd137c8e93aa1e996f7f95af43240adfd90",
      "chainId": 56,
      "decimals": 6,
      "name": "Game2",
      "symbol": "Game2",
      "type": "ERC20",
      "blockListsCount": 0,
      "exchangeListsCount": 0,
      "flagListsCount": 0,
      "importedListsCount": 0,
      "buyTax": 0,
      "sellTax": 0,
      "isInDex": false,
      "isHoneypot": null,
      "logo": "https://matcha-image-proxy.api.0x.org/images/56/0x70971bd137c8e93aa1e996f7f95af43240adfd90"
    },
    {
      "address": "0xbb5b3f75f6878fb356062510661ee1bfb6745e9e",
      "chainId": 8453,
      "decimals": 18,
      "name": "GAME2",
      "symbol": "GAME2",
      "type": "ERC20",
      "blockListsCount": 0,
      "exchangeListsCount": 0,
      "flagListsCount": 0,
      "importedListsCount": 0,
      "buyTax": null,
      "sellTax": null,
      "isInDex": false,
      "isHoneypot": false,
      "logo": "https://matcha-image-proxy.api.0x.org/images/8453/0xbb5b3f75f6878fb356062510661ee1bfb6745e9e"
    },
    {
      "address": "0xdb8366dcf90dd8f4a9301ddf320e4436a9ffe953",
      "chainId": 56,
      "decimals": 6,
      "name": "Game2",
      "symbol": "Game2",
      "type": "ERC20",
      "blockListsCount": 0,
      "exchangeListsCount": 0,
      "flagListsCount": 0,
      "importedListsCount": 0,
      "buyTax": 0,
      "sellTax": 0,
      "isInDex": false,
      "isHoneypot": null,
      "logo": "https://matcha-image-proxy.api.0x.org/images/56/0xdb8366dcf90dd8f4a9301ddf320e4436a9ffe953"
    },
    {
      "address": "0x66571377d84742ccc9973fc2082c13fe984cbcb0",
      "chainId": 56,
      "decimals": 18,
      "name": "GAME2",
      "symbol": "GAME2",
      "type": "ERC20",
      "blockListsCount": 0,
      "exchangeListsCount": 0,
      "flagListsCount": 0,
      "importedListsCount": 0,
      "buyTax": 0.03,
      "sellTax": 0,
      "isInDex": true,
      "isHoneypot": false,
      "logo": "https://matcha-image-proxy.api.0x.org/images/56/0x66571377d84742ccc9973fc2082c13fe984cbcb0"
    },
    {
      "address": "0xe057d132129a9c0a036e53208dd6b54ae79228fa",
      "chainId": 56,
      "decimals": 9,
      "name": "Game2",
      "symbol": "Game2",
      "type": "ERC20",
      "blockListsCount": 0,
      "exchangeListsCount": 0,
      "flagListsCount": 0,
      "importedListsCount": 0,
      "buyTax": 0.04,
      "sellTax": 0.0082,
      "isInDex": true,
      "isHoneypot": false,
      "logo": "https://matcha-image-proxy.api.0x.org/images/56/0xe057d132129a9c0a036e53208dd6b54ae79228fa"
    },
    {
      "address": "0x76b08bedd9f8de09b98d7aa3f3bf0ad1f9cd8881",
      "chainId": 56,
      "decimals": 6,
      "name": "Game2",
      "symbol": "Game2",
      "type": "ERC20",
      "blockListsCount": 0,
      "exchangeListsCount": 0,
      "flagListsCount": 0,
      "importedListsCount": 0,
      "buyTax": 0,
      "sellTax": 0,
      "isInDex": false,
      "isHoneypot": null,
      "logo": "https://matcha-image-proxy.api.0x.org/images/56/0x76b08bedd9f8de09b98d7aa3f3bf0ad1f9cd8881"
    },
    {
      "address": "0x09eace799954e3bb09cee81549d6253adb9b3abd",
      "chainId": 56,
      "decimals": 6,
      "name": "Game2",
      "symbol": "Game2",
      "type": "ERC20",
      "blockListsCount": 0,
      "exchangeListsCount": 0,
      "flagListsCount": 0,
      "importedListsCount": 0,
      "buyTax": 0,
      "sellTax": 0,
      "isInDex": false,
      "isHoneypot": null,
      "logo": "https://matcha-image-proxy.api.0x.org/images/56/0x09eace799954e3bb09cee81549d6253adb9b3abd"
    },
    {
      "address": "0xc9b09a84cd0ff62313aff14f6ea2bd75530d7839",
      "chainId": 56,
      "decimals": 6,
      "name": "Game2",
      "symbol": "Game2",
      "type": "ERC20",
      "blockListsCount": 0,
      "exchangeListsCount": 0,
      "flagListsCount": 0,
      "importedListsCount": 0,
      "buyTax": 0,
      "sellTax": 0,
      "isInDex": false,
      "isHoneypot": null,
      "logo": "https://matcha-image-proxy.api.0x.org/images/56/0xc9b09a84cd0ff62313aff14f6ea2bd75530d7839"
    },
    {
      "address": "0x8157fac01a25403aa1931326916fbe671f5a6232",
      "chainId": 56,
      "decimals": 6,
      "name": "Game2",
      "symbol": "Game2",
      "type": "ERC20",
      "blockListsCount": 0,
      "exchangeListsCount": 0,
      "flagListsCount": 0,
      "importedListsCount": 0,
      "buyTax": 0,
      "sellTax": 0,
      "isInDex": false,
      "isHoneypot": null,
      "logo": "https://matcha-image-proxy.api.0x.org/images/56/0x8157fac01a25403aa1931326916fbe671f5a6232"
    },
    {
      "address": "2F91GQ11hYrB9PnLPjsTod1ztgaar9sQvfmfzu97pump",
      "chainId": 1399811149,
      "decimals": 6,
      "name": "SQUID GAME2",
      "symbol": "GAME2",
      "type": "SPL-Token",
      "blockListsCount": 0,
      "exchangeListsCount": 0,
      "flagListsCount": 0,
      "importedListsCount": 0,
      "logo": "https://matcha-image-proxy.api.0x.org/images/1399811149/2F91GQ11hYrB9PnLPjsTod1ztgaar9sQvfmfzu97pump"
    },
    {
      "address": "0x27d2ccf9924e7893f5eb9b04fd5f9af7b8e40249",
      "chainId": 8453,
      "decimals": 18,
      "name": "SQUID GAME2",
      "symbol": "SQUID GAME2",
      "type": "ERC20",
      "blockListsCount": 0,
      "exchangeListsCount": 0,
      "flagListsCount": 0,
      "importedListsCount": 0,
      "buyTax": 0,
      "sellTax": 0,
      "isInDex": false,
      "isHoneypot": false,
      "logo": "https://matcha-image-proxy.api.0x.org/images/8453/0x27d2ccf9924e7893f5eb9b04fd5f9af7b8e40249"
    },
    {
      "address": "0x8a68cb95ada4d29d8919e582de617b7196f74444",
      "chainId": 56,
      "decimals": 18,
      "name": "WHY GAME2",
      "symbol": "WHY GAME2",
      "type": "ERC20",
      "blockListsCount": 0,
      "exchangeListsCount": 0,
      "flagListsCount": 0,
      "importedListsCount": 0,
      "buyTax": 0,
      "sellTax": 0,
      "isInDex": false,
      "isHoneypot": false,
      "logo": "https://matcha-image-proxy.api.0x.org/images/56/0x8a68cb95ada4d29d8919e582de617b7196f74444"
    }
  ],
  "searchTime": "2025-12-30T01:58:44.388Z",
  "error": null
}