{
  "originalSymbol": "IQ",
  "originalFullName": "IQ.wiki",
  "searchedQuery": "IQ IQ.wiki",
  "retried": false,
  "isL1": false,
  "success": true,
  "tokenCount": 15,
  "resultCount": 3687,
  "tokens": [
    {
      "address": "0x579cea1889991f68acc35ff5c3dd0621ff29b0c9",
      "chainId": 1,
      "decimals": 18,
      "name": "Everipedia IQ",
      "symbol": "IQ",
      "type": "ERC20",
      "hasLogo": true,
      "blockListsCount": 0,
      "exchangeListsCount": 0,
      "flagListsCount": 0,
      "importedListsCount": 2,
      "buyTax": 0,
      "sellTax": 0,
      "isInDex": true,
      "isHoneypot": false,
      "manualUnblock": false,
      "transactionsHourly": 1,
      "transactionsDaily": 3,
      "transactionsWeekly": 8,
      "transactionsMonthly": 30,
      "volumeUsdHourly": 74.423567877502,
      "volumeUsdDaily": 124.8589317342331,
      "volumeUsdWeekly": 2161.5011260830083,
      "volumeUsdMonthly": 3971.6717196489217,
      "logo": "https://matcha-image-proxy.api.0x.org/images/1/0x579cea1889991f68acc35ff5c3dd0621ff29b0c9"
    },
    {
      "address": "0x2b72867c32cf673f7b02d208b26889fed353b1f8",
      "chainId": 56,
      "decimals": 8,
      "name": "Magic Square",
      "symbol": "SQR",
      "type": "ERC20",
      "hasLogo": true,
      "blockListsCount": 0,
      "exchangeListsCount": 0,
      "flagListsCount": 0,
      "importedListsCount": 1,
      "buyTax": 0,
      "sellTax": 0,
      "isInDex": true,
      "isHoneypot": false,
      "manualUnblock": false,
      "transactionsHourly": 1,
      "transactionsDaily": 3,
      "transactionsWeekly": 14,
      "transactionsMonthly": 49,
      "volumeUsdHourly": 0.29309942494743,
      "volumeUsdDaily": 23.31746447383248,
      "volumeUsdWeekly": 92.24906343834144,
      "volumeUsdMonthly": 438.15647563453086,
      "logo": "https://matcha-image-proxy.api.0x.org/images/56/0x2b72867c32cf673f7b02d208b26889fed353b1f8"
    },
    {
      "address": "0x6dda263994aab33f5ed612294e26f2a13df0da05",
      "chainId": 1,
      "decimals": 18,
      "name": "IQ Protocol Token",
      "symbol": "IQT",
      "type": "ERC20",
      "hasLogo": true,
      "blockListsCount": 0,
      "exchangeListsCount": 0,
      "flagListsCount": 0,
      "importedListsCount": 2,
      "buyTax": null,
      "sellTax": null,
      "isInDex": false,
      "isHoneypot": false,
      "manualUnblock": false,
      "logo": "https://matcha-image-proxy.api.0x.org/images/1/0x6dda263994aab33f5ed612294e26f2a13df0da05"
    },
    {
      "address": "FZYbR8kz3wACiQWygg5vAojVD59D4WJw5RaQhuZKpump",
      "chainId": 1399811149,
      "decimals": 6,
      "name": "IQ 9999x",
      "symbol": "IQ 9999x",
      "type": "SPL-Token",
      "blockListsCount": 1,
      "exchangeListsCount": 0,
      "flagListsCount": 1,
      "importedListsCount": 0,
      "manualUnblock": false,
      "logo": "https://matcha-image-proxy.api.0x.org/images/1399811149/FZYbR8kz3wACiQWygg5vAojVD59D4WJw5RaQhuZKpump"
    },
    {
      "address": "B34o54Xz54sWKBXBQ2BnDHP81wbRp7x7xQhT1NxDpump",
      "chainId": 1399811149,
      "decimals": 6,
      "name": "SHARE YOUR IQ",
      "symbol": "IQ",
      "type": "SPL-Token",
      "blockListsCount": 1,
      "exchangeListsCount": 0,
      "flagListsCount": 1,
      "importedListsCount": 0,
      "manualUnblock": false,
      "logo": "https://matcha-image-proxy.api.0x.org/images/1399811149/B34o54Xz54sWKBXBQ2BnDHP81wbRp7x7xQhT1NxDpump"
    },
    {
      "address": "BMu1Pevxm9hqBSdfTxXhcfwFjMCHWYV3kSLmUJ9epump",
      "chainId": 1399811149,
      "decimals": 6,
      "name": "SHARE YOUR IQ",
      "symbol": "IQ",
      "type": "SPL-Token",
      "blockListsCount": 1,
      "exchangeListsCount": 0,
      "flagListsCount": 1,
      "importedListsCount": 0,
      "manualUnblock": false,
      "logo": "https://matcha-image-proxy.api.0x.org/images/1399811149/BMu1Pevxm9hqBSdfTxXhcfwFjMCHWYV3kSLmUJ9epump"
    },
    {
      "address": "0x9d7f8cf95ccc62d4133e27814316465bd6301182",
      "chainId": 8453,
      "decimals": 9,
      "name": "Ai21x Iq Protocol",
      "symbol": "Ai21x Iq Protocol",
      "type": "ERC20",
      "blockListsCount": 1,
      "exchangeListsCount": 0,
      "flagListsCount": 1,
      "importedListsCount": 0,
      "manualUnblock": false,
      "logo": "https://matcha-image-proxy.api.0x.org/images/8453/0x9d7f8cf95ccc62d4133e27814316465bd6301182"
    },
    {
      "address": "0xf29ffe65174908e4aae4df1c49d8e1dbb40753ea",
      "chainId": 137,
      "decimals": 18,
      "name": "IQ Option",
      "symbol": "IOT",
      "type": "ERC20",
      "blockListsCount": 1,
      "exchangeListsCount": 0,
      "flagListsCount": 1,
      "importedListsCount": 0,
      "buyTax": null,
      "sellTax": null,
      "isInDex": false,
      "isHoneypot": null,
      "manualUnblock": false,
      "logo": "https://matcha-image-proxy.api.0x.org/images/137/0xf29ffe65174908e4aae4df1c49d8e1dbb40753ea"
    },
    {
      "address": "0x41084fdc569099d9e527ccf126e12d9c7c688ec3",
      "chainId": 137,
      "decimals": 18,
      "name": "IQ Protocol Token",
      "symbol": "IQT",
      "type": "ERC20",
      "hasLogo": true,
      "blockListsCount": 0,
      "exchangeListsCount": 0,
      "flagListsCount": 0,
      "importedListsCount": 1,
      "buyTax": 0,
      "sellTax": 0,
      "isInDex": true,
      "isHoneypot": false,
      "manualUnblock": false,
      "transactionsHourly": 1,
      "transactionsDaily": 1,
      "transactionsWeekly": 1,
      "transactionsMonthly": 16,
      "volumeUsdHourly": 2.43050095694626,
      "volumeUsdDaily": 2.45117118179878,
      "volumeUsdWeekly": 2.45117118179878,
      "volumeUsdMonthly": 111.1688672874174,
      "logo": "https://matcha-image-proxy.api.0x.org/images/137/0x41084fdc569099d9e527ccf126e12d9c7c688ec3"
    },
    {
      "address": "0x10f9fe0ea6f93331adbda3746d145be142e633b2",
      "chainId": 137,
      "decimals": 18,
      "name": "IQ Option",
      "symbol": "IOT",
      "type": "ERC20",
      "blockListsCount": 1,
      "exchangeListsCount": 0,
      "flagListsCount": 1,
      "importedListsCount": 0,
      "buyTax": 0,
      "sellTax": 0,
      "isInDex": true,
      "isHoneypot": null,
      "manualUnblock": false,
      "logo": "https://matcha-image-proxy.api.0x.org/images/137/0x10f9fe0ea6f93331adbda3746d145be142e633b2"
    },
    {
      "address": "0xf7f5a2cf29906f2dfa4cafe94a271504179a9a85",
      "chainId": 8453,
      "decimals": 18,
      "name": "IQ Protocol Microsoft 6900",
      "symbol": "IQ Protocol Microsoft 6900",
      "type": "ERC20",
      "blockListsCount": 1,
      "exchangeListsCount": 0,
      "flagListsCount": 1,
      "importedListsCount": 0,
      "buyTax": 0,
      "sellTax": 0,
      "isInDex": true,
      "isHoneypot": false,
      "manualUnblock": false,
      "logo": "https://matcha-image-proxy.api.0x.org/images/8453/0xf7f5a2cf29906f2dfa4cafe94a271504179a9a85"
    },
    {
      "address": "Gn9uqRkcqAFsmBXFgfqmiAT5rWHjC6rA6GdhCe8npump",
      "chainId": 1399811149,
      "decimals": 6,
      "name": "IQ Index 6900",
      "symbol": "IQ6900",
      "type": "SPL-Token",
      "blockListsCount": 1,
      "exchangeListsCount": 0,
      "flagListsCount": 1,
      "importedListsCount": 0,
      "manualUnblock": false,
      "logo": "https://matcha-image-proxy.api.0x.org/images/1399811149/Gn9uqRkcqAFsmBXFgfqmiAT5rWHjC6rA6GdhCe8npump"
    },
    {
      "address": "Hb6XUZmZoCoNA73mSYZstqqWzL4jhGm4W3DL3kKxpump",
      "chainId": 1399811149,
      "decimals": 6,
      "name": "IQ Index 6900",
      "symbol": "IQ6900",
      "type": "SPL-Token",
      "blockListsCount": 1,
      "exchangeListsCount": 0,
      "flagListsCount": 1,
      "importedListsCount": 0,
      "manualUnblock": false,
      "logo": "https://matcha-image-proxy.api.0x.org/images/1399811149/Hb6XUZmZoCoNA73mSYZstqqWzL4jhGm4W3DL3kKxpump"
    },
    {
      "address": "8dJpd5ZqVNn8fFn4SnDrS6frffEnikE5uVNZTAd6pump",
      "chainId": 1399811149,
      "decimals": 6,
      "name": "The IQ Index",
      "symbol": "IQ6900",
      "type": "SPL-Token",
      "blockListsCount": 1,
      "exchangeListsCount": 0,
      "flagListsCount": 1,
      "importedListsCount": 0,
      "manualUnblock": false,
      "logo": "https://matcha-image-proxy.api.0x.org/images/1399811149/8dJpd5ZqVNn8fFn4SnDrS6frffEnikE5uVNZTAd6pump"
    },
    {
      "address": "0x255976b2f0924a4b64f03af92a9565abe0574444",
      "chainId": 56,
      "decimals": 18,
      "name": "IQ Index AI",
      "symbol": "IQAI",
      "type": "ERC20",
      "blockListsCount": 1,
      "exchangeListsCount": 0,
      "flagListsCount": 1,
      "importedListsCount": 0,
      "buyTax": 0,
      "sellTax": 0,
      "isInDex": false,
      "isHoneypot": false,
      "manualUnblock": false,
      "logo": "https://matcha-image-proxy.api.0x.org/images/56/0x255976b2f0924a4b64f03af92a9565abe0574444"
    }
  ],
  "searchTime": "2025-12-30T01:57:30.460Z",
  "error": null
}