{
  "originalSymbol": "CTC",
  "originalFullName": "Creditcoin",
  "searchedQuery": "CTC Creditcoin",
  "retried": false,
  "isL1": false,
  "success": true,
  "tokenCount": 15,
  "resultCount": 2359,
  "tokens": [
    {
      "address": "0xd6f045869222cc48b475051690f5c60716a5c392",
      "chainId": 8453,
      "decimals": 18,
      "name": "CTC (Creditcoin) NFT",
      "symbol": "CTC (Creditcoin) NFT",
      "type": "ERC20",
      "issuer": {
        "name": "zora",
        "metadata": {}
      },
      "blockListsCount": 0,
      "exchangeListsCount": 0,
      "flagListsCount": 0,
      "importedListsCount": 0,
      "logo": "https://matcha-image-proxy.api.0x.org/images/8453/0xd6f045869222cc48b475051690f5c60716a5c392"
    },
    {
      "address": "0x5aeb8f52b0042d69358f9aaf2eb0e7d7b6e7a202",
      "chainId": 8453,
      "decimals": 18,
      "name": "CTC Creditcoin On Base",
      "symbol": "CTC Creditcoin On Base",
      "type": "ERC20",
      "blockListsCount": 0,
      "exchangeListsCount": 0,
      "flagListsCount": 0,
      "importedListsCount": 0,
      "logo": "https://matcha-image-proxy.api.0x.org/images/8453/0x5aeb8f52b0042d69358f9aaf2eb0e7d7b6e7a202"
    },
    {
      "address": "0x0d4b3d3cf5becc4e57e16ce2e1a62d4f2ac5fbe9",
      "chainId": 56,
      "decimals": 9,
      "name": "CTC Creditcoin AI Presale v2",
      "symbol": "CTC Creditcoin AI Presale v2",
      "type": "ERC20",
      "blockListsCount": 0,
      "exchangeListsCount": 0,
      "flagListsCount": 0,
      "importedListsCount": 0,
      "logo": "https://matcha-image-proxy.api.0x.org/images/56/0x0d4b3d3cf5becc4e57e16ce2e1a62d4f2ac5fbe9"
    },
    {
      "address": "0xb86414afc434345a91ca80a889d73fd1e8155b4b",
      "chainId": 56,
      "decimals": 18,
      "name": "CTC PLUS",
      "symbol": "CTCP",
      "type": "ERC20",
      "hasLogo": true,
      "blockListsCount": 0,
      "exchangeListsCount": 0,
      "flagListsCount": 0,
      "importedListsCount": 1,
      "buyTax": 0,
      "sellTax": 0,
      "isInDex": true,
      "isHoneypot": false,
      "manualUnblock": false,
      "transactionsHourly": 1,
      "transactionsDaily": 3,
      "transactionsWeekly": 29,
      "transactionsMonthly": 143,
      "volumeUsdHourly": 0.0894432758773869,
      "volumeUsdDaily": 2.3289874747380277,
      "volumeUsdWeekly": 103.99222363587332,
      "volumeUsdMonthly": 328.75543300168925,
      "logo": "https://matcha-image-proxy.api.0x.org/images/56/0xb86414afc434345a91ca80a889d73fd1e8155b4b"
    },
    {
      "address": "0xa3ee21c306a700e682abcdfe9baa6a08f3820419",
      "chainId": 1,
      "decimals": 18,
      "name": "Gluwa Creditcoin Vesting Token",
      "symbol": "G-CRE",
      "type": "ERC20",
      "hasLogo": true,
      "blockListsCount": 0,
      "exchangeListsCount": 0,
      "flagListsCount": 0,
      "importedListsCount": 2,
      "buyTax": 0,
      "sellTax": 0,
      "isInDex": true,
      "isHoneypot": false,
      "manualUnblock": false,
      "transactionsHourly": 1,
      "transactionsDaily": 1,
      "transactionsWeekly": 2,
      "transactionsMonthly": 14,
      "volumeUsdHourly": 72.3344597200694,
      "volumeUsdDaily": 72.3344597200694,
      "volumeUsdWeekly": 278.4005497839794,
      "volumeUsdMonthly": 1612.9187342532107,
      "logo": "https://matcha-image-proxy.api.0x.org/images/1/0xa3ee21c306a700e682abcdfe9baa6a08f3820419"
    },
    {
      "address": "0xaafec8e08d524d534327fa13fb306f440b5f88eb",
      "chainId": 1,
      "decimals": 18,
      "name": "wCTC",
      "symbol": "wCTC",
      "type": "ERC20",
      "hasLogo": true,
      "blockListsCount": 0,
      "exchangeListsCount": 0,
      "flagListsCount": 0,
      "importedListsCount": 0,
      "buyTax": 0,
      "sellTax": 0,
      "isInDex": true,
      "isHoneypot": false,
      "transactionsHourly": 1,
      "transactionsDaily": 1,
      "transactionsWeekly": 1,
      "transactionsMonthly": 1,
      "volumeUsdHourly": 1535.01803641531,
      "volumeUsdDaily": 1535.01803641531,
      "volumeUsdWeekly": 1353.4926563756,
      "volumeUsdMonthly": 1353.4926563756,
      "logo": "https://matcha-image-proxy.api.0x.org/images/1/0xaafec8e08d524d534327fa13fb306f440b5f88eb"
    },
    {
      "address": "0x7921f18d516b42fc8bf26c13c363cac63c22f3c4",
      "chainId": 56,
      "decimals": 18,
      "name": "CTC",
      "symbol": "CTC",
      "type": "ERC20",
      "hasLogo": true,
      "blockListsCount": 0,
      "exchangeListsCount": 0,
      "flagListsCount": 0,
      "importedListsCount": 0,
      "buyTax": null,
      "sellTax": null,
      "isInDex": true,
      "isHoneypot": false,
      "logo": "https://matcha-image-proxy.api.0x.org/images/56/0x7921f18d516b42fc8bf26c13c363cac63c22f3c4"
    },
    {
      "address": "0xeb32ad88b09fb94129a8b972876ad02eaac91e53",
      "chainId": 56,
      "decimals": 18,
      "name": "Wrapped CTC",
      "symbol": "WCTC",
      "type": "ERC20",
      "hasLogo": true,
      "blockListsCount": 0,
      "exchangeListsCount": 0,
      "flagListsCount": 0,
      "importedListsCount": 1,
      "buyTax": 0,
      "sellTax": 0,
      "isInDex": false,
      "isHoneypot": false,
      "manualUnblock": false,
      "logo": "https://matcha-image-proxy.api.0x.org/images/56/0xeb32ad88b09fb94129a8b972876ad02eaac91e53"
    },
    {
      "address": "0x31ce26846c2fb9327fbf35f7240f824fb836cb37",
      "chainId": 56,
      "decimals": 18,
      "name": "CTC Creditcoin On Binance Alpha",
      "symbol": "CTC Credit",
      "type": "ERC20",
      "blockListsCount": 0,
      "exchangeListsCount": 0,
      "flagListsCount": 0,
      "importedListsCount": 0,
      "logo": "https://matcha-image-proxy.api.0x.org/images/56/0x31ce26846c2fb9327fbf35f7240f824fb836cb37"
    },
    {
      "address": "0xc9aa6ed46b81101e02670d715bf6c7e3da101a44",
      "chainId": 8453,
      "decimals": 18,
      "name": "CTC Creditcoin Perpetual",
      "symbol": "CTCCRE",
      "type": "ERC20",
      "blockListsCount": 0,
      "exchangeListsCount": 0,
      "flagListsCount": 0,
      "importedListsCount": 0,
      "logo": "https://matcha-image-proxy.api.0x.org/images/8453/0xc9aa6ed46b81101e02670d715bf6c7e3da101a44"
    },
    {
      "address": "0xe0359f2d06cb5dc8cc80f1c0d0fd6ce19f7a3b54",
      "chainId": 8453,
      "decimals": 18,
      "name": "CTC",
      "symbol": "CTC",
      "type": "ERC20",
      "issuer": {
        "name": "zora",
        "metadata": {}
      },
      "blockListsCount": 0,
      "exchangeListsCount": 0,
      "flagListsCount": 0,
      "importedListsCount": 0,
      "buyTax": null,
      "sellTax": null,
      "isInDex": false,
      "isHoneypot": false,
      "logo": "https://matcha-image-proxy.api.0x.org/images/8453/0xe0359f2d06cb5dc8cc80f1c0d0fd6ce19f7a3b54"
    },
    {
      "address": "0x4dd2540935e07a019351f07c0355cd6f432757f5",
      "chainId": 8453,
      "decimals": 18,
      "name": "CTC",
      "symbol": "CTC",
      "type": "ERC20",
      "issuer": {
        "name": "zora",
        "metadata": {}
      },
      "blockListsCount": 0,
      "exchangeListsCount": 0,
      "flagListsCount": 0,
      "importedListsCount": 0,
      "buyTax": null,
      "sellTax": null,
      "isInDex": false,
      "isHoneypot": false,
      "logo": "https://matcha-image-proxy.api.0x.org/images/8453/0x4dd2540935e07a019351f07c0355cd6f432757f5"
    },
    {
      "address": "0x0e2ee616290a7b970bba772cd33b60af8821d949",
      "chainId": 8453,
      "decimals": 18,
      "name": "CTC",
      "symbol": "CTC",
      "type": "ERC20",
      "issuer": {
        "name": "zora",
        "metadata": {}
      },
      "blockListsCount": 0,
      "exchangeListsCount": 0,
      "flagListsCount": 0,
      "importedListsCount": 0,
      "buyTax": null,
      "sellTax": null,
      "isInDex": false,
      "isHoneypot": false,
      "logo": "https://matcha-image-proxy.api.0x.org/images/8453/0x0e2ee616290a7b970bba772cd33b60af8821d949"
    },
    {
      "address": "0xb01e266b97146e126a437cd987098c9933f62d97",
      "chainId": 8453,
      "decimals": 18,
      "name": "CTC",
      "symbol": "CTC",
      "type": "ERC20",
      "issuer": {
        "name": "zora",
        "metadata": {}
      },
      "blockListsCount": 0,
      "exchangeListsCount": 0,
      "flagListsCount": 0,
      "importedListsCount": 0,
      "buyTax": null,
      "sellTax": null,
      "isInDex": false,
      "isHoneypot": false,
      "logo": "https://matcha-image-proxy.api.0x.org/images/8453/0xb01e266b97146e126a437cd987098c9933f62d97"
    },
    {
      "address": "0x4b98890aee3dc04a487c065b74bf96da3e07da62",
      "chainId": 8453,
      "decimals": 18,
      "name": "CTC",
      "symbol": "CTC",
      "type": "ERC20",
      "issuer": {
        "name": "zora",
        "metadata": {}
      },
      "blockListsCount": 0,
      "exchangeListsCount": 0,
      "flagListsCount": 0,
      "importedListsCount": 0,
      "buyTax": null,
      "sellTax": null,
      "isInDex": false,
      "isHoneypot": false,
      "logo": "https://matcha-image-proxy.api.0x.org/images/8453/0x4b98890aee3dc04a487c065b74bf96da3e07da62"
    }
  ],
  "searchTime": "2025-12-30T01:57:20.191Z",
  "error": null
}