{
  "originalSymbol": "MET2",
  "originalFullName": "MET2",
  "searchedQuery": "MET2 MET2",
  "retried": false,
  "isL1": false,
  "success": true,
  "tokenCount": 10,
  "resultCount": 10,
  "tokens": [
    {
      "address": "0x4f453ceaa9fd39e3b17deb282fea99609a19c626",
      "chainId": 56,
      "decimals": 18,
      "name": "MET2 Channel",
      "symbol": "MET2",
      "type": "ERC20",
      "blockListsCount": 0,
      "exchangeListsCount": 0,
      "flagListsCount": 0,
      "importedListsCount": 0,
      "buyTax": 0,
      "sellTax": 0,
      "isInDex": true,
      "isHoneypot": false,
      "logo": "https://matcha-image-proxy.api.0x.org/images/56/0x4f453ceaa9fd39e3b17deb282fea99609a19c626"
    },
    {
      "address": "GdWVbu6p5iNn99GEEvBpVfLcU5zz8ewXuZhnG8ubkawy",
      "chainId": 1399811149,
      "decimals": 9,
      "name": "met2",
      "symbol": "met",
      "type": "SPL-Token",
      "blockListsCount": 0,
      "exchangeListsCount": 0,
      "flagListsCount": 0,
      "importedListsCount": 0,
      "logo": "https://matcha-image-proxy.api.0x.org/images/1399811149/GdWVbu6p5iNn99GEEvBpVfLcU5zz8ewXuZhnG8ubkawy"
    },
    {
      "address": "0x0416854a366f6ae1ad395e07537937248dfffb07",
      "chainId": 143,
      "decimals": 18,
      "name": "met episode 2",
      "symbol": "met2",
      "type": "ERC20",
      "blockListsCount": 0,
      "exchangeListsCount": 0,
      "flagListsCount": 0,
      "importedListsCount": 0,
      "logo": "https://matcha-image-proxy.api.0x.org/images/143/0x0416854a366f6ae1ad395e07537937248dfffb07"
    },
    {
      "address": "0x444ab228d408d95007389547c1767de5f5e4c057",
      "chainId": 137,
      "decimals": 18,
      "name": "Metsotest2",
      "symbol": "MET2",
      "type": "ERC20",
      "blockListsCount": 0,
      "exchangeListsCount": 0,
      "flagListsCount": 0,
      "importedListsCount": 0,
      "buyTax": null,
      "sellTax": null,
      "isInDex": false,
      "isHoneypot": false,
      "logo": "https://matcha-image-proxy.api.0x.org/images/137/0x444ab228d408d95007389547c1767de5f5e4c057"
    },
    {
      "address": "0x7fce9b7862e0ddd10d3700304fb0e6263f055372",
      "chainId": 56,
      "decimals": 9,
      "name": "meteora",
      "symbol": "MET2",
      "type": "ERC20",
      "blockListsCount": 0,
      "exchangeListsCount": 0,
      "flagListsCount": 0,
      "importedListsCount": 0,
      "logo": "https://matcha-image-proxy.api.0x.org/images/56/0x7fce9b7862e0ddd10d3700304fb0e6263f055372"
    },
    {
      "address": "5Tpj1gShtu8JuaZEjmCmMPigwghzGhGyXwQgLcbpump2",
      "chainId": 1399811149,
      "decimals": 9,
      "name": "METEORAv2",
      "symbol": "MET2",
      "type": "SPL-Token",
      "blockListsCount": 0,
      "exchangeListsCount": 0,
      "flagListsCount": 0,
      "importedListsCount": 0,
      "logo": "https://matcha-image-proxy.api.0x.org/images/1399811149/5Tpj1gShtu8JuaZEjmCmMPigwghzGhGyXwQgLcbpump2"
    },
    {
      "address": "0x825d5738ac4161de4a4baf5c7dc632cd58d07f47",
      "chainId": 56,
      "decimals": 18,
      "name": "Meta Resident",
      "symbol": "MET20",
      "type": "ERC20",
      "blockListsCount": 0,
      "exchangeListsCount": 0,
      "flagListsCount": 0,
      "importedListsCount": 0,
      "buyTax": null,
      "sellTax": null,
      "isInDex": true,
      "isHoneypot": null,
      "logo": "https://matcha-image-proxy.api.0x.org/images/56/0x825d5738ac4161de4a4baf5c7dc632cd58d07f47"
    },
    {
      "address": "BGpxjZpz6diN8TS7xVLvEwGTZCjrGL55UUrpVwpynGps",
      "chainId": 1399811149,
      "decimals": 9,
      "name": "M2M",
      "symbol": "MET2MOON",
      "type": "SPL-Token",
      "blockListsCount": 0,
      "exchangeListsCount": 0,
      "flagListsCount": 0,
      "importedListsCount": 0,
      "logo": "https://matcha-image-proxy.api.0x.org/images/1399811149/BGpxjZpz6diN8TS7xVLvEwGTZCjrGL55UUrpVwpynGps"
    },
    {
      "address": "FG3xAhere9qPhw3GpKAReZwn8tAwVgYi1AX2mn5rpump",
      "chainId": 1399811149,
      "decimals": 6,
      "name": "MET GALA 2025",
      "symbol": "MET2025",
      "type": "SPL-Token",
      "blockListsCount": 0,
      "exchangeListsCount": 0,
      "flagListsCount": 0,
      "importedListsCount": 0,
      "logo": "https://matcha-image-proxy.api.0x.org/images/1399811149/FG3xAhere9qPhw3GpKAReZwn8tAwVgYi1AX2mn5rpump"
    },
    {
      "address": "0x4048461f2c344cfb1e86eaf1410780898f4aaf20",
      "chainId": 8453,
      "decimals": 18,
      "name": "MET2",
      "symbol": "MET2",
      "type": "ERC20",
      "issuer": {
        "name": "zora",
        "metadata": {}
      },
      "blockListsCount": 0,
      "exchangeListsCount": 0,
      "flagListsCount": 0,
      "importedListsCount": 0,
      "isHoneypot": false,
      "transactionsHourly": 1,
      "transactionsDaily": 1,
      "transactionsWeekly": 1,
      "transactionsMonthly": 1,
      "volumeUsdHourly": 0.0000560856424468958,
      "volumeUsdDaily": 0.0000560856424468958,
      "volumeUsdWeekly": 0.0000585220009090757,
      "volumeUsdMonthly": 0.0000585220009090757,
      "logo": "https://matcha-image-proxy.api.0x.org/images/8453/0x4048461f2c344cfb1e86eaf1410780898f4aaf20"
    }
  ],
  "searchTime": "2025-12-30T01:58:30.626Z",
  "error": null
}