{
  "originalSymbol": "HOLO",
  "originalFullName": "Holoworld AI",
  "searchedQuery": "HOLO Holoworld AI",
  "retried": false,
  "isL1": false,
  "success": true,
  "tokenCount": 15,
  "resultCount": 10000,
  "tokens": [
    {
      "address": "0xeeeeeeeeeeeeeeeeeeeeeeeeeeeeeeeeeeeeeeee",
      "chainId": 137,
      "decimals": 18,
      "name": "Matic Token",
      "symbol": "MATIC",
      "type": "Native",
      "hasLogo": true,
      "blockListsCount": 0,
      "exchangeListsCount": 0,
      "flagListsCount": 0,
      "importedListsCount": 0,
      "transactionsHourly": 85,
      "transactionsDaily": 2465,
      "transactionsWeekly": 22773,
      "transactionsMonthly": 97263,
      "volumeUsdHourly": 1744.1066573951427,
      "volumeUsdDaily": 131869.39046438082,
      "volumeUsdWeekly": 1349242.204438686,
      "volumeUsdMonthly": 8059210.475300197,
      "logo": "https://matcha-image-proxy.api.0x.org/images/137/0xeeeeeeeeeeeeeeeeeeeeeeeeeeeeeeeeeeeeeeee"
    },
    {
      "address": "0xf8a0bf9cf54bb92f17374d9e9a321e6a111a51bd",
      "chainId": 56,
      "decimals": 18,
      "name": "ChainLink Token",
      "symbol": "LINK",
      "type": "ERC20",
      "hasLogo": true,
      "issuer": {
        "name": "binance",
        "metadata": {}
      },
      "blockListsCount": 0,
      "exchangeListsCount": 0,
      "flagListsCount": 0,
      "importedListsCount": 2,
      "buyTax": 0,
      "sellTax": 0,
      "isInDex": true,
      "isHoneypot": false,
      "manualUnblock": false,
      "transactionsHourly": 1,
      "transactionsDaily": 29,
      "transactionsWeekly": 189,
      "transactionsMonthly": 851,
      "volumeUsdHourly": 6206.25082464942,
      "volumeUsdDaily": 11909.447213673348,
      "volumeUsdWeekly": 45068.71413064304,
      "volumeUsdMonthly": 215274.4795987784,
      "logo": "https://matcha-image-proxy.api.0x.org/images/56/0xf8a0bf9cf54bb92f17374d9e9a321e6a111a51bd"
    },
    {
      "address": "0xf97f4df75117a78c1a5a0dbb814af92458539fb4",
      "chainId": 42161,
      "decimals": 18,
      "name": "ChainLink Token",
      "symbol": "LINK",
      "type": "ERC20",
      "hasLogo": true,
      "blockListsCount": 0,
      "exchangeListsCount": 0,
      "flagListsCount": 0,
      "importedListsCount": 2,
      "buyTax": 0,
      "sellTax": 0,
      "isInDex": true,
      "isHoneypot": false,
      "manualUnblock": false,
      "transactionsHourly": 3,
      "transactionsDaily": 203,
      "transactionsWeekly": 525,
      "transactionsMonthly": 3488,
      "volumeUsdHourly": 3000.381583130315,
      "volumeUsdDaily": 193218.71882294523,
      "volumeUsdWeekly": 502677.70610129536,
      "volumeUsdMonthly": 5275569.730304809,
      "logo": "https://matcha-image-proxy.api.0x.org/images/42161/0xf97f4df75117a78c1a5a0dbb814af92458539fb4"
    },
    {
      "address": "0x514910771af9ca656af840dff83e8264ecf986ca",
      "chainId": 1,
      "decimals": 18,
      "name": "ChainLink Token",
      "symbol": "LINK",
      "type": "ERC20",
      "hasLogo": true,
      "blockListsCount": 0,
      "exchangeListsCount": 1,
      "flagListsCount": 0,
      "importedListsCount": 8,
      "buyTax": 0,
      "sellTax": 0,
      "isInDex": true,
      "isHoneypot": false,
      "manualUnblock": false,
      "transactionsHourly": 4,
      "transactionsDaily": 63,
      "transactionsWeekly": 443,
      "transactionsMonthly": 2793,
      "volumeUsdHourly": 78255.98929760813,
      "volumeUsdDaily": 155814.5620529401,
      "volumeUsdWeekly": 1479297.4599936872,
      "volumeUsdMonthly": 15075330.083145298,
      "logo": "https://matcha-image-proxy.api.0x.org/images/1/0x514910771af9ca656af840dff83e8264ecf986ca"
    },
    {
      "address": "0x53e0bca35ec356bd5dddfebbd1fc0fd03fabad39",
      "chainId": 137,
      "decimals": 18,
      "name": "ChainLink Token",
      "symbol": "LINK",
      "type": "ERC20",
      "hasLogo": true,
      "blockListsCount": 0,
      "exchangeListsCount": 0,
      "flagListsCount": 0,
      "importedListsCount": 2,
      "buyTax": 0,
      "sellTax": 0,
      "isInDex": true,
      "isHoneypot": false,
      "manualUnblock": false,
      "transactionsHourly": 1,
      "transactionsDaily": 46,
      "transactionsWeekly": 281,
      "transactionsMonthly": 1474,
      "volumeUsdHourly": 149.689345974921,
      "volumeUsdDaily": 48503.64114555851,
      "volumeUsdWeekly": 104528.0335162536,
      "volumeUsdMonthly": 806654.3577626743,
      "logo": "https://matcha-image-proxy.api.0x.org/images/137/0x53e0bca35ec356bd5dddfebbd1fc0fd03fabad39"
    },
    {
      "address": "0x0b3e328455c4059eeb9e3f84b5543f74e24e7e1b",
      "chainId": 8453,
      "decimals": 18,
      "name": "Virtual Protocol",
      "symbol": "VIRTUAL",
      "type": "ERC20",
      "hasLogo": true,
      "blockListsCount": 0,
      "exchangeListsCount": 0,
      "flagListsCount": 0,
      "importedListsCount": 1,
      "buyTax": 0,
      "sellTax": 0,
      "isInDex": true,
      "isHoneypot": false,
      "manualUnblock": false,
      "transactionsHourly": 17,
      "transactionsDaily": 704,
      "transactionsWeekly": 6300,
      "transactionsMonthly": 37114,
      "volumeUsdHourly": 125.97741815578608,
      "volumeUsdDaily": 110105.10689462436,
      "volumeUsdWeekly": 1262733.259809765,
      "volumeUsdMonthly": 6811715.012386049,
      "logo": "https://matcha-image-proxy.api.0x.org/images/8453/0x0b3e328455c4059eeb9e3f84b5543f74e24e7e1b"
    },
    {
      "address": "0x4f9fd6be4a90f2620860d680c0d4d5fb53d1a825",
      "chainId": 8453,
      "decimals": 18,
      "name": "aixbt by Virtuals",
      "symbol": "AIXBT",
      "type": "ERC20",
      "hasLogo": true,
      "blockListsCount": 0,
      "exchangeListsCount": 0,
      "flagListsCount": 0,
      "importedListsCount": 2,
      "buyTax": 0,
      "sellTax": 0,
      "isInDex": true,
      "isHoneypot": false,
      "manualUnblock": false,
      "transactionsHourly": 7,
      "transactionsDaily": 140,
      "transactionsWeekly": 1549,
      "transactionsMonthly": 6168,
      "volumeUsdHourly": 412.2378126842403,
      "volumeUsdDaily": 22437.405380112938,
      "volumeUsdWeekly": 77410.11373999347,
      "volumeUsdMonthly": 400147.1981707032,
      "logo": "https://matcha-image-proxy.api.0x.org/images/8453/0x4f9fd6be4a90f2620860d680c0d4d5fb53d1a825"
    },
    {
      "address": "0xc5f0f7b66764f6ec8c8dff7ba683102295e16409",
      "chainId": 56,
      "decimals": 18,
      "name": "First Digital USD",
      "symbol": "FDUSD",
      "type": "ERC20",
      "hasLogo": true,
      "blockListsCount": 0,
      "exchangeListsCount": 0,
      "flagListsCount": 0,
      "importedListsCount": 1,
      "buyTax": 0,
      "sellTax": 0,
      "isInDex": true,
      "isHoneypot": false,
      "manualUnblock": false,
      "transactionsHourly": 1,
      "transactionsDaily": 7,
      "transactionsWeekly": 46,
      "transactionsMonthly": 208,
      "volumeUsdDaily": 56793.783805309366,
      "volumeUsdWeekly": 66844.494901117,
      "volumeUsdMonthly": 94481.0709764308,
      "logo": "https://matcha-image-proxy.api.0x.org/images/56/0xc5f0f7b66764f6ec8c8dff7ba683102295e16409"
    },
    {
      "address": "0x0c5142bc58f9a61ab8c3d2085dd2f4e550c5ce0b",
      "chainId": 8453,
      "decimals": 18,
      "name": "RUSSELL",
      "symbol": "RUSSELL",
      "type": "ERC20",
      "hasLogo": true,
      "blockListsCount": 0,
      "exchangeListsCount": 0,
      "flagListsCount": 0,
      "importedListsCount": 1,
      "buyTax": 0,
      "sellTax": 0,
      "isInDex": true,
      "isHoneypot": false,
      "manualUnblock": false,
      "transactionsHourly": 6,
      "transactionsDaily": 227,
      "transactionsWeekly": 3547,
      "transactionsMonthly": 12925,
      "volumeUsdHourly": 578.3690065781884,
      "volumeUsdDaily": 71267.52980005096,
      "volumeUsdWeekly": 1265454.0473710017,
      "volumeUsdMonthly": 4819971.509566697,
      "logo": "https://matcha-image-proxy.api.0x.org/images/8453/0x0c5142bc58f9a61ab8c3d2085dd2f4e550c5ce0b"
    },
    {
      "address": "0xa4a2e2ca3fbfe21aed83471d28b6f65a233c6e00",
      "chainId": 8453,
      "decimals": 18,
      "name": "Ribbita by Virtuals",
      "symbol": "TIBBIR",
      "type": "ERC20",
      "hasLogo": true,
      "blockListsCount": 0,
      "exchangeListsCount": 0,
      "flagListsCount": 0,
      "importedListsCount": 1,
      "buyTax": 0,
      "sellTax": 0,
      "isInDex": true,
      "isHoneypot": false,
      "manualUnblock": false,
      "transactionsHourly": 7,
      "transactionsDaily": 232,
      "transactionsWeekly": 1825,
      "transactionsMonthly": 9640,
      "volumeUsdHourly": 1156.146006662641,
      "volumeUsdDaily": 124696.5376654578,
      "volumeUsdWeekly": 619175.9826713396,
      "volumeUsdMonthly": 8106412.210166246,
      "logo": "https://matcha-image-proxy.api.0x.org/images/8453/0xa4a2e2ca3fbfe21aed83471d28b6f65a233c6e00"
    },
    {
      "address": "0xc44141a684f6aa4e36cd9264ab55550b03c88643",
      "chainId": 8453,
      "decimals": 18,
      "name": "Ethy AI by Virtuals",
      "symbol": "ETHY",
      "type": "ERC20",
      "hasLogo": true,
      "blockListsCount": 0,
      "exchangeListsCount": 0,
      "flagListsCount": 0,
      "importedListsCount": 1,
      "buyTax": 0,
      "sellTax": 0,
      "isInDex": true,
      "isHoneypot": false,
      "manualUnblock": false,
      "transactionsHourly": 1,
      "transactionsDaily": 63,
      "transactionsWeekly": 451,
      "transactionsMonthly": 3987,
      "volumeUsdHourly": 9.83199187921713,
      "volumeUsdDaily": 12553.638503071106,
      "volumeUsdWeekly": 67247.51667627801,
      "volumeUsdMonthly": 909674.1962770488,
      "logo": "https://matcha-image-proxy.api.0x.org/images/8453/0xc44141a684f6aa4e36cd9264ab55550b03c88643"
    },
    {
      "address": "0x88fb150bdc53a65fe94dea0c9ba0a6daf8c6e196",
      "chainId": 8453,
      "decimals": 18,
      "name": "ChainLink Token",
      "symbol": "LINK",
      "type": "ERC20",
      "hasLogo": true,
      "blockListsCount": 0,
      "exchangeListsCount": 0,
      "flagListsCount": 0,
      "importedListsCount": 1,
      "buyTax": 0,
      "sellTax": 0,
      "isInDex": true,
      "isHoneypot": false,
      "manualUnblock": false,
      "transactionsHourly": 14,
      "transactionsDaily": 246,
      "transactionsWeekly": 3231,
      "transactionsMonthly": 15949,
      "volumeUsdHourly": 29.523193961263303,
      "volumeUsdDaily": 21571.39722259832,
      "volumeUsdWeekly": 268789.051536943,
      "volumeUsdMonthly": 1403173.9838777743,
      "logo": "https://matcha-image-proxy.api.0x.org/images/8453/0x88fb150bdc53a65fe94dea0c9ba0a6daf8c6e196"
    },
    {
      "address": "0xacfe6019ed1a7dc6f7b508c02d1b04ec88cc21bf",
      "chainId": 8453,
      "decimals": 18,
      "name": "Venice Token",
      "symbol": "VVV",
      "type": "ERC20",
      "hasLogo": true,
      "blockListsCount": 0,
      "exchangeListsCount": 0,
      "flagListsCount": 0,
      "importedListsCount": 2,
      "buyTax": 0,
      "sellTax": 0,
      "isInDex": true,
      "isHoneypot": false,
      "manualUnblock": false,
      "transactionsHourly": 3,
      "transactionsDaily": 300,
      "transactionsWeekly": 1752,
      "transactionsMonthly": 5028,
      "volumeUsdHourly": 505.1143590630168,
      "volumeUsdDaily": 75638.1038942548,
      "volumeUsdWeekly": 294441.97089246876,
      "volumeUsdMonthly": 1135252.66026129,
      "logo": "https://matcha-image-proxy.api.0x.org/images/8453/0xacfe6019ed1a7dc6f7b508c02d1b04ec88cc21bf"
    },
    {
      "address": "0xdf7837de1f2fa4631d716cf2502f8b230f1dcc32",
      "chainId": 137,
      "decimals": 2,
      "name": "Telcoin (PoS)",
      "symbol": "TEL",
      "type": "ERC20",
      "hasLogo": true,
      "blockListsCount": 0,
      "exchangeListsCount": 0,
      "flagListsCount": 0,
      "importedListsCount": 1,
      "buyTax": 0,
      "sellTax": 0,
      "isInDex": true,
      "isHoneypot": false,
      "manualUnblock": false,
      "transactionsHourly": 4,
      "transactionsDaily": 104,
      "transactionsWeekly": 1074,
      "transactionsMonthly": 5241,
      "volumeUsdHourly": 1241.8671799695956,
      "volumeUsdDaily": 68069.233049126,
      "volumeUsdWeekly": 1108292.9582441095,
      "volumeUsdMonthly": 4293072.2611523345,
      "logo": "https://matcha-image-proxy.api.0x.org/images/137/0xdf7837de1f2fa4631d716cf2502f8b230f1dcc32"
    },
    {
      "address": "0x9f8f72aa9304c8b593d555f12ef6589cc3a579a2",
      "chainId": 1,
      "decimals": 18,
      "name": "Maker",
      "symbol": "MKR",
      "type": "ERC20",
      "hasLogo": true,
      "blockListsCount": 0,
      "exchangeListsCount": 1,
      "flagListsCount": 0,
      "importedListsCount": 7,
      "buyTax": 0,
      "sellTax": 0,
      "isInDex": true,
      "isHoneypot": false,
      "manualUnblock": false,
      "transactionsHourly": 1,
      "transactionsDaily": 8,
      "transactionsWeekly": 66,
      "transactionsMonthly": 200,
      "volumeUsdHourly": 5.68508546238656,
      "volumeUsdDaily": 6630.032341094261,
      "volumeUsdWeekly": 57983.97244540594,
      "volumeUsdMonthly": 117381.33872216012,
      "logo": "https://matcha-image-proxy.api.0x.org/images/1/0x9f8f72aa9304c8b593d555f12ef6589cc3a579a2"
    }
  ],
  "searchTime": "2025-12-30T01:58:48.718Z",
  "error": null
}