{
  "originalSymbol": "SAHARA",
  "originalFullName": "Sahara",
  "searchedQuery": "SAHARA Sahara",
  "retried": false,
  "isL1": false,
  "success": true,
  "tokenCount": 15,
  "resultCount": 3332,
  "tokens": [
    {
      "address": "0xfdffb411c4a70aa7c95d5c981a6fb4da867e1111",
      "chainId": 56,
      "decimals": 18,
      "name": "Sahara AI",
      "symbol": "SAHARA",
      "type": "ERC20",
      "hasLogo": true,
      "blockListsCount": 0,
      "exchangeListsCount": 0,
      "flagListsCount": 0,
      "importedListsCount": 1,
      "buyTax": 0,
      "sellTax": 0,
      "isInDex": true,
      "isHoneypot": false,
      "manualUnblock": false,
      "transactionsHourly": 1,
      "transactionsDaily": 34,
      "transactionsWeekly": 606,
      "transactionsMonthly": 829,
      "volumeUsdHourly": 19.9768361789174,
      "volumeUsdDaily": 304.5587461661628,
      "volumeUsdWeekly": 6476.587303658704,
      "volumeUsdMonthly": 13766.799926548389,
      "logo": "https://matcha-image-proxy.api.0x.org/images/56/0xfdffb411c4a70aa7c95d5c981a6fb4da867e1111"
    },
    {
      "address": "0xfdffb411c4a70aa7c95d5c981a6fb4da867e1111",
      "chainId": 1,
      "decimals": 18,
      "name": "Sahara AI",
      "symbol": "SAHARA",
      "type": "ERC20",
      "hasLogo": true,
      "blockListsCount": 0,
      "exchangeListsCount": 0,
      "flagListsCount": 0,
      "importedListsCount": 2,
      "buyTax": 0,
      "sellTax": 0,
      "isInDex": true,
      "isHoneypot": false,
      "manualUnblock": false,
      "transactionsHourly": 1,
      "transactionsDaily": 1,
      "transactionsWeekly": 8,
      "transactionsMonthly": 46,
      "volumeUsdHourly": 72.4640291493411,
      "volumeUsdDaily": 72.4783519889657,
      "volumeUsdWeekly": 272.58938388601297,
      "volumeUsdMonthly": 9487.4769632203,
      "logo": "https://matcha-image-proxy.api.0x.org/images/1/0xfdffb411c4a70aa7c95d5c981a6fb4da867e1111"
    },
    {
      "address": "0xc2994cf45842aaf681eef1c9647eec74cf718447",
      "chainId": 8453,
      "decimals": 9,
      "name": "Sahara $Sahara",
      "symbol": "Sahara",
      "type": "ERC20",
      "blockListsCount": 0,
      "exchangeListsCount": 0,
      "flagListsCount": 0,
      "importedListsCount": 0,
      "buyTax": 0,
      "sellTax": 0,
      "isInDex": true,
      "isHoneypot": false,
      "logo": "https://matcha-image-proxy.api.0x.org/images/8453/0xc2994cf45842aaf681eef1c9647eec74cf718447"
    },
    {
      "address": "0x44da41a7b2af45492ddab8304aa87de5572ae3ea",
      "chainId": 56,
      "decimals": 18,
      "name": "SAHARA",
      "symbol": "SAHARA",
      "type": "ERC20",
      "blockListsCount": 0,
      "exchangeListsCount": 0,
      "flagListsCount": 0,
      "importedListsCount": 0,
      "buyTax": 0,
      "sellTax": 0,
      "isInDex": true,
      "isHoneypot": false,
      "transactionsDaily": 3,
      "transactionsWeekly": 3,
      "transactionsMonthly": 3,
      "volumeUsdDaily": 145.1363813478803,
      "volumeUsdWeekly": 145.1363813478803,
      "volumeUsdMonthly": 145.1363813478803,
      "logo": "https://matcha-image-proxy.api.0x.org/images/56/0x44da41a7b2af45492ddab8304aa87de5572ae3ea"
    },
    {
      "address": "0xd1f579cc0a5405d7610346b371371bed1528d18b",
      "chainId": 1,
      "decimals": 18,
      "name": "SAHARA",
      "symbol": "IMG",
      "type": "ERC20",
      "hasLogo": true,
      "blockListsCount": 0,
      "exchangeListsCount": 0,
      "flagListsCount": 0,
      "importedListsCount": 0,
      "buyTax": 0,
      "sellTax": 0,
      "isInDex": false,
      "isHoneypot": false,
      "logo": "https://matcha-image-proxy.api.0x.org/images/1/0xd1f579cc0a5405d7610346b371371bed1528d18b"
    },
    {
      "address": "0x26c890e1fc0a75cf738ad2f86f8436d9040b705f",
      "chainId": 8453,
      "decimals": 18,
      "name": "Sahara AI",
      "symbol": "SAHARA",
      "type": "ERC20",
      "blockListsCount": 0,
      "exchangeListsCount": 0,
      "flagListsCount": 0,
      "importedListsCount": 0,
      "buyTax": 0,
      "sellTax": 0,
      "isInDex": true,
      "isHoneypot": false,
      "transactionsHourly": 1,
      "transactionsDaily": 1,
      "transactionsWeekly": 11,
      "transactionsMonthly": 22,
      "volumeUsdHourly": 6.57747238497968,
      "volumeUsdDaily": 6.57747238497968,
      "volumeUsdWeekly": 24.622050692909237,
      "volumeUsdMonthly": 147.0830702043533,
      "logo": "https://matcha-image-proxy.api.0x.org/images/8453/0x26c890e1fc0a75cf738ad2f86f8436d9040b705f"
    },
    {
      "address": "0x9226ac7ecbd4d26217dd97b6a92f42386ee67c97",
      "chainId": 8453,
      "decimals": 18,
      "name": "SAHARA",
      "symbol": "SAHARA",
      "type": "ERC20",
      "issuer": {
        "name": "zora",
        "metadata": {}
      },
      "blockListsCount": 0,
      "exchangeListsCount": 0,
      "flagListsCount": 0,
      "importedListsCount": 0,
      "buyTax": null,
      "sellTax": null,
      "isInDex": false,
      "isHoneypot": false,
      "logo": "https://matcha-image-proxy.api.0x.org/images/8453/0x9226ac7ecbd4d26217dd97b6a92f42386ee67c97"
    },
    {
      "address": "0xd078b63e3cb11885bb0fee88986c6fb97302c664",
      "chainId": 8453,
      "decimals": 18,
      "name": "sahara",
      "symbol": "sahara",
      "type": "ERC20",
      "issuer": {
        "name": "zora",
        "metadata": {}
      },
      "blockListsCount": 0,
      "exchangeListsCount": 0,
      "flagListsCount": 0,
      "importedListsCount": 0,
      "buyTax": 0,
      "sellTax": 0,
      "isInDex": true,
      "isHoneypot": false,
      "logo": "https://matcha-image-proxy.api.0x.org/images/8453/0xd078b63e3cb11885bb0fee88986c6fb97302c664"
    },
    {
      "address": "0xff7302b1da7391f38f56ccdc5b3ebd883d09a1f6",
      "chainId": 8453,
      "decimals": 18,
      "name": "Sahara",
      "symbol": "Sahara",
      "type": "ERC20",
      "issuer": {
        "name": "zora",
        "metadata": {}
      },
      "blockListsCount": 0,
      "exchangeListsCount": 0,
      "flagListsCount": 0,
      "importedListsCount": 0,
      "buyTax": 0,
      "sellTax": 0,
      "isInDex": true,
      "isHoneypot": false,
      "logo": "https://matcha-image-proxy.api.0x.org/images/8453/0xff7302b1da7391f38f56ccdc5b3ebd883d09a1f6"
    },
    {
      "address": "0xd2d22d3f709fa10142d4d8e9e2add08f9e932844",
      "chainId": 8453,
      "decimals": 18,
      "name": "Sahara",
      "symbol": "Sahara",
      "type": "ERC20",
      "issuer": {
        "name": "zora",
        "metadata": {}
      },
      "blockListsCount": 0,
      "exchangeListsCount": 0,
      "flagListsCount": 0,
      "importedListsCount": 0,
      "buyTax": null,
      "sellTax": null,
      "isInDex": false,
      "isHoneypot": false,
      "logo": "https://matcha-image-proxy.api.0x.org/images/8453/0xd2d22d3f709fa10142d4d8e9e2add08f9e932844"
    },
    {
      "address": "0xb5ed5f4d68dcaf59c69db001a354ae42cded7bb5",
      "chainId": 8453,
      "decimals": 18,
      "name": "$SAHARA",
      "symbol": "$SAHARA",
      "type": "ERC20",
      "issuer": {
        "name": "zora",
        "metadata": {}
      },
      "blockListsCount": 0,
      "exchangeListsCount": 0,
      "flagListsCount": 0,
      "importedListsCount": 0,
      "buyTax": null,
      "sellTax": null,
      "isInDex": false,
      "isHoneypot": false,
      "logo": "https://matcha-image-proxy.api.0x.org/images/8453/0xb5ed5f4d68dcaf59c69db001a354ae42cded7bb5"
    },
    {
      "address": "0xbea6d2698cd5e344cbdcba405d56b45d120e32e3",
      "chainId": 8453,
      "decimals": 18,
      "name": "Sahara",
      "symbol": "Sahara",
      "type": "ERC20",
      "issuer": {
        "name": "zora",
        "metadata": {}
      },
      "blockListsCount": 0,
      "exchangeListsCount": 0,
      "flagListsCount": 0,
      "importedListsCount": 0,
      "buyTax": null,
      "sellTax": null,
      "isInDex": false,
      "isHoneypot": false,
      "logo": "https://matcha-image-proxy.api.0x.org/images/8453/0xbea6d2698cd5e344cbdcba405d56b45d120e32e3"
    },
    {
      "address": "0x528c0e42cf56afde5f9f7129ac38f86ec2d7decc",
      "chainId": 8453,
      "decimals": 18,
      "name": "SAHARA",
      "symbol": "SAHARA",
      "type": "ERC20",
      "issuer": {
        "name": "zora",
        "metadata": {}
      },
      "blockListsCount": 0,
      "exchangeListsCount": 0,
      "flagListsCount": 0,
      "importedListsCount": 0,
      "logo": "https://matcha-image-proxy.api.0x.org/images/8453/0x528c0e42cf56afde5f9f7129ac38f86ec2d7decc"
    },
    {
      "address": "0x010625d8293255b4c9cf940621f5692b2aee1e90",
      "chainId": 8453,
      "decimals": 18,
      "name": "Sahara",
      "symbol": "Sahara",
      "type": "ERC20",
      "issuer": {
        "name": "zora",
        "metadata": {}
      },
      "blockListsCount": 0,
      "exchangeListsCount": 0,
      "flagListsCount": 0,
      "importedListsCount": 0,
      "buyTax": null,
      "sellTax": null,
      "isInDex": false,
      "isHoneypot": false,
      "logo": "https://matcha-image-proxy.api.0x.org/images/8453/0x010625d8293255b4c9cf940621f5692b2aee1e90"
    },
    {
      "address": "0x261ea8ae43c4c4a95269a0b29f75a6942219503c",
      "chainId": 8453,
      "decimals": 18,
      "name": "Sahara",
      "symbol": "Sahara",
      "type": "ERC20",
      "issuer": {
        "name": "zora",
        "metadata": {}
      },
      "blockListsCount": 0,
      "exchangeListsCount": 0,
      "flagListsCount": 0,
      "importedListsCount": 0,
      "buyTax": null,
      "sellTax": null,
      "isInDex": false,
      "isHoneypot": false,
      "logo": "https://matcha-image-proxy.api.0x.org/images/8453/0x261ea8ae43c4c4a95269a0b29f75a6942219503c"
    }
  ],
  "searchTime": "2025-12-30T01:58:34.849Z",
  "error": null
}