{
  "originalSymbol": "BONK",
  "originalFullName": "Bonk",
  "searchedQuery": "BONK Bonk",
  "retried": false,
  "isL1": false,
  "success": true,
  "tokenCount": 15,
  "resultCount": 10000,
  "tokens": [
    {
      "address": "0x72499bddb67f4ca150e1f522ca82c87bc9fb18c8",
      "chainId": 8453,
      "decimals": 18,
      "name": "Bonk",
      "symbol": "BONK",
      "type": "ERC20",
      "hasLogo": true,
      "blockListsCount": 0,
      "exchangeListsCount": 0,
      "flagListsCount": 0,
      "importedListsCount": 1,
      "buyTax": 0,
      "sellTax": 0,
      "isInDex": true,
      "isHoneypot": false,
      "manualUnblock": false,
      "transactionsHourly": 3,
      "transactionsDaily": 12,
      "transactionsWeekly": 178,
      "transactionsMonthly": 5764,
      "volumeUsdHourly": 0.565649812924978,
      "volumeUsdDaily": 222.1996280437024,
      "volumeUsdWeekly": 5662.841161241236,
      "volumeUsdMonthly": 72429.33097596365,
      "logo": "https://matcha-image-proxy.api.0x.org/images/8453/0x72499bddb67f4ca150e1f522ca82c87bc9fb18c8"
    },
    {
      "address": "0x1151cb3d861920e07a38e03eead12c32178567f6",
      "chainId": 1,
      "decimals": 5,
      "name": "Bonk",
      "symbol": "Bonk",
      "type": "ERC20",
      "hasLogo": true,
      "blockListsCount": 0,
      "exchangeListsCount": 0,
      "flagListsCount": 0,
      "importedListsCount": 2,
      "buyTax": 0,
      "sellTax": 0,
      "isInDex": true,
      "isHoneypot": false,
      "manualUnblock": false,
      "transactionsHourly": 2,
      "transactionsDaily": 9,
      "transactionsWeekly": 47,
      "transactionsMonthly": 251,
      "volumeUsdHourly": 74.4874058451029,
      "volumeUsdDaily": 3201.4045437424948,
      "volumeUsdWeekly": 13984.981351308696,
      "volumeUsdMonthly": 74478.67978958624,
      "logo": "https://matcha-image-proxy.api.0x.org/images/1/0x1151cb3d861920e07a38e03eead12c32178567f6"
    },
    {
      "address": "0xa697e272a73744b343528c3bc4702f2565b2f422",
      "chainId": 56,
      "decimals": 5,
      "name": "Bonk",
      "symbol": "Bonk",
      "type": "ERC20",
      "hasLogo": true,
      "blockListsCount": 0,
      "exchangeListsCount": 0,
      "flagListsCount": 0,
      "importedListsCount": 1,
      "buyTax": 0,
      "sellTax": 0,
      "isInDex": true,
      "isHoneypot": false,
      "manualUnblock": false,
      "transactionsHourly": 1,
      "transactionsDaily": 8,
      "transactionsWeekly": 77,
      "transactionsMonthly": 540,
      "volumeUsdHourly": 1.30376226477356,
      "volumeUsdDaily": 400.2620831991729,
      "volumeUsdWeekly": 11083.2772167275,
      "volumeUsdMonthly": 37236.781972028555,
      "logo": "https://matcha-image-proxy.api.0x.org/images/56/0xa697e272a73744b343528c3bc4702f2565b2f422"
    },
    {
      "address": "DezXAZ8z7PnrnRJjz3wXBoRgixCa6xjnB7YaB1pPB263",
      "chainId": 1399811149,
      "decimals": 5,
      "name": "Bonk",
      "symbol": "Bonk",
      "type": "SPL-Token",
      "blockListsCount": 0,
      "exchangeListsCount": 0,
      "flagListsCount": 0,
      "importedListsCount": 0,
      "isHoneypot": false,
      "transactionsDaily": 1347,
      "transactionsWeekly": 1347,
      "transactionsMonthly": 1347,
      "volumeUsdDaily": 50519.857399555694,
      "volumeUsdWeekly": 50519.857399555694,
      "volumeUsdMonthly": 50519.857399555694,
      "logo": "https://matcha-image-proxy.api.0x.org/images/1399811149/DezXAZ8z7PnrnRJjz3wXBoRgixCa6xjnB7YaB1pPB263"
    },
    {
      "address": "0xb4f783d960dd85d9355ce98f7dd988deed32f87e",
      "chainId": 8453,
      "decimals": 18,
      "name": "bonk bonk bonk bonk bonk bonk",
      "symbol": "bonk bonk bonk bonk bonk bonk",
      "type": "ERC20",
      "issuer": {
        "name": "zora",
        "metadata": {}
      },
      "blockListsCount": 0,
      "exchangeListsCount": 0,
      "flagListsCount": 0,
      "importedListsCount": 0,
      "buyTax": null,
      "sellTax": null,
      "isInDex": false,
      "isHoneypot": false,
      "logo": "https://matcha-image-proxy.api.0x.org/images/8453/0xb4f783d960dd85d9355ce98f7dd988deed32f87e"
    },
    {
      "address": "0xfd92182f1fa1ec18071f61d576fc2e4f69f50a83",
      "chainId": 8453,
      "decimals": 18,
      "name": "Bonk (BONK)",
      "symbol": "Bonk (BONK)",
      "type": "ERC20",
      "issuer": {
        "name": "zora",
        "metadata": {}
      },
      "blockListsCount": 0,
      "exchangeListsCount": 0,
      "flagListsCount": 0,
      "importedListsCount": 0,
      "logo": "https://matcha-image-proxy.api.0x.org/images/8453/0xfd92182f1fa1ec18071f61d576fc2e4f69f50a83"
    },
    {
      "address": "0x729c8bcac54d1845dbf8341af1d1f6c83e6fe57f",
      "chainId": 8453,
      "decimals": 18,
      "name": "Bonk #BONK",
      "symbol": "Bonk #BONK",
      "type": "ERC20",
      "issuer": {
        "name": "zora",
        "metadata": {}
      },
      "blockListsCount": 0,
      "exchangeListsCount": 0,
      "flagListsCount": 0,
      "importedListsCount": 0,
      "logo": "https://matcha-image-proxy.api.0x.org/images/8453/0x729c8bcac54d1845dbf8341af1d1f6c83e6fe57f"
    },
    {
      "address": "0x201dae4f28c65296b263b743da02be5ecf1ead21",
      "chainId": 8453,
      "decimals": 18,
      "name": "Bonk Bonk Bonk Sahur",
      "symbol": "Bonk Bonk Bonk Sahur",
      "type": "ERC20",
      "issuer": {
        "name": "zora",
        "metadata": {}
      },
      "blockListsCount": 0,
      "exchangeListsCount": 0,
      "flagListsCount": 0,
      "importedListsCount": 0,
      "buyTax": null,
      "sellTax": null,
      "isInDex": false,
      "isHoneypot": false,
      "logo": "https://matcha-image-proxy.api.0x.org/images/8453/0x201dae4f28c65296b263b743da02be5ecf1ead21"
    },
    {
      "address": "0x7d3fc5a34c939112c14a5132be07470f844d0e4d",
      "chainId": 8453,
      "decimals": 18,
      "name": "Bonk (BONK) NFT Art",
      "symbol": "Bonk (BONK) NFT Art",
      "type": "ERC20",
      "issuer": {
        "name": "zora",
        "metadata": {}
      },
      "blockListsCount": 0,
      "exchangeListsCount": 0,
      "flagListsCount": 0,
      "importedListsCount": 0,
      "logo": "https://matcha-image-proxy.api.0x.org/images/8453/0x7d3fc5a34c939112c14a5132be07470f844d0e4d"
    },
    {
      "address": "0xe95f2a192d9e9b3ba7b53de262a8b4421b16d929",
      "chainId": 8453,
      "decimals": 18,
      "name": "What is Bonk (BONK)?...",
      "symbol": "What is Bonk (BONK)?...",
      "type": "ERC20",
      "issuer": {
        "name": "zora",
        "metadata": {}
      },
      "blockListsCount": 0,
      "exchangeListsCount": 0,
      "flagListsCount": 0,
      "importedListsCount": 0,
      "buyTax": 0,
      "sellTax": 0,
      "isInDex": true,
      "isHoneypot": false,
      "logo": "https://matcha-image-proxy.api.0x.org/images/8453/0xe95f2a192d9e9b3ba7b53de262a8b4421b16d929"
    },
    {
      "address": "0xfe246d17a29b682d81f9525db4c34b18506c9abb",
      "chainId": 8453,
      "decimals": 18,
      "name": "@BONK ($BONK) Price Prediction 2025: Regulated SIX ETP Launch Boo",
      "symbol": "BONK($BONK)PricePrediction2025",
      "type": "ERC20",
      "issuer": {
        "name": "zora",
        "metadata": {}
      },
      "blockListsCount": 0,
      "exchangeListsCount": 0,
      "flagListsCount": 0,
      "importedListsCount": 0,
      "logo": "https://matcha-image-proxy.api.0x.org/images/8453/0xfe246d17a29b682d81f9525db4c34b18506c9abb"
    },
    {
      "address": "0xe5b49820e5a1063f6f4ddf851327b5e8b2301048",
      "chainId": 137,
      "decimals": 5,
      "name": "Bonk",
      "symbol": "Bonk",
      "type": "ERC20",
      "hasLogo": true,
      "blockListsCount": 0,
      "exchangeListsCount": 0,
      "flagListsCount": 0,
      "importedListsCount": 1,
      "buyTax": 0,
      "sellTax": 0,
      "isInDex": true,
      "isHoneypot": false,
      "manualUnblock": false,
      "transactionsHourly": 1,
      "transactionsDaily": 3,
      "transactionsWeekly": 47,
      "transactionsMonthly": 335,
      "volumeUsdHourly": 8.75282271111648,
      "volumeUsdDaily": 18.81605326653326,
      "volumeUsdWeekly": 615.2225484208093,
      "volumeUsdMonthly": 10672.878951691297,
      "logo": "https://matcha-image-proxy.api.0x.org/images/137/0xe5b49820e5a1063f6f4ddf851327b5e8b2301048"
    },
    {
      "address": "0x6fabd9fc3fdc10701e61c4ec8fa6b3865e900834",
      "chainId": 130,
      "decimals": 18,
      "name": "Bonk BONK",
      "symbol": "Bonk BONK",
      "type": "ERC20",
      "blockListsCount": 0,
      "exchangeListsCount": 0,
      "flagListsCount": 0,
      "importedListsCount": 0,
      "logo": "https://matcha-image-proxy.api.0x.org/images/130/0x6fabd9fc3fdc10701e61c4ec8fa6b3865e900834"
    },
    {
      "address": "2mp1SjYSgx7Ssf2Dz2LQ8d6iS3z3mciraRVvva7wyR9w",
      "chainId": 1399811149,
      "decimals": 6,
      "name": "BONK BONK",
      "symbol": "BONK BONK",
      "type": "SPL-Token",
      "blockListsCount": 0,
      "exchangeListsCount": 0,
      "flagListsCount": 0,
      "importedListsCount": 0,
      "logo": "https://matcha-image-proxy.api.0x.org/images/1399811149/2mp1SjYSgx7Ssf2Dz2LQ8d6iS3z3mciraRVvva7wyR9w"
    },
    {
      "address": "0x233b73b9b2280f47951c50c920e9361d6f070d63",
      "chainId": 8453,
      "decimals": 18,
      "name": "Bonk Bonk",
      "symbol": "Bonk Bonk",
      "type": "ERC20",
      "blockListsCount": 0,
      "exchangeListsCount": 0,
      "flagListsCount": 0,
      "importedListsCount": 0,
      "buyTax": 0,
      "sellTax": 0,
      "isInDex": true,
      "isHoneypot": false,
      "logo": "https://matcha-image-proxy.api.0x.org/images/8453/0x233b73b9b2280f47951c50c920e9361d6f070d63"
    }
  ],
  "searchTime": "2025-12-30T01:57:05.902Z",
  "error": null
}