{
  "originalSymbol": "ARB",
  "originalFullName": "Arbitrum",
  "searchedQuery": "ARB Arbitrum",
  "retried": false,
  "isL1": false,
  "success": true,
  "tokenCount": 15,
  "resultCount": 10000,
  "tokens": [
    {
      "address": "0x912ce59144191c1204e64559fe8253a0e49e6548",
      "chainId": 42161,
      "decimals": 18,
      "name": "Arbitrum",
      "symbol": "ARB",
      "type": "ERC20",
      "hasLogo": true,
      "blockListsCount": 0,
      "exchangeListsCount": 1,
      "flagListsCount": 0,
      "importedListsCount": 2,
      "buyTax": 0,
      "sellTax": 0,
      "isInDex": true,
      "isHoneypot": false,
      "manualUnblock": false,
      "transactionsHourly": 4,
      "transactionsDaily": 162,
      "transactionsWeekly": 1222,
      "transactionsMonthly": 7173,
      "volumeUsdHourly": 87.90373115355268,
      "volumeUsdDaily": 21903.97191647126,
      "volumeUsdWeekly": 301558.7807484356,
      "volumeUsdMonthly": 2223108.550428171,
      "logo": "https://matcha-image-proxy.api.0x.org/images/42161/0x912ce59144191c1204e64559fe8253a0e49e6548"
    },
    {
      "address": "0xeeeeeeeeeeeeeeeeeeeeeeeeeeeeeeeeeeeeeeee",
      "chainId": 42161,
      "decimals": 18,
      "name": "Ethereum",
      "symbol": "ETH",
      "type": "Native",
      "hasLogo": true,
      "blockListsCount": 0,
      "exchangeListsCount": 0,
      "flagListsCount": 0,
      "importedListsCount": 0,
      "transactionsHourly": 61,
      "transactionsDaily": 1506,
      "transactionsWeekly": 15440,
      "transactionsMonthly": 87479,
      "volumeUsdHourly": 3397.476619716007,
      "volumeUsdDaily": 1081371.0260958087,
      "volumeUsdWeekly": 6539668.765227103,
      "volumeUsdMonthly": 37957829.30597014,
      "logo": "https://matcha-image-proxy.api.0x.org/images/42161/0xeeeeeeeeeeeeeeeeeeeeeeeeeeeeeeeeeeeeeeee"
    },
    {
      "address": "0x82af49447d8a07e3bd95bd0d56f35241523fbab1",
      "chainId": 42161,
      "decimals": 18,
      "name": "Wrapped Ether",
      "symbol": "WETH",
      "type": "ERC20",
      "hasLogo": true,
      "blockListsCount": 0,
      "exchangeListsCount": 0,
      "flagListsCount": 0,
      "importedListsCount": 2,
      "buyTax": 0,
      "sellTax": 0,
      "isInDex": true,
      "isHoneypot": false,
      "manualUnblock": false,
      "transactionsHourly": 15,
      "transactionsDaily": 395,
      "transactionsWeekly": 3071,
      "transactionsMonthly": 16640,
      "volumeUsdHourly": 126771.55724430384,
      "volumeUsdDaily": 790541.6392451355,
      "volumeUsdWeekly": 4658892.903024222,
      "volumeUsdMonthly": 27280015.230347283,
      "logo": "https://matcha-image-proxy.api.0x.org/images/42161/0x82af49447d8a07e3bd95bd0d56f35241523fbab1"
    },
    {
      "address": "0xff970a61a04b1ca14834a43f5de4533ebddb5cc8",
      "chainId": 42161,
      "decimals": 6,
      "name": "USD Coin (Arb1)",
      "symbol": "USDC",
      "type": "ERC20",
      "hasLogo": true,
      "blockListsCount": 0,
      "exchangeListsCount": 0,
      "flagListsCount": 0,
      "importedListsCount": 2,
      "buyTax": 0,
      "sellTax": 0,
      "isInDex": true,
      "isHoneypot": false,
      "manualUnblock": false,
      "transactionsHourly": 2,
      "transactionsDaily": 208,
      "transactionsWeekly": 1602,
      "transactionsMonthly": 15468,
      "volumeUsdHourly": 2102.77261236448,
      "volumeUsdDaily": 57706.6486581127,
      "volumeUsdWeekly": 14012994.061242172,
      "volumeUsdMonthly": 82746617.59441073,
      "logo": "https://matcha-image-proxy.api.0x.org/images/42161/0xff970a61a04b1ca14834a43f5de4533ebddb5cc8"
    },
    {
      "address": "0x2f2a2543b76a4166549f7aab2e75bef0aefc5b0f",
      "chainId": 42161,
      "decimals": 8,
      "name": "Wrapped BTC",
      "symbol": "WBTC",
      "type": "ERC20",
      "hasLogo": true,
      "blockListsCount": 0,
      "exchangeListsCount": 0,
      "flagListsCount": 0,
      "importedListsCount": 2,
      "buyTax": 0,
      "sellTax": 0,
      "isInDex": true,
      "isHoneypot": false,
      "manualUnblock": false,
      "transactionsHourly": 8,
      "transactionsDaily": 178,
      "transactionsWeekly": 1025,
      "transactionsMonthly": 7157,
      "volumeUsdHourly": 4668.94043485208,
      "volumeUsdDaily": 1037364.292074276,
      "volumeUsdWeekly": 3748766.513084752,
      "volumeUsdMonthly": 22615258.880152155,
      "logo": "https://matcha-image-proxy.api.0x.org/images/42161/0x2f2a2543b76a4166549f7aab2e75bef0aefc5b0f"
    },
    {
      "address": "0xdcf5130274753c8050ab061b1a1dcbf583f5bfd0",
      "chainId": 8453,
      "decimals": 18,
      "name": "ViciCoin",
      "symbol": "VCNT",
      "type": "ERC20",
      "hasLogo": true,
      "blockListsCount": 0,
      "exchangeListsCount": 0,
      "flagListsCount": 0,
      "importedListsCount": 1,
      "buyTax": 0,
      "sellTax": 0,
      "isInDex": true,
      "isHoneypot": false,
      "manualUnblock": false,
      "transactionsHourly": 4,
      "transactionsDaily": 1368,
      "transactionsWeekly": 36087,
      "transactionsMonthly": 108017,
      "volumeUsdHourly": 59.16789232592332,
      "volumeUsdDaily": 23271.088289215233,
      "volumeUsdWeekly": 556510.4641030937,
      "volumeUsdMonthly": 1710487.0671687557,
      "logo": "https://matcha-image-proxy.api.0x.org/images/8453/0xdcf5130274753c8050ab061b1a1dcbf583f5bfd0"
    },
    {
      "address": "0xb50721bcf8d664c30412cfbc6cf7a15145234ad1",
      "chainId": 1,
      "decimals": 18,
      "name": "Arbitrum",
      "symbol": "ARB",
      "type": "ERC20",
      "hasLogo": true,
      "blockListsCount": 0,
      "exchangeListsCount": 0,
      "flagListsCount": 0,
      "importedListsCount": 3,
      "buyTax": 0,
      "sellTax": 0,
      "isInDex": true,
      "isHoneypot": false,
      "manualUnblock": false,
      "transactionsHourly": 1,
      "transactionsDaily": 19,
      "transactionsWeekly": 301,
      "transactionsMonthly": 956,
      "volumeUsdHourly": 1.17092659222009,
      "volumeUsdDaily": 8758.56142431523,
      "volumeUsdWeekly": 26410.45665975011,
      "volumeUsdMonthly": 213107.75684649104,
      "logo": "https://matcha-image-proxy.api.0x.org/images/1/0xb50721bcf8d664c30412cfbc6cf7a15145234ad1"
    },
    {
      "address": "0x276ec872e15beda3f8f19fa0aafee49774e43ade",
      "chainId": 8453,
      "decimals": 18,
      "name": "Arb arbitrum",
      "symbol": "Arb arbitrum",
      "type": "ERC20",
      "issuer": {
        "name": "zora",
        "metadata": {}
      },
      "blockListsCount": 0,
      "exchangeListsCount": 0,
      "flagListsCount": 0,
      "importedListsCount": 0,
      "buyTax": null,
      "sellTax": null,
      "isInDex": false,
      "isHoneypot": false,
      "logo": "https://matcha-image-proxy.api.0x.org/images/8453/0x276ec872e15beda3f8f19fa0aafee49774e43ade"
    },
    {
      "address": "0x6985884c4392d348587b19cb9eaaf157f13271cd",
      "chainId": 8453,
      "decimals": 18,
      "name": "LayerZero",
      "symbol": "ZRO",
      "type": "ERC20",
      "hasLogo": true,
      "blockListsCount": 0,
      "exchangeListsCount": 0,
      "flagListsCount": 0,
      "importedListsCount": 2,
      "buyTax": 0,
      "sellTax": 0,
      "isInDex": true,
      "isHoneypot": false,
      "manualUnblock": false,
      "transactionsHourly": 8,
      "transactionsDaily": 226,
      "transactionsWeekly": 3525,
      "transactionsMonthly": 15941,
      "volumeUsdHourly": 5.68616243551215,
      "volumeUsdDaily": 4154.47522984712,
      "volumeUsdWeekly": 86772.1640187726,
      "volumeUsdMonthly": 484122.69841929094,
      "logo": "https://matcha-image-proxy.api.0x.org/images/8453/0x6985884c4392d348587b19cb9eaaf157f13271cd"
    },
    {
      "address": "0xc8374b134970681e113229b6cdc927419e430c71",
      "chainId": 8453,
      "decimals": 18,
      "name": "$ARB @arbitrum shorts rn",
      "symbol": "$ARB @arbitrum shorts rn",
      "type": "ERC20",
      "issuer": {
        "name": "zora",
        "metadata": {}
      },
      "blockListsCount": 0,
      "exchangeListsCount": 0,
      "flagListsCount": 0,
      "importedListsCount": 0,
      "logo": "https://matcha-image-proxy.api.0x.org/images/8453/0xc8374b134970681e113229b6cdc927419e430c71"
    },
    {
      "address": "0x9b8df6e244526ab5f6e6400d331db28c8fdddb55",
      "chainId": 8453,
      "decimals": 18,
      "name": "Solana (Universal)",
      "symbol": "uSOL",
      "type": "ERC20",
      "hasLogo": true,
      "blockListsCount": 0,
      "exchangeListsCount": 0,
      "flagListsCount": 0,
      "importedListsCount": 1,
      "buyTax": 0,
      "sellTax": 0,
      "isInDex": true,
      "isHoneypot": false,
      "manualUnblock": false,
      "transactionsHourly": 1,
      "transactionsDaily": 87,
      "transactionsWeekly": 461,
      "transactionsMonthly": 2286,
      "volumeUsdHourly": 14.2367093226215,
      "volumeUsdDaily": 99996.52474080712,
      "volumeUsdWeekly": 267087.188239129,
      "volumeUsdMonthly": 1354256.4531264736,
      "logo": "https://matcha-image-proxy.api.0x.org/images/8453/0x9b8df6e244526ab5f6e6400d331db28c8fdddb55"
    },
    {
      "address": "0x6e84a6216ea6dacc71ee8e6b0a5b7322eebc0fdd",
      "chainId": 43114,
      "decimals": 18,
      "name": "JoeToken",
      "symbol": "JOE",
      "type": "ERC20",
      "hasLogo": true,
      "blockListsCount": 0,
      "exchangeListsCount": 0,
      "flagListsCount": 0,
      "importedListsCount": 1,
      "buyTax": 0,
      "sellTax": 0,
      "isInDex": true,
      "isHoneypot": false,
      "manualUnblock": false,
      "transactionsHourly": 3,
      "transactionsDaily": 129,
      "transactionsWeekly": 1130,
      "transactionsMonthly": 3390,
      "volumeUsdHourly": 20.4826277250805,
      "volumeUsdDaily": 4488.877570071951,
      "volumeUsdWeekly": 66043.53690209388,
      "volumeUsdMonthly": 178543.6776157034,
      "logo": "https://matcha-image-proxy.api.0x.org/images/43114/0x6e84a6216ea6dacc71ee8e6b0a5b7322eebc0fdd"
    },
    {
      "address": "0x6985884c4392d348587b19cb9eaaf157f13271cd",
      "chainId": 42161,
      "decimals": 18,
      "name": "LayerZero",
      "symbol": "ZRO",
      "type": "ERC20",
      "hasLogo": true,
      "blockListsCount": 0,
      "exchangeListsCount": 0,
      "flagListsCount": 0,
      "importedListsCount": 2,
      "buyTax": 0,
      "sellTax": 0,
      "isInDex": true,
      "isHoneypot": false,
      "manualUnblock": false,
      "transactionsHourly": 9,
      "transactionsDaily": 42,
      "transactionsWeekly": 546,
      "transactionsMonthly": 1851,
      "volumeUsdHourly": 92.52473151962538,
      "volumeUsdDaily": 7302.090400997509,
      "volumeUsdWeekly": 99252.96416119213,
      "volumeUsdMonthly": 281823.8246073287,
      "logo": "https://matcha-image-proxy.api.0x.org/images/42161/0x6985884c4392d348587b19cb9eaaf157f13271cd"
    },
    {
      "address": "0x45d9831d8751b2325f3dbf48db748723726e1c8c",
      "chainId": 42161,
      "decimals": 18,
      "name": "EverValueCoin",
      "symbol": "EVA",
      "type": "ERC20",
      "hasLogo": true,
      "blockListsCount": 0,
      "exchangeListsCount": 0,
      "flagListsCount": 0,
      "importedListsCount": 1,
      "buyTax": 0,
      "sellTax": 0,
      "isInDex": true,
      "isHoneypot": false,
      "manualUnblock": false,
      "transactionsHourly": 1,
      "transactionsDaily": 18,
      "transactionsWeekly": 138,
      "transactionsMonthly": 517,
      "volumeUsdHourly": 0.937788240376607,
      "volumeUsdDaily": 125154.78311155572,
      "volumeUsdWeekly": 1073344.3498602298,
      "volumeUsdMonthly": 3639610.3365530754,
      "logo": "https://matcha-image-proxy.api.0x.org/images/42161/0x45d9831d8751b2325f3dbf48db748723726e1c8c"
    },
    {
      "address": "0xb79dd08ea68a908a97220c76d19a6aa9cbde4376",
      "chainId": 8453,
      "decimals": 6,
      "name": "USD+",
      "symbol": "USD+",
      "type": "ERC20",
      "hasLogo": true,
      "blockListsCount": 0,
      "exchangeListsCount": 0,
      "flagListsCount": 0,
      "importedListsCount": 1,
      "buyTax": 0,
      "sellTax": 0,
      "isInDex": true,
      "isHoneypot": false,
      "manualUnblock": false,
      "transactionsHourly": 1,
      "transactionsDaily": 17,
      "transactionsWeekly": 1051,
      "transactionsMonthly": 8657,
      "volumeUsdHourly": 0.570678904397943,
      "volumeUsdDaily": 1389.165646200105,
      "volumeUsdWeekly": 42476.71276845297,
      "volumeUsdMonthly": 2430324.336427343,
      "logo": "https://matcha-image-proxy.api.0x.org/images/8453/0xb79dd08ea68a908a97220c76d19a6aa9cbde4376"
    }
  ],
  "searchTime": "2025-12-30T01:57:43.776Z",
  "error": null
}