{
  "originalSymbol": "SONIC",
  "originalFullName": "Sonic SVM",
  "searchedQuery": "SONIC Sonic SVM",
  "retried": false,
  "isL1": false,
  "success": true,
  "tokenCount": 15,
  "resultCount": 10000,
  "tokens": [
    {
      "address": "0xc08cd26474722ce93f4d0c34d16201461c10aa8c",
      "chainId": 8453,
      "decimals": 18,
      "name": "CARV",
      "symbol": "CARV",
      "type": "ERC20",
      "hasLogo": true,
      "blockListsCount": 0,
      "exchangeListsCount": 0,
      "flagListsCount": 0,
      "importedListsCount": 1,
      "buyTax": 0,
      "sellTax": 0,
      "isInDex": true,
      "isHoneypot": false,
      "manualUnblock": false,
      "transactionsHourly": 2,
      "transactionsDaily": 41,
      "transactionsWeekly": 4325,
      "transactionsMonthly": 10275,
      "volumeUsdHourly": 1.04370555108511,
      "volumeUsdDaily": 1737.0648242410596,
      "volumeUsdWeekly": 82188.72562361164,
      "volumeUsdMonthly": 293088.0772420752,
      "logo": "https://matcha-image-proxy.api.0x.org/images/8453/0xc08cd26474722ce93f4d0c34d16201461c10aa8c"
    },
    {
      "address": "0x066cda0cca84e9c6ed0a4ecb92aa036a9582544b",
      "chainId": 56,
      "decimals": 9,
      "name": "Sonic Inu",
      "symbol": "SONIC",
      "type": "ERC20",
      "hasLogo": true,
      "blockListsCount": 0,
      "exchangeListsCount": 0,
      "flagListsCount": 0,
      "importedListsCount": 1,
      "buyTax": 0.1,
      "sellTax": 0.092,
      "isInDex": true,
      "isHoneypot": false,
      "manualUnblock": false,
      "transactionsHourly": 1,
      "transactionsDaily": 2,
      "transactionsWeekly": 48,
      "transactionsMonthly": 187,
      "volumeUsdHourly": 0.47377916990092,
      "volumeUsdDaily": 8.29491368529591,
      "volumeUsdWeekly": 212.32712695575063,
      "volumeUsdMonthly": 434.3408870248905,
      "logo": "https://matcha-image-proxy.api.0x.org/images/56/0x066cda0cca84e9c6ed0a4ecb92aa036a9582544b"
    },
    {
      "address": "SonicxvLud67EceaEzCLRnMTBqzYUUYNr93DBkBdDES",
      "chainId": 1399811149,
      "decimals": 9,
      "name": "Sonic SVM",
      "symbol": "SONIC",
      "type": "SPL-Token",
      "blockListsCount": 0,
      "exchangeListsCount": 0,
      "flagListsCount": 0,
      "importedListsCount": 0,
      "isHoneypot": false,
      "transactionsDaily": 78,
      "transactionsWeekly": 78,
      "transactionsMonthly": 78,
      "volumeUsdDaily": 1313.3286250680776,
      "volumeUsdWeekly": 1313.3286250680776,
      "volumeUsdMonthly": 1313.3286250680776,
      "logo": "https://matcha-image-proxy.api.0x.org/images/1399811149/SonicxvLud67EceaEzCLRnMTBqzYUUYNr93DBkBdDES"
    },
    {
      "address": "0xc08cd26474722ce93f4d0c34d16201461c10aa8c",
      "chainId": 42161,
      "decimals": 18,
      "name": "CARV",
      "symbol": "CARV",
      "type": "ERC20",
      "hasLogo": true,
      "blockListsCount": 0,
      "exchangeListsCount": 0,
      "flagListsCount": 0,
      "importedListsCount": 1,
      "buyTax": 0,
      "sellTax": 0,
      "isInDex": true,
      "isHoneypot": false,
      "manualUnblock": false,
      "transactionsHourly": 1,
      "transactionsDaily": 11,
      "transactionsWeekly": 77,
      "transactionsMonthly": 549,
      "volumeUsdHourly": -0.00734973018928232,
      "volumeUsdDaily": 95.36738044094082,
      "volumeUsdWeekly": 6122.064883141812,
      "volumeUsdMonthly": 33273.934779729425,
      "logo": "https://matcha-image-proxy.api.0x.org/images/42161/0xc08cd26474722ce93f4d0c34d16201461c10aa8c"
    },
    {
      "address": "0xfde9e38a73b22fef54c53b2827f4e62052808e40",
      "chainId": 56,
      "decimals": 18,
      "name": "SONIC SPACE CAT",
      "symbol": "SCAT",
      "type": "ERC20",
      "blockListsCount": 0,
      "exchangeListsCount": 0,
      "flagListsCount": 0,
      "importedListsCount": 0,
      "buyTax": 0,
      "sellTax": 0,
      "isInDex": true,
      "isHoneypot": false,
      "transactionsHourly": 11,
      "transactionsDaily": 14,
      "transactionsWeekly": 14,
      "transactionsMonthly": 14,
      "volumeUsdHourly": 626.8559527370353,
      "volumeUsdDaily": 756.821481697172,
      "volumeUsdWeekly": 756.821481697172,
      "volumeUsdMonthly": 756.821481697172,
      "logo": "https://matcha-image-proxy.api.0x.org/images/56/0xfde9e38a73b22fef54c53b2827f4e62052808e40"
    },
    {
      "address": "0xce2ac85723cb337650bdf0fd723b4a215ec025ca",
      "chainId": 8453,
      "decimals": 18,
      "name": "SONIC (Sonic SVM)",
      "symbol": "SONIC",
      "type": "ERC20",
      "issuer": {
        "name": "zora",
        "metadata": {}
      },
      "blockListsCount": 0,
      "exchangeListsCount": 0,
      "flagListsCount": 0,
      "importedListsCount": 0,
      "logo": "https://matcha-image-proxy.api.0x.org/images/8453/0xce2ac85723cb337650bdf0fd723b4a215ec025ca"
    },
    {
      "address": "0xd1cd47746b8e72359b28c1c84a4f6a19dc1a0ee5",
      "chainId": 1,
      "decimals": 18,
      "name": "Sonic",
      "symbol": "SONIC",
      "type": "ERC20",
      "hasLogo": true,
      "blockListsCount": 0,
      "exchangeListsCount": 0,
      "flagListsCount": 0,
      "importedListsCount": 0,
      "buyTax": 0.05,
      "sellTax": 0.05,
      "isInDex": true,
      "isHoneypot": false,
      "transactionsHourly": 2,
      "transactionsDaily": 2,
      "transactionsWeekly": 2,
      "transactionsMonthly": 2,
      "volumeUsdHourly": 137.9520343445426,
      "volumeUsdDaily": 137.9520343445426,
      "volumeUsdWeekly": 145.3358907952426,
      "volumeUsdMonthly": 145.3358907952426,
      "logo": "https://matcha-image-proxy.api.0x.org/images/1/0xd1cd47746b8e72359b28c1c84a4f6a19dc1a0ee5"
    },
    {
      "address": "9TJbqRqwdaAVbHY1YWCVQSfbBQpfGikHLJZcDQqKpump",
      "chainId": 1399811149,
      "decimals": 6,
      "name": "SONIC",
      "symbol": "SONIC",
      "type": "SPL-Token",
      "blockListsCount": 0,
      "exchangeListsCount": 0,
      "flagListsCount": 0,
      "importedListsCount": 0,
      "transactionsDaily": 12,
      "transactionsWeekly": 12,
      "transactionsMonthly": 12,
      "volumeUsdDaily": 131.56557500948,
      "volumeUsdWeekly": 131.56557500948,
      "volumeUsdMonthly": 131.56557500948,
      "logo": "https://matcha-image-proxy.api.0x.org/images/1399811149/9TJbqRqwdaAVbHY1YWCVQSfbBQpfGikHLJZcDQqKpump"
    },
    {
      "address": "3rQK45d1ojXR7vtvCmeNjKKVycnVWqaVcP3zk1G39RJR",
      "chainId": 1399811149,
      "decimals": 9,
      "name": "Sonic",
      "symbol": "S",
      "type": "SPL-Token",
      "blockListsCount": 0,
      "exchangeListsCount": 0,
      "flagListsCount": 0,
      "importedListsCount": 0,
      "transactionsDaily": 8,
      "transactionsWeekly": 8,
      "transactionsMonthly": 8,
      "volumeUsdDaily": 367.722174018096,
      "volumeUsdWeekly": 367.722174018096,
      "volumeUsdMonthly": 367.722174018096,
      "logo": "https://matcha-image-proxy.api.0x.org/images/1399811149/3rQK45d1ojXR7vtvCmeNjKKVycnVWqaVcP3zk1G39RJR"
    },
    {
      "address": "0xb9e1fd5a02d3a33b25a14d661414e6ed6954a721",
      "chainId": 56,
      "decimals": 18,
      "name": "SOON Token",
      "symbol": "SOON",
      "type": "ERC20",
      "hasLogo": true,
      "blockListsCount": 0,
      "exchangeListsCount": 0,
      "flagListsCount": 0,
      "importedListsCount": 1,
      "buyTax": 0,
      "sellTax": 0,
      "isInDex": true,
      "isHoneypot": false,
      "manualUnblock": false,
      "transactionsHourly": 1,
      "transactionsDaily": 3,
      "transactionsWeekly": 23,
      "transactionsMonthly": 110,
      "volumeUsdHourly": 12.4182228010168,
      "volumeUsdDaily": 62.27481007915428,
      "volumeUsdWeekly": 6218.572560578776,
      "volumeUsdMonthly": 17845.29302690983,
      "logo": "https://matcha-image-proxy.api.0x.org/images/56/0xb9e1fd5a02d3a33b25a14d661414e6ed6954a721"
    },
    {
      "address": "sonickAJFiVLcYXx25X9vpF293udaWqDMUCiGtk7dg2",
      "chainId": 1399811149,
      "decimals": 9,
      "name": "Sonic",
      "symbol": "sonicSOL",
      "type": "SPL-Token",
      "blockListsCount": 0,
      "exchangeListsCount": 0,
      "flagListsCount": 0,
      "importedListsCount": 0,
      "transactionsWeekly": 31,
      "transactionsMonthly": 31,
      "volumeUsdWeekly": 949.40844322765,
      "volumeUsdMonthly": 949.40844322765,
      "logo": "https://matcha-image-proxy.api.0x.org/images/1399811149/sonickAJFiVLcYXx25X9vpF293udaWqDMUCiGtk7dg2"
    },
    {
      "address": "0x16b7767d348b866371685c2765ee594eae82dded",
      "chainId": 130,
      "decimals": 18,
      "name": "Sonic Long",
      "symbol": "Sonic Long",
      "type": "ERC20",
      "blockListsCount": 1,
      "exchangeListsCount": 0,
      "flagListsCount": 1,
      "importedListsCount": 0,
      "manualUnblock": false,
      "logo": "https://matcha-image-proxy.api.0x.org/images/130/0x16b7767d348b866371685c2765ee594eae82dded"
    },
    {
      "address": "0x3ee73d1c1e58547b5a879ae1809fd5127403f8f1",
      "chainId": 130,
      "decimals": 18,
      "name": "Babylong Sonic",
      "symbol": "Babylong Sonic",
      "type": "ERC20",
      "blockListsCount": 1,
      "exchangeListsCount": 0,
      "flagListsCount": 1,
      "importedListsCount": 0,
      "manualUnblock": false,
      "logo": "https://matcha-image-proxy.api.0x.org/images/130/0x3ee73d1c1e58547b5a879ae1809fd5127403f8f1"
    },
    {
      "address": "0x0d57ff91f27a09c83b2f200f580fb1976afb1442",
      "chainId": 130,
      "decimals": 18,
      "name": "Nvda Sonic",
      "symbol": "Nvda Sonic",
      "type": "ERC20",
      "blockListsCount": 1,
      "exchangeListsCount": 0,
      "flagListsCount": 1,
      "importedListsCount": 0,
      "manualUnblock": false,
      "logo": "https://matcha-image-proxy.api.0x.org/images/130/0x0d57ff91f27a09c83b2f200f580fb1976afb1442"
    },
    {
      "address": "0x82ec65da28952d2b6acf778168f5fd3fdf3108ad",
      "chainId": 8453,
      "decimals": 18,
      "name": "Sonic Hedge Fund",
      "symbol": "SONIC",
      "type": "ERC20",
      "blockListsCount": 1,
      "exchangeListsCount": 0,
      "flagListsCount": 1,
      "importedListsCount": 0,
      "buyTax": null,
      "sellTax": null,
      "isInDex": false,
      "isHoneypot": false,
      "manualUnblock": false,
      "logo": "https://matcha-image-proxy.api.0x.org/images/8453/0x82ec65da28952d2b6acf778168f5fd3fdf3108ad"
    }
  ],
  "searchTime": "2025-12-30T01:57:43.266Z",
  "error": null
}