{
  "originalSymbol": "WET",
  "originalFullName": "HumidiFi",
  "searchedQuery": "WET HumidiFi",
  "retried": false,
  "isL1": false,
  "success": true,
  "tokenCount": 15,
  "resultCount": 5250,
  "tokens": [
    {
      "address": "0x320e9c50dd8a53bc8aacece4e172700b7c3b37f4",
      "chainId": 8453,
      "decimals": 18,
      "name": "B🔊 $WET @humidifi is launching on Jupiter DTF todaySale format",
      "symbol": "B🔊 $WET @humidifi is launching on Jupiter DTF todaySale format",
      "type": "ERC20",
      "issuer": {
        "name": "zora",
        "metadata": {}
      },
      "blockListsCount": 0,
      "exchangeListsCount": 0,
      "flagListsCount": 0,
      "importedListsCount": 0,
      "logo": "https://matcha-image-proxy.api.0x.org/images/8453/0x320e9c50dd8a53bc8aacece4e172700b7c3b37f4"
    },
    {
      "address": "0xba78715797e8bd4e02a469a0153b1941ec771e30",
      "chainId": 8453,
      "decimals": 18,
      "name": "@WET @humidifi is launching on Jupiter DTF on 3rd December!  Sa",
      "symbol": "@WET @humidifi is launching on Jupiter DTF on 3rd December!  Sa",
      "type": "ERC20",
      "issuer": {
        "name": "zora",
        "metadata": {}
      },
      "blockListsCount": 0,
      "exchangeListsCount": 0,
      "flagListsCount": 0,
      "importedListsCount": 0,
      "logo": "https://matcha-image-proxy.api.0x.org/images/8453/0xba78715797e8bd4e02a469a0153b1941ec771e30"
    },
    {
      "address": "0xfaaffc27ae1ba0c12e420b7ad7045ca12485b583",
      "chainId": 8453,
      "decimals": 18,
      "name": "B🚨 $WET @humidifi : 4% Public Sale Supply went to just 10 wallet",
      "symbol": "B🚨 $WET @humidifi : 4% Public Sale Supply went to just 10 wallet",
      "type": "ERC20",
      "issuer": {
        "name": "zora",
        "metadata": {}
      },
      "blockListsCount": 0,
      "exchangeListsCount": 0,
      "flagListsCount": 0,
      "importedListsCount": 0,
      "logo": "https://matcha-image-proxy.api.0x.org/images/8453/0xfaaffc27ae1ba0c12e420b7ad7045ca12485b583"
    },
    {
      "address": "WETZjtprkDMCcUxPi9PfWnowMRZkiGGHDb9rABuRZ2U",
      "chainId": 1399811149,
      "decimals": 6,
      "name": "HumidiFi Token",
      "symbol": "WET",
      "type": "SPL-Token",
      "hasLogo": true,
      "blockListsCount": 0,
      "exchangeListsCount": 0,
      "flagListsCount": 0,
      "importedListsCount": 0,
      "logo": "https://matcha-image-proxy.api.0x.org/images/1399811149/WETZjtprkDMCcUxPi9PfWnowMRZkiGGHDb9rABuRZ2U"
    },
    {
      "address": "HxFW8f4XhGBmyKVt5x99rzEYcErLSh9vueKCRBRmDiX",
      "chainId": 1399811149,
      "decimals": 6,
      "name": "HumidiFi",
      "symbol": "HumidiFi",
      "type": "SPL-Token",
      "blockListsCount": 0,
      "exchangeListsCount": 0,
      "flagListsCount": 0,
      "importedListsCount": 0,
      "transactionsDaily": 278,
      "transactionsWeekly": 278,
      "transactionsMonthly": 278,
      "volumeUsdDaily": 12.561189837119992,
      "volumeUsdWeekly": 12.561189837119992,
      "volumeUsdMonthly": 12.561189837119992,
      "logo": "https://matcha-image-proxy.api.0x.org/images/1399811149/HxFW8f4XhGBmyKVt5x99rzEYcErLSh9vueKCRBRmDiX"
    },
    {
      "address": "FZjuFEuCjPYsm1rN5h7u51Wa9MEHPWM8AdkBDxAWpump",
      "chainId": 1399811149,
      "decimals": 6,
      "name": "Wet fart index",
      "symbol": "Wet fart",
      "type": "SPL-Token",
      "blockListsCount": 1,
      "exchangeListsCount": 0,
      "flagListsCount": 1,
      "importedListsCount": 0,
      "manualUnblock": false,
      "logo": "https://matcha-image-proxy.api.0x.org/images/1399811149/FZjuFEuCjPYsm1rN5h7u51Wa9MEHPWM8AdkBDxAWpump"
    },
    {
      "address": "3WU9YPsVCMZztxPiCoHseQee7TzKYtbH8mqzrJMQpump",
      "chainId": 1399811149,
      "decimals": 6,
      "name": "Wet Fart Index",
      "symbol": "Wet Fart",
      "type": "SPL-Token",
      "blockListsCount": 1,
      "exchangeListsCount": 0,
      "flagListsCount": 1,
      "importedListsCount": 0,
      "manualUnblock": false,
      "logo": "https://matcha-image-proxy.api.0x.org/images/1399811149/3WU9YPsVCMZztxPiCoHseQee7TzKYtbH8mqzrJMQpump"
    },
    {
      "address": "GpLeirMhy87SDdQrpQsxYVYUiow1MUrHaWx3us81pump",
      "chainId": 1399811149,
      "decimals": 6,
      "name": "wet bandits revenue share",
      "symbol": "WET",
      "type": "SPL-Token",
      "blockListsCount": 1,
      "exchangeListsCount": 0,
      "flagListsCount": 1,
      "importedListsCount": 0,
      "manualUnblock": false,
      "logo": "https://matcha-image-proxy.api.0x.org/images/1399811149/GpLeirMhy87SDdQrpQsxYVYUiow1MUrHaWx3us81pump"
    },
    {
      "address": "0x632b8c4e95b2f8a9309417f8d990ab9c04c77369",
      "chainId": 56,
      "decimals": 18,
      "name": "Weble Ecosystem Token",
      "symbol": "WET",
      "type": "ERC20",
      "hasLogo": true,
      "blockListsCount": 0,
      "exchangeListsCount": 0,
      "flagListsCount": 0,
      "importedListsCount": 1,
      "buyTax": 0,
      "sellTax": 0,
      "isInDex": true,
      "isHoneypot": false,
      "manualUnblock": false,
      "logo": "https://matcha-image-proxy.api.0x.org/images/56/0x632b8c4e95b2f8a9309417f8d990ab9c04c77369"
    },
    {
      "address": "0x5f7334fe5be130db4f9df50b2638797cf0c440fe",
      "chainId": 8453,
      "decimals": 18,
      "name": "Wet wet wet",
      "symbol": "Wet wet wet",
      "type": "ERC20",
      "issuer": {
        "name": "zora",
        "metadata": {}
      },
      "blockListsCount": 0,
      "exchangeListsCount": 0,
      "flagListsCount": 0,
      "importedListsCount": 0,
      "logo": "https://matcha-image-proxy.api.0x.org/images/8453/0x5f7334fe5be130db4f9df50b2638797cf0c440fe"
    },
    {
      "address": "0x632b8c4e95b2f8a9309417f8d990ab9c04c77369",
      "chainId": 137,
      "decimals": 18,
      "name": "Weble Ecosystem Token",
      "symbol": "WET",
      "type": "ERC20",
      "hasLogo": true,
      "blockListsCount": 0,
      "exchangeListsCount": 0,
      "flagListsCount": 0,
      "importedListsCount": 1,
      "buyTax": 0,
      "sellTax": 0,
      "isInDex": true,
      "isHoneypot": false,
      "manualUnblock": false,
      "logo": "https://matcha-image-proxy.api.0x.org/images/137/0x632b8c4e95b2f8a9309417f8d990ab9c04c77369"
    },
    {
      "address": "0x241478347123405c88fbd2f1df2e94dcda1a907d",
      "chainId": 8453,
      "decimals": 18,
      "name": "Wet wet wet",
      "symbol": "Wet wet wet",
      "type": "ERC20",
      "issuer": {
        "name": "zora",
        "metadata": {}
      },
      "blockListsCount": 0,
      "exchangeListsCount": 0,
      "flagListsCount": 0,
      "importedListsCount": 0,
      "buyTax": null,
      "sellTax": null,
      "isInDex": false,
      "isHoneypot": false,
      "logo": "https://matcha-image-proxy.api.0x.org/images/8453/0x241478347123405c88fbd2f1df2e94dcda1a907d"
    },
    {
      "address": "0x5c0d7f6892dd7050340e3545226991657c624774",
      "chainId": 8453,
      "decimals": 18,
      "name": "Wet wet wet.",
      "symbol": "Wet wet wet.",
      "type": "ERC20",
      "issuer": {
        "name": "zora",
        "metadata": {}
      },
      "blockListsCount": 0,
      "exchangeListsCount": 0,
      "flagListsCount": 0,
      "importedListsCount": 0,
      "buyTax": null,
      "sellTax": null,
      "isInDex": false,
      "isHoneypot": false,
      "logo": "https://matcha-image-proxy.api.0x.org/images/8453/0x5c0d7f6892dd7050340e3545226991657c624774"
    },
    {
      "address": "0x67545ce4038c4f15c6867c089adace71139f3f3f",
      "chainId": 8453,
      "decimals": 18,
      "name": "Wet wet",
      "symbol": "Wet wet",
      "type": "ERC20",
      "issuer": {
        "name": "zora",
        "metadata": {}
      },
      "blockListsCount": 0,
      "exchangeListsCount": 0,
      "flagListsCount": 0,
      "importedListsCount": 0,
      "buyTax": 0,
      "sellTax": 0,
      "isInDex": true,
      "isHoneypot": false,
      "logo": "https://matcha-image-proxy.api.0x.org/images/8453/0x67545ce4038c4f15c6867c089adace71139f3f3f"
    },
    {
      "address": "0xe63a280835dd96859c42ade456e20b35ccc56961",
      "chainId": 8453,
      "decimals": 18,
      "name": "Wet",
      "symbol": "Wet",
      "type": "ERC20",
      "issuer": {
        "name": "zora",
        "metadata": {}
      },
      "blockListsCount": 0,
      "exchangeListsCount": 0,
      "flagListsCount": 0,
      "importedListsCount": 0,
      "buyTax": null,
      "sellTax": null,
      "isInDex": false,
      "isHoneypot": false,
      "logo": "https://matcha-image-proxy.api.0x.org/images/8453/0xe63a280835dd96859c42ade456e20b35ccc56961"
    }
  ],
  "searchTime": "2025-12-30T01:56:46.217Z",
  "error": null
}