{
  "originalSymbol": "STX",
  "originalFullName": "Stacks",
  "searchedQuery": "STX Stacks",
  "retried": true,
  "isL1": true,
  "success": true,
  "tokenCount": 15,
  "resultCount": 1877,
  "tokens": [
    {
      "address": "0x7f5c764cbc14f9669b88837ca1490cca17c31607",
      "chainId": 10,
      "decimals": 6,
      "name": "USD Coin",
      "symbol": "USDC",
      "type": "ERC20",
      "hasLogo": true,
      "blockListsCount": 0,
      "exchangeListsCount": 1,
      "flagListsCount": 0,
      "importedListsCount": 3,
      "buyTax": null,
      "sellTax": null,
      "isInDex": true,
      "isHoneypot": false,
      "manualUnblock": false,
      "transactionsHourly": 4,
      "transactionsDaily": 28,
      "transactionsWeekly": 539,
      "transactionsMonthly": 5026,
      "volumeUsdHourly": 240.4899665793222,
      "volumeUsdDaily": 3253.268406580367,
      "volumeUsdWeekly": 173530.85072906272,
      "volumeUsdMonthly": 1049570.9241263922,
      "logo": "https://matcha-image-proxy.api.0x.org/images/10/0x7f5c764cbc14f9669b88837ca1490cca17c31607"
    },
    {
      "address": "0xd9aaec86b65d86f6a7b5b1b0c42ffa531710b6ca",
      "chainId": 8453,
      "decimals": 6,
      "name": "USD Base Coin",
      "symbol": "USDbC",
      "type": "ERC20",
      "hasLogo": true,
      "blockListsCount": 0,
      "exchangeListsCount": 0,
      "flagListsCount": 0,
      "importedListsCount": 3,
      "buyTax": 0,
      "sellTax": 0,
      "isInDex": true,
      "isHoneypot": false,
      "manualUnblock": false,
      "transactionsHourly": 198,
      "transactionsDaily": 2009,
      "transactionsWeekly": 14368,
      "transactionsMonthly": 86329,
      "volumeUsdHourly": 5623.7357873560895,
      "volumeUsdDaily": 150384.2770527056,
      "volumeUsdWeekly": 1762122.8848556892,
      "volumeUsdMonthly": 19057333.83775555,
      "logo": "https://matcha-image-proxy.api.0x.org/images/8453/0xd9aaec86b65d86f6a7b5b1b0c42ffa531710b6ca"
    },
    {
      "address": "0xc08cd26474722ce93f4d0c34d16201461c10aa8c",
      "chainId": 8453,
      "decimals": 18,
      "name": "CARV",
      "symbol": "CARV",
      "type": "ERC20",
      "hasLogo": true,
      "blockListsCount": 0,
      "exchangeListsCount": 0,
      "flagListsCount": 0,
      "importedListsCount": 1,
      "buyTax": 0,
      "sellTax": 0,
      "isInDex": true,
      "isHoneypot": false,
      "manualUnblock": false,
      "transactionsHourly": 2,
      "transactionsDaily": 41,
      "transactionsWeekly": 4325,
      "transactionsMonthly": 10275,
      "volumeUsdHourly": 1.04370555108511,
      "volumeUsdDaily": 1737.0648242410596,
      "volumeUsdWeekly": 82188.72562361164,
      "volumeUsdMonthly": 293088.0772420752,
      "logo": "https://matcha-image-proxy.api.0x.org/images/8453/0xc08cd26474722ce93f4d0c34d16201461c10aa8c"
    },
    {
      "address": "0x6b3595068778dd592e39a122f4f5a5cf09c90fe2",
      "chainId": 1,
      "decimals": 18,
      "name": "SushiToken",
      "symbol": "SUSHI",
      "type": "ERC20",
      "hasLogo": true,
      "blockListsCount": 0,
      "exchangeListsCount": 1,
      "flagListsCount": 0,
      "importedListsCount": 6,
      "buyTax": 0,
      "sellTax": 0,
      "isInDex": true,
      "isHoneypot": false,
      "manualUnblock": false,
      "transactionsHourly": 3,
      "transactionsDaily": 4,
      "transactionsWeekly": 36,
      "transactionsMonthly": 137,
      "volumeUsdHourly": 515.2431924162986,
      "volumeUsdDaily": 534.0651691291968,
      "volumeUsdWeekly": 11687.21710650081,
      "volumeUsdMonthly": 31338.92555091293,
      "logo": "https://matcha-image-proxy.api.0x.org/images/1/0x6b3595068778dd592e39a122f4f5a5cf09c90fe2"
    },
    {
      "address": "0xaea46a60368a7bd060eec7df8cba43b7ef41ad85",
      "chainId": 1,
      "decimals": 18,
      "name": "Fetch",
      "symbol": "FET",
      "type": "ERC20",
      "hasLogo": true,
      "blockListsCount": 0,
      "exchangeListsCount": 0,
      "flagListsCount": 0,
      "importedListsCount": 5,
      "buyTax": 0,
      "sellTax": 0,
      "isInDex": true,
      "isHoneypot": false,
      "manualUnblock": false,
      "transactionsHourly": 1,
      "transactionsDaily": 29,
      "transactionsWeekly": 174,
      "transactionsMonthly": 881,
      "volumeUsdHourly": 39.9576353851625,
      "volumeUsdDaily": 9564.709143405697,
      "volumeUsdWeekly": 101220.04841026771,
      "volumeUsdMonthly": 1267584.4812228405,
      "logo": "https://matcha-image-proxy.api.0x.org/images/1/0xaea46a60368a7bd060eec7df8cba43b7ef41ad85"
    },
    {
      "address": "0x9d0e8f5b25384c7310cb8c6ae32c8fbeb645d083",
      "chainId": 8453,
      "decimals": 18,
      "name": "Derive",
      "symbol": "DRV",
      "type": "ERC20",
      "hasLogo": true,
      "blockListsCount": 0,
      "exchangeListsCount": 0,
      "flagListsCount": 0,
      "importedListsCount": 2,
      "buyTax": 0,
      "sellTax": 0,
      "isInDex": true,
      "isHoneypot": false,
      "manualUnblock": false,
      "transactionsHourly": 1,
      "transactionsDaily": 18,
      "transactionsWeekly": 98,
      "transactionsMonthly": 454,
      "volumeUsdHourly": 1404.84044752235,
      "volumeUsdDaily": 19364.00677216282,
      "volumeUsdWeekly": 71930.2605731424,
      "volumeUsdMonthly": 248679.8940375719,
      "logo": "https://matcha-image-proxy.api.0x.org/images/8453/0x9d0e8f5b25384c7310cb8c6ae32c8fbeb645d083"
    },
    {
      "address": "0x94a8b4ee5cd64c79d0ee816f467ea73009f51aa0",
      "chainId": 1,
      "decimals": 18,
      "name": "Realio Network",
      "symbol": "RIO",
      "type": "ERC20",
      "hasLogo": true,
      "blockListsCount": 0,
      "exchangeListsCount": 0,
      "flagListsCount": 0,
      "importedListsCount": 3,
      "buyTax": 0,
      "sellTax": 0,
      "isInDex": true,
      "isHoneypot": false,
      "manualUnblock": false,
      "transactionsHourly": 1,
      "transactionsDaily": 12,
      "transactionsWeekly": 92,
      "transactionsMonthly": 459,
      "volumeUsdHourly": 450.402249810035,
      "volumeUsdDaily": 6350.668351641832,
      "volumeUsdWeekly": 100437.09873406816,
      "volumeUsdMonthly": 655659.2829655106,
      "logo": "https://matcha-image-proxy.api.0x.org/images/1/0x94a8b4ee5cd64c79d0ee816f467ea73009f51aa0"
    },
    {
      "address": "0x4c1746a800d224393fe2470c70a35717ed4ea5f1",
      "chainId": 1,
      "decimals": 18,
      "name": "Plume",
      "symbol": "P",
      "type": "ERC20",
      "hasLogo": true,
      "blockListsCount": 0,
      "exchangeListsCount": 0,
      "flagListsCount": 0,
      "importedListsCount": 3,
      "buyTax": 0,
      "sellTax": 0,
      "isInDex": true,
      "isHoneypot": false,
      "manualUnblock": false,
      "transactionsHourly": 1,
      "transactionsDaily": 13,
      "transactionsWeekly": 129,
      "transactionsMonthly": 772,
      "volumeUsdHourly": 94.9408166572816,
      "volumeUsdDaily": 3622.5366308704006,
      "volumeUsdWeekly": 32088.714247662258,
      "volumeUsdMonthly": 392103.79179503233,
      "logo": "https://matcha-image-proxy.api.0x.org/images/1/0x4c1746a800d224393fe2470c70a35717ed4ea5f1"
    },
    {
      "address": "0x0b3f868e0be5597d5db7feb59e1cadbb0fdda50a",
      "chainId": 137,
      "decimals": 18,
      "name": "SushiToken (PoS)",
      "symbol": "SUSHI",
      "type": "ERC20",
      "hasLogo": true,
      "blockListsCount": 0,
      "exchangeListsCount": 0,
      "flagListsCount": 0,
      "importedListsCount": 2,
      "buyTax": 0,
      "sellTax": 0,
      "isInDex": true,
      "isHoneypot": false,
      "manualUnblock": false,
      "transactionsHourly": 1,
      "transactionsDaily": 2,
      "transactionsWeekly": 150,
      "transactionsMonthly": 392,
      "volumeUsdHourly": 7.2290507518777e-9,
      "volumeUsdDaily": 4.209781537205261,
      "volumeUsdWeekly": 665.444130825372,
      "volumeUsdMonthly": 2515.7583937329714,
      "logo": "https://matcha-image-proxy.api.0x.org/images/137/0x0b3f868e0be5597d5db7feb59e1cadbb0fdda50a"
    },
    {
      "address": "0x85f17cf997934a597031b2e18a9ab6ebd4b9f6a4",
      "chainId": 1,
      "decimals": 24,
      "name": "NEAR",
      "symbol": "NEAR",
      "type": "ERC20",
      "hasLogo": true,
      "blockListsCount": 0,
      "exchangeListsCount": 0,
      "flagListsCount": 0,
      "importedListsCount": 2,
      "buyTax": 0,
      "sellTax": 0,
      "isInDex": true,
      "isHoneypot": false,
      "manualUnblock": false,
      "transactionsHourly": 1,
      "transactionsDaily": 8,
      "transactionsWeekly": 39,
      "transactionsMonthly": 292,
      "volumeUsdHourly": 12.851172051136,
      "volumeUsdDaily": 15790.89614997548,
      "volumeUsdWeekly": 40492.39440417356,
      "volumeUsdMonthly": 441659.4063978375,
      "logo": "https://matcha-image-proxy.api.0x.org/images/1/0x85f17cf997934a597031b2e18a9ab6ebd4b9f6a4"
    },
    {
      "address": "0x268d46d09d59d555350701a5336dc0d516f80de3",
      "chainId": 8453,
      "decimals": 18,
      "name": "ONLYUP",
      "symbol": "ONLYUP",
      "type": "ERC20",
      "hasLogo": true,
      "blockListsCount": 0,
      "exchangeListsCount": 0,
      "flagListsCount": 0,
      "importedListsCount": 1,
      "buyTax": 0,
      "sellTax": 0,
      "isInDex": true,
      "isHoneypot": false,
      "manualUnblock": false,
      "transactionsHourly": 1,
      "transactionsDaily": 9,
      "transactionsWeekly": 59,
      "transactionsMonthly": 1057,
      "volumeUsdDaily": 1059.9422577731227,
      "volumeUsdWeekly": 5132.509724743584,
      "volumeUsdMonthly": 101594.81066226418,
      "logo": "https://matcha-image-proxy.api.0x.org/images/8453/0x268d46d09d59d555350701a5336dc0d516f80de3"
    },
    {
      "address": "0x031b41e504677879370e9dbcf937283a8691fa7f",
      "chainId": 56,
      "decimals": 18,
      "name": "Fetch",
      "symbol": "FET",
      "type": "ERC20",
      "hasLogo": true,
      "blockListsCount": 0,
      "exchangeListsCount": 0,
      "flagListsCount": 0,
      "importedListsCount": 2,
      "buyTax": 0,
      "sellTax": 0,
      "isInDex": true,
      "isHoneypot": false,
      "manualUnblock": false,
      "transactionsHourly": 1,
      "transactionsDaily": 14,
      "transactionsWeekly": 65,
      "transactionsMonthly": 412,
      "volumeUsdHourly": 2.24411355206423,
      "volumeUsdDaily": 637.6258817310394,
      "volumeUsdWeekly": 6687.743451824367,
      "volumeUsdMonthly": 78842.49227306529,
      "logo": "https://matcha-image-proxy.api.0x.org/images/56/0x031b41e504677879370e9dbcf937283a8691fa7f"
    },
    {
      "address": "0x8263cd1601fe73c066bf49cc09841f35348e3be0",
      "chainId": 56,
      "decimals": 18,
      "name": "Altura",
      "symbol": "ALU",
      "type": "ERC20",
      "hasLogo": true,
      "blockListsCount": 0,
      "exchangeListsCount": 0,
      "flagListsCount": 0,
      "importedListsCount": 1,
      "buyTax": 0,
      "sellTax": 0,
      "isInDex": true,
      "isHoneypot": false,
      "manualUnblock": false,
      "transactionsHourly": 1,
      "transactionsDaily": 15,
      "transactionsWeekly": 60,
      "transactionsMonthly": 294,
      "volumeUsdHourly": 155.715962056376,
      "volumeUsdDaily": 1822.4796754228264,
      "volumeUsdWeekly": 4414.640692480836,
      "volumeUsdMonthly": 26395.297580817783,
      "logo": "https://matcha-image-proxy.api.0x.org/images/56/0x8263cd1601fe73c066bf49cc09841f35348e3be0"
    },
    {
      "address": "0xc08cd26474722ce93f4d0c34d16201461c10aa8c",
      "chainId": 42161,
      "decimals": 18,
      "name": "CARV",
      "symbol": "CARV",
      "type": "ERC20",
      "hasLogo": true,
      "blockListsCount": 0,
      "exchangeListsCount": 0,
      "flagListsCount": 0,
      "importedListsCount": 1,
      "buyTax": 0,
      "sellTax": 0,
      "isInDex": true,
      "isHoneypot": false,
      "manualUnblock": false,
      "transactionsHourly": 1,
      "transactionsDaily": 11,
      "transactionsWeekly": 77,
      "transactionsMonthly": 549,
      "volumeUsdHourly": -0.00734973018928232,
      "volumeUsdDaily": 95.36738044094082,
      "volumeUsdWeekly": 6122.064883141812,
      "volumeUsdMonthly": 33273.934779729425,
      "logo": "https://matcha-image-proxy.api.0x.org/images/42161/0xc08cd26474722ce93f4d0c34d16201461c10aa8c"
    },
    {
      "address": "0x6b0b3a982b4634ac68dd83a4dbf02311ce324181",
      "chainId": 1,
      "decimals": 18,
      "name": "$Artificial Liquid Intelligence Token",
      "symbol": "ALI",
      "type": "ERC20",
      "hasLogo": true,
      "blockListsCount": 0,
      "exchangeListsCount": 0,
      "flagListsCount": 0,
      "importedListsCount": 5,
      "buyTax": 0,
      "sellTax": 0,
      "isInDex": false,
      "isHoneypot": false,
      "manualUnblock": false,
      "transactionsHourly": 1,
      "transactionsDaily": 5,
      "transactionsWeekly": 104,
      "transactionsMonthly": 160,
      "volumeUsdHourly": 117.976151498039,
      "volumeUsdDaily": 530.5000281831325,
      "volumeUsdWeekly": 24410.615243382155,
      "volumeUsdMonthly": 46849.80275628507,
      "logo": "https://matcha-image-proxy.api.0x.org/images/1/0x6b0b3a982b4634ac68dd83a4dbf02311ce324181"
    }
  ],
  "searchTime": "2025-12-30T01:58:44.895Z",
  "error": null
}