{
  "originalSymbol": "RED",
  "originalFullName": "RedStone",
  "searchedQuery": "RED RedStone",
  "retried": false,
  "isL1": false,
  "success": true,
  "tokenCount": 15,
  "resultCount": 10000,
  "tokens": [
    {
      "address": "0xfadb26be94c1f959f900bf88cd396b3e803481d6",
      "chainId": 8453,
      "decimals": 18,
      "name": "ESM X Token",
      "symbol": "ESMX",
      "type": "ERC20",
      "hasLogo": true,
      "blockListsCount": 0,
      "exchangeListsCount": 0,
      "flagListsCount": 0,
      "importedListsCount": 1,
      "buyTax": 0.03,
      "sellTax": 0.03,
      "isInDex": true,
      "isHoneypot": false,
      "manualUnblock": false,
      "transactionsHourly": 4,
      "transactionsDaily": 21,
      "transactionsWeekly": 1482,
      "transactionsMonthly": 1595,
      "volumeUsdHourly": 24.59734442948646,
      "volumeUsdDaily": 1666.944561717271,
      "volumeUsdWeekly": 167904.48966982614,
      "volumeUsdMonthly": 170134.27631597756,
      "logo": "https://matcha-image-proxy.api.0x.org/images/8453/0xfadb26be94c1f959f900bf88cd396b3e803481d6"
    },
    {
      "address": "0xdd3b11ef34cd511a2da159034a05fcb94d806686",
      "chainId": 1,
      "decimals": 18,
      "name": "Rekt",
      "symbol": "REKT",
      "type": "ERC20",
      "hasLogo": true,
      "blockListsCount": 0,
      "exchangeListsCount": 0,
      "flagListsCount": 0,
      "importedListsCount": 3,
      "buyTax": 0,
      "sellTax": 0,
      "isInDex": true,
      "isHoneypot": false,
      "manualUnblock": false,
      "transactionsHourly": 6,
      "transactionsDaily": 23,
      "transactionsWeekly": 146,
      "transactionsMonthly": 1386,
      "volumeUsdHourly": 1097.7920545045022,
      "volumeUsdDaily": 5034.600148045925,
      "volumeUsdWeekly": 78234.27611488954,
      "volumeUsdMonthly": 1410455.6543765126,
      "logo": "https://matcha-image-proxy.api.0x.org/images/1/0xdd3b11ef34cd511a2da159034a05fcb94d806686"
    },
    {
      "address": "0xb3e3c89b8d9c88b1fe96856e382959ee6291ebba",
      "chainId": 8453,
      "decimals": 18,
      "name": "Rekt",
      "symbol": "REKT",
      "type": "ERC20",
      "hasLogo": true,
      "blockListsCount": 0,
      "exchangeListsCount": 0,
      "flagListsCount": 0,
      "importedListsCount": 2,
      "buyTax": 0,
      "sellTax": 0,
      "isInDex": true,
      "isHoneypot": false,
      "manualUnblock": false,
      "transactionsHourly": 2,
      "transactionsDaily": 25,
      "transactionsWeekly": 225,
      "transactionsMonthly": 1061,
      "volumeUsdHourly": 986.2119072683716,
      "volumeUsdDaily": 9818.605711614466,
      "volumeUsdWeekly": 34459.4263527094,
      "volumeUsdMonthly": 188078.4006135206,
      "logo": "https://matcha-image-proxy.api.0x.org/images/8453/0xb3e3c89b8d9c88b1fe96856e382959ee6291ebba"
    },
    {
      "address": "0xc43c6bfeda065fe2c4c11765bf838789bd0bb5de",
      "chainId": 1,
      "decimals": 18,
      "name": "Redstone",
      "symbol": "RED",
      "type": "ERC20",
      "hasLogo": true,
      "blockListsCount": 0,
      "exchangeListsCount": 0,
      "flagListsCount": 0,
      "importedListsCount": 3,
      "buyTax": 0,
      "sellTax": 0,
      "isInDex": true,
      "isHoneypot": false,
      "manualUnblock": false,
      "transactionsHourly": 1,
      "transactionsDaily": 16,
      "transactionsWeekly": 32,
      "transactionsMonthly": 132,
      "volumeUsdHourly": 476.726816859568,
      "volumeUsdDaily": 1522.5307918952913,
      "volumeUsdWeekly": 5373.157942959159,
      "volumeUsdMonthly": 40081.70412267077,
      "logo": "https://matcha-image-proxy.api.0x.org/images/1/0xc43c6bfeda065fe2c4c11765bf838789bd0bb5de"
    },
    {
      "address": "0x20482b0b4d9d8f60d3ab432b92f4c4b901a0d10c",
      "chainId": 56,
      "decimals": 18,
      "name": "Rekt",
      "symbol": "REKT",
      "type": "ERC20",
      "hasLogo": true,
      "blockListsCount": 0,
      "exchangeListsCount": 0,
      "flagListsCount": 0,
      "importedListsCount": 1,
      "buyTax": 0,
      "sellTax": 0,
      "isInDex": true,
      "isHoneypot": false,
      "manualUnblock": false,
      "transactionsHourly": 5,
      "transactionsDaily": 16,
      "transactionsWeekly": 50,
      "transactionsMonthly": 346,
      "volumeUsdHourly": 232.4703479934364,
      "volumeUsdDaily": 1950.565269761849,
      "volumeUsdWeekly": 3807.9993561272727,
      "volumeUsdMonthly": 60865.99921020295,
      "logo": "https://matcha-image-proxy.api.0x.org/images/56/0x20482b0b4d9d8f60d3ab432b92f4c4b901a0d10c"
    },
    {
      "address": "0x6c5ba91642f10282b576d91922ae6448c9d52f4e",
      "chainId": 1,
      "decimals": 18,
      "name": "Phala",
      "symbol": "PHA",
      "type": "ERC20",
      "hasLogo": true,
      "blockListsCount": 0,
      "exchangeListsCount": 0,
      "flagListsCount": 0,
      "importedListsCount": 2,
      "buyTax": 0,
      "sellTax": 0,
      "isInDex": true,
      "isHoneypot": false,
      "manualUnblock": false,
      "transactionsHourly": 1,
      "transactionsDaily": 7,
      "transactionsWeekly": 43,
      "transactionsMonthly": 137,
      "volumeUsdHourly": 235.738195688736,
      "volumeUsdDaily": 2349.635634340551,
      "volumeUsdWeekly": 5285.743566052141,
      "volumeUsdMonthly": 36197.73051163724,
      "logo": "https://matcha-image-proxy.api.0x.org/images/1/0x6c5ba91642f10282b576d91922ae6448c9d52f4e"
    },
    {
      "address": "0xda08d797f62030de9e3e2b6efe00c2ef5bb1af25",
      "chainId": 8453,
      "decimals": 18,
      "name": "RED RedStone On Base",
      "symbol": "RED RedStone On Base",
      "type": "ERC20",
      "blockListsCount": 0,
      "exchangeListsCount": 0,
      "flagListsCount": 0,
      "importedListsCount": 0,
      "logo": "https://matcha-image-proxy.api.0x.org/images/8453/0xda08d797f62030de9e3e2b6efe00c2ef5bb1af25"
    },
    {
      "address": "0x2c0503ab9be388ce655c588cbc29cc4626a46f2d",
      "chainId": 56,
      "decimals": 9,
      "name": "RED RedStone AI Presale v2",
      "symbol": "RED RedStone AI Presale v2",
      "type": "ERC20",
      "blockListsCount": 0,
      "exchangeListsCount": 0,
      "flagListsCount": 0,
      "importedListsCount": 0,
      "logo": "https://matcha-image-proxy.api.0x.org/images/56/0x2c0503ab9be388ce655c588cbc29cc4626a46f2d"
    },
    {
      "address": "EksrhEUJ59JTDssWovhPE19mKRriUZHo6paX9KGdpump",
      "chainId": 1399811149,
      "decimals": 6,
      "name": "Code Red",
      "symbol": "pƎpOƆ",
      "type": "SPL-Token",
      "blockListsCount": 0,
      "exchangeListsCount": 0,
      "flagListsCount": 0,
      "importedListsCount": 0,
      "transactionsDaily": 58,
      "transactionsWeekly": 58,
      "transactionsMonthly": 58,
      "volumeUsdDaily": 3196.2329109430098,
      "volumeUsdWeekly": 3196.2329109430098,
      "volumeUsdMonthly": 3196.2329109430098,
      "logo": "https://matcha-image-proxy.api.0x.org/images/1399811149/EksrhEUJ59JTDssWovhPE19mKRriUZHo6paX9KGdpump"
    },
    {
      "address": "0x4eb92702ba4cfbf80561bad64d89c706ac824960",
      "chainId": 8453,
      "decimals": 18,
      "name": "Redstone",
      "symbol": "RED",
      "type": "ERC20",
      "hasLogo": true,
      "blockListsCount": 0,
      "exchangeListsCount": 0,
      "flagListsCount": 0,
      "importedListsCount": 1,
      "buyTax": null,
      "sellTax": null,
      "isInDex": false,
      "isHoneypot": false,
      "manualUnblock": false,
      "transactionsHourly": 3,
      "transactionsDaily": 15,
      "transactionsWeekly": 54,
      "transactionsMonthly": 142,
      "volumeUsdHourly": 0.1276927556520362,
      "volumeUsdDaily": 3.569477895083254,
      "volumeUsdWeekly": 73.61221285218171,
      "volumeUsdMonthly": 16784.787282415684,
      "logo": "https://matcha-image-proxy.api.0x.org/images/8453/0x4eb92702ba4cfbf80561bad64d89c706ac824960"
    },
    {
      "address": "0x3b9e9100db1389c518d47c635d80a90ad4c4f41b",
      "chainId": 137,
      "decimals": 8,
      "name": "FAN",
      "symbol": "FAN",
      "type": "ERC20",
      "hasLogo": true,
      "blockListsCount": 0,
      "exchangeListsCount": 0,
      "flagListsCount": 0,
      "importedListsCount": 1,
      "buyTax": 0,
      "sellTax": 0,
      "isInDex": true,
      "isHoneypot": false,
      "manualUnblock": false,
      "transactionsHourly": 1,
      "transactionsDaily": 3,
      "transactionsWeekly": 10,
      "transactionsMonthly": 25,
      "volumeUsdHourly": 2.64584613087437,
      "volumeUsdDaily": 53.4403541096275,
      "volumeUsdWeekly": 365.2468573073551,
      "volumeUsdMonthly": 1841.771545576199,
      "logo": "https://matcha-image-proxy.api.0x.org/images/137/0x3b9e9100db1389c518d47c635d80a90ad4c4f41b"
    },
    {
      "address": "0x85645b86243886b7c7c1da6288571f8bea6fc035",
      "chainId": 8453,
      "decimals": 9,
      "name": "Tyler",
      "symbol": "TYLER",
      "type": "ERC20",
      "hasLogo": true,
      "blockListsCount": 0,
      "exchangeListsCount": 0,
      "flagListsCount": 0,
      "importedListsCount": 1,
      "buyTax": 0,
      "sellTax": 0,
      "isInDex": true,
      "isHoneypot": false,
      "manualUnblock": false,
      "transactionsHourly": 1,
      "transactionsDaily": 1,
      "transactionsWeekly": 5,
      "transactionsMonthly": 20,
      "volumeUsdHourly": 58.4235330040368,
      "volumeUsdDaily": 58.4235330040368,
      "volumeUsdWeekly": 478.9448425700691,
      "volumeUsdMonthly": 1109.7184007091057,
      "logo": "https://matcha-image-proxy.api.0x.org/images/8453/0x85645b86243886b7c7c1da6288571f8bea6fc035"
    },
    {
      "address": "0xc744df3419a8c9bd4d6b9852a503eb1c5308a326",
      "chainId": 1,
      "decimals": 18,
      "name": "RED TOKEN",
      "symbol": "RED",
      "type": "ERC20",
      "hasLogo": true,
      "blockListsCount": 0,
      "exchangeListsCount": 0,
      "flagListsCount": 0,
      "importedListsCount": 2,
      "buyTax": 0,
      "sellTax": 0,
      "isInDex": true,
      "isHoneypot": false,
      "manualUnblock": false,
      "transactionsHourly": 1,
      "transactionsDaily": 1,
      "transactionsWeekly": 1,
      "transactionsMonthly": 7,
      "volumeUsdHourly": 177.116130302186,
      "volumeUsdDaily": 177.116130302186,
      "volumeUsdWeekly": 177.116130302186,
      "volumeUsdMonthly": 598.1097734765248,
      "logo": "https://matcha-image-proxy.api.0x.org/images/1/0xc744df3419a8c9bd4d6b9852a503eb1c5308a326"
    },
    {
      "address": "0x0813b56d5261051c1564b3591e5ab2f0966591e9",
      "chainId": 8453,
      "decimals": 18,
      "name": "Red Wave",
      "symbol": "RED",
      "type": "ERC20",
      "issuer": {
        "name": "zora",
        "metadata": {}
      },
      "blockListsCount": 0,
      "exchangeListsCount": 0,
      "flagListsCount": 0,
      "importedListsCount": 0,
      "transactionsWeekly": 4,
      "transactionsMonthly": 4,
      "volumeUsdWeekly": 2569.780912025736,
      "volumeUsdMonthly": 2569.780912025736,
      "logo": "https://matcha-image-proxy.api.0x.org/images/8453/0x0813b56d5261051c1564b3591e5ab2f0966591e9"
    },
    {
      "address": "0x979ff20c5101639ec5ffee11aeea061035802f68",
      "chainId": 8453,
      "decimals": 18,
      "name": "Dyed my hair red!",
      "symbol": "RED HAIR ZOE",
      "type": "ERC20",
      "issuer": {
        "name": "zora",
        "metadata": {}
      },
      "blockListsCount": 0,
      "exchangeListsCount": 0,
      "flagListsCount": 0,
      "importedListsCount": 0,
      "buyTax": null,
      "sellTax": null,
      "isInDex": false,
      "isHoneypot": false,
      "transactionsHourly": 3,
      "transactionsDaily": 3,
      "transactionsWeekly": 3,
      "transactionsMonthly": 3,
      "volumeUsdHourly": 164.3932367368552,
      "volumeUsdDaily": 168.6484292957709,
      "volumeUsdWeekly": 168.6484292957709,
      "volumeUsdMonthly": 168.6484292957709,
      "logo": "https://matcha-image-proxy.api.0x.org/images/8453/0x979ff20c5101639ec5ffee11aeea061035802f68"
    }
  ],
  "searchTime": "2025-12-30T01:58:20.651Z",
  "error": null
}