{
  "originalSymbol": "IOST",
  "originalFullName": "IOST",
  "searchedQuery": "IOST IOST",
  "retried": true,
  "isL1": true,
  "success": true,
  "tokenCount": 15,
  "resultCount": 642,
  "tokens": [
    {
      "address": "0xaf48b7e315a52518cfbf7d96c455d9dfad94cb48",
      "chainId": 56,
      "decimals": 18,
      "name": "IOSToken",
      "symbol": "IOST",
      "type": "ERC20",
      "hasLogo": true,
      "blockListsCount": 0,
      "exchangeListsCount": 0,
      "flagListsCount": 0,
      "importedListsCount": 1,
      "buyTax": 0,
      "sellTax": 0,
      "isInDex": true,
      "isHoneypot": false,
      "manualUnblock": false,
      "transactionsHourly": 1,
      "transactionsDaily": 7,
      "transactionsWeekly": 20,
      "transactionsMonthly": 57,
      "volumeUsdHourly": 12.0312264404838,
      "volumeUsdDaily": 64.92798367966311,
      "volumeUsdWeekly": 144.0819460956922,
      "volumeUsdMonthly": 390.2866494453541,
      "logo": "https://matcha-image-proxy.api.0x.org/images/56/0xaf48b7e315a52518cfbf7d96c455d9dfad94cb48"
    },
    {
      "address": "0xdf325a6f352540654df5d212f0b26a4bf38108d2",
      "chainId": 8453,
      "decimals": 18,
      "name": "wiost",
      "symbol": "wstk",
      "type": "ERC20",
      "blockListsCount": 0,
      "exchangeListsCount": 0,
      "flagListsCount": 0,
      "importedListsCount": 0,
      "buyTax": null,
      "sellTax": null,
      "isInDex": false,
      "isHoneypot": false,
      "logo": "https://matcha-image-proxy.api.0x.org/images/8453/0xdf325a6f352540654df5d212f0b26a4bf38108d2"
    },
    {
      "address": "0x5975b23011cb7c42db32a3c3475ec422c8c9029d",
      "chainId": 130,
      "decimals": 18,
      "name": "Apple Iost",
      "symbol": "Apple Iost",
      "type": "ERC20",
      "blockListsCount": 1,
      "exchangeListsCount": 0,
      "flagListsCount": 1,
      "importedListsCount": 0,
      "manualUnblock": false,
      "logo": "https://matcha-image-proxy.api.0x.org/images/130/0x5975b23011cb7c42db32a3c3475ec422c8c9029d"
    },
    {
      "address": "0x4ff13841aaad32a42bf58d4bb7efeb9bcbf1bb06",
      "chainId": 8453,
      "decimals": 18,
      "name": "@#include <iostream>#include <string>int main() {    int my_t",
      "symbol": "@#include <iostream>#include <string>int main() {    int my_t",
      "type": "ERC20",
      "issuer": {
        "name": "zora",
        "metadata": {}
      },
      "blockListsCount": 0,
      "exchangeListsCount": 0,
      "flagListsCount": 0,
      "importedListsCount": 0,
      "buyTax": null,
      "sellTax": null,
      "isInDex": false,
      "isHoneypot": false,
      "logo": "https://matcha-image-proxy.api.0x.org/images/8453/0x4ff13841aaad32a42bf58d4bb7efeb9bcbf1bb06"
    },
    {
      "address": "0xd12d92d4970513adfe820a51c6c7e1f59d8eac9a",
      "chainId": 8453,
      "decimals": 18,
      "name": "IOST",
      "symbol": "IOST",
      "type": "ERC20",
      "issuer": {
        "name": "zora",
        "metadata": {}
      },
      "blockListsCount": 0,
      "exchangeListsCount": 0,
      "flagListsCount": 0,
      "importedListsCount": 0,
      "buyTax": null,
      "sellTax": null,
      "isInDex": false,
      "isHoneypot": false,
      "logo": "https://matcha-image-proxy.api.0x.org/images/8453/0xd12d92d4970513adfe820a51c6c7e1f59d8eac9a"
    },
    {
      "address": "0x51e076e64348203f40181eed2ee54e7429ad3e4c",
      "chainId": 8453,
      "decimals": 18,
      "name": "Crypto Pug IOST",
      "symbol": "IOST",
      "type": "ERC20",
      "issuer": {
        "name": "zora",
        "metadata": {}
      },
      "blockListsCount": 0,
      "exchangeListsCount": 0,
      "flagListsCount": 0,
      "importedListsCount": 0,
      "logo": "https://matcha-image-proxy.api.0x.org/images/8453/0x51e076e64348203f40181eed2ee54e7429ad3e4c"
    },
    {
      "address": "0xbae16aed804037fbe692a1ae57cc3cbad838a9c6",
      "chainId": 8453,
      "decimals": 18,
      "name": "Iost my zora",
      "symbol": "Zora",
      "type": "ERC20",
      "issuer": {
        "name": "zora",
        "metadata": {}
      },
      "blockListsCount": 0,
      "exchangeListsCount": 0,
      "flagListsCount": 0,
      "importedListsCount": 0,
      "buyTax": null,
      "sellTax": null,
      "isInDex": false,
      "isHoneypot": false,
      "logo": "https://matcha-image-proxy.api.0x.org/images/8453/0xbae16aed804037fbe692a1ae57cc3cbad838a9c6"
    },
    {
      "address": "0xd9e7418ee16e70671846776c42e5bf51e63a9da0",
      "chainId": 137,
      "decimals": 18,
      "name": "APPLE TOKEN",
      "symbol": "IOSTK",
      "type": "ERC20",
      "blockListsCount": 1,
      "exchangeListsCount": 0,
      "flagListsCount": 1,
      "importedListsCount": 0,
      "buyTax": null,
      "sellTax": null,
      "isInDex": false,
      "isHoneypot": false,
      "manualUnblock": false,
      "logo": "https://matcha-image-proxy.api.0x.org/images/137/0xd9e7418ee16e70671846776c42e5bf51e63a9da0"
    },
    {
      "address": "0x3f3e380ec02aa18fae64785841507bbd2e80fcbd",
      "chainId": 8453,
      "decimals": 18,
      "name": "IOST IOST Dips On Base Base",
      "symbol": "IOST IOST Dips On Base Base",
      "type": "ERC20",
      "blockListsCount": 0,
      "exchangeListsCount": 0,
      "flagListsCount": 0,
      "importedListsCount": 0,
      "buyTax": 0,
      "sellTax": 0,
      "isInDex": true,
      "isHoneypot": false,
      "logo": "https://matcha-image-proxy.api.0x.org/images/8453/0x3f3e380ec02aa18fae64785841507bbd2e80fcbd"
    },
    {
      "address": "0x3a7d379a97cad7bbd2c4c841b887fc61a6cdc12b",
      "chainId": 130,
      "decimals": 18,
      "name": "IOST",
      "symbol": "IOST",
      "type": "ERC20",
      "blockListsCount": 0,
      "exchangeListsCount": 0,
      "flagListsCount": 0,
      "importedListsCount": 0,
      "logo": "https://matcha-image-proxy.api.0x.org/images/130/0x3a7d379a97cad7bbd2c4c841b887fc61a6cdc12b"
    },
    {
      "address": "0xf307857893d20e35821af412df75b9508be53c4c",
      "chainId": 130,
      "decimals": 18,
      "name": "IOST",
      "symbol": "IOST",
      "type": "ERC20",
      "blockListsCount": 0,
      "exchangeListsCount": 0,
      "flagListsCount": 0,
      "importedListsCount": 0,
      "logo": "https://matcha-image-proxy.api.0x.org/images/130/0xf307857893d20e35821af412df75b9508be53c4c"
    },
    {
      "address": "0x2a056848826bd7bbded953fc6bd950eed7966c63",
      "chainId": 8453,
      "decimals": 0,
      "name": "AMON IOST",
      "symbol": "AMON IOST",
      "type": "ERC20",
      "blockListsCount": 0,
      "exchangeListsCount": 0,
      "flagListsCount": 0,
      "importedListsCount": 0,
      "buyTax": 0,
      "sellTax": 0,
      "isInDex": true,
      "isHoneypot": false,
      "logo": "https://matcha-image-proxy.api.0x.org/images/8453/0x2a056848826bd7bbded953fc6bd950eed7966c63"
    },
    {
      "address": "0xf94485b7e6ce0d017e400221f98e084301d1a39c",
      "chainId": 8453,
      "decimals": 18,
      "name": "SOUL IOST",
      "symbol": "SOUL IOST",
      "type": "ERC20",
      "blockListsCount": 0,
      "exchangeListsCount": 0,
      "flagListsCount": 0,
      "importedListsCount": 0,
      "buyTax": 0,
      "sellTax": 0,
      "isInDex": true,
      "isHoneypot": false,
      "logo": "https://matcha-image-proxy.api.0x.org/images/8453/0xf94485b7e6ce0d017e400221f98e084301d1a39c"
    },
    {
      "address": "0x1449c10e1495774eba7c68efe0d739b7d6416cb4",
      "chainId": 8453,
      "decimals": 18,
      "name": "IOST SNC",
      "symbol": "IOST SNC",
      "type": "ERC20",
      "blockListsCount": 0,
      "exchangeListsCount": 0,
      "flagListsCount": 0,
      "importedListsCount": 0,
      "buyTax": 0,
      "sellTax": 0,
      "isInDex": true,
      "isHoneypot": false,
      "logo": "https://matcha-image-proxy.api.0x.org/images/8453/0x1449c10e1495774eba7c68efe0d739b7d6416cb4"
    },
    {
      "address": "0x870e066564a81172879c1a92d7656af11ae18936",
      "chainId": 8453,
      "decimals": 18,
      "name": "USD1 IOST",
      "symbol": "USD1 IOST",
      "type": "ERC20",
      "blockListsCount": 0,
      "exchangeListsCount": 0,
      "flagListsCount": 0,
      "importedListsCount": 0,
      "buyTax": 0,
      "sellTax": 0,
      "isInDex": true,
      "isHoneypot": false,
      "logo": "https://matcha-image-proxy.api.0x.org/images/8453/0x870e066564a81172879c1a92d7656af11ae18936"
    }
  ],
  "searchTime": "2025-12-30T01:57:27.774Z",
  "error": null
}