{
  "originalSymbol": "YGG",
  "originalFullName": "Yield Guild Games",
  "searchedQuery": "YGG Yield Guild Games",
  "retried": false,
  "isL1": false,
  "success": true,
  "tokenCount": 15,
  "resultCount": 10000,
  "tokens": [
    {
      "address": "0xeeeeeeeeeeeeeeeeeeeeeeeeeeeeeeeeeeeeeeee",
      "chainId": 56,
      "decimals": 18,
      "name": "BNB",
      "symbol": "BNB",
      "type": "Native",
      "hasLogo": true,
      "blockListsCount": 0,
      "exchangeListsCount": 0,
      "flagListsCount": 0,
      "importedListsCount": 0,
      "transactionsHourly": 287,
      "transactionsDaily": 9190,
      "transactionsWeekly": 56849,
      "transactionsMonthly": 306154,
      "volumeUsdHourly": 57227.489224341145,
      "volumeUsdDaily": 2125157.131270839,
      "volumeUsdWeekly": 11012494.516924333,
      "volumeUsdMonthly": 57247382.6367815,
      "logo": "https://matcha-image-proxy.api.0x.org/images/56/0xeeeeeeeeeeeeeeeeeeeeeeeeeeeeeeeeeeeeeeee"
    },
    {
      "address": "0x5d3a1ff2b6bab83b63cd9ad0787074081a52ef34",
      "chainId": 9745,
      "decimals": 18,
      "name": "USDe",
      "symbol": "USDe",
      "type": "ERC20",
      "hasLogo": true,
      "blockListsCount": 0,
      "exchangeListsCount": 0,
      "flagListsCount": 0,
      "importedListsCount": 2,
      "manualUnblock": false,
      "transactionsHourly": 1,
      "transactionsDaily": 10,
      "transactionsWeekly": 57,
      "transactionsMonthly": 260,
      "volumeUsdHourly": 1152.53439236466,
      "volumeUsdDaily": 2461.803333621795,
      "volumeUsdWeekly": 448940.2204179162,
      "volumeUsdMonthly": 2118852.489141657,
      "logo": "https://matcha-image-proxy.api.0x.org/images/9745/0x5d3a1ff2b6bab83b63cd9ad0787074081a52ef34"
    },
    {
      "address": "0x4c9edd5852cd905f086c759e8383e09bff1e68b3",
      "chainId": 1,
      "decimals": 18,
      "name": "USDe",
      "symbol": "USDe",
      "type": "ERC20",
      "hasLogo": true,
      "blockListsCount": 0,
      "exchangeListsCount": 0,
      "flagListsCount": 0,
      "importedListsCount": 2,
      "buyTax": 0,
      "sellTax": 0,
      "isInDex": true,
      "isHoneypot": false,
      "manualUnblock": false,
      "transactionsHourly": 2,
      "transactionsDaily": 138,
      "transactionsWeekly": 775,
      "transactionsMonthly": 4441,
      "volumeUsdHourly": 4495.883255990164,
      "volumeUsdDaily": 1690758.9007457923,
      "volumeUsdWeekly": 15151214.223795936,
      "volumeUsdMonthly": 156186757.6876361,
      "logo": "https://matcha-image-proxy.api.0x.org/images/1/0x4c9edd5852cd905f086c759e8383e09bff1e68b3"
    },
    {
      "address": "0x5d3a1ff2b6bab83b63cd9ad0787074081a52ef34",
      "chainId": 8453,
      "decimals": 18,
      "name": "USDe",
      "symbol": "USDe",
      "type": "ERC20",
      "hasLogo": true,
      "blockListsCount": 0,
      "exchangeListsCount": 0,
      "flagListsCount": 0,
      "importedListsCount": 1,
      "buyTax": 0,
      "sellTax": 0,
      "isInDex": true,
      "isHoneypot": false,
      "manualUnblock": false,
      "transactionsHourly": 17,
      "transactionsDaily": 435,
      "transactionsWeekly": 6020,
      "transactionsMonthly": 22457,
      "volumeUsdHourly": 1261.6225220933911,
      "volumeUsdDaily": 9019.00541500291,
      "volumeUsdWeekly": 106543.60725098524,
      "volumeUsdMonthly": 1131440.7486015486,
      "logo": "https://matcha-image-proxy.api.0x.org/images/8453/0x5d3a1ff2b6bab83b63cd9ad0787074081a52ef34"
    },
    {
      "address": "0x0c880f6761f1af8d9aa9c466984b80dab9a8c9e8",
      "chainId": 42161,
      "decimals": 18,
      "name": "Pendle",
      "symbol": "PENDLE",
      "type": "ERC20",
      "hasLogo": true,
      "blockListsCount": 0,
      "exchangeListsCount": 0,
      "flagListsCount": 0,
      "importedListsCount": 2,
      "buyTax": 0,
      "sellTax": 0,
      "isInDex": true,
      "isHoneypot": false,
      "manualUnblock": false,
      "transactionsHourly": 2,
      "transactionsDaily": 195,
      "transactionsWeekly": 855,
      "transactionsMonthly": 2189,
      "volumeUsdHourly": 205.5659765901725,
      "volumeUsdDaily": 189054.0056429404,
      "volumeUsdWeekly": 574597.4344733419,
      "volumeUsdMonthly": 1305686.240605231,
      "logo": "https://matcha-image-proxy.api.0x.org/images/42161/0x0c880f6761f1af8d9aa9c466984b80dab9a8c9e8"
    },
    {
      "address": "0x11cdb42b0eb46d95f990bedd4695a6e3fa034978",
      "chainId": 42161,
      "decimals": 18,
      "name": "Curve DAO Token",
      "symbol": "CRV",
      "type": "ERC20",
      "hasLogo": true,
      "blockListsCount": 0,
      "exchangeListsCount": 0,
      "flagListsCount": 0,
      "importedListsCount": 2,
      "buyTax": 0,
      "sellTax": 0,
      "isInDex": true,
      "isHoneypot": false,
      "manualUnblock": false,
      "transactionsHourly": 2,
      "transactionsDaily": 7,
      "transactionsWeekly": 45,
      "transactionsMonthly": 233,
      "volumeUsdHourly": 29.96410912354023,
      "volumeUsdDaily": 153.96637263581175,
      "volumeUsdWeekly": 1838.1655035074143,
      "volumeUsdMonthly": 59235.83660476875,
      "logo": "https://matcha-image-proxy.api.0x.org/images/42161/0x11cdb42b0eb46d95f990bedd4695a6e3fa034978"
    },
    {
      "address": "0xfaba6f8e4a5e8ab82f62fe7c39859fa577269be3",
      "chainId": 1,
      "decimals": 18,
      "name": "Ondo",
      "symbol": "ONDO",
      "type": "ERC20",
      "hasLogo": true,
      "blockListsCount": 0,
      "exchangeListsCount": 0,
      "flagListsCount": 0,
      "importedListsCount": 3,
      "buyTax": 0,
      "sellTax": 0,
      "isInDex": true,
      "isHoneypot": false,
      "manualUnblock": false,
      "transactionsHourly": 2,
      "transactionsDaily": 49,
      "transactionsWeekly": 329,
      "transactionsMonthly": 1789,
      "volumeUsdHourly": 433.7885432312898,
      "volumeUsdDaily": 27130.834062813225,
      "volumeUsdWeekly": 212554.58462127784,
      "volumeUsdMonthly": 2046617.654087864,
      "logo": "https://matcha-image-proxy.api.0x.org/images/1/0xfaba6f8e4a5e8ab82f62fe7c39859fa577269be3"
    },
    {
      "address": "0x01791f726b4103694969820be083196cc7c045ff",
      "chainId": 1,
      "decimals": 18,
      "name": "Yield Basis",
      "symbol": "YB",
      "type": "ERC20",
      "hasLogo": true,
      "blockListsCount": 0,
      "exchangeListsCount": 0,
      "flagListsCount": 0,
      "importedListsCount": 3,
      "buyTax": 0,
      "sellTax": 0,
      "isInDex": true,
      "isHoneypot": false,
      "manualUnblock": false,
      "transactionsHourly": 1,
      "transactionsDaily": 10,
      "transactionsWeekly": 73,
      "transactionsMonthly": 376,
      "volumeUsdHourly": 6.85616499006189,
      "volumeUsdDaily": 13111.341846476733,
      "volumeUsdWeekly": 84232.42683171072,
      "volumeUsdMonthly": 818163.7778927435,
      "logo": "https://matcha-image-proxy.api.0x.org/images/1/0x01791f726b4103694969820be083196cc7c045ff"
    },
    {
      "address": "0xae7ab96520de3a18e5e111b5eaab095312d7fe84",
      "chainId": 1,
      "decimals": 18,
      "name": "Liquid staked Ether 2.0",
      "symbol": "stETH",
      "type": "ERC20",
      "hasLogo": true,
      "blockListsCount": 0,
      "exchangeListsCount": 0,
      "flagListsCount": 0,
      "importedListsCount": 2,
      "buyTax": 0,
      "sellTax": 0,
      "isInDex": true,
      "isHoneypot": false,
      "manualUnblock": false,
      "transactionsHourly": 1,
      "transactionsDaily": 39,
      "transactionsWeekly": 267,
      "transactionsMonthly": 1210,
      "volumeUsdHourly": 292689.317331129,
      "volumeUsdDaily": 319498.00660027587,
      "volumeUsdWeekly": 2410637.5309676426,
      "volumeUsdMonthly": 38786512.10362656,
      "logo": "https://matcha-image-proxy.api.0x.org/images/1/0xae7ab96520de3a18e5e111b5eaab095312d7fe84"
    },
    {
      "address": "0xbaa5cc21fd487b8fcc2f632f3f4e8d37262a0842",
      "chainId": 8453,
      "decimals": 18,
      "name": "Morpho Token",
      "symbol": "MORPHO",
      "type": "ERC20",
      "hasLogo": true,
      "blockListsCount": 0,
      "exchangeListsCount": 1,
      "flagListsCount": 0,
      "importedListsCount": 2,
      "buyTax": 0,
      "sellTax": 0,
      "isInDex": true,
      "isHoneypot": false,
      "manualUnblock": false,
      "transactionsHourly": 5,
      "transactionsDaily": 306,
      "transactionsWeekly": 2720,
      "transactionsMonthly": 12694,
      "volumeUsdHourly": 9.408910933413528,
      "volumeUsdDaily": 5953.142384084943,
      "volumeUsdWeekly": 90616.6920953274,
      "volumeUsdMonthly": 1300816.046785039,
      "logo": "https://matcha-image-proxy.api.0x.org/images/8453/0xbaa5cc21fd487b8fcc2f632f3f4e8d37262a0842"
    },
    {
      "address": "0x0bc529c00c6401aef6d220be8c6ea1667f6ad93e",
      "chainId": 1,
      "decimals": 18,
      "name": "yearn.finance",
      "symbol": "YFI",
      "type": "ERC20",
      "hasLogo": true,
      "blockListsCount": 0,
      "exchangeListsCount": 1,
      "flagListsCount": 0,
      "importedListsCount": 7,
      "buyTax": 0,
      "sellTax": 0,
      "isInDex": true,
      "isHoneypot": false,
      "manualUnblock": false,
      "transactionsHourly": 1,
      "transactionsDaily": 5,
      "transactionsWeekly": 28,
      "transactionsMonthly": 96,
      "volumeUsdHourly": 501.578010097825,
      "volumeUsdDaily": 4933.874645638041,
      "volumeUsdWeekly": 9343.736974263176,
      "volumeUsdMonthly": 51133.34720466654,
      "logo": "https://matcha-image-proxy.api.0x.org/images/1/0x0bc529c00c6401aef6d220be8c6ea1667f6ad93e"
    },
    {
      "address": "0x25f8087ead173b73d6e8b84329989a8eea16cf73",
      "chainId": 1,
      "decimals": 18,
      "name": "Yield Guild Games Token",
      "symbol": "YGG",
      "type": "ERC20",
      "hasLogo": true,
      "blockListsCount": 0,
      "exchangeListsCount": 0,
      "flagListsCount": 0,
      "importedListsCount": 4,
      "buyTax": 0,
      "sellTax": 0,
      "isInDex": true,
      "isHoneypot": false,
      "manualUnblock": false,
      "transactionsHourly": 1,
      "transactionsDaily": 4,
      "transactionsWeekly": 32,
      "transactionsMonthly": 98,
      "volumeUsdHourly": 4.995544395061,
      "volumeUsdDaily": 234.49501729037567,
      "volumeUsdWeekly": 31306.57543575832,
      "volumeUsdMonthly": 46494.31074164177,
      "logo": "https://matcha-image-proxy.api.0x.org/images/1/0x25f8087ead173b73d6e8b84329989a8eea16cf73"
    },
    {
      "address": "0x5d3a1ff2b6bab83b63cd9ad0787074081a52ef34",
      "chainId": 42161,
      "decimals": 18,
      "name": "USDe",
      "symbol": "USDe",
      "type": "ERC20",
      "hasLogo": true,
      "blockListsCount": 0,
      "exchangeListsCount": 0,
      "flagListsCount": 0,
      "importedListsCount": 1,
      "buyTax": null,
      "sellTax": null,
      "isInDex": true,
      "isHoneypot": false,
      "manualUnblock": false,
      "transactionsHourly": 1,
      "transactionsDaily": 41,
      "transactionsWeekly": 237,
      "transactionsMonthly": 1552,
      "volumeUsdHourly": 2295.82620731309,
      "volumeUsdDaily": 22102.572221574796,
      "volumeUsdWeekly": 328310.74519876053,
      "volumeUsdMonthly": 2372119.5310276793,
      "logo": "https://matcha-image-proxy.api.0x.org/images/42161/0x5d3a1ff2b6bab83b63cd9ad0787074081a52ef34"
    },
    {
      "address": "0xb3b32f9f8827d4634fe7d973fa1034ec9fddb3b3",
      "chainId": 8453,
      "decimals": 18,
      "name": "B3",
      "symbol": "B3",
      "type": "ERC20",
      "hasLogo": true,
      "blockListsCount": 0,
      "exchangeListsCount": 0,
      "flagListsCount": 0,
      "importedListsCount": 2,
      "buyTax": 0,
      "sellTax": 0,
      "isInDex": true,
      "isHoneypot": false,
      "manualUnblock": false,
      "transactionsHourly": 77,
      "transactionsDaily": 968,
      "transactionsWeekly": 5501,
      "transactionsMonthly": 16431,
      "volumeUsdHourly": 1753.4323144581583,
      "volumeUsdDaily": 49845.347512374574,
      "volumeUsdWeekly": 305989.14442326484,
      "volumeUsdMonthly": 901463.234547315,
      "logo": "https://matcha-image-proxy.api.0x.org/images/8453/0xb3b32f9f8827d4634fe7d973fa1034ec9fddb3b3"
    },
    {
      "address": "0x532f27101965dd16442e59d40670faf5ebb142e4",
      "chainId": 8453,
      "decimals": 18,
      "name": "Brett",
      "symbol": "BRETT",
      "type": "ERC20",
      "hasLogo": true,
      "blockListsCount": 0,
      "exchangeListsCount": 0,
      "flagListsCount": 0,
      "importedListsCount": 1,
      "buyTax": 0,
      "sellTax": 0,
      "isInDex": true,
      "isHoneypot": false,
      "manualUnblock": false,
      "transactionsHourly": 14,
      "transactionsDaily": 393,
      "transactionsWeekly": 3805,
      "transactionsMonthly": 17151,
      "volumeUsdHourly": 5254.00098973257,
      "volumeUsdDaily": 33717.84632277612,
      "volumeUsdWeekly": 856379.8610153093,
      "volumeUsdMonthly": 3810107.849586768,
      "logo": "https://matcha-image-proxy.api.0x.org/images/8453/0x532f27101965dd16442e59d40670faf5ebb142e4"
    }
  ],
  "searchTime": "2025-12-30T01:57:39.990Z",
  "error": null
}