{
  "originalSymbol": "UNI",
  "originalFullName": "Uniswap",
  "searchedQuery": "UNI Uniswap",
  "retried": false,
  "isL1": false,
  "success": true,
  "tokenCount": 15,
  "resultCount": 10000,
  "tokens": [
    {
      "address": "0xfa7f8980b0f1e64a2062791cc3b0871572f1f7f0",
      "chainId": 42161,
      "decimals": 18,
      "name": "Uniswap",
      "symbol": "UNI",
      "type": "ERC20",
      "hasLogo": true,
      "blockListsCount": 0,
      "exchangeListsCount": 0,
      "flagListsCount": 0,
      "importedListsCount": 2,
      "buyTax": 0,
      "sellTax": 0,
      "isInDex": true,
      "isHoneypot": false,
      "manualUnblock": false,
      "transactionsHourly": 2,
      "transactionsDaily": 101,
      "transactionsWeekly": 1202,
      "transactionsMonthly": 1803,
      "volumeUsdHourly": 590.082940316343,
      "volumeUsdDaily": 38892.34413712975,
      "volumeUsdWeekly": 355187.11187939526,
      "volumeUsdMonthly": 658836.3070688229,
      "logo": "https://matcha-image-proxy.api.0x.org/images/42161/0xfa7f8980b0f1e64a2062791cc3b0871572f1f7f0"
    },
    {
      "address": "0x1f9840a85d5af5bf1d1762f925bdaddc4201f984",
      "chainId": 1,
      "decimals": 18,
      "name": "Uniswap",
      "symbol": "UNI",
      "type": "ERC20",
      "hasLogo": true,
      "blockListsCount": 0,
      "exchangeListsCount": 1,
      "flagListsCount": 0,
      "importedListsCount": 8,
      "buyTax": 0,
      "sellTax": 0,
      "isInDex": true,
      "isHoneypot": false,
      "manualUnblock": false,
      "transactionsHourly": 4,
      "transactionsDaily": 60,
      "transactionsWeekly": 356,
      "transactionsMonthly": 1551,
      "volumeUsdHourly": 402.83889949109255,
      "volumeUsdDaily": 756857.855984854,
      "volumeUsdWeekly": 2526494.1651270855,
      "volumeUsdMonthly": 15431375.499667613,
      "logo": "https://matcha-image-proxy.api.0x.org/images/1/0x1f9840a85d5af5bf1d1762f925bdaddc4201f984"
    },
    {
      "address": "0xbf5140a22578168fd562dccf235e5d43a02ce9b1",
      "chainId": 56,
      "decimals": 18,
      "name": "Uniswap",
      "symbol": "UNI",
      "type": "ERC20",
      "hasLogo": true,
      "issuer": {
        "name": "binance",
        "metadata": {}
      },
      "blockListsCount": 0,
      "exchangeListsCount": 0,
      "flagListsCount": 0,
      "importedListsCount": 2,
      "buyTax": 0,
      "sellTax": 0,
      "isInDex": true,
      "isHoneypot": false,
      "manualUnblock": false,
      "transactionsHourly": 2,
      "transactionsDaily": 10,
      "transactionsWeekly": 77,
      "transactionsMonthly": 368,
      "volumeUsdHourly": 175.5526460283722,
      "volumeUsdDaily": 3419.1306676717654,
      "volumeUsdWeekly": 14332.45385026724,
      "volumeUsdMonthly": 86668.02995296783,
      "logo": "https://matcha-image-proxy.api.0x.org/images/56/0xbf5140a22578168fd562dccf235e5d43a02ce9b1"
    },
    {
      "address": "0xb33eaad8d922b1083446dc23f610c2567fb5180f",
      "chainId": 137,
      "decimals": 18,
      "name": "Uniswap (PoS)",
      "symbol": "UNI",
      "type": "ERC20",
      "hasLogo": true,
      "blockListsCount": 0,
      "exchangeListsCount": 0,
      "flagListsCount": 0,
      "importedListsCount": 2,
      "buyTax": 0,
      "sellTax": 0,
      "isInDex": true,
      "isHoneypot": false,
      "manualUnblock": false,
      "transactionsHourly": 5,
      "transactionsDaily": 11,
      "transactionsWeekly": 199,
      "transactionsMonthly": 662,
      "volumeUsdHourly": 4.161728898032059,
      "volumeUsdDaily": 117.2173291618731,
      "volumeUsdWeekly": 4125.56820339835,
      "volumeUsdMonthly": 16580.80457753485,
      "logo": "https://matcha-image-proxy.api.0x.org/images/137/0xb33eaad8d922b1083446dc23f610c2567fb5180f"
    },
    {
      "address": "0x912ce59144191c1204e64559fe8253a0e49e6548",
      "chainId": 42161,
      "decimals": 18,
      "name": "Arbitrum",
      "symbol": "ARB",
      "type": "ERC20",
      "hasLogo": true,
      "blockListsCount": 0,
      "exchangeListsCount": 1,
      "flagListsCount": 0,
      "importedListsCount": 2,
      "buyTax": 0,
      "sellTax": 0,
      "isInDex": true,
      "isHoneypot": false,
      "manualUnblock": false,
      "transactionsHourly": 4,
      "transactionsDaily": 162,
      "transactionsWeekly": 1222,
      "transactionsMonthly": 7173,
      "volumeUsdHourly": 87.90373115355268,
      "volumeUsdDaily": 21903.97191647126,
      "volumeUsdWeekly": 301558.7807484356,
      "volumeUsdMonthly": 2223108.550428171,
      "logo": "https://matcha-image-proxy.api.0x.org/images/42161/0x912ce59144191c1204e64559fe8253a0e49e6548"
    },
    {
      "address": "0x8f187aa05619a017077f5308904739877ce9ea21",
      "chainId": 130,
      "decimals": 18,
      "name": "Uniswap",
      "symbol": "UNI",
      "type": "ERC20",
      "hasLogo": true,
      "blockListsCount": 0,
      "exchangeListsCount": 0,
      "flagListsCount": 0,
      "importedListsCount": 3,
      "buyTax": 0,
      "sellTax": 0,
      "isInDex": true,
      "isHoneypot": false,
      "manualUnblock": false,
      "transactionsHourly": 2,
      "transactionsDaily": 29,
      "transactionsWeekly": 802,
      "transactionsMonthly": 3414,
      "volumeUsdHourly": 5.89195255788521,
      "volumeUsdDaily": 2940.045965499123,
      "volumeUsdWeekly": 7508.326937779854,
      "volumeUsdMonthly": 85994.51485482734,
      "logo": "https://matcha-image-proxy.api.0x.org/images/130/0x8f187aa05619a017077f5308904739877ce9ea21"
    },
    {
      "address": "0xdcf5130274753c8050ab061b1a1dcbf583f5bfd0",
      "chainId": 8453,
      "decimals": 18,
      "name": "ViciCoin",
      "symbol": "VCNT",
      "type": "ERC20",
      "hasLogo": true,
      "blockListsCount": 0,
      "exchangeListsCount": 0,
      "flagListsCount": 0,
      "importedListsCount": 1,
      "buyTax": 0,
      "sellTax": 0,
      "isInDex": true,
      "isHoneypot": false,
      "manualUnblock": false,
      "transactionsHourly": 4,
      "transactionsDaily": 1368,
      "transactionsWeekly": 36087,
      "transactionsMonthly": 108017,
      "volumeUsdHourly": 59.16789232592332,
      "volumeUsdDaily": 23271.088289215233,
      "volumeUsdWeekly": 556510.4641030937,
      "volumeUsdMonthly": 1710487.0671687557,
      "logo": "https://matcha-image-proxy.api.0x.org/images/8453/0xdcf5130274753c8050ab061b1a1dcbf583f5bfd0"
    },
    {
      "address": "0x6fd9d7ad17242c41f7131d257212c54a0e816691",
      "chainId": 10,
      "decimals": 18,
      "name": "Uniswap",
      "symbol": "UNI",
      "type": "ERC20",
      "hasLogo": true,
      "blockListsCount": 0,
      "exchangeListsCount": 0,
      "flagListsCount": 0,
      "importedListsCount": 3,
      "buyTax": null,
      "sellTax": null,
      "isInDex": true,
      "isHoneypot": false,
      "manualUnblock": false,
      "transactionsHourly": 3,
      "transactionsDaily": 16,
      "transactionsWeekly": 28,
      "transactionsMonthly": 1023,
      "volumeUsdHourly": 59.9891626993782,
      "volumeUsdDaily": 965.4409957613312,
      "volumeUsdWeekly": 1709.7075730915535,
      "volumeUsdMonthly": 4340.697811593426,
      "logo": "https://matcha-image-proxy.api.0x.org/images/10/0x6fd9d7ad17242c41f7131d257212c54a0e816691"
    },
    {
      "address": "0x604d0298c9a4e83744acaca3359214f314aa58a7",
      "chainId": 8453,
      "decimals": 18,
      "name": "UNI (Uniswap)",
      "symbol": "UNI (Uniswap)",
      "type": "ERC20",
      "issuer": {
        "name": "zora",
        "metadata": {}
      },
      "blockListsCount": 0,
      "exchangeListsCount": 0,
      "flagListsCount": 0,
      "importedListsCount": 0,
      "logo": "https://matcha-image-proxy.api.0x.org/images/8453/0x604d0298c9a4e83744acaca3359214f314aa58a7"
    },
    {
      "address": "0x111111111117dc0aa78b770fa6a738034120c302",
      "chainId": 1,
      "decimals": 18,
      "name": "1INCH Token",
      "symbol": "1INCH",
      "type": "ERC20",
      "hasLogo": true,
      "blockListsCount": 0,
      "exchangeListsCount": 1,
      "flagListsCount": 0,
      "importedListsCount": 5,
      "buyTax": 0,
      "sellTax": 0,
      "isInDex": true,
      "isHoneypot": false,
      "manualUnblock": false,
      "transactionsHourly": 1,
      "transactionsDaily": 10,
      "transactionsWeekly": 73,
      "transactionsMonthly": 334,
      "volumeUsdHourly": 20.5341568251105,
      "volumeUsdDaily": 267.84173402592444,
      "volumeUsdWeekly": 7438.301515135045,
      "volumeUsdMonthly": 88864.61493805263,
      "logo": "https://matcha-image-proxy.api.0x.org/images/1/0x111111111117dc0aa78b770fa6a738034120c302"
    },
    {
      "address": "0x11cdb42b0eb46d95f990bedd4695a6e3fa034978",
      "chainId": 42161,
      "decimals": 18,
      "name": "Curve DAO Token",
      "symbol": "CRV",
      "type": "ERC20",
      "hasLogo": true,
      "blockListsCount": 0,
      "exchangeListsCount": 0,
      "flagListsCount": 0,
      "importedListsCount": 2,
      "buyTax": 0,
      "sellTax": 0,
      "isInDex": true,
      "isHoneypot": false,
      "manualUnblock": false,
      "transactionsHourly": 2,
      "transactionsDaily": 7,
      "transactionsWeekly": 45,
      "transactionsMonthly": 233,
      "volumeUsdHourly": 29.96410912354023,
      "volumeUsdDaily": 153.96637263581175,
      "volumeUsdWeekly": 1838.1655035074143,
      "volumeUsdMonthly": 59235.83660476875,
      "logo": "https://matcha-image-proxy.api.0x.org/images/42161/0x11cdb42b0eb46d95f990bedd4695a6e3fa034978"
    },
    {
      "address": "6SCqtHm6kxUzCWA6ENJc4im52hqPkjXer263q8xN9f4E",
      "chainId": 1399811149,
      "decimals": 6,
      "name": "Uni",
      "symbol": "Uni",
      "type": "SPL-Token",
      "blockListsCount": 0,
      "exchangeListsCount": 0,
      "flagListsCount": 0,
      "importedListsCount": 0,
      "transactionsDaily": 383,
      "transactionsWeekly": 383,
      "transactionsMonthly": 383,
      "volumeUsdDaily": 12355.474885217678,
      "volumeUsdWeekly": 12355.474885217678,
      "volumeUsdMonthly": 12355.474885217678,
      "logo": "https://matcha-image-proxy.api.0x.org/images/1399811149/6SCqtHm6kxUzCWA6ENJc4im52hqPkjXer263q8xN9f4E"
    },
    {
      "address": "0xb166e8b140d35d9d8226e40c09f757bac5a4d87d",
      "chainId": 8453,
      "decimals": 18,
      "name": "Non-Playable Coin",
      "symbol": "NPC",
      "type": "ERC20",
      "hasLogo": true,
      "blockListsCount": 0,
      "exchangeListsCount": 0,
      "flagListsCount": 0,
      "importedListsCount": 1,
      "buyTax": 0,
      "sellTax": 0,
      "isInDex": true,
      "isHoneypot": false,
      "manualUnblock": false,
      "transactionsHourly": 2,
      "transactionsDaily": 31,
      "transactionsWeekly": 3562,
      "transactionsMonthly": 9916,
      "volumeUsdHourly": 125.7389404512695,
      "volumeUsdDaily": 1097.2214168892035,
      "volumeUsdWeekly": 48073.4155978184,
      "volumeUsdMonthly": 183073.38669015255,
      "logo": "https://matcha-image-proxy.api.0x.org/images/8453/0xb166e8b140d35d9d8226e40c09f757bac5a4d87d"
    },
    {
      "address": "0xd533a949740bb3306d119cc777fa900ba034cd52",
      "chainId": 1,
      "decimals": 18,
      "name": "Curve DAO Token",
      "symbol": "CRV",
      "type": "ERC20",
      "hasLogo": true,
      "blockListsCount": 0,
      "exchangeListsCount": 0,
      "flagListsCount": 0,
      "importedListsCount": 6,
      "buyTax": 0,
      "sellTax": 0,
      "isInDex": true,
      "isHoneypot": false,
      "manualUnblock": false,
      "transactionsHourly": 4,
      "transactionsDaily": 21,
      "transactionsWeekly": 157,
      "transactionsMonthly": 602,
      "volumeUsdHourly": 1666.963886585717,
      "volumeUsdDaily": 128008.4397642293,
      "volumeUsdWeekly": 265189.5791363956,
      "volumeUsdMonthly": 1766329.7604036364,
      "logo": "https://matcha-image-proxy.api.0x.org/images/1/0xd533a949740bb3306d119cc777fa900ba034cd52"
    },
    {
      "address": "0x8ee73c484a26e0a5df2ee2a4960b789967dd0415",
      "chainId": 8453,
      "decimals": 18,
      "name": "Curve DAO Token",
      "symbol": "CRV",
      "type": "ERC20",
      "hasLogo": true,
      "blockListsCount": 0,
      "exchangeListsCount": 0,
      "flagListsCount": 0,
      "importedListsCount": 3,
      "buyTax": 0,
      "sellTax": 0,
      "isInDex": true,
      "isHoneypot": false,
      "manualUnblock": false,
      "transactionsHourly": 4,
      "transactionsDaily": 143,
      "transactionsWeekly": 1349,
      "transactionsMonthly": 5342,
      "volumeUsdHourly": 4.657445126380208,
      "volumeUsdDaily": 434.4441438780058,
      "volumeUsdWeekly": 13913.154324964176,
      "volumeUsdMonthly": 52285.464713500136,
      "logo": "https://matcha-image-proxy.api.0x.org/images/8453/0x8ee73c484a26e0a5df2ee2a4960b789967dd0415"
    }
  ],
  "searchTime": "2025-12-30T01:56:57.564Z",
  "error": null
}