{
  "originalSymbol": "ORBS",
  "originalFullName": "Orbs",
  "searchedQuery": "ORBS Orbs",
  "retried": false,
  "isL1": false,
  "success": true,
  "tokenCount": 15,
  "resultCount": 1072,
  "tokens": [
    {
      "address": "0x163f8c2467924be0ae7b5347228cabf260318753",
      "chainId": 1,
      "decimals": 18,
      "name": "Worldcoin",
      "symbol": "WLD",
      "type": "ERC20",
      "hasLogo": true,
      "blockListsCount": 0,
      "exchangeListsCount": 0,
      "flagListsCount": 0,
      "importedListsCount": 3,
      "buyTax": 0,
      "sellTax": 0,
      "isInDex": true,
      "isHoneypot": false,
      "manualUnblock": false,
      "transactionsHourly": 1,
      "transactionsDaily": 17,
      "transactionsWeekly": 114,
      "transactionsMonthly": 539,
      "volumeUsdHourly": 22.4157643543831,
      "volumeUsdDaily": 12822.917098688513,
      "volumeUsdWeekly": 66674.48758912721,
      "volumeUsdMonthly": 357226.8114961748,
      "logo": "https://matcha-image-proxy.api.0x.org/images/1/0x163f8c2467924be0ae7b5347228cabf260318753"
    },
    {
      "address": "0x8f4535bdc77c29fbb49782f4ea78d7d03edbabfe",
      "chainId": 130,
      "decimals": 18,
      "name": "Orbs ORBS",
      "symbol": "Orbs ORBS",
      "type": "ERC20",
      "blockListsCount": 0,
      "exchangeListsCount": 0,
      "flagListsCount": 0,
      "importedListsCount": 0,
      "logo": "https://matcha-image-proxy.api.0x.org/images/130/0x8f4535bdc77c29fbb49782f4ea78d7d03edbabfe"
    },
    {
      "address": "0x32fd649ae6a7314915513f026294e77ea43ec980",
      "chainId": 130,
      "decimals": 18,
      "name": "Orbs ORBS",
      "symbol": "Orbs ORBS",
      "type": "ERC20",
      "blockListsCount": 0,
      "exchangeListsCount": 0,
      "flagListsCount": 0,
      "importedListsCount": 0,
      "logo": "https://matcha-image-proxy.api.0x.org/images/130/0x32fd649ae6a7314915513f026294e77ea43ec980"
    },
    {
      "address": "0x43a8cab15d06d3a5fe5854d714c37e7e9246f170",
      "chainId": 56,
      "decimals": 18,
      "name": "Orbs",
      "symbol": "ORBS",
      "type": "ERC20",
      "hasLogo": true,
      "blockListsCount": 0,
      "exchangeListsCount": 0,
      "flagListsCount": 0,
      "importedListsCount": 1,
      "buyTax": 0,
      "sellTax": 0,
      "isInDex": true,
      "isHoneypot": false,
      "manualUnblock": false,
      "transactionsHourly": 1,
      "transactionsDaily": 1,
      "transactionsWeekly": 11,
      "transactionsMonthly": 33,
      "volumeUsdHourly": 799.402897450703,
      "volumeUsdDaily": 799.402897450703,
      "volumeUsdWeekly": 2446.348360234456,
      "volumeUsdMonthly": 11799.017138247364,
      "logo": "https://matcha-image-proxy.api.0x.org/images/56/0x43a8cab15d06d3a5fe5854d714c37e7e9246f170"
    },
    {
      "address": "0xea03507092c7333814a51da69d3dfe86f9cad87a",
      "chainId": 130,
      "decimals": 18,
      "name": "Orbs ORBS",
      "symbol": "Orbs ORBS",
      "type": "ERC20",
      "blockListsCount": 0,
      "exchangeListsCount": 0,
      "flagListsCount": 0,
      "importedListsCount": 0,
      "logo": "https://matcha-image-proxy.api.0x.org/images/130/0xea03507092c7333814a51da69d3dfe86f9cad87a"
    },
    {
      "address": "0x76d2d09fbf020c7e7e470f5866b140afe44ce2c7",
      "chainId": 8453,
      "decimals": 18,
      "name": "Orbs ORBS 2026",
      "symbol": "Orbs ORBS",
      "type": "ERC20",
      "blockListsCount": 0,
      "exchangeListsCount": 0,
      "flagListsCount": 0,
      "importedListsCount": 0,
      "logo": "https://matcha-image-proxy.api.0x.org/images/8453/0x76d2d09fbf020c7e7e470f5866b140afe44ce2c7"
    },
    {
      "address": "0x5d6dd28a266ecc05670d045cbbcd46e6ed6ae796",
      "chainId": 8453,
      "decimals": 18,
      "name": "Orbs ORBS Reserve",
      "symbol": "Orbs ORBS Reserve",
      "type": "ERC20",
      "blockListsCount": 0,
      "exchangeListsCount": 0,
      "flagListsCount": 0,
      "importedListsCount": 0,
      "logo": "https://matcha-image-proxy.api.0x.org/images/8453/0x5d6dd28a266ecc05670d045cbbcd46e6ed6ae796"
    },
    {
      "address": "0x1f14e7e5d1ae53c5edf9620dc14c3c97bd15d6e3",
      "chainId": 8453,
      "decimals": 18,
      "name": "Orbs ORBS - Free",
      "symbol": "Orbs ORBS - Free",
      "type": "ERC20",
      "blockListsCount": 0,
      "exchangeListsCount": 0,
      "flagListsCount": 0,
      "importedListsCount": 0,
      "buyTax": 0,
      "sellTax": 0,
      "isInDex": true,
      "isHoneypot": false,
      "logo": "https://matcha-image-proxy.api.0x.org/images/8453/0x1f14e7e5d1ae53c5edf9620dc14c3c97bd15d6e3"
    },
    {
      "address": "0x3979964cc3d9982279deb91c15e5808ca2755994",
      "chainId": 8453,
      "decimals": 9,
      "name": "Trump - Orbs ORBS",
      "symbol": "Trump - Orbs ORBS",
      "type": "ERC20",
      "blockListsCount": 0,
      "exchangeListsCount": 0,
      "flagListsCount": 0,
      "importedListsCount": 0,
      "buyTax": 0,
      "sellTax": 0,
      "isInDex": true,
      "isHoneypot": false,
      "logo": "https://matcha-image-proxy.api.0x.org/images/8453/0x3979964cc3d9982279deb91c15e5808ca2755994"
    },
    {
      "address": "0x70fe11aff16f3b9f36b271d815e8ad30f13b6665",
      "chainId": 130,
      "decimals": 18,
      "name": "Orbs ORBS V3",
      "symbol": "Orbs ORBS V3",
      "type": "ERC20",
      "blockListsCount": 0,
      "exchangeListsCount": 0,
      "flagListsCount": 0,
      "importedListsCount": 0,
      "logo": "https://matcha-image-proxy.api.0x.org/images/130/0x70fe11aff16f3b9f36b271d815e8ad30f13b6665"
    },
    {
      "address": "0x311281a1027dd8ab8170368d78117db5d115cf18",
      "chainId": 130,
      "decimals": 18,
      "name": "Orbs ORBS AI",
      "symbol": "Orbs ORBS AI",
      "type": "ERC20",
      "blockListsCount": 0,
      "exchangeListsCount": 0,
      "flagListsCount": 0,
      "importedListsCount": 0,
      "logo": "https://matcha-image-proxy.api.0x.org/images/130/0x311281a1027dd8ab8170368d78117db5d115cf18"
    },
    {
      "address": "0x4b3c59d0a216c4cdfd607886a2832e974a7b1f5d",
      "chainId": 8453,
      "decimals": 18,
      "name": "Orbs ORBS V2",
      "symbol": "Orbs ORBS V2",
      "type": "ERC20",
      "blockListsCount": 0,
      "exchangeListsCount": 0,
      "flagListsCount": 0,
      "importedListsCount": 0,
      "buyTax": 0,
      "sellTax": 0,
      "isInDex": true,
      "isHoneypot": false,
      "logo": "https://matcha-image-proxy.api.0x.org/images/8453/0x4b3c59d0a216c4cdfd607886a2832e974a7b1f5d"
    },
    {
      "address": "0x769b3bcdcff2609a9e44bef078bddd6a359da198",
      "chainId": 8453,
      "decimals": 9,
      "name": "Orbs ORBS Red",
      "symbol": "Orbs ORBS Red",
      "type": "ERC20",
      "blockListsCount": 0,
      "exchangeListsCount": 0,
      "flagListsCount": 0,
      "importedListsCount": 0,
      "buyTax": 0,
      "sellTax": 0,
      "isInDex": true,
      "isHoneypot": false,
      "logo": "https://matcha-image-proxy.api.0x.org/images/8453/0x769b3bcdcff2609a9e44bef078bddd6a359da198"
    },
    {
      "address": "0x1bcbfc6d53c445b551bd5699a2925664fc5a1769",
      "chainId": 8453,
      "decimals": 9,
      "name": "Orbs ORBS - AI",
      "symbol": "Orbs ORBS - AI",
      "type": "ERC20",
      "blockListsCount": 0,
      "exchangeListsCount": 0,
      "flagListsCount": 0,
      "importedListsCount": 0,
      "buyTax": 0,
      "sellTax": 0,
      "isInDex": true,
      "isHoneypot": false,
      "logo": "https://matcha-image-proxy.api.0x.org/images/8453/0x1bcbfc6d53c445b551bd5699a2925664fc5a1769"
    },
    {
      "address": "0x1bf69c82d221db6d2e02cf98336c085bc65ca763",
      "chainId": 130,
      "decimals": 18,
      "name": "Orbs ORBS V2",
      "symbol": "Orbs ORBS V2",
      "type": "ERC20",
      "blockListsCount": 0,
      "exchangeListsCount": 0,
      "flagListsCount": 0,
      "importedListsCount": 0,
      "logo": "https://matcha-image-proxy.api.0x.org/images/130/0x1bf69c82d221db6d2e02cf98336c085bc65ca763"
    }
  ],
  "searchTime": "2025-12-30T01:58:25.706Z",
  "error": null
}