{
  "originalSymbol": "AUCTION",
  "originalFullName": "Bounce",
  "searchedQuery": "AUCTION Bounce",
  "retried": false,
  "isL1": false,
  "success": true,
  "tokenCount": 15,
  "resultCount": 6690,
  "tokens": [
    {
      "address": "0x05af98aebec91aef2bd893614a2c333c58855012",
      "chainId": 8453,
      "decimals": 18,
      "name": "House",
      "symbol": "AUCTION",
      "type": "ERC20",
      "hasLogo": true,
      "blockListsCount": 0,
      "exchangeListsCount": 0,
      "flagListsCount": 0,
      "importedListsCount": 1,
      "isHoneypot": false,
      "manualUnblock": false,
      "transactionsHourly": 4,
      "transactionsDaily": 110,
      "transactionsWeekly": 3093,
      "transactionsMonthly": 3093,
      "volumeUsdHourly": 314.2212802529377,
      "volumeUsdDaily": 14375.38296541278,
      "volumeUsdWeekly": 612939.1194214425,
      "volumeUsdMonthly": 612939.1194214425,
      "logo": "https://matcha-image-proxy.api.0x.org/images/8453/0x05af98aebec91aef2bd893614a2c333c58855012"
    },
    {
      "address": "0x83e6f1e41cdd28eaceb20cb649155049fac3d5aa",
      "chainId": 1,
      "decimals": 18,
      "name": "PolkastarterToken",
      "symbol": "POLS",
      "type": "ERC20",
      "hasLogo": true,
      "blockListsCount": 0,
      "exchangeListsCount": 1,
      "flagListsCount": 0,
      "importedListsCount": 4,
      "buyTax": 0,
      "sellTax": 0,
      "isInDex": true,
      "isHoneypot": false,
      "manualUnblock": false,
      "transactionsHourly": 1,
      "transactionsDaily": 11,
      "transactionsWeekly": 26,
      "transactionsMonthly": 57,
      "volumeUsdHourly": 104.830976151969,
      "volumeUsdDaily": 5029.81446186159,
      "volumeUsdWeekly": 9086.22374945532,
      "volumeUsdMonthly": 19193.819077512107,
      "logo": "https://matcha-image-proxy.api.0x.org/images/1/0x83e6f1e41cdd28eaceb20cb649155049fac3d5aa"
    },
    {
      "address": "0x93cfe5286ee08455b026c290c351502b935d8b96",
      "chainId": 8453,
      "decimals": 18,
      "name": "AUCTION Bounce Token On Base",
      "symbol": "AUCTION Bounce Token On Base",
      "type": "ERC20",
      "blockListsCount": 0,
      "exchangeListsCount": 0,
      "flagListsCount": 0,
      "importedListsCount": 0,
      "logo": "https://matcha-image-proxy.api.0x.org/images/8453/0x93cfe5286ee08455b026c290c351502b935d8b96"
    },
    {
      "address": "0x514023e3672ff41fda977b73919640ddf92468c9",
      "chainId": 56,
      "decimals": 9,
      "name": "\"AUCTION Bounce Token AI Presale v2",
      "symbol": "\"AUCTION Bounce Token AI Presale v2",
      "type": "ERC20",
      "blockListsCount": 0,
      "exchangeListsCount": 0,
      "flagListsCount": 0,
      "importedListsCount": 0,
      "logo": "https://matcha-image-proxy.api.0x.org/images/56/0x514023e3672ff41fda977b73919640ddf92468c9"
    },
    {
      "address": "0x6e2a43be0b1d33b726f0ca3b8de60b3482b8b050",
      "chainId": 1,
      "decimals": 18,
      "name": "Arkham",
      "symbol": "ARKM",
      "type": "ERC20",
      "hasLogo": true,
      "blockListsCount": 0,
      "exchangeListsCount": 1,
      "flagListsCount": 0,
      "importedListsCount": 3,
      "buyTax": 0,
      "sellTax": 0,
      "isInDex": true,
      "isHoneypot": false,
      "manualUnblock": false,
      "transactionsHourly": 1,
      "transactionsDaily": 4,
      "transactionsWeekly": 25,
      "transactionsMonthly": 145,
      "volumeUsdHourly": 10.1725161751112,
      "volumeUsdDaily": 1369.0529003680967,
      "volumeUsdWeekly": 13424.55769597426,
      "volumeUsdMonthly": 58602.35800313786,
      "logo": "https://matcha-image-proxy.api.0x.org/images/1/0x6e2a43be0b1d33b726f0ca3b8de60b3482b8b050"
    },
    {
      "address": "0x7e624fa0e1c4abfd309cc15719b7e2580887f570",
      "chainId": 56,
      "decimals": 18,
      "name": "PolkastarterToken",
      "symbol": "POLS",
      "type": "ERC20",
      "hasLogo": true,
      "blockListsCount": 0,
      "exchangeListsCount": 0,
      "flagListsCount": 0,
      "importedListsCount": 2,
      "buyTax": 0,
      "sellTax": 0,
      "isInDex": true,
      "isHoneypot": false,
      "manualUnblock": false,
      "transactionsHourly": 1,
      "transactionsDaily": 1,
      "transactionsWeekly": 3,
      "transactionsMonthly": 21,
      "volumeUsdHourly": 511.59160081054,
      "volumeUsdDaily": 511.501496929675,
      "volumeUsdWeekly": 520.6815539859736,
      "volumeUsdMonthly": 2709.5332361272967,
      "logo": "https://matcha-image-proxy.api.0x.org/images/56/0x7e624fa0e1c4abfd309cc15719b7e2580887f570"
    },
    {
      "address": "0x3106a0a076bedae847652f42ef07fd58589e001f",
      "chainId": 1,
      "decimals": 18,
      "name": "Alkimi Exchange",
      "symbol": "$ADS",
      "type": "ERC20",
      "hasLogo": true,
      "blockListsCount": 0,
      "exchangeListsCount": 0,
      "flagListsCount": 0,
      "importedListsCount": 2,
      "buyTax": 0,
      "sellTax": 0,
      "isInDex": true,
      "isHoneypot": false,
      "manualUnblock": false,
      "transactionsHourly": 2,
      "transactionsDaily": 2,
      "transactionsWeekly": 3,
      "transactionsMonthly": 13,
      "volumeUsdHourly": 444.801312803085,
      "volumeUsdDaily": 454.290888850526,
      "volumeUsdWeekly": 589.778019810693,
      "volumeUsdMonthly": 1203.7265929149728,
      "logo": "https://matcha-image-proxy.api.0x.org/images/1/0x3106a0a076bedae847652f42ef07fd58589e001f"
    },
    {
      "address": "0x38778e6d4d0dbe9becef3ae8b938570209efa48b",
      "chainId": 1,
      "decimals": 18,
      "name": "Punk Auction Strategy Token",
      "symbol": "PAST",
      "type": "ERC20",
      "hasLogo": true,
      "blockListsCount": 0,
      "exchangeListsCount": 0,
      "flagListsCount": 0,
      "importedListsCount": 2,
      "buyTax": 0,
      "sellTax": 0,
      "isInDex": true,
      "isHoneypot": false,
      "manualUnblock": false,
      "transactionsHourly": 1,
      "transactionsDaily": 1,
      "transactionsWeekly": 1,
      "transactionsMonthly": 22,
      "volumeUsdHourly": 226.758240591213,
      "volumeUsdDaily": 226.758240591213,
      "volumeUsdWeekly": 225.337880787626,
      "volumeUsdMonthly": 2065.232871743062,
      "logo": "https://matcha-image-proxy.api.0x.org/images/1/0x38778e6d4d0dbe9becef3ae8b938570209efa48b"
    },
    {
      "address": "0x1a3496c18d558bd9c6c8f609e1b129f67ab08163",
      "chainId": 1,
      "decimals": 18,
      "name": "DEAPCOIN",
      "symbol": "DEP",
      "type": "ERC20",
      "hasLogo": true,
      "blockListsCount": 0,
      "exchangeListsCount": 0,
      "flagListsCount": 0,
      "importedListsCount": 2,
      "buyTax": 0,
      "sellTax": 0,
      "isInDex": true,
      "isHoneypot": false,
      "manualUnblock": false,
      "transactionsHourly": 1,
      "transactionsDaily": 1,
      "transactionsWeekly": 4,
      "transactionsMonthly": 21,
      "volumeUsdHourly": 36.816680679323,
      "volumeUsdDaily": 36.3520820618227,
      "volumeUsdWeekly": 566.4592876472599,
      "volumeUsdMonthly": 5334.338983956929,
      "logo": "https://matcha-image-proxy.api.0x.org/images/1/0x1a3496c18d558bd9c6c8f609e1b129f67ab08163"
    },
    {
      "address": "0xa9b1eb5908cfc3cdf91f9b8b3a74108598009096",
      "chainId": 1,
      "decimals": 18,
      "name": "Bounce Token",
      "symbol": "Auction",
      "type": "ERC20",
      "hasLogo": true,
      "blockListsCount": 0,
      "exchangeListsCount": 1,
      "flagListsCount": 0,
      "importedListsCount": 3,
      "buyTax": 0,
      "sellTax": 0,
      "isInDex": true,
      "isHoneypot": false,
      "manualUnblock": false,
      "transactionsHourly": 1,
      "transactionsDaily": 1,
      "transactionsWeekly": 7,
      "transactionsMonthly": 23,
      "volumeUsdHourly": 60.545162442921,
      "volumeUsdDaily": 61.3786507843193,
      "volumeUsdWeekly": 692.9350463263222,
      "volumeUsdMonthly": 1767.7915170320382,
      "logo": "https://matcha-image-proxy.api.0x.org/images/1/0xa9b1eb5908cfc3cdf91f9b8b3a74108598009096"
    },
    {
      "address": "0x618679df9efcd19694bb1daa8d00718eacfa2883",
      "chainId": 1,
      "decimals": 18,
      "name": "XYZ Governance Token",
      "symbol": "XYZ",
      "type": "ERC20",
      "hasLogo": true,
      "blockListsCount": 0,
      "exchangeListsCount": 0,
      "flagListsCount": 0,
      "importedListsCount": 2,
      "buyTax": 0,
      "sellTax": 0,
      "isInDex": true,
      "isHoneypot": false,
      "manualUnblock": false,
      "transactionsHourly": 3,
      "transactionsDaily": 3,
      "transactionsWeekly": 5,
      "transactionsMonthly": 18,
      "volumeUsdHourly": 17.027890361041504,
      "volumeUsdDaily": 33.30608167024749,
      "volumeUsdWeekly": 52.28088388307977,
      "volumeUsdMonthly": 353.8391983341953,
      "logo": "https://matcha-image-proxy.api.0x.org/images/1/0x618679df9efcd19694bb1daa8d00718eacfa2883"
    },
    {
      "address": "0xebb1afb0a4ddc9b1f84d9aa72ff956cd1c1eb4be",
      "chainId": 1,
      "decimals": 18,
      "name": "EMERALD",
      "symbol": "EMRLD",
      "type": "ERC20",
      "hasLogo": true,
      "blockListsCount": 0,
      "exchangeListsCount": 0,
      "flagListsCount": 0,
      "importedListsCount": 2,
      "buyTax": 0,
      "sellTax": 0,
      "isInDex": true,
      "isHoneypot": false,
      "manualUnblock": false,
      "transactionsHourly": 1,
      "transactionsDaily": 1,
      "transactionsWeekly": 8,
      "transactionsMonthly": 25,
      "volumeUsdHourly": 12.7482024434434,
      "volumeUsdDaily": 12.8279164159401,
      "volumeUsdWeekly": 563.9537886420076,
      "volumeUsdMonthly": 714.5210070483424,
      "logo": "https://matcha-image-proxy.api.0x.org/images/1/0xebb1afb0a4ddc9b1f84d9aa72ff956cd1c1eb4be"
    },
    {
      "address": "0xb1c3960aeeaf4c255a877da04b06487bba698386",
      "chainId": 42161,
      "decimals": 18,
      "name": "Beincom",
      "symbol": "BIC",
      "type": "ERC20",
      "hasLogo": true,
      "blockListsCount": 0,
      "exchangeListsCount": 0,
      "flagListsCount": 0,
      "importedListsCount": 1,
      "buyTax": null,
      "sellTax": null,
      "isInDex": true,
      "isHoneypot": false,
      "manualUnblock": false,
      "transactionsHourly": 1,
      "transactionsDaily": 1,
      "transactionsWeekly": 7,
      "transactionsMonthly": 17,
      "volumeUsdHourly": 79.2142088640268,
      "volumeUsdDaily": 79.2308089057483,
      "volumeUsdWeekly": 329.0815584890648,
      "volumeUsdMonthly": 5078.25826519734,
      "logo": "https://matcha-image-proxy.api.0x.org/images/42161/0xb1c3960aeeaf4c255a877da04b06487bba698386"
    },
    {
      "address": "0xbcb24afb019be7e93ea9c43b7e22bb55d5b7f45d",
      "chainId": 56,
      "decimals": 18,
      "name": "BSCS Token",
      "symbol": "BSCS",
      "type": "ERC20",
      "hasLogo": true,
      "blockListsCount": 0,
      "exchangeListsCount": 0,
      "flagListsCount": 0,
      "importedListsCount": 1,
      "buyTax": 0,
      "sellTax": 0,
      "isInDex": true,
      "isHoneypot": false,
      "manualUnblock": false,
      "transactionsHourly": 1,
      "transactionsDaily": 1,
      "transactionsWeekly": 5,
      "transactionsMonthly": 15,
      "volumeUsdHourly": 29.2558242262369,
      "volumeUsdDaily": 29.23653789605,
      "volumeUsdWeekly": 103.10249535542422,
      "volumeUsdMonthly": 175.4501501518542,
      "logo": "https://matcha-image-proxy.api.0x.org/images/56/0xbcb24afb019be7e93ea9c43b7e22bb55d5b7f45d"
    },
    {
      "address": "0xe52c5a3590952f3ed6fccf89a0bd7f38e11c5b98",
      "chainId": 56,
      "decimals": 18,
      "name": "DekBox",
      "symbol": "DEK",
      "type": "ERC20",
      "hasLogo": true,
      "blockListsCount": 0,
      "exchangeListsCount": 0,
      "flagListsCount": 0,
      "importedListsCount": 1,
      "buyTax": 0,
      "sellTax": 0,
      "isInDex": true,
      "isHoneypot": false,
      "manualUnblock": false,
      "transactionsHourly": 2,
      "transactionsDaily": 2,
      "transactionsWeekly": 2,
      "transactionsMonthly": 2,
      "volumeUsdHourly": 1413.560476134507,
      "volumeUsdDaily": 1413.560476134507,
      "volumeUsdWeekly": 1413.733408246287,
      "volumeUsdMonthly": 1413.733408246287,
      "logo": "https://matcha-image-proxy.api.0x.org/images/56/0xe52c5a3590952f3ed6fccf89a0bd7f38e11c5b98"
    }
  ],
  "searchTime": "2025-12-30T01:58:00.743Z",
  "error": null
}