{
  "originalSymbol": "KAVA",
  "originalFullName": "Kava",
  "searchedQuery": "KAVA Kava",
  "retried": true,
  "isL1": true,
  "success": true,
  "tokenCount": 15,
  "resultCount": 2310,
  "tokens": [
    {
      "address": "0x2f6d80996d058619e4000c54ab93faedc4bfedcd",
      "chainId": 130,
      "decimals": 18,
      "name": "Wkava Matr1x",
      "symbol": "Wkava Matr1x",
      "type": "ERC20",
      "blockListsCount": 1,
      "exchangeListsCount": 0,
      "flagListsCount": 1,
      "importedListsCount": 0,
      "manualUnblock": false,
      "logo": "https://matcha-image-proxy.api.0x.org/images/130/0x2f6d80996d058619e4000c54ab93faedc4bfedcd"
    },
    {
      "address": "0x9bafc8d4b487cebff201721702507a3e2c67ad79",
      "chainId": 56,
      "decimals": 18,
      "name": "Kava",
      "symbol": "KAVA",
      "type": "ERC20",
      "hasLogo": true,
      "blockListsCount": 0,
      "exchangeListsCount": 0,
      "flagListsCount": 0,
      "importedListsCount": 1,
      "buyTax": 0,
      "sellTax": 0,
      "isInDex": true,
      "isHoneypot": false,
      "manualUnblock": false,
      "transactionsHourly": 1,
      "transactionsDaily": 1,
      "transactionsWeekly": 7,
      "transactionsMonthly": 47,
      "volumeUsdHourly": 1.06257390149549,
      "volumeUsdDaily": 1.06257390149549,
      "volumeUsdWeekly": 17.09971335901234,
      "volumeUsdMonthly": 2107.6931748189345,
      "logo": "https://matcha-image-proxy.api.0x.org/images/56/0x9bafc8d4b487cebff201721702507a3e2c67ad79"
    },
    {
      "address": "0xdd9c5ca0270809b091bf477a7e28890ea1cbd1cf",
      "chainId": 10,
      "decimals": 18,
      "name": "WKAVA",
      "symbol": "WKAVA",
      "type": "ERC20",
      "blockListsCount": 0,
      "exchangeListsCount": 0,
      "flagListsCount": 0,
      "importedListsCount": 0,
      "buyTax": null,
      "sellTax": null,
      "isInDex": false,
      "isHoneypot": null,
      "logo": "https://matcha-image-proxy.api.0x.org/images/10/0xdd9c5ca0270809b091bf477a7e28890ea1cbd1cf"
    },
    {
      "address": "0x867585e3dd8fc996ab220ea9009c091fd948595f",
      "chainId": 1,
      "decimals": 18,
      "name": "Kavari",
      "symbol": "KAVR",
      "type": "ERC20",
      "hasLogo": true,
      "blockListsCount": 0,
      "exchangeListsCount": 0,
      "flagListsCount": 0,
      "importedListsCount": 2,
      "buyTax": 0.05,
      "sellTax": 0.05,
      "isInDex": true,
      "isHoneypot": false,
      "manualUnblock": false,
      "transactionsHourly": 1,
      "transactionsDaily": 1,
      "transactionsWeekly": 1,
      "transactionsMonthly": 2,
      "volumeUsdHourly": 105.118939072374,
      "volumeUsdDaily": 105.13971630107,
      "volumeUsdWeekly": 105.13971630107,
      "volumeUsdMonthly": 106.50836134895276,
      "logo": "https://matcha-image-proxy.api.0x.org/images/1/0x867585e3dd8fc996ab220ea9009c091fd948595f"
    },
    {
      "address": "0x31830b0d271946a8760c4db168005ba455a84a99",
      "chainId": 130,
      "decimals": 18,
      "name": "Wkava Xpm",
      "symbol": "Wkava Xpm",
      "type": "ERC20",
      "blockListsCount": 0,
      "exchangeListsCount": 0,
      "flagListsCount": 0,
      "importedListsCount": 0,
      "logo": "https://matcha-image-proxy.api.0x.org/images/130/0x31830b0d271946a8760c4db168005ba455a84a99"
    },
    {
      "address": "0xe1e74d2672b11653eda396abf3bd0bcf0faed378",
      "chainId": 130,
      "decimals": 18,
      "name": "Wkava Omee",
      "symbol": "Wkava Omee",
      "type": "ERC20",
      "blockListsCount": 0,
      "exchangeListsCount": 0,
      "flagListsCount": 0,
      "importedListsCount": 0,
      "logo": "https://matcha-image-proxy.api.0x.org/images/130/0xe1e74d2672b11653eda396abf3bd0bcf0faed378"
    },
    {
      "address": "0x3dd45debd8f9ae37e8b40ab1f7b770f3bb2929d8",
      "chainId": 130,
      "decimals": 18,
      "name": "Monkeys Wkava",
      "symbol": "Monkeys Wkava",
      "type": "ERC20",
      "blockListsCount": 0,
      "exchangeListsCount": 0,
      "flagListsCount": 0,
      "importedListsCount": 0,
      "logo": "https://matcha-image-proxy.api.0x.org/images/130/0x3dd45debd8f9ae37e8b40ab1f7b770f3bb2929d8"
    },
    {
      "address": "0xcd4b5e8975af67e88a5f9a753f5174a311028092",
      "chainId": 130,
      "decimals": 18,
      "name": "Nova Wkava",
      "symbol": "Nova Wkava",
      "type": "ERC20",
      "blockListsCount": 0,
      "exchangeListsCount": 0,
      "flagListsCount": 0,
      "importedListsCount": 0,
      "logo": "https://matcha-image-proxy.api.0x.org/images/130/0xcd4b5e8975af67e88a5f9a753f5174a311028092"
    },
    {
      "address": "0x0db7e3a1cccc217d8a56e425d4a1c7bd96a7fb65",
      "chainId": 130,
      "decimals": 18,
      "name": "Hoppy Wkava",
      "symbol": "Hoppy Wkava",
      "type": "ERC20",
      "blockListsCount": 0,
      "exchangeListsCount": 0,
      "flagListsCount": 0,
      "importedListsCount": 0,
      "logo": "https://matcha-image-proxy.api.0x.org/images/130/0x0db7e3a1cccc217d8a56e425d4a1c7bd96a7fb65"
    },
    {
      "address": "0xdf9fdd657638b0c02270c23ed2892b7d4380afd7",
      "chainId": 130,
      "decimals": 18,
      "name": "Wkava Algorix",
      "symbol": "Wkava Algorix",
      "type": "ERC20",
      "blockListsCount": 0,
      "exchangeListsCount": 0,
      "flagListsCount": 0,
      "importedListsCount": 0,
      "logo": "https://matcha-image-proxy.api.0x.org/images/130/0xdf9fdd657638b0c02270c23ed2892b7d4380afd7"
    },
    {
      "address": "0x13d3b49acadf271a52bbdaa13a9ca244007b4160",
      "chainId": 8453,
      "decimals": 18,
      "name": "WKAVA Lofi",
      "symbol": "WKAVA Lofi",
      "type": "ERC20",
      "blockListsCount": 0,
      "exchangeListsCount": 0,
      "flagListsCount": 0,
      "importedListsCount": 0,
      "buyTax": 0,
      "sellTax": 0,
      "isInDex": true,
      "isHoneypot": false,
      "logo": "https://matcha-image-proxy.api.0x.org/images/8453/0x13d3b49acadf271a52bbdaa13a9ca244007b4160"
    },
    {
      "address": "0x1fc4578b0d27e75b1ce2a0e98322ac3df9cac64c",
      "chainId": 8453,
      "decimals": 18,
      "name": "WKAVA REAU",
      "symbol": "WKAVA REAU",
      "type": "ERC20",
      "blockListsCount": 0,
      "exchangeListsCount": 0,
      "flagListsCount": 0,
      "importedListsCount": 0,
      "buyTax": 0,
      "sellTax": 0,
      "isInDex": true,
      "isHoneypot": false,
      "logo": "https://matcha-image-proxy.api.0x.org/images/8453/0x1fc4578b0d27e75b1ce2a0e98322ac3df9cac64c"
    },
    {
      "address": "0x3fe1784f0f2dd704ee6db2356beada02de4ac71e",
      "chainId": 130,
      "decimals": 18,
      "name": "Darc Wkava",
      "symbol": "Darc Wkava",
      "type": "ERC20",
      "blockListsCount": 0,
      "exchangeListsCount": 0,
      "flagListsCount": 0,
      "importedListsCount": 0,
      "logo": "https://matcha-image-proxy.api.0x.org/images/130/0x3fe1784f0f2dd704ee6db2356beada02de4ac71e"
    },
    {
      "address": "0xd5431cff0d7c2ed08571a9e9d39bf956c58edb60",
      "chainId": 130,
      "decimals": 18,
      "name": "Wkava Chiliz",
      "symbol": "Wkava Chiliz",
      "type": "ERC20",
      "blockListsCount": 0,
      "exchangeListsCount": 0,
      "flagListsCount": 0,
      "importedListsCount": 0,
      "logo": "https://matcha-image-proxy.api.0x.org/images/130/0xd5431cff0d7c2ed08571a9e9d39bf956c58edb60"
    },
    {
      "address": "0xeabfc9c5c03f874e39d44752623ca4c5464073c2",
      "chainId": 130,
      "decimals": 18,
      "name": "Survive Wkava",
      "symbol": "Survive Wkava",
      "type": "ERC20",
      "blockListsCount": 0,
      "exchangeListsCount": 0,
      "flagListsCount": 0,
      "importedListsCount": 0,
      "logo": "https://matcha-image-proxy.api.0x.org/images/130/0xeabfc9c5c03f874e39d44752623ca4c5464073c2"
    }
  ],
  "searchTime": "2025-12-30T01:58:13.648Z",
  "error": null
}