{
  "originalSymbol": "FLOW",
  "originalFullName": "Flow",
  "searchedQuery": "FLOW Flow",
  "retried": true,
  "isL1": true,
  "success": true,
  "tokenCount": 15,
  "resultCount": 10000,
  "tokens": [
    {
      "address": "0x3e12b9d6a4d12cd9b4a6d613872d0eb32f68b380",
      "chainId": 8453,
      "decimals": 18,
      "name": "Flower",
      "symbol": "FLOWER",
      "type": "ERC20",
      "hasLogo": true,
      "blockListsCount": 0,
      "exchangeListsCount": 0,
      "flagListsCount": 0,
      "importedListsCount": 1,
      "buyTax": 0,
      "sellTax": 0,
      "isInDex": true,
      "isHoneypot": false,
      "manualUnblock": false,
      "transactionsHourly": 3,
      "transactionsDaily": 113,
      "transactionsWeekly": 943,
      "transactionsMonthly": 3861,
      "volumeUsdHourly": 24.995908845760923,
      "volumeUsdDaily": 3119.925780480601,
      "volumeUsdWeekly": 41812.962041935374,
      "volumeUsdMonthly": 148652.01461336942,
      "logo": "https://matcha-image-proxy.api.0x.org/images/8453/0x3e12b9d6a4d12cd9b4a6d613872d0eb32f68b380"
    },
    {
      "address": "0xeb466342c4d449bc9f53a865d5cb90586f405215",
      "chainId": 8453,
      "decimals": 6,
      "name": "Axelar Wrapped USDC",
      "symbol": "axlUSDC",
      "type": "ERC20",
      "hasLogo": true,
      "blockListsCount": 0,
      "exchangeListsCount": 0,
      "flagListsCount": 0,
      "importedListsCount": 1,
      "buyTax": 0,
      "sellTax": 0,
      "isInDex": true,
      "isHoneypot": false,
      "manualUnblock": false,
      "transactionsHourly": 1,
      "transactionsDaily": 32,
      "transactionsWeekly": 602,
      "transactionsMonthly": 7006,
      "volumeUsdHourly": 5.00367288921084,
      "volumeUsdDaily": 4819.22539792211,
      "volumeUsdWeekly": 444485.344821287,
      "volumeUsdMonthly": 5246590.396367977,
      "logo": "https://matcha-image-proxy.api.0x.org/images/8453/0xeb466342c4d449bc9f53a865d5cb90586f405215"
    },
    {
      "address": "0x5c147e74d63b1d31aa3fd78eb229b65161983b2b",
      "chainId": 1,
      "decimals": 18,
      "name": "Wrapped Flow",
      "symbol": "WFLOW",
      "type": "ERC20",
      "hasLogo": true,
      "blockListsCount": 0,
      "exchangeListsCount": 0,
      "flagListsCount": 0,
      "importedListsCount": 2,
      "buyTax": 0,
      "sellTax": 0,
      "isInDex": true,
      "isHoneypot": false,
      "manualUnblock": false,
      "transactionsHourly": 1,
      "transactionsDaily": 6,
      "transactionsWeekly": 19,
      "transactionsMonthly": 45,
      "volumeUsdHourly": 0.0995469825419108,
      "volumeUsdDaily": 1139.2157154648312,
      "volumeUsdWeekly": 1635.5652945480858,
      "volumeUsdMonthly": 2453.9237070699724,
      "logo": "https://matcha-image-proxy.api.0x.org/images/1/0x5c147e74d63b1d31aa3fd78eb229b65161983b2b"
    },
    {
      "address": "0x4268b8f0b87b6eae5d897996e6b845ddbd99adf3",
      "chainId": 56,
      "decimals": 6,
      "name": "Axelar Wrapped USDC",
      "symbol": "axlUSDC",
      "type": "ERC20",
      "hasLogo": true,
      "blockListsCount": 0,
      "exchangeListsCount": 0,
      "flagListsCount": 0,
      "importedListsCount": 1,
      "buyTax": 0,
      "sellTax": 0,
      "isInDex": true,
      "isHoneypot": false,
      "manualUnblock": false,
      "transactionsHourly": 1,
      "transactionsDaily": 13,
      "transactionsWeekly": 60,
      "transactionsMonthly": 224,
      "volumeUsdHourly": 4998.60758188261,
      "volumeUsdDaily": 79988.64973398692,
      "volumeUsdWeekly": 510058.4573448438,
      "volumeUsdMonthly": 2249848.5495089055,
      "logo": "https://matcha-image-proxy.api.0x.org/images/56/0x4268b8f0b87b6eae5d897996e6b845ddbd99adf3"
    },
    {
      "address": "0x069b5b0a1ea30a08f47ff9efd23abd0cb56f5689",
      "chainId": 56,
      "decimals": 4,
      "name": "FLIGHT COIN",
      "symbol": "FLIGHT",
      "type": "ERC20",
      "hasLogo": true,
      "blockListsCount": 0,
      "exchangeListsCount": 0,
      "flagListsCount": 0,
      "importedListsCount": 1,
      "buyTax": 0,
      "sellTax": 0,
      "isInDex": true,
      "isHoneypot": false,
      "manualUnblock": false,
      "transactionsHourly": 3,
      "transactionsDaily": 33,
      "transactionsWeekly": 158,
      "transactionsMonthly": 339,
      "volumeUsdHourly": 61.027052990769114,
      "volumeUsdDaily": 3460.065347427412,
      "volumeUsdWeekly": 17257.89446692574,
      "volumeUsdMonthly": 29406.23701575574,
      "logo": "https://matcha-image-proxy.api.0x.org/images/56/0x069b5b0a1ea30a08f47ff9efd23abd0cb56f5689"
    },
    {
      "address": "0x2d060ef4d6bf7f9e5edde373ab735513c0e4f944",
      "chainId": 56,
      "decimals": 18,
      "name": "AITECH",
      "symbol": "AITECH",
      "type": "ERC20",
      "hasLogo": true,
      "blockListsCount": 0,
      "exchangeListsCount": 0,
      "flagListsCount": 0,
      "importedListsCount": 1,
      "buyTax": 0,
      "sellTax": 0,
      "isInDex": true,
      "isHoneypot": false,
      "manualUnblock": false,
      "transactionsHourly": 2,
      "transactionsDaily": 14,
      "transactionsWeekly": 97,
      "transactionsMonthly": 480,
      "volumeUsdHourly": 6.775611374387274,
      "volumeUsdDaily": 1672.87634303798,
      "volumeUsdWeekly": 12197.094542045232,
      "volumeUsdMonthly": 88107.16568286966,
      "logo": "https://matcha-image-proxy.api.0x.org/images/56/0x2d060ef4d6bf7f9e5edde373ab735513c0e4f944"
    },
    {
      "address": "0x99b2b1a2adb02b38222adcd057783d7e5d1fcc7d",
      "chainId": 8453,
      "decimals": 18,
      "name": "Common Wealth Token",
      "symbol": "WLTH",
      "type": "ERC20",
      "hasLogo": true,
      "blockListsCount": 0,
      "exchangeListsCount": 0,
      "flagListsCount": 0,
      "importedListsCount": 1,
      "buyTax": 0,
      "sellTax": 0,
      "isInDex": true,
      "isHoneypot": false,
      "manualUnblock": false,
      "transactionsHourly": 1,
      "transactionsDaily": 25,
      "transactionsWeekly": 54,
      "transactionsMonthly": 285,
      "volumeUsdHourly": 4.88318505864388,
      "volumeUsdDaily": 3926.0503710073463,
      "volumeUsdWeekly": 5156.718920877321,
      "volumeUsdMonthly": 34450.51167018748,
      "logo": "https://matcha-image-proxy.api.0x.org/images/8453/0x99b2b1a2adb02b38222adcd057783d7e5d1fcc7d"
    },
    {
      "address": "0x6b0b3a982b4634ac68dd83a4dbf02311ce324181",
      "chainId": 1,
      "decimals": 18,
      "name": "$Artificial Liquid Intelligence Token",
      "symbol": "ALI",
      "type": "ERC20",
      "hasLogo": true,
      "blockListsCount": 0,
      "exchangeListsCount": 0,
      "flagListsCount": 0,
      "importedListsCount": 5,
      "buyTax": 0,
      "sellTax": 0,
      "isInDex": false,
      "isHoneypot": false,
      "manualUnblock": false,
      "transactionsHourly": 1,
      "transactionsDaily": 5,
      "transactionsWeekly": 104,
      "transactionsMonthly": 160,
      "volumeUsdHourly": 117.976151498039,
      "volumeUsdDaily": 530.5000281831325,
      "volumeUsdWeekly": 24410.615243382155,
      "volumeUsdMonthly": 46849.80275628507,
      "logo": "https://matcha-image-proxy.api.0x.org/images/1/0x6b0b3a982b4634ac68dd83a4dbf02311ce324181"
    },
    {
      "address": "0xdf2fd7dd75143a5010f145440d49748275e362a3",
      "chainId": 8453,
      "decimals": 18,
      "name": "WhaleIntel by Virtuals",
      "symbol": "WINT",
      "type": "ERC20",
      "hasLogo": true,
      "blockListsCount": 0,
      "exchangeListsCount": 0,
      "flagListsCount": 0,
      "importedListsCount": 1,
      "buyTax": null,
      "sellTax": null,
      "isInDex": false,
      "isHoneypot": false,
      "manualUnblock": false,
      "transactionsHourly": 1,
      "transactionsDaily": 6,
      "transactionsWeekly": 33,
      "transactionsMonthly": 259,
      "volumeUsdHourly": -0.00111919750721544,
      "volumeUsdDaily": 1963.640413330394,
      "volumeUsdWeekly": 6160.5508018447945,
      "volumeUsdMonthly": 40907.732796631535,
      "logo": "https://matcha-image-proxy.api.0x.org/images/8453/0xdf2fd7dd75143a5010f145440d49748275e362a3"
    },
    {
      "address": "0x97c806e7665d3afd84a8fe1837921403d59f3dcc",
      "chainId": 8453,
      "decimals": 18,
      "name": "$Artificial Liquid Intelligence Token",
      "symbol": "ALI",
      "type": "ERC20",
      "hasLogo": true,
      "blockListsCount": 0,
      "exchangeListsCount": 0,
      "flagListsCount": 0,
      "importedListsCount": 3,
      "buyTax": 0,
      "sellTax": 0,
      "isInDex": true,
      "isHoneypot": false,
      "manualUnblock": false,
      "transactionsHourly": 1,
      "transactionsDaily": 7,
      "transactionsWeekly": 120,
      "transactionsMonthly": 200,
      "volumeUsdHourly": 4.96869209716261,
      "volumeUsdDaily": 164.8232246014084,
      "volumeUsdWeekly": 5654.131150353468,
      "volumeUsdMonthly": 11276.138066410009,
      "logo": "https://matcha-image-proxy.api.0x.org/images/8453/0x97c806e7665d3afd84a8fe1837921403d59f3dcc"
    },
    {
      "address": "0x58db197e91bc8cf1587f75850683e4bd0730e6bf",
      "chainId": 8453,
      "decimals": 18,
      "name": "Axelrod by Virtuals",
      "symbol": "AXR",
      "type": "ERC20",
      "hasLogo": true,
      "blockListsCount": 0,
      "exchangeListsCount": 0,
      "flagListsCount": 0,
      "importedListsCount": 1,
      "buyTax": 0,
      "sellTax": 0,
      "isInDex": true,
      "isHoneypot": false,
      "manualUnblock": false,
      "transactionsHourly": 1,
      "transactionsDaily": 3,
      "transactionsWeekly": 33,
      "transactionsMonthly": 719,
      "volumeUsdHourly": 39.3092803019085,
      "volumeUsdDaily": 156.9387489441969,
      "volumeUsdWeekly": 6377.514398084398,
      "volumeUsdMonthly": 187190.3345633062,
      "logo": "https://matcha-image-proxy.api.0x.org/images/8453/0x58db197e91bc8cf1587f75850683e4bd0730e6bf"
    },
    {
      "address": "0xeb466342c4d449bc9f53a865d5cb90586f405215",
      "chainId": 42161,
      "decimals": 6,
      "name": "Axelar Wrapped USDC",
      "symbol": "axlUSDC",
      "type": "ERC20",
      "hasLogo": true,
      "blockListsCount": 0,
      "exchangeListsCount": 0,
      "flagListsCount": 0,
      "importedListsCount": 1,
      "buyTax": 0,
      "sellTax": 0,
      "isInDex": true,
      "isHoneypot": false,
      "manualUnblock": false,
      "transactionsHourly": 1,
      "transactionsDaily": 1,
      "transactionsWeekly": 28,
      "transactionsMonthly": 153,
      "volumeUsdHourly": 9999.47369186253,
      "volumeUsdDaily": 10002.8982980697,
      "volumeUsdWeekly": 170853.3664949004,
      "volumeUsdMonthly": 973264.871680312,
      "logo": "https://matcha-image-proxy.api.0x.org/images/42161/0xeb466342c4d449bc9f53a865d5cb90586f405215"
    },
    {
      "address": "0xeca82185adce47f39c684352b0439f030f860318",
      "chainId": 1,
      "decimals": 18,
      "name": "Perlin",
      "symbol": "PERL",
      "type": "ERC20",
      "hasLogo": true,
      "blockListsCount": 0,
      "exchangeListsCount": 0,
      "flagListsCount": 0,
      "importedListsCount": 2,
      "buyTax": 0,
      "sellTax": 0,
      "isInDex": true,
      "isHoneypot": false,
      "manualUnblock": false,
      "transactionsHourly": 6,
      "transactionsDaily": 6,
      "transactionsWeekly": 18,
      "transactionsMonthly": 28,
      "volumeUsdHourly": 4209.710149276256,
      "volumeUsdDaily": 4208.820888298882,
      "volumeUsdWeekly": 20217.534714577218,
      "volumeUsdMonthly": 27096.11731322697,
      "logo": "https://matcha-image-proxy.api.0x.org/images/1/0xeca82185adce47f39c684352b0439f030f860318"
    },
    {
      "address": "0x750e4c4984a9e0f12978ea6742bc1c5d248f40ed",
      "chainId": 137,
      "decimals": 6,
      "name": "Axelar Wrapped USDC",
      "symbol": "axlUSDC",
      "type": "ERC20",
      "hasLogo": true,
      "blockListsCount": 0,
      "exchangeListsCount": 0,
      "flagListsCount": 0,
      "importedListsCount": 1,
      "buyTax": 0,
      "sellTax": 0,
      "isInDex": true,
      "isHoneypot": false,
      "manualUnblock": false,
      "transactionsHourly": 1,
      "transactionsDaily": 2,
      "transactionsWeekly": 14,
      "transactionsMonthly": 68,
      "volumeUsdHourly": 0.712275811756826,
      "volumeUsdDaily": 5001.922710862447,
      "volumeUsdWeekly": 28331.45510258649,
      "volumeUsdMonthly": 297025.3637277632,
      "logo": "https://matcha-image-proxy.api.0x.org/images/137/0x750e4c4984a9e0f12978ea6742bc1c5d248f40ed"
    },
    {
      "address": "0x13e4b8cffe704d3de6f19e52b201d92c21ec18bd",
      "chainId": 1,
      "decimals": 18,
      "name": "ParallelAI",
      "symbol": "PAI",
      "type": "ERC20",
      "hasLogo": true,
      "blockListsCount": 0,
      "exchangeListsCount": 0,
      "flagListsCount": 0,
      "importedListsCount": 2,
      "buyTax": 0.03,
      "sellTax": 0.03,
      "isInDex": true,
      "isHoneypot": false,
      "manualUnblock": false,
      "transactionsHourly": 1,
      "transactionsDaily": 4,
      "transactionsWeekly": 17,
      "transactionsMonthly": 99,
      "volumeUsdHourly": 26.6816261392427,
      "volumeUsdDaily": 302.52629040449494,
      "volumeUsdWeekly": 4061.825943676944,
      "volumeUsdMonthly": 28786.813730057143,
      "logo": "https://matcha-image-proxy.api.0x.org/images/1/0x13e4b8cffe704d3de6f19e52b201d92c21ec18bd"
    }
  ],
  "searchTime": "2025-12-30T01:57:09.045Z",
  "error": null
}