{
  "originalSymbol": "MMT",
  "originalFullName": "Momentum",
  "searchedQuery": "MMT Momentum",
  "retried": false,
  "isL1": false,
  "success": true,
  "tokenCount": 15,
  "resultCount": 4810,
  "tokens": [
    {
      "address": "0x55b9a09053f7e59834be64586b38bbd5214ec1e2",
      "chainId": 8453,
      "decimals": 18,
      "name": "$MMT (Momentum)",
      "symbol": "$MMT (Momentum)",
      "type": "ERC20",
      "issuer": {
        "name": "zora",
        "metadata": {}
      },
      "blockListsCount": 0,
      "exchangeListsCount": 0,
      "flagListsCount": 0,
      "importedListsCount": 0,
      "buyTax": null,
      "sellTax": null,
      "isInDex": false,
      "isHoneypot": false,
      "logo": "https://matcha-image-proxy.api.0x.org/images/8453/0x55b9a09053f7e59834be64586b38bbd5214ec1e2"
    },
    {
      "address": "0x0bf852ebb243b963652b71103a2b97cf446f22c3",
      "chainId": 8453,
      "decimals": 18,
      "name": "AI ROCKET by Virtuals",
      "symbol": "ROCKET",
      "type": "ERC20",
      "hasLogo": true,
      "blockListsCount": 0,
      "exchangeListsCount": 0,
      "flagListsCount": 0,
      "importedListsCount": 1,
      "buyTax": 0,
      "sellTax": 0,
      "isInDex": true,
      "isHoneypot": false,
      "manualUnblock": false,
      "transactionsHourly": 1,
      "transactionsDaily": 11,
      "transactionsWeekly": 72,
      "transactionsMonthly": 258,
      "volumeUsdHourly": 49.791005040484,
      "volumeUsdDaily": 2336.228359596395,
      "volumeUsdWeekly": 10238.974799940725,
      "volumeUsdMonthly": 28647.775166212938,
      "logo": "https://matcha-image-proxy.api.0x.org/images/8453/0x0bf852ebb243b963652b71103a2b97cf446f22c3"
    },
    {
      "address": "0x4d4574f50dd8b9dbe623cf329dcc78d76935e610",
      "chainId": 1,
      "decimals": 9,
      "name": "Zeus",
      "symbol": "ZEUS",
      "type": "ERC20",
      "hasLogo": true,
      "blockListsCount": 0,
      "exchangeListsCount": 0,
      "flagListsCount": 0,
      "importedListsCount": 2,
      "buyTax": 0,
      "sellTax": 0,
      "isInDex": true,
      "isHoneypot": false,
      "manualUnblock": false,
      "transactionsHourly": 3,
      "transactionsDaily": 5,
      "transactionsWeekly": 38,
      "transactionsMonthly": 161,
      "volumeUsdHourly": 142.87023453345,
      "volumeUsdDaily": 145.2332936778955,
      "volumeUsdWeekly": 1307.2183555078548,
      "volumeUsdMonthly": 6638.442616353297,
      "logo": "https://matcha-image-proxy.api.0x.org/images/1/0x4d4574f50dd8b9dbe623cf329dcc78d76935e610"
    },
    {
      "address": "0x00309d634d11541b857f927be91ad2f0bd78894c",
      "chainId": 8453,
      "decimals": 18,
      "name": "Tevaera",
      "symbol": "TEVA",
      "type": "ERC20",
      "hasLogo": true,
      "blockListsCount": 0,
      "exchangeListsCount": 0,
      "flagListsCount": 0,
      "importedListsCount": 1,
      "buyTax": 0,
      "sellTax": 0,
      "isInDex": true,
      "isHoneypot": false,
      "manualUnblock": false,
      "transactionsHourly": 1,
      "transactionsDaily": 4,
      "transactionsWeekly": 20,
      "transactionsMonthly": 69,
      "volumeUsdHourly": 2.47975741259974,
      "volumeUsdDaily": 712.0429103998248,
      "volumeUsdWeekly": 2007.4615415643268,
      "volumeUsdMonthly": 3749.234478151629,
      "logo": "https://matcha-image-proxy.api.0x.org/images/8453/0x00309d634d11541b857f927be91ad2f0bd78894c"
    },
    {
      "address": "0xc24a783d0b7c2043545304ceb0092a3a1fd7e474",
      "chainId": 8453,
      "decimals": 18,
      "name": "MMT(Momentum)",
      "symbol": "MMT",
      "type": "ERC20",
      "issuer": {
        "name": "zora",
        "metadata": {}
      },
      "blockListsCount": 0,
      "exchangeListsCount": 0,
      "flagListsCount": 0,
      "importedListsCount": 0,
      "logo": "https://matcha-image-proxy.api.0x.org/images/8453/0xc24a783d0b7c2043545304ceb0092a3a1fd7e474"
    },
    {
      "address": "0x508b27902c6c14972a10a4e413b9cfa449e9cedb",
      "chainId": 1,
      "decimals": 18,
      "name": "AISignal",
      "symbol": "aisig",
      "type": "ERC20",
      "hasLogo": true,
      "blockListsCount": 0,
      "exchangeListsCount": 0,
      "flagListsCount": 0,
      "importedListsCount": 2,
      "buyTax": 0.05,
      "sellTax": 0.0525,
      "isInDex": true,
      "isHoneypot": false,
      "manualUnblock": false,
      "transactionsHourly": 1,
      "transactionsDaily": 4,
      "transactionsWeekly": 8,
      "transactionsMonthly": 12,
      "volumeUsdHourly": 557.496107212487,
      "volumeUsdDaily": 1482.645816038335,
      "volumeUsdWeekly": 4234.737667879196,
      "volumeUsdMonthly": 7707.7687258586275,
      "logo": "https://matcha-image-proxy.api.0x.org/images/1/0x508b27902c6c14972a10a4e413b9cfa449e9cedb"
    },
    {
      "address": "0x096746e984e57ae9a2922a08fc969bbe76963a72",
      "chainId": 8453,
      "decimals": 18,
      "name": "VitaNova by Virtuals",
      "symbol": "SHOW",
      "type": "ERC20",
      "hasLogo": true,
      "blockListsCount": 0,
      "exchangeListsCount": 0,
      "flagListsCount": 0,
      "importedListsCount": 1,
      "buyTax": 0,
      "sellTax": 0,
      "isInDex": true,
      "isHoneypot": false,
      "manualUnblock": false,
      "transactionsHourly": 1,
      "transactionsDaily": 2,
      "transactionsWeekly": 13,
      "transactionsMonthly": 151,
      "volumeUsdHourly": -0.000818677348874254,
      "volumeUsdDaily": 29.71090823216013,
      "volumeUsdWeekly": 1253.9139779722989,
      "volumeUsdMonthly": 47330.95058695319,
      "logo": "https://matcha-image-proxy.api.0x.org/images/8453/0x096746e984e57ae9a2922a08fc969bbe76963a72"
    },
    {
      "address": "0xe3e6b177c7839c9bac9769f315f65ee33055cb07",
      "chainId": 8453,
      "decimals": 18,
      "name": "MMT",
      "symbol": "MMT",
      "type": "ERC20",
      "blockListsCount": 0,
      "exchangeListsCount": 0,
      "flagListsCount": 0,
      "importedListsCount": 0,
      "buyTax": 0,
      "sellTax": 0,
      "isInDex": true,
      "isHoneypot": false,
      "transactionsHourly": 5,
      "transactionsDaily": 5,
      "transactionsWeekly": 5,
      "transactionsMonthly": 5,
      "volumeUsdHourly": 62.33336893340971,
      "volumeUsdDaily": 62.33336893340971,
      "volumeUsdWeekly": 63.83517961339759,
      "volumeUsdMonthly": 63.83517961339759,
      "logo": "https://matcha-image-proxy.api.0x.org/images/8453/0xe3e6b177c7839c9bac9769f315f65ee33055cb07"
    },
    {
      "address": "0x64a47d3f959829c252dbd196c4ac234f6221135a",
      "chainId": 130,
      "decimals": 18,
      "name": "Share Mmt",
      "symbol": "Share Mmt",
      "type": "ERC20",
      "blockListsCount": 1,
      "exchangeListsCount": 0,
      "flagListsCount": 1,
      "importedListsCount": 0,
      "manualUnblock": false,
      "logo": "https://matcha-image-proxy.api.0x.org/images/130/0x64a47d3f959829c252dbd196c4ac234f6221135a"
    },
    {
      "address": "FJhMYTKp6UTE2HQjD5EGvZxXKXLNNgVMdU554dPJSmWn",
      "chainId": 1399811149,
      "decimals": 6,
      "name": "MomentumⓂ️Ⓜ️T",
      "symbol": "MMT.",
      "type": "SPL-Token",
      "blockListsCount": 0,
      "exchangeListsCount": 0,
      "flagListsCount": 0,
      "importedListsCount": 0,
      "transactionsMonthly": 3701,
      "volumeUsdMonthly": 521245.1680509275,
      "logo": "https://matcha-image-proxy.api.0x.org/images/1399811149/FJhMYTKp6UTE2HQjD5EGvZxXKXLNNgVMdU554dPJSmWn"
    },
    {
      "address": "mmntumV5um7ke2xwr8e8hMcVm42swzPN2ZiQCaGR84J",
      "chainId": 1399811149,
      "decimals": 9,
      "name": "Momentum",
      "symbol": "MMT",
      "type": "SPL-Token",
      "blockListsCount": 0,
      "exchangeListsCount": 0,
      "flagListsCount": 0,
      "importedListsCount": 0,
      "transactionsMonthly": 899,
      "volumeUsdMonthly": 1798472.0949060577,
      "logo": "https://matcha-image-proxy.api.0x.org/images/1399811149/mmntumV5um7ke2xwr8e8hMcVm42swzPN2ZiQCaGR84J"
    },
    {
      "address": "0xb34966a2a66cb116ebe87b9554c020dcc950e917",
      "chainId": 56,
      "decimals": 18,
      "name": "MeMusic",
      "symbol": "MMT",
      "type": "ERC20",
      "hasLogo": true,
      "blockListsCount": 0,
      "exchangeListsCount": 0,
      "flagListsCount": 0,
      "importedListsCount": 1,
      "buyTax": 0,
      "sellTax": 0,
      "isInDex": true,
      "isHoneypot": false,
      "manualUnblock": false,
      "transactionsHourly": 1,
      "transactionsDaily": 1,
      "transactionsWeekly": 2,
      "transactionsMonthly": 7,
      "volumeUsdHourly": 999.101992492361,
      "volumeUsdDaily": 1.2047692309529,
      "volumeUsdWeekly": 1000.419094048344,
      "volumeUsdMonthly": 1016.138375668793,
      "logo": "https://matcha-image-proxy.api.0x.org/images/56/0xb34966a2a66cb116ebe87b9554c020dcc950e917"
    },
    {
      "address": "0x9cebd664e5a8a55b1e06397e499cb803ff6c58b7",
      "chainId": 8453,
      "decimals": 18,
      "name": "MMT",
      "symbol": "MMT",
      "type": "ERC20",
      "issuer": {
        "name": "zora",
        "metadata": {}
      },
      "blockListsCount": 0,
      "exchangeListsCount": 0,
      "flagListsCount": 0,
      "importedListsCount": 0,
      "logo": "https://matcha-image-proxy.api.0x.org/images/8453/0x9cebd664e5a8a55b1e06397e499cb803ff6c58b7"
    },
    {
      "address": "0xc824623ff94c5d2236c8355784853aa6c69035f0",
      "chainId": 8453,
      "decimals": 18,
      "name": "MMT",
      "symbol": "MMT",
      "type": "ERC20",
      "issuer": {
        "name": "zora",
        "metadata": {}
      },
      "blockListsCount": 0,
      "exchangeListsCount": 0,
      "flagListsCount": 0,
      "importedListsCount": 0,
      "logo": "https://matcha-image-proxy.api.0x.org/images/8453/0xc824623ff94c5d2236c8355784853aa6c69035f0"
    },
    {
      "address": "0xbcb5bed7762823abcb9d852b0987af348ea68d66",
      "chainId": 8453,
      "decimals": 18,
      "name": "Mmt",
      "symbol": "Mmt",
      "type": "ERC20",
      "issuer": {
        "name": "zora",
        "metadata": {}
      },
      "blockListsCount": 0,
      "exchangeListsCount": 0,
      "flagListsCount": 0,
      "importedListsCount": 0,
      "logo": "https://matcha-image-proxy.api.0x.org/images/8453/0xbcb5bed7762823abcb9d852b0987af348ea68d66"
    }
  ],
  "searchTime": "2025-12-30T01:58:38.305Z",
  "error": null
}