{
  "originalSymbol": "0G",
  "originalFullName": "0G",
  "searchedQuery": "0G 0G",
  "retried": false,
  "isL1": false,
  "success": true,
  "tokenCount": 15,
  "resultCount": 3236,
  "tokens": [
    {
      "address": "0xf44561a41db80e9bd137010b59816e134f408914",
      "chainId": 8453,
      "decimals": 18,
      "name": "0g 0g",
      "symbol": "0g 0g",
      "type": "ERC20",
      "issuer": {
        "name": "zora",
        "metadata": {}
      },
      "blockListsCount": 0,
      "exchangeListsCount": 0,
      "flagListsCount": 0,
      "importedListsCount": 0,
      "logo": "https://matcha-image-proxy.api.0x.org/images/8453/0xf44561a41db80e9bd137010b59816e134f408914"
    },
    {
      "address": "0xffcb63923168affd5892e1e578cbadb6ed4578dd",
      "chainId": 8453,
      "decimals": 18,
      "name": "@Introducing 0G (0G) on Binance HODLer Airdrops! Earn 0G With Ret",
      "symbol": "@Introducing 0G (0G) on Binance HODLer Airdrops! Earn 0G With Ret",
      "type": "ERC20",
      "issuer": {
        "name": "zora",
        "metadata": {}
      },
      "blockListsCount": 0,
      "exchangeListsCount": 0,
      "flagListsCount": 0,
      "importedListsCount": 0,
      "logo": "https://matcha-image-proxy.api.0x.org/images/8453/0xffcb63923168affd5892e1e578cbadb6ed4578dd"
    },
    {
      "address": "0x4b948d64de1f71fcd12fb586f4c776421a35b3ee",
      "chainId": 56,
      "decimals": 18,
      "name": "0G",
      "symbol": "0G",
      "type": "ERC20",
      "hasLogo": true,
      "blockListsCount": 0,
      "exchangeListsCount": 0,
      "flagListsCount": 0,
      "importedListsCount": 1,
      "buyTax": 0,
      "sellTax": 0,
      "isInDex": true,
      "isHoneypot": false,
      "manualUnblock": false,
      "transactionsHourly": 1,
      "transactionsDaily": 3,
      "transactionsWeekly": 51,
      "transactionsMonthly": 133,
      "volumeUsdHourly": 0.21667092985618,
      "volumeUsdDaily": 136.60339896280777,
      "volumeUsdWeekly": 3555.7026555342873,
      "volumeUsdMonthly": 5581.806632917554,
      "logo": "https://matcha-image-proxy.api.0x.org/images/56/0x4b948d64de1f71fcd12fb586f4c776421a35b3ee"
    },
    {
      "address": "0x493a6e50375dd7311933d91b73eff8a8ef2acf4b",
      "chainId": 56,
      "decimals": 9,
      "name": "0G 0G on Binance Alpha",
      "symbol": "0G 0G on Binance Alpha",
      "type": "ERC20",
      "blockListsCount": 0,
      "exchangeListsCount": 0,
      "flagListsCount": 0,
      "importedListsCount": 0,
      "logo": "https://matcha-image-proxy.api.0x.org/images/56/0x493a6e50375dd7311933d91b73eff8a8ef2acf4b"
    },
    {
      "address": "0xdc9d9ed69ff9c676884b5459d92e2c8f68abcf77",
      "chainId": 56,
      "decimals": 9,
      "name": "AI 0G 0G on Binance Alpha",
      "symbol": "AI 0G 0G on Binance Alpha",
      "type": "ERC20",
      "blockListsCount": 0,
      "exchangeListsCount": 0,
      "flagListsCount": 0,
      "importedListsCount": 0,
      "logo": "https://matcha-image-proxy.api.0x.org/images/56/0xdc9d9ed69ff9c676884b5459d92e2c8f68abcf77"
    },
    {
      "address": "0x4b948d64de1f71fcd12fb586f4c776421a35b3ee",
      "chainId": 1,
      "decimals": 18,
      "name": "0G",
      "symbol": "0G",
      "type": "ERC20",
      "hasLogo": true,
      "blockListsCount": 0,
      "exchangeListsCount": 0,
      "flagListsCount": 0,
      "importedListsCount": 2,
      "buyTax": 0,
      "sellTax": 0,
      "isInDex": true,
      "isHoneypot": false,
      "manualUnblock": false,
      "transactionsHourly": 1,
      "transactionsDaily": 1,
      "transactionsWeekly": 7,
      "transactionsMonthly": 36,
      "volumeUsdHourly": 14.4767922490463,
      "volumeUsdDaily": 14.5009681795429,
      "volumeUsdWeekly": 351.8811232311083,
      "volumeUsdMonthly": 2211.7190173993895,
      "logo": "https://matcha-image-proxy.api.0x.org/images/1/0x4b948d64de1f71fcd12fb586f4c776421a35b3ee"
    },
    {
      "address": "0x8a2f1d57aa04912197696601bac36868eb5cf627",
      "chainId": 1,
      "decimals": 18,
      "name": "0G 0G",
      "symbol": "0G 0G",
      "type": "ERC20",
      "blockListsCount": 0,
      "exchangeListsCount": 0,
      "flagListsCount": 0,
      "importedListsCount": 0,
      "buyTax": 0,
      "sellTax": 0,
      "isInDex": false,
      "isHoneypot": false,
      "transactionsHourly": 1,
      "transactionsDaily": 1,
      "transactionsWeekly": 1,
      "transactionsMonthly": 1,
      "volumeUsdHourly": 1.01258500789635,
      "volumeUsdDaily": 0.994624784518039,
      "volumeUsdWeekly": 0.994624784518039,
      "volumeUsdMonthly": 0.994624784518039,
      "logo": "https://matcha-image-proxy.api.0x.org/images/1/0x8a2f1d57aa04912197696601bac36868eb5cf627"
    },
    {
      "address": "0x136c37370f04ae4273cd5e04232e7ceae28012cf",
      "chainId": 8453,
      "decimals": 18,
      "name": "0G",
      "symbol": "0G",
      "type": "ERC20",
      "issuer": {
        "name": "zora",
        "metadata": {}
      },
      "blockListsCount": 0,
      "exchangeListsCount": 0,
      "flagListsCount": 0,
      "importedListsCount": 0,
      "buyTax": null,
      "sellTax": null,
      "isInDex": false,
      "isHoneypot": false,
      "logo": "https://matcha-image-proxy.api.0x.org/images/8453/0x136c37370f04ae4273cd5e04232e7ceae28012cf"
    },
    {
      "address": "0xbe8e42c5e492068625155e8bf8a9bf94ba9464b8",
      "chainId": 8453,
      "decimals": 18,
      "name": "0g",
      "symbol": "0g",
      "type": "ERC20",
      "issuer": {
        "name": "zora",
        "metadata": {}
      },
      "blockListsCount": 0,
      "exchangeListsCount": 0,
      "flagListsCount": 0,
      "importedListsCount": 0,
      "buyTax": 0,
      "sellTax": 0,
      "isInDex": true,
      "isHoneypot": false,
      "logo": "https://matcha-image-proxy.api.0x.org/images/8453/0xbe8e42c5e492068625155e8bf8a9bf94ba9464b8"
    },
    {
      "address": "0xa9fea9ec2c07658ec4490988cfca578b62b977ec",
      "chainId": 8453,
      "decimals": 18,
      "name": "0g",
      "symbol": "0g",
      "type": "ERC20",
      "issuer": {
        "name": "zora",
        "metadata": {}
      },
      "blockListsCount": 0,
      "exchangeListsCount": 0,
      "flagListsCount": 0,
      "importedListsCount": 0,
      "buyTax": 0,
      "sellTax": 0,
      "isInDex": true,
      "isHoneypot": false,
      "logo": "https://matcha-image-proxy.api.0x.org/images/8453/0xa9fea9ec2c07658ec4490988cfca578b62b977ec"
    },
    {
      "address": "0xfe006208312987d7ed95389a03741f4f369d746a",
      "chainId": 8453,
      "decimals": 18,
      "name": "0g",
      "symbol": "0g",
      "type": "ERC20",
      "issuer": {
        "name": "zora",
        "metadata": {}
      },
      "blockListsCount": 0,
      "exchangeListsCount": 0,
      "flagListsCount": 0,
      "importedListsCount": 0,
      "logo": "https://matcha-image-proxy.api.0x.org/images/8453/0xfe006208312987d7ed95389a03741f4f369d746a"
    },
    {
      "address": "0x624471529430fab0c6a53177a5ff238a74147dc1",
      "chainId": 8453,
      "decimals": 18,
      "name": "0g",
      "symbol": "0g",
      "type": "ERC20",
      "issuer": {
        "name": "zora",
        "metadata": {}
      },
      "blockListsCount": 0,
      "exchangeListsCount": 0,
      "flagListsCount": 0,
      "importedListsCount": 0,
      "logo": "https://matcha-image-proxy.api.0x.org/images/8453/0x624471529430fab0c6a53177a5ff238a74147dc1"
    },
    {
      "address": "0x59e3d2f1f8e29354d90681141571c6c3781fbf20",
      "chainId": 8453,
      "decimals": 18,
      "name": "0G",
      "symbol": "0G",
      "type": "ERC20",
      "issuer": {
        "name": "zora",
        "metadata": {}
      },
      "blockListsCount": 0,
      "exchangeListsCount": 0,
      "flagListsCount": 0,
      "importedListsCount": 0,
      "logo": "https://matcha-image-proxy.api.0x.org/images/8453/0x59e3d2f1f8e29354d90681141571c6c3781fbf20"
    },
    {
      "address": "0xc870bbd2c8dd53fd36cc04c0af6874179e497985",
      "chainId": 8453,
      "decimals": 18,
      "name": "0G",
      "symbol": "0G",
      "type": "ERC20",
      "issuer": {
        "name": "zora",
        "metadata": {}
      },
      "blockListsCount": 0,
      "exchangeListsCount": 0,
      "flagListsCount": 0,
      "importedListsCount": 0,
      "logo": "https://matcha-image-proxy.api.0x.org/images/8453/0xc870bbd2c8dd53fd36cc04c0af6874179e497985"
    },
    {
      "address": "0xc46ca93f0dc9c5fbabea206b17934d3c6cbdaa7c",
      "chainId": 8453,
      "decimals": 18,
      "name": "0G",
      "symbol": "0G",
      "type": "ERC20",
      "issuer": {
        "name": "zora",
        "metadata": {}
      },
      "blockListsCount": 0,
      "exchangeListsCount": 0,
      "flagListsCount": 0,
      "importedListsCount": 0,
      "logo": "https://matcha-image-proxy.api.0x.org/images/8453/0xc46ca93f0dc9c5fbabea206b17934d3c6cbdaa7c"
    }
  ],
  "searchTime": "2025-12-30T01:56:36.419Z",
  "error": null
}