{
  "originalSymbol": "WLFI",
  "originalFullName": "World Liberty Financial",
  "searchedQuery": "WLFI World Liberty Financial",
  "retried": false,
  "isL1": false,
  "success": true,
  "tokenCount": 15,
  "resultCount": 10000,
  "tokens": [
    {
      "address": "0x833589fcd6edb6e08f4c7c32d4f71b54bda02913",
      "chainId": 8453,
      "decimals": 6,
      "name": "USD Coin",
      "symbol": "USDC",
      "type": "ERC20",
      "hasLogo": true,
      "issuer": {
        "name": "circle",
        "metadata": {}
      },
      "blockListsCount": 0,
      "exchangeListsCount": 0,
      "flagListsCount": 0,
      "importedListsCount": 3,
      "buyTax": 0,
      "sellTax": 0,
      "isInDex": true,
      "isHoneypot": false,
      "manualUnblock": false,
      "transactionsHourly": 2480,
      "transactionsDaily": 72410,
      "transactionsWeekly": 748173,
      "transactionsMonthly": 3410970,
      "volumeUsdHourly": 591007.6321069509,
      "volumeUsdDaily": 16256443.957940713,
      "volumeUsdWeekly": 108432873.46401526,
      "volumeUsdMonthly": 691127389.360701,
      "logo": "https://matcha-image-proxy.api.0x.org/images/8453/0x833589fcd6edb6e08f4c7c32d4f71b54bda02913",
      "isNativeUsdc": true
    },
    {
      "address": "0xa0b86991c6218b36c1d19d4a2e9eb0ce3606eb48",
      "chainId": 1,
      "decimals": 6,
      "name": "USD Coin",
      "symbol": "USDC",
      "type": "ERC20",
      "hasLogo": true,
      "issuer": {
        "name": "circle",
        "metadata": {}
      },
      "blockListsCount": 0,
      "exchangeListsCount": 1,
      "flagListsCount": 0,
      "importedListsCount": 8,
      "buyTax": 0,
      "sellTax": 0,
      "isInDex": true,
      "isHoneypot": false,
      "manualUnblock": false,
      "transactionsHourly": 141,
      "transactionsDaily": 4160,
      "transactionsWeekly": 31483,
      "transactionsMonthly": 149773,
      "volumeUsdHourly": 622641.9045947444,
      "volumeUsdDaily": 18758262.16569803,
      "volumeUsdWeekly": 113595220.27101795,
      "volumeUsdMonthly": 729188376.1230068,
      "logo": "https://matcha-image-proxy.api.0x.org/images/1/0xa0b86991c6218b36c1d19d4a2e9eb0ce3606eb48",
      "isNativeUsdc": true
    },
    {
      "address": "0x754704bc059f8c67012fed69bc8a327a5aafb603",
      "chainId": 143,
      "decimals": 6,
      "name": "USDC",
      "symbol": "USDC",
      "type": "ERC20",
      "hasLogo": true,
      "issuer": {
        "name": "circle",
        "metadata": {}
      },
      "blockListsCount": 0,
      "exchangeListsCount": 0,
      "flagListsCount": 0,
      "importedListsCount": 3,
      "isHoneypot": false,
      "manualUnblock": false,
      "transactionsHourly": 55,
      "transactionsDaily": 1555,
      "transactionsWeekly": 11481,
      "transactionsMonthly": 115584,
      "volumeUsdHourly": 707356.1348688182,
      "volumeUsdDaily": 1944498.9073435904,
      "volumeUsdWeekly": 7370476.898497381,
      "volumeUsdMonthly": 64611454.54559621,
      "logo": "https://matcha-image-proxy.api.0x.org/images/143/0x754704bc059f8c67012fed69bc8a327a5aafb603",
      "isNativeUsdc": true
    },
    {
      "address": "0xb97ef9ef8734c71904d8002f8b6bc66dd9c48a6e",
      "chainId": 43114,
      "decimals": 6,
      "name": "USD Coin",
      "symbol": "USDC",
      "type": "ERC20",
      "hasLogo": true,
      "issuer": {
        "name": "circle",
        "metadata": {}
      },
      "blockListsCount": 0,
      "exchangeListsCount": 0,
      "flagListsCount": 0,
      "importedListsCount": 2,
      "buyTax": null,
      "sellTax": null,
      "isInDex": true,
      "isHoneypot": false,
      "manualUnblock": false,
      "transactionsHourly": 29,
      "transactionsDaily": 723,
      "transactionsWeekly": 4983,
      "transactionsMonthly": 18742,
      "volumeUsdHourly": 1497.7161319070044,
      "volumeUsdDaily": 161774.1964680085,
      "volumeUsdWeekly": 777419.2495993831,
      "volumeUsdMonthly": 7715034.62763015,
      "logo": "https://matcha-image-proxy.api.0x.org/images/43114/0xb97ef9ef8734c71904d8002f8b6bc66dd9c48a6e",
      "isNativeUsdc": true
    },
    {
      "address": "0x8d0d000ee44948fc98c9b98a4fa4921476f08b0d",
      "chainId": 56,
      "decimals": 18,
      "name": "World Liberty Financial USD",
      "symbol": "USD1",
      "type": "ERC20",
      "hasLogo": true,
      "blockListsCount": 0,
      "exchangeListsCount": 0,
      "flagListsCount": 0,
      "importedListsCount": 1,
      "buyTax": 0,
      "sellTax": 0,
      "isInDex": true,
      "isHoneypot": false,
      "manualUnblock": false,
      "transactionsHourly": 2,
      "transactionsDaily": 25,
      "transactionsWeekly": 177,
      "transactionsMonthly": 765,
      "volumeUsdHourly": 128894.5103289683,
      "volumeUsdDaily": 527536.2731226884,
      "volumeUsdWeekly": 867920.8125481065,
      "volumeUsdMonthly": 1766921.3295327222,
      "logo": "https://matcha-image-proxy.api.0x.org/images/56/0x8d0d000ee44948fc98c9b98a4fa4921476f08b0d"
    },
    {
      "address": "0x8d0d000ee44948fc98c9b98a4fa4921476f08b0d",
      "chainId": 1,
      "decimals": 18,
      "name": "World Liberty Financial USD",
      "symbol": "USD1",
      "type": "ERC20",
      "hasLogo": true,
      "blockListsCount": 0,
      "exchangeListsCount": 0,
      "flagListsCount": 0,
      "importedListsCount": 3,
      "buyTax": 0,
      "sellTax": 0,
      "isInDex": true,
      "isHoneypot": false,
      "manualUnblock": false,
      "transactionsHourly": 1,
      "transactionsDaily": 18,
      "transactionsWeekly": 135,
      "transactionsMonthly": 746,
      "volumeUsdHourly": 45.9917336513346,
      "volumeUsdDaily": 13078.59290931664,
      "volumeUsdWeekly": 1415326.49007835,
      "volumeUsdMonthly": 2530229.3854829874,
      "logo": "https://matcha-image-proxy.api.0x.org/images/1/0x8d0d000ee44948fc98c9b98a4fa4921476f08b0d"
    },
    {
      "address": "0xcbb7c0000ab88b473b1f5afd9ef808440eed33bf",
      "chainId": 8453,
      "decimals": 8,
      "name": "Coinbase Wrapped BTC",
      "symbol": "cbBTC",
      "type": "ERC20",
      "hasLogo": true,
      "issuer": {
        "name": "coinbase",
        "metadata": {}
      },
      "blockListsCount": 0,
      "exchangeListsCount": 0,
      "flagListsCount": 0,
      "importedListsCount": 2,
      "buyTax": 0,
      "sellTax": 0,
      "isInDex": true,
      "isHoneypot": false,
      "manualUnblock": false,
      "transactionsHourly": 112,
      "transactionsDaily": 2949,
      "transactionsWeekly": 30765,
      "transactionsMonthly": 187921,
      "volumeUsdHourly": 7461.10805178151,
      "volumeUsdDaily": 824356.653393966,
      "volumeUsdWeekly": 7390120.833027703,
      "volumeUsdMonthly": 158142392.61206442,
      "logo": "https://matcha-image-proxy.api.0x.org/images/8453/0xcbb7c0000ab88b473b1f5afd9ef808440eed33bf"
    },
    {
      "address": "0x3c499c542cef5e3811e1192ce70d8cc03d5c3359",
      "chainId": 137,
      "decimals": 6,
      "name": "USD Coin",
      "symbol": "USDC",
      "type": "ERC20",
      "hasLogo": true,
      "issuer": {
        "name": "circle",
        "metadata": {}
      },
      "blockListsCount": 0,
      "exchangeListsCount": 0,
      "flagListsCount": 0,
      "importedListsCount": 2,
      "buyTax": 0,
      "sellTax": 0,
      "isInDex": true,
      "isHoneypot": false,
      "manualUnblock": false,
      "transactionsHourly": 321,
      "transactionsDaily": 7122,
      "transactionsWeekly": 59404,
      "transactionsMonthly": 197584,
      "volumeUsdHourly": 1381124.8670411122,
      "volumeUsdDaily": 21106592.83869887,
      "volumeUsdWeekly": 111299762.63129748,
      "volumeUsdMonthly": 429756715.74842066,
      "logo": "https://matcha-image-proxy.api.0x.org/images/137/0x3c499c542cef5e3811e1192ce70d8cc03d5c3359",
      "isNativeUsdc": true
    },
    {
      "address": "0xf8a0bf9cf54bb92f17374d9e9a321e6a111a51bd",
      "chainId": 56,
      "decimals": 18,
      "name": "ChainLink Token",
      "symbol": "LINK",
      "type": "ERC20",
      "hasLogo": true,
      "issuer": {
        "name": "binance",
        "metadata": {}
      },
      "blockListsCount": 0,
      "exchangeListsCount": 0,
      "flagListsCount": 0,
      "importedListsCount": 2,
      "buyTax": 0,
      "sellTax": 0,
      "isInDex": true,
      "isHoneypot": false,
      "manualUnblock": false,
      "transactionsHourly": 1,
      "transactionsDaily": 29,
      "transactionsWeekly": 189,
      "transactionsMonthly": 851,
      "volumeUsdHourly": 6206.25082464942,
      "volumeUsdDaily": 11909.447213673348,
      "volumeUsdWeekly": 45068.71413064304,
      "volumeUsdMonthly": 215274.4795987784,
      "logo": "https://matcha-image-proxy.api.0x.org/images/56/0xf8a0bf9cf54bb92f17374d9e9a321e6a111a51bd"
    },
    {
      "address": "0xaf88d065e77c8cc2239327c5edb3a432268e5831",
      "chainId": 42161,
      "decimals": 6,
      "name": "USD Coin",
      "symbol": "USDC",
      "type": "ERC20",
      "hasLogo": true,
      "issuer": {
        "name": "circle",
        "metadata": {}
      },
      "blockListsCount": 0,
      "exchangeListsCount": 0,
      "flagListsCount": 0,
      "importedListsCount": 2,
      "buyTax": 0,
      "sellTax": 0,
      "isInDex": true,
      "isHoneypot": false,
      "manualUnblock": false,
      "transactionsHourly": 62,
      "transactionsDaily": 3317,
      "transactionsWeekly": 24007,
      "transactionsMonthly": 146542,
      "volumeUsdHourly": 149565.1858249071,
      "volumeUsdDaily": 6507267.129683354,
      "volumeUsdWeekly": 52608760.51157601,
      "volumeUsdMonthly": 321187197.2406798,
      "logo": "https://matcha-image-proxy.api.0x.org/images/42161/0xaf88d065e77c8cc2239327c5edb3a432268e5831",
      "isNativeUsdc": true
    },
    {
      "address": "0xf97f4df75117a78c1a5a0dbb814af92458539fb4",
      "chainId": 42161,
      "decimals": 18,
      "name": "ChainLink Token",
      "symbol": "LINK",
      "type": "ERC20",
      "hasLogo": true,
      "blockListsCount": 0,
      "exchangeListsCount": 0,
      "flagListsCount": 0,
      "importedListsCount": 2,
      "buyTax": 0,
      "sellTax": 0,
      "isInDex": true,
      "isHoneypot": false,
      "manualUnblock": false,
      "transactionsHourly": 3,
      "transactionsDaily": 203,
      "transactionsWeekly": 525,
      "transactionsMonthly": 3488,
      "volumeUsdHourly": 3000.381583130315,
      "volumeUsdDaily": 193218.71882294523,
      "volumeUsdWeekly": 502677.70610129536,
      "volumeUsdMonthly": 5275569.730304809,
      "logo": "https://matcha-image-proxy.api.0x.org/images/42161/0xf97f4df75117a78c1a5a0dbb814af92458539fb4"
    },
    {
      "address": "0x514910771af9ca656af840dff83e8264ecf986ca",
      "chainId": 1,
      "decimals": 18,
      "name": "ChainLink Token",
      "symbol": "LINK",
      "type": "ERC20",
      "hasLogo": true,
      "blockListsCount": 0,
      "exchangeListsCount": 1,
      "flagListsCount": 0,
      "importedListsCount": 8,
      "buyTax": 0,
      "sellTax": 0,
      "isInDex": true,
      "isHoneypot": false,
      "manualUnblock": false,
      "transactionsHourly": 4,
      "transactionsDaily": 63,
      "transactionsWeekly": 443,
      "transactionsMonthly": 2793,
      "volumeUsdHourly": 78255.98929760813,
      "volumeUsdDaily": 155814.5620529401,
      "volumeUsdWeekly": 1479297.4599936872,
      "volumeUsdMonthly": 15075330.083145298,
      "logo": "https://matcha-image-proxy.api.0x.org/images/1/0x514910771af9ca656af840dff83e8264ecf986ca"
    },
    {
      "address": "0x53e0bca35ec356bd5dddfebbd1fc0fd03fabad39",
      "chainId": 137,
      "decimals": 18,
      "name": "ChainLink Token",
      "symbol": "LINK",
      "type": "ERC20",
      "hasLogo": true,
      "blockListsCount": 0,
      "exchangeListsCount": 0,
      "flagListsCount": 0,
      "importedListsCount": 2,
      "buyTax": 0,
      "sellTax": 0,
      "isInDex": true,
      "isHoneypot": false,
      "manualUnblock": false,
      "transactionsHourly": 1,
      "transactionsDaily": 46,
      "transactionsWeekly": 281,
      "transactionsMonthly": 1474,
      "volumeUsdHourly": 149.689345974921,
      "volumeUsdDaily": 48503.64114555851,
      "volumeUsdWeekly": 104528.0335162536,
      "volumeUsdMonthly": 806654.3577626743,
      "logo": "https://matcha-image-proxy.api.0x.org/images/137/0x53e0bca35ec356bd5dddfebbd1fc0fd03fabad39"
    },
    {
      "address": "0x95ad61b0a150d79219dcf64e1e6cc01f0b64c4ce",
      "chainId": 1,
      "decimals": 18,
      "name": "SHIBA INU",
      "symbol": "SHIB",
      "type": "ERC20",
      "hasLogo": true,
      "blockListsCount": 0,
      "exchangeListsCount": 1,
      "flagListsCount": 0,
      "importedListsCount": 4,
      "buyTax": 0,
      "sellTax": 0,
      "isInDex": true,
      "isHoneypot": false,
      "manualUnblock": false,
      "transactionsHourly": 2,
      "transactionsDaily": 93,
      "transactionsWeekly": 589,
      "transactionsMonthly": 2755,
      "volumeUsdHourly": 0.794743850621092,
      "volumeUsdDaily": 33606.35719572585,
      "volumeUsdWeekly": 195135.32053402544,
      "volumeUsdMonthly": 933944.9176936948,
      "logo": "https://matcha-image-proxy.api.0x.org/images/1/0x95ad61b0a150d79219dcf64e1e6cc01f0b64c4ce"
    },
    {
      "address": "0xda5e1988097297dcdc1f90d4dfe7909e847cbef6",
      "chainId": 1,
      "decimals": 18,
      "name": "World Liberty Financial",
      "symbol": "WLFI",
      "type": "ERC20",
      "hasLogo": true,
      "blockListsCount": 0,
      "exchangeListsCount": 0,
      "flagListsCount": 0,
      "importedListsCount": 3,
      "buyTax": null,
      "sellTax": null,
      "isInDex": false,
      "isHoneypot": false,
      "manualUnblock": false,
      "transactionsHourly": 1,
      "transactionsDaily": 29,
      "transactionsWeekly": 280,
      "transactionsMonthly": 1455,
      "volumeUsdHourly": -1.56703526386551,
      "volumeUsdDaily": 10456.61732349111,
      "volumeUsdWeekly": 146681.43945967703,
      "volumeUsdMonthly": 809901.7293646613,
      "logo": "https://matcha-image-proxy.api.0x.org/images/1/0xda5e1988097297dcdc1f90d4dfe7909e847cbef6"
    }
  ],
  "searchTime": "2025-12-30T01:56:59.251Z",
  "error": null
}