{
  "originalSymbol": "AAVE",
  "originalFullName": "Aave",
  "searchedQuery": "AAVE Aave",
  "retried": false,
  "isL1": false,
  "success": true,
  "tokenCount": 15,
  "resultCount": 10000,
  "tokens": [
    {
      "address": "0xd6df932a45c0f255f85145f286ea0b292b21c90b",
      "chainId": 137,
      "decimals": 18,
      "name": "Aave (PoS)",
      "symbol": "AAVE",
      "type": "ERC20",
      "hasLogo": true,
      "blockListsCount": 0,
      "exchangeListsCount": 0,
      "flagListsCount": 0,
      "importedListsCount": 2,
      "buyTax": 0,
      "sellTax": 0,
      "isInDex": true,
      "isHoneypot": false,
      "manualUnblock": false,
      "transactionsHourly": 1,
      "transactionsDaily": 20,
      "transactionsWeekly": 198,
      "transactionsMonthly": 1242,
      "volumeUsdHourly": 7.22904818964392e-13,
      "volumeUsdDaily": 1491.3544107551734,
      "volumeUsdWeekly": 21984.146579129065,
      "volumeUsdMonthly": 633307.8297620093,
      "logo": "https://matcha-image-proxy.api.0x.org/images/137/0xd6df932a45c0f255f85145f286ea0b292b21c90b"
    },
    {
      "address": "0x63706e401c06ac8513145b7687a14804d17f814b",
      "chainId": 8453,
      "decimals": 18,
      "name": "Aave Token",
      "symbol": "AAVE",
      "type": "ERC20",
      "hasLogo": true,
      "blockListsCount": 0,
      "exchangeListsCount": 0,
      "flagListsCount": 0,
      "importedListsCount": 2,
      "buyTax": 0,
      "sellTax": 0,
      "isInDex": true,
      "isHoneypot": false,
      "manualUnblock": false,
      "transactionsHourly": 1,
      "transactionsDaily": 58,
      "transactionsWeekly": 1938,
      "transactionsMonthly": 12543,
      "volumeUsdHourly": 405.605661590245,
      "volumeUsdDaily": 31667.395583988084,
      "volumeUsdWeekly": 271346.8675537178,
      "volumeUsdMonthly": 3030044.333828591,
      "logo": "https://matcha-image-proxy.api.0x.org/images/8453/0x63706e401c06ac8513145b7687a14804d17f814b"
    },
    {
      "address": "0x7fc66500c84a76ad7e9c93437bfc5ac33e2ddae9",
      "chainId": 1,
      "decimals": 18,
      "name": "Aave Token",
      "symbol": "AAVE",
      "type": "ERC20",
      "hasLogo": true,
      "blockListsCount": 0,
      "exchangeListsCount": 0,
      "flagListsCount": 0,
      "importedListsCount": 7,
      "buyTax": 0,
      "sellTax": 0,
      "isInDex": true,
      "isHoneypot": false,
      "manualUnblock": false,
      "transactionsHourly": 4,
      "transactionsDaily": 27,
      "transactionsWeekly": 363,
      "transactionsMonthly": 1701,
      "volumeUsdHourly": 375.1693298545546,
      "volumeUsdDaily": 635605.7738681593,
      "volumeUsdWeekly": 4821281.577595628,
      "volumeUsdMonthly": 45176426.6961934,
      "logo": "https://matcha-image-proxy.api.0x.org/images/1/0x7fc66500c84a76ad7e9c93437bfc5ac33e2ddae9"
    },
    {
      "address": "0xfb6115445bff7b52feb98650c87f44907e58f802",
      "chainId": 56,
      "decimals": 18,
      "name": "Aave Token",
      "symbol": "AAVE",
      "type": "ERC20",
      "hasLogo": true,
      "issuer": {
        "name": "binance",
        "metadata": {}
      },
      "blockListsCount": 0,
      "exchangeListsCount": 0,
      "flagListsCount": 0,
      "importedListsCount": 2,
      "buyTax": 0,
      "sellTax": 0,
      "isInDex": true,
      "isHoneypot": false,
      "manualUnblock": false,
      "transactionsHourly": 1,
      "transactionsDaily": 18,
      "transactionsWeekly": 79,
      "transactionsMonthly": 303,
      "volumeUsdHourly": 59.9455011859904,
      "volumeUsdDaily": 2230.3049930024617,
      "volumeUsdWeekly": 14495.213221577009,
      "volumeUsdMonthly": 100756.32725480864,
      "logo": "https://matcha-image-proxy.api.0x.org/images/56/0xfb6115445bff7b52feb98650c87f44907e58f802"
    },
    {
      "address": "0xba5ddd1f9d7f570dc94a51479a000e3bce967196",
      "chainId": 42161,
      "decimals": 18,
      "name": "Aave Token",
      "symbol": "AAVE",
      "type": "ERC20",
      "hasLogo": true,
      "blockListsCount": 0,
      "exchangeListsCount": 0,
      "flagListsCount": 0,
      "importedListsCount": 2,
      "buyTax": 0,
      "sellTax": 0,
      "isInDex": true,
      "isHoneypot": false,
      "manualUnblock": false,
      "transactionsHourly": 3,
      "transactionsDaily": 48,
      "transactionsWeekly": 241,
      "transactionsMonthly": 4122,
      "volumeUsdHourly": 3517.231201968431,
      "volumeUsdDaily": 36999.48802630812,
      "volumeUsdWeekly": 174855.8337226854,
      "volumeUsdMonthly": 4727905.287620325,
      "logo": "https://matcha-image-proxy.api.0x.org/images/42161/0xba5ddd1f9d7f570dc94a51479a000e3bce967196"
    },
    {
      "address": "0x40d16fc0246ad3160ccc09b8d0d3a2cd28ae6c2f",
      "chainId": 1,
      "decimals": 18,
      "name": "Gho Token",
      "symbol": "GHO",
      "type": "ERC20",
      "hasLogo": true,
      "blockListsCount": 0,
      "exchangeListsCount": 0,
      "flagListsCount": 0,
      "importedListsCount": 2,
      "buyTax": 0,
      "sellTax": 0,
      "isInDex": true,
      "isHoneypot": false,
      "manualUnblock": false,
      "transactionsHourly": 1,
      "transactionsDaily": 14,
      "transactionsWeekly": 84,
      "transactionsMonthly": 400,
      "volumeUsdHourly": 4326.51034536048,
      "volumeUsdDaily": 25804.914779611187,
      "volumeUsdWeekly": 1831683.93053883,
      "volumeUsdMonthly": 8442660.074234933,
      "logo": "https://matcha-image-proxy.api.0x.org/images/1/0x40d16fc0246ad3160ccc09b8d0d3a2cd28ae6c2f"
    },
    {
      "address": "0x0bc529c00c6401aef6d220be8c6ea1667f6ad93e",
      "chainId": 1,
      "decimals": 18,
      "name": "yearn.finance",
      "symbol": "YFI",
      "type": "ERC20",
      "hasLogo": true,
      "blockListsCount": 0,
      "exchangeListsCount": 1,
      "flagListsCount": 0,
      "importedListsCount": 7,
      "buyTax": 0,
      "sellTax": 0,
      "isInDex": true,
      "isHoneypot": false,
      "manualUnblock": false,
      "transactionsHourly": 1,
      "transactionsDaily": 5,
      "transactionsWeekly": 28,
      "transactionsMonthly": 96,
      "volumeUsdHourly": 501.578010097825,
      "volumeUsdDaily": 4933.874645638041,
      "volumeUsdWeekly": 9343.736974263176,
      "volumeUsdMonthly": 51133.34720466654,
      "logo": "https://matcha-image-proxy.api.0x.org/images/1/0x0bc529c00c6401aef6d220be8c6ea1667f6ad93e"
    },
    {
      "address": "0x76fb31fb4af56892a25e32cfc43de717950c9278",
      "chainId": 10,
      "decimals": 18,
      "name": "Aave Token",
      "symbol": "AAVE",
      "type": "ERC20",
      "hasLogo": true,
      "blockListsCount": 0,
      "exchangeListsCount": 0,
      "flagListsCount": 0,
      "importedListsCount": 3,
      "buyTax": null,
      "sellTax": null,
      "isInDex": true,
      "isHoneypot": false,
      "manualUnblock": false,
      "transactionsHourly": 1,
      "transactionsDaily": 7,
      "transactionsWeekly": 22,
      "transactionsMonthly": 133,
      "volumeUsdHourly": 2779.23369044598,
      "volumeUsdDaily": 3168.957037578862,
      "volumeUsdWeekly": 6226.5391138066825,
      "volumeUsdMonthly": 23498.0193142134,
      "logo": "https://matcha-image-proxy.api.0x.org/images/10/0x76fb31fb4af56892a25e32cfc43de717950c9278"
    },
    {
      "address": "0xf998eaf7378c0894caf54a5de06307b9ba3fb3c1",
      "chainId": 8453,
      "decimals": 18,
      "name": "Aave $AAVE",
      "symbol": "Aave$AAVE",
      "type": "ERC20",
      "issuer": {
        "name": "zora",
        "metadata": {}
      },
      "blockListsCount": 0,
      "exchangeListsCount": 0,
      "flagListsCount": 0,
      "importedListsCount": 0,
      "logo": "https://matcha-image-proxy.api.0x.org/images/8453/0xf998eaf7378c0894caf54a5de06307b9ba3fb3c1"
    },
    {
      "address": "0x341573f12f1853a9bd2040cf067ddeb3a4261103",
      "chainId": 8453,
      "decimals": 18,
      "name": "Aave #AAVE",
      "symbol": "Aave #AAVE",
      "type": "ERC20",
      "issuer": {
        "name": "zora",
        "metadata": {}
      },
      "blockListsCount": 0,
      "exchangeListsCount": 0,
      "flagListsCount": 0,
      "importedListsCount": 0,
      "logo": "https://matcha-image-proxy.api.0x.org/images/8453/0x341573f12f1853a9bd2040cf067ddeb3a4261103"
    },
    {
      "address": "0x4fba06d69d6011c8593b0aea2e08bc3bf81ce7be",
      "chainId": 8453,
      "decimals": 18,
      "name": "What is Aave (AAVE)?...",
      "symbol": "What is Aave (AAVE)?...",
      "type": "ERC20",
      "issuer": {
        "name": "zora",
        "metadata": {}
      },
      "blockListsCount": 0,
      "exchangeListsCount": 0,
      "flagListsCount": 0,
      "importedListsCount": 0,
      "buyTax": 0,
      "sellTax": 0,
      "isInDex": true,
      "isHoneypot": false,
      "logo": "https://matcha-image-proxy.api.0x.org/images/8453/0x4fba06d69d6011c8593b0aea2e08bc3bf81ce7be"
    },
    {
      "address": "0xb39d47618866504942e8c036c738d6fd5989bca5",
      "chainId": 8453,
      "decimals": 18,
      "name": "*￼CRYPTO NEWS• ⭐️ AAVE $AAVE COMM",
      "symbol": "*￼CRYPTO NEWS• ⭐️ AAVE $AAVE COMM",
      "type": "ERC20",
      "issuer": {
        "name": "zora",
        "metadata": {}
      },
      "blockListsCount": 0,
      "exchangeListsCount": 0,
      "flagListsCount": 0,
      "importedListsCount": 0,
      "logo": "https://matcha-image-proxy.api.0x.org/images/8453/0xb39d47618866504942e8c036c738d6fd5989bca5"
    },
    {
      "address": "0x93a541eb811c1b02e07f2537d531c1c63f9d7e39",
      "chainId": 8453,
      "decimals": 18,
      "name": "(CRYPTO NEWS ⭐️ AAVE $AAVE “BRAND",
      "symbol": "(CRYPTO NEWS ⭐️ AAVE $AAVE “BRAND",
      "type": "ERC20",
      "issuer": {
        "name": "zora",
        "metadata": {}
      },
      "blockListsCount": 0,
      "exchangeListsCount": 0,
      "flagListsCount": 0,
      "importedListsCount": 0,
      "logo": "https://matcha-image-proxy.api.0x.org/images/8453/0x93a541eb811c1b02e07f2537d531c1c63f9d7e39"
    },
    {
      "address": "0xd405c9c6fe0f1b3078ef570b5dd6232bba5351af",
      "chainId": 8453,
      "decimals": 18,
      "name": ",Aave (AAVE) NFT Art: DeFi Lending Revolution",
      "symbol": ",Aave (AAVE) NFT Art: DeFi Lending Revolution",
      "type": "ERC20",
      "issuer": {
        "name": "zora",
        "metadata": {}
      },
      "blockListsCount": 0,
      "exchangeListsCount": 0,
      "flagListsCount": 0,
      "importedListsCount": 0,
      "logo": "https://matcha-image-proxy.api.0x.org/images/8453/0xd405c9c6fe0f1b3078ef570b5dd6232bba5351af"
    },
    {
      "address": "0xce495b7035a64306c48ccd929e8ed45b9f914e84",
      "chainId": 8453,
      "decimals": 18,
      "name": "@AAVEhttps://thecoinrise.com/aave-aave-review-unveiling-the-futu",
      "symbol": "@AAVEhttps://thecoinrise.com/aave-aave-review-unveiling-the-futu",
      "type": "ERC20",
      "issuer": {
        "name": "zora",
        "metadata": {}
      },
      "blockListsCount": 0,
      "exchangeListsCount": 0,
      "flagListsCount": 0,
      "importedListsCount": 0,
      "logo": "https://matcha-image-proxy.api.0x.org/images/8453/0xce495b7035a64306c48ccd929e8ed45b9f914e84"
    }
  ],
  "searchTime": "2025-12-30T01:57:06.996Z",
  "error": null
}