{
  "originalSymbol": "LPT",
  "originalFullName": "Livepeer",
  "searchedQuery": "LPT Livepeer",
  "retried": false,
  "isL1": false,
  "success": true,
  "tokenCount": 15,
  "resultCount": 3244,
  "tokens": [
    {
      "address": "0x49d116504f73d24f7d3b703cc4d82e779bed9c56",
      "chainId": 8453,
      "decimals": 18,
      "name": "LPT (Livepeer) NFT",
      "symbol": "LPT (Livepeer) NFT",
      "type": "ERC20",
      "issuer": {
        "name": "zora",
        "metadata": {}
      },
      "blockListsCount": 0,
      "exchangeListsCount": 0,
      "flagListsCount": 0,
      "importedListsCount": 0,
      "logo": "https://matcha-image-proxy.api.0x.org/images/8453/0x49d116504f73d24f7d3b703cc4d82e779bed9c56"
    },
    {
      "address": "0x289ba1701c2f088cf0faf8b3705246331cb8a839",
      "chainId": 42161,
      "decimals": 18,
      "name": "Livepeer Token",
      "symbol": "LPT",
      "type": "ERC20",
      "hasLogo": true,
      "blockListsCount": 0,
      "exchangeListsCount": 0,
      "flagListsCount": 0,
      "importedListsCount": 2,
      "buyTax": 0,
      "sellTax": 0,
      "isInDex": true,
      "isHoneypot": false,
      "manualUnblock": false,
      "transactionsHourly": 1,
      "transactionsDaily": 7,
      "transactionsWeekly": 25,
      "transactionsMonthly": 89,
      "volumeUsdHourly": 0.361407315631573,
      "volumeUsdDaily": 4634.78406401765,
      "volumeUsdWeekly": 7426.821711825546,
      "volumeUsdMonthly": 44915.10088568345,
      "logo": "https://matcha-image-proxy.api.0x.org/images/42161/0x289ba1701c2f088cf0faf8b3705246331cb8a839"
    },
    {
      "address": "0x58b6a8a3302369daec383334672404ee733ab239",
      "chainId": 1,
      "decimals": 18,
      "name": "Livepeer Token",
      "symbol": "LPT",
      "type": "ERC20",
      "hasLogo": true,
      "blockListsCount": 0,
      "exchangeListsCount": 1,
      "flagListsCount": 0,
      "importedListsCount": 4,
      "buyTax": 0,
      "sellTax": 0,
      "isInDex": true,
      "isHoneypot": false,
      "manualUnblock": false,
      "transactionsHourly": 1,
      "transactionsDaily": 11,
      "transactionsWeekly": 46,
      "transactionsMonthly": 141,
      "volumeUsdHourly": 6.45808001484567,
      "volumeUsdDaily": 1484.049136379136,
      "volumeUsdWeekly": 26178.90987846232,
      "volumeUsdMonthly": 39844.78101633534,
      "logo": "https://matcha-image-proxy.api.0x.org/images/1/0x58b6a8a3302369daec383334672404ee733ab239"
    },
    {
      "address": "0x6f7ac0236a639112c2fb7887bbd96dbc1e755198",
      "chainId": 8453,
      "decimals": 18,
      "name": "LPT Livepeer On Base",
      "symbol": "LPT Livepeer On Base",
      "type": "ERC20",
      "blockListsCount": 0,
      "exchangeListsCount": 0,
      "flagListsCount": 0,
      "importedListsCount": 0,
      "logo": "https://matcha-image-proxy.api.0x.org/images/8453/0x6f7ac0236a639112c2fb7887bbd96dbc1e755198"
    },
    {
      "address": "0x62badd8ad81bebcbcff2edfaf3a58ced251a9cc2",
      "chainId": 8453,
      "decimals": 18,
      "name": "LPT Livepeer AI Presale v2",
      "symbol": "LPT Livepeer AI Presale v2",
      "type": "ERC20",
      "blockListsCount": 0,
      "exchangeListsCount": 0,
      "flagListsCount": 0,
      "importedListsCount": 0,
      "logo": "https://matcha-image-proxy.api.0x.org/images/8453/0x62badd8ad81bebcbcff2edfaf3a58ced251a9cc2"
    },
    {
      "address": "0xdb0f397f41dfbcf36aba984974408d384aff72b1",
      "chainId": 56,
      "decimals": 9,
      "name": "LPT Livepeer AI Presale v2",
      "symbol": "LPT Livepeer AI Presale v2",
      "type": "ERC20",
      "blockListsCount": 0,
      "exchangeListsCount": 0,
      "flagListsCount": 0,
      "importedListsCount": 0,
      "logo": "https://matcha-image-proxy.api.0x.org/images/56/0xdb0f397f41dfbcf36aba984974408d384aff72b1"
    },
    {
      "address": "0x9a86980d3625b4a6e69d8a4606d51cbc019e2002",
      "chainId": 8453,
      "decimals": 18,
      "name": "FomoBullClub",
      "symbol": "FOMO",
      "type": "ERC20",
      "hasLogo": true,
      "blockListsCount": 0,
      "exchangeListsCount": 0,
      "flagListsCount": 0,
      "importedListsCount": 1,
      "buyTax": 0,
      "sellTax": 0,
      "isInDex": true,
      "isHoneypot": false,
      "manualUnblock": false,
      "transactionsHourly": 1,
      "transactionsDaily": 4,
      "transactionsWeekly": 15,
      "transactionsMonthly": 38,
      "volumeUsdHourly": 0.514464574885417,
      "volumeUsdDaily": 201.50245936495847,
      "volumeUsdWeekly": 950.9623283664654,
      "volumeUsdMonthly": 2441.1643728521663,
      "logo": "https://matcha-image-proxy.api.0x.org/images/8453/0x9a86980d3625b4a6e69d8a4606d51cbc019e2002"
    },
    {
      "address": "0x2655b5d4473cab989ec2d27a549fe4fd45e3db10",
      "chainId": 130,
      "decimals": 18,
      "name": "Mithril Share Lpt",
      "symbol": "Mithril Share Lpt",
      "type": "ERC20",
      "blockListsCount": 1,
      "exchangeListsCount": 0,
      "flagListsCount": 1,
      "importedListsCount": 0,
      "manualUnblock": false,
      "logo": "https://matcha-image-proxy.api.0x.org/images/130/0x2655b5d4473cab989ec2d27a549fe4fd45e3db10"
    },
    {
      "address": "0xfac38532829fdd744373fdcd4708ab90fa0c4078",
      "chainId": 42161,
      "decimals": 18,
      "name": "tender LPT",
      "symbol": "tLPT",
      "type": "ERC20",
      "hasLogo": true,
      "blockListsCount": 0,
      "exchangeListsCount": 0,
      "flagListsCount": 0,
      "importedListsCount": 0,
      "buyTax": null,
      "sellTax": null,
      "isInDex": false,
      "isHoneypot": false,
      "logo": "https://matcha-image-proxy.api.0x.org/images/42161/0xfac38532829fdd744373fdcd4708ab90fa0c4078"
    },
    {
      "address": "0xe4b6aad23acfd736d33df8efcb7da50e465404b0",
      "chainId": 56,
      "decimals": 18,
      "name": "LPT Livepeer On Binance Alpha",
      "symbol": "LPT Livepe",
      "type": "ERC20",
      "blockListsCount": 0,
      "exchangeListsCount": 0,
      "flagListsCount": 0,
      "importedListsCount": 0,
      "logo": "https://matcha-image-proxy.api.0x.org/images/56/0xe4b6aad23acfd736d33df8efcb7da50e465404b0"
    },
    {
      "address": "0xf61973c51ec0b7d8457007f2a9d9e23af9828bd7",
      "chainId": 8453,
      "decimals": 18,
      "name": "LPT Livepeer Perpetual",
      "symbol": "LPTLIV",
      "type": "ERC20",
      "blockListsCount": 0,
      "exchangeListsCount": 0,
      "flagListsCount": 0,
      "importedListsCount": 0,
      "logo": "https://matcha-image-proxy.api.0x.org/images/8453/0xf61973c51ec0b7d8457007f2a9d9e23af9828bd7"
    },
    {
      "address": "0xb3229782669ba53294ae94002de11c5fcca2161b",
      "chainId": 8453,
      "decimals": 18,
      "name": "Lpt",
      "symbol": "Lpt",
      "type": "ERC20",
      "issuer": {
        "name": "zora",
        "metadata": {}
      },
      "blockListsCount": 0,
      "exchangeListsCount": 0,
      "flagListsCount": 0,
      "importedListsCount": 0,
      "logo": "https://matcha-image-proxy.api.0x.org/images/8453/0xb3229782669ba53294ae94002de11c5fcca2161b"
    },
    {
      "address": "0x270b7748cdf8243bfe68face7230ef0fce695389",
      "chainId": 1,
      "decimals": 18,
      "name": "Hinkal ETH",
      "symbol": "hETH",
      "type": "ERC20",
      "hasLogo": true,
      "blockListsCount": 0,
      "exchangeListsCount": 0,
      "flagListsCount": 0,
      "importedListsCount": 2,
      "buyTax": 0,
      "sellTax": 0,
      "isInDex": true,
      "isHoneypot": false,
      "manualUnblock": false,
      "transactionsHourly": 1,
      "transactionsDaily": 1,
      "transactionsWeekly": 1,
      "transactionsMonthly": 1,
      "volumeUsdWeekly": 7525.91603407727,
      "volumeUsdMonthly": 7525.91603407727,
      "logo": "https://matcha-image-proxy.api.0x.org/images/1/0x270b7748cdf8243bfe68face7230ef0fce695389"
    },
    {
      "address": "0xa93f5cfd50fd5551cbbbd6df6ea25e6dbccdf364",
      "chainId": 8453,
      "decimals": 18,
      "name": "Crypto Pug LPT",
      "symbol": "LPT",
      "type": "ERC20",
      "issuer": {
        "name": "zora",
        "metadata": {}
      },
      "blockListsCount": 0,
      "exchangeListsCount": 0,
      "flagListsCount": 0,
      "importedListsCount": 0,
      "logo": "https://matcha-image-proxy.api.0x.org/images/8453/0xa93f5cfd50fd5551cbbbd6df6ea25e6dbccdf364"
    },
    {
      "address": "G4yYwe8mSrgwjzGvyZZJb98u16n4kXWURBDjH6Dpump",
      "chainId": 1399811149,
      "decimals": 6,
      "name": "Love. Peace. Tesla",
      "symbol": "LPT",
      "type": "SPL-Token",
      "blockListsCount": 1,
      "exchangeListsCount": 0,
      "flagListsCount": 1,
      "importedListsCount": 0,
      "manualUnblock": false,
      "logo": "https://matcha-image-proxy.api.0x.org/images/1399811149/G4yYwe8mSrgwjzGvyZZJb98u16n4kXWURBDjH6Dpump"
    }
  ],
  "searchTime": "2025-12-30T01:56:51.245Z",
  "error": null
}