{
  "originalSymbol": "LINK",
  "originalFullName": "Chainlink",
  "searchedQuery": "LINK Chainlink",
  "retried": true,
  "isL1": true,
  "success": true,
  "tokenCount": 15,
  "resultCount": 5189,
  "tokens": [
    {
      "address": "0xf8a0bf9cf54bb92f17374d9e9a321e6a111a51bd",
      "chainId": 56,
      "decimals": 18,
      "name": "ChainLink Token",
      "symbol": "LINK",
      "type": "ERC20",
      "hasLogo": true,
      "issuer": {
        "name": "binance",
        "metadata": {}
      },
      "blockListsCount": 0,
      "exchangeListsCount": 0,
      "flagListsCount": 0,
      "importedListsCount": 2,
      "buyTax": 0,
      "sellTax": 0,
      "isInDex": true,
      "isHoneypot": false,
      "manualUnblock": false,
      "transactionsHourly": 1,
      "transactionsDaily": 29,
      "transactionsWeekly": 189,
      "transactionsMonthly": 851,
      "volumeUsdHourly": 6206.25082464942,
      "volumeUsdDaily": 11909.447213673348,
      "volumeUsdWeekly": 45068.71413064304,
      "volumeUsdMonthly": 215274.4795987784,
      "logo": "https://matcha-image-proxy.api.0x.org/images/56/0xf8a0bf9cf54bb92f17374d9e9a321e6a111a51bd"
    },
    {
      "address": "0xf97f4df75117a78c1a5a0dbb814af92458539fb4",
      "chainId": 42161,
      "decimals": 18,
      "name": "ChainLink Token",
      "symbol": "LINK",
      "type": "ERC20",
      "hasLogo": true,
      "blockListsCount": 0,
      "exchangeListsCount": 0,
      "flagListsCount": 0,
      "importedListsCount": 2,
      "buyTax": 0,
      "sellTax": 0,
      "isInDex": true,
      "isHoneypot": false,
      "manualUnblock": false,
      "transactionsHourly": 3,
      "transactionsDaily": 203,
      "transactionsWeekly": 525,
      "transactionsMonthly": 3488,
      "volumeUsdHourly": 3000.381583130315,
      "volumeUsdDaily": 193218.71882294523,
      "volumeUsdWeekly": 502677.70610129536,
      "volumeUsdMonthly": 5275569.730304809,
      "logo": "https://matcha-image-proxy.api.0x.org/images/42161/0xf97f4df75117a78c1a5a0dbb814af92458539fb4"
    },
    {
      "address": "0x514910771af9ca656af840dff83e8264ecf986ca",
      "chainId": 1,
      "decimals": 18,
      "name": "ChainLink Token",
      "symbol": "LINK",
      "type": "ERC20",
      "hasLogo": true,
      "blockListsCount": 0,
      "exchangeListsCount": 1,
      "flagListsCount": 0,
      "importedListsCount": 8,
      "buyTax": 0,
      "sellTax": 0,
      "isInDex": true,
      "isHoneypot": false,
      "manualUnblock": false,
      "transactionsHourly": 4,
      "transactionsDaily": 63,
      "transactionsWeekly": 443,
      "transactionsMonthly": 2793,
      "volumeUsdHourly": 78255.98929760813,
      "volumeUsdDaily": 155814.5620529401,
      "volumeUsdWeekly": 1479297.4599936872,
      "volumeUsdMonthly": 15075330.083145298,
      "logo": "https://matcha-image-proxy.api.0x.org/images/1/0x514910771af9ca656af840dff83e8264ecf986ca"
    },
    {
      "address": "0x53e0bca35ec356bd5dddfebbd1fc0fd03fabad39",
      "chainId": 137,
      "decimals": 18,
      "name": "ChainLink Token",
      "symbol": "LINK",
      "type": "ERC20",
      "hasLogo": true,
      "blockListsCount": 0,
      "exchangeListsCount": 0,
      "flagListsCount": 0,
      "importedListsCount": 2,
      "buyTax": 0,
      "sellTax": 0,
      "isInDex": true,
      "isHoneypot": false,
      "manualUnblock": false,
      "transactionsHourly": 1,
      "transactionsDaily": 46,
      "transactionsWeekly": 281,
      "transactionsMonthly": 1474,
      "volumeUsdHourly": 149.689345974921,
      "volumeUsdDaily": 48503.64114555851,
      "volumeUsdWeekly": 104528.0335162536,
      "volumeUsdMonthly": 806654.3577626743,
      "logo": "https://matcha-image-proxy.api.0x.org/images/137/0x53e0bca35ec356bd5dddfebbd1fc0fd03fabad39"
    },
    {
      "address": "0x57ab1ec28d129707052df4df418d58a2d46d5f51",
      "chainId": 1,
      "decimals": 18,
      "name": "Synth sUSD",
      "symbol": "sUSD",
      "type": "ERC20",
      "hasLogo": true,
      "blockListsCount": 1,
      "exchangeListsCount": 0,
      "flagListsCount": 1,
      "importedListsCount": 6,
      "buyTax": 0,
      "sellTax": 0,
      "isInDex": true,
      "isHoneypot": false,
      "manualUnblock": false,
      "transactionsHourly": 1,
      "transactionsDaily": 4,
      "transactionsWeekly": 27,
      "transactionsMonthly": 78,
      "volumeUsdHourly": 0.296787960415144,
      "volumeUsdDaily": 136.23051810476403,
      "volumeUsdWeekly": 3529.966536298835,
      "volumeUsdMonthly": 38105.41497760992,
      "logo": "https://matcha-image-proxy.api.0x.org/images/1/0x57ab1ec28d129707052df4df418d58a2d46d5f51"
    },
    {
      "address": "0x88fb150bdc53a65fe94dea0c9ba0a6daf8c6e196",
      "chainId": 8453,
      "decimals": 18,
      "name": "ChainLink Token",
      "symbol": "LINK",
      "type": "ERC20",
      "hasLogo": true,
      "blockListsCount": 0,
      "exchangeListsCount": 0,
      "flagListsCount": 0,
      "importedListsCount": 1,
      "buyTax": 0,
      "sellTax": 0,
      "isInDex": true,
      "isHoneypot": false,
      "manualUnblock": false,
      "transactionsHourly": 14,
      "transactionsDaily": 246,
      "transactionsWeekly": 3231,
      "transactionsMonthly": 15949,
      "volumeUsdHourly": 29.523193961263303,
      "volumeUsdDaily": 21571.39722259832,
      "volumeUsdWeekly": 268789.051536943,
      "volumeUsdMonthly": 1403173.9838777743,
      "logo": "https://matcha-image-proxy.api.0x.org/images/8453/0x88fb150bdc53a65fe94dea0c9ba0a6daf8c6e196"
    },
    {
      "address": "0x5947bb275c521040051d82396192181b413227a3",
      "chainId": 43114,
      "decimals": 18,
      "name": "Chainlink Token",
      "symbol": "LINK.e",
      "type": "ERC20",
      "hasLogo": true,
      "blockListsCount": 0,
      "exchangeListsCount": 0,
      "flagListsCount": 0,
      "importedListsCount": 2,
      "buyTax": null,
      "sellTax": null,
      "isInDex": true,
      "isHoneypot": false,
      "manualUnblock": false,
      "transactionsHourly": 1,
      "transactionsDaily": 1,
      "transactionsWeekly": 6,
      "transactionsMonthly": 81,
      "volumeUsdHourly": 1999.94432720318,
      "volumeUsdDaily": 1999.94432720318,
      "volumeUsdWeekly": 2944.7465695038736,
      "volumeUsdMonthly": 25796.64828922328,
      "logo": "https://matcha-image-proxy.api.0x.org/images/43114/0x5947bb275c521040051d82396192181b413227a3"
    },
    {
      "address": "0x350a791bfc2c21f9ed5d10980dad2e2638ffa7f6",
      "chainId": 10,
      "decimals": 18,
      "name": "ChainLink Token",
      "symbol": "LINK",
      "type": "ERC20",
      "hasLogo": true,
      "blockListsCount": 0,
      "exchangeListsCount": 0,
      "flagListsCount": 0,
      "importedListsCount": 3,
      "buyTax": null,
      "sellTax": null,
      "isInDex": true,
      "isHoneypot": false,
      "manualUnblock": false,
      "transactionsHourly": 1,
      "transactionsDaily": 5,
      "transactionsWeekly": 48,
      "transactionsMonthly": 300,
      "volumeUsdHourly": 126.656992354717,
      "volumeUsdDaily": 506.47139411606776,
      "volumeUsdWeekly": 8310.492625578794,
      "volumeUsdMonthly": 42461.461584647725,
      "logo": "https://matcha-image-proxy.api.0x.org/images/10/0x350a791bfc2c21f9ed5d10980dad2e2638ffa7f6"
    },
    {
      "address": "0x8fe815417913a93ea99049fc0718ee1647a2a07c",
      "chainId": 8453,
      "decimals": 18,
      "name": "XSwap",
      "symbol": "XSWAP",
      "type": "ERC20",
      "hasLogo": true,
      "blockListsCount": 0,
      "exchangeListsCount": 0,
      "flagListsCount": 0,
      "importedListsCount": 1,
      "buyTax": 0,
      "sellTax": 0,
      "isInDex": true,
      "isHoneypot": false,
      "manualUnblock": false,
      "transactionsHourly": 1,
      "transactionsDaily": 8,
      "transactionsWeekly": 34,
      "transactionsMonthly": 103,
      "volumeUsdHourly": 9.52886241554097,
      "volumeUsdDaily": 28428.035850382577,
      "volumeUsdWeekly": 44224.45156991166,
      "volumeUsdMonthly": 52536.22298823621,
      "logo": "https://matcha-image-proxy.api.0x.org/images/8453/0x8fe815417913a93ea99049fc0718ee1647a2a07c"
    },
    {
      "address": "0xae41b275aaaf484b541a5881a2dded9515184cca",
      "chainId": 1,
      "decimals": 18,
      "name": "ChainSwap",
      "symbol": "CSWAP",
      "type": "ERC20",
      "hasLogo": true,
      "blockListsCount": 0,
      "exchangeListsCount": 0,
      "flagListsCount": 0,
      "importedListsCount": 2,
      "buyTax": 0.05,
      "sellTax": 0.05,
      "isInDex": true,
      "isHoneypot": false,
      "manualUnblock": false,
      "transactionsHourly": 2,
      "transactionsDaily": 5,
      "transactionsWeekly": 40,
      "transactionsMonthly": 141,
      "volumeUsdHourly": 593.056497811221,
      "volumeUsdDaily": 1400.670479943792,
      "volumeUsdWeekly": 20944.07209101468,
      "volumeUsdMonthly": 65656.588433539,
      "logo": "https://matcha-image-proxy.api.0x.org/images/1/0xae41b275aaaf484b541a5881a2dded9515184cca"
    },
    {
      "address": "0x10ac13e54218470eed360d13a38c2bbafacb6167",
      "chainId": 8453,
      "decimals": 18,
      "name": "PolloPal by Virtuals",
      "symbol": "POLLO",
      "type": "ERC20",
      "hasLogo": true,
      "blockListsCount": 0,
      "exchangeListsCount": 0,
      "flagListsCount": 0,
      "importedListsCount": 1,
      "buyTax": null,
      "sellTax": null,
      "isInDex": false,
      "isHoneypot": false,
      "manualUnblock": false,
      "transactionsHourly": 1,
      "transactionsDaily": 3,
      "transactionsWeekly": 59,
      "transactionsMonthly": 729,
      "volumeUsdHourly": 1.95125884070751,
      "volumeUsdDaily": 21.664979662677435,
      "volumeUsdWeekly": 7477.271814617705,
      "volumeUsdMonthly": 94683.69460354433,
      "logo": "https://matcha-image-proxy.api.0x.org/images/8453/0x10ac13e54218470eed360d13a38c2bbafacb6167"
    },
    {
      "address": "0x0000000000085d4780b73119b644ae5ecd22b376",
      "chainId": 1,
      "decimals": 18,
      "name": "TrueUSD",
      "symbol": "TUSD",
      "type": "ERC20",
      "hasLogo": true,
      "blockListsCount": 0,
      "exchangeListsCount": 0,
      "flagListsCount": 0,
      "importedListsCount": 5,
      "buyTax": 0,
      "sellTax": 0,
      "isInDex": true,
      "isHoneypot": false,
      "manualUnblock": false,
      "transactionsHourly": 1,
      "transactionsDaily": 1,
      "transactionsWeekly": 5,
      "transactionsMonthly": 28,
      "volumeUsdHourly": 1.93340532368557,
      "volumeUsdDaily": 1.94071478035026,
      "volumeUsdWeekly": 452.30197768292226,
      "volumeUsdMonthly": 15123.164096436383,
      "logo": "https://matcha-image-proxy.api.0x.org/images/1/0x0000000000085d4780b73119b644ae5ecd22b376"
    },
    {
      "address": "0xd403d1624daef243fbcbd4a80d8a6f36affe32b2",
      "chainId": 8453,
      "decimals": 18,
      "name": "Chainlink (Universal)",
      "symbol": "uLINK",
      "type": "ERC20",
      "hasLogo": true,
      "blockListsCount": 0,
      "exchangeListsCount": 0,
      "flagListsCount": 0,
      "importedListsCount": 1,
      "buyTax": 0,
      "sellTax": 0,
      "isInDex": true,
      "isHoneypot": false,
      "manualUnblock": false,
      "transactionsHourly": 1,
      "transactionsDaily": 3,
      "transactionsWeekly": 11,
      "transactionsMonthly": 40,
      "volumeUsdHourly": 98.1443698495743,
      "volumeUsdDaily": 100.0956286902818,
      "volumeUsdWeekly": 145.55504888824063,
      "volumeUsdMonthly": 327.82441180640126,
      "logo": "https://matcha-image-proxy.api.0x.org/images/8453/0xd403d1624daef243fbcbd4a80d8a6f36affe32b2"
    },
    {
      "address": "0x40af3827f39d0eacbf4a168f8d4ee67c121d11c9",
      "chainId": 56,
      "decimals": 18,
      "name": "TrueUSD",
      "symbol": "TUSD",
      "type": "ERC20",
      "hasLogo": true,
      "blockListsCount": 0,
      "exchangeListsCount": 0,
      "flagListsCount": 0,
      "importedListsCount": 1,
      "buyTax": 0,
      "sellTax": 0,
      "isInDex": true,
      "isHoneypot": false,
      "manualUnblock": false,
      "transactionsHourly": 2,
      "transactionsDaily": 2,
      "transactionsWeekly": 4,
      "transactionsMonthly": 43,
      "volumeUsdHourly": 4956.18152449669,
      "volumeUsdDaily": 4954.80689146854,
      "volumeUsdWeekly": 4975.004318068762,
      "volumeUsdMonthly": 22802.910329450024,
      "logo": "https://matcha-image-proxy.api.0x.org/images/56/0x40af3827f39d0eacbf4a168f8d4ee67c121d11c9"
    },
    {
      "address": "0x8fe815417913a93ea99049fc0718ee1647a2a07c",
      "chainId": 1,
      "decimals": 18,
      "name": "XSwap",
      "symbol": "XSWAP",
      "type": "ERC20",
      "hasLogo": true,
      "blockListsCount": 0,
      "exchangeListsCount": 0,
      "flagListsCount": 0,
      "importedListsCount": 2,
      "buyTax": 0,
      "sellTax": 0,
      "isInDex": true,
      "isHoneypot": false,
      "manualUnblock": false,
      "transactionsHourly": 1,
      "transactionsDaily": 2,
      "transactionsWeekly": 5,
      "transactionsMonthly": 14,
      "volumeUsdHourly": 1006.33624951436,
      "volumeUsdDaily": 2005.388296661044,
      "volumeUsdWeekly": 3648.598550760856,
      "volumeUsdMonthly": 5789.893644022713,
      "logo": "https://matcha-image-proxy.api.0x.org/images/1/0x8fe815417913a93ea99049fc0718ee1647a2a07c"
    }
  ],
  "searchTime": "2025-12-30T01:58:05.144Z",
  "error": null
}