{
  "originalSymbol": "MOVE",
  "originalFullName": "Movement",
  "searchedQuery": "MOVE Movement",
  "retried": false,
  "isL1": false,
  "success": true,
  "tokenCount": 15,
  "resultCount": 10000,
  "tokens": [
    {
      "address": "0xb0ffa8000886e57f86dd5264b9582b2ad87b2b91",
      "chainId": 8453,
      "decimals": 18,
      "name": "Wormhole Token",
      "symbol": "W",
      "type": "ERC20",
      "hasLogo": true,
      "blockListsCount": 0,
      "exchangeListsCount": 0,
      "flagListsCount": 0,
      "importedListsCount": 1,
      "buyTax": 0,
      "sellTax": 0,
      "isInDex": true,
      "isHoneypot": false,
      "manualUnblock": false,
      "transactionsHourly": 2,
      "transactionsDaily": 28,
      "transactionsWeekly": 302,
      "transactionsMonthly": 2478,
      "volumeUsdHourly": 37.92428346507328,
      "volumeUsdDaily": 868.8003787024664,
      "volumeUsdWeekly": 12297.666178664333,
      "volumeUsdMonthly": 91300.32309116142,
      "logo": "https://matcha-image-proxy.api.0x.org/images/8453/0xb0ffa8000886e57f86dd5264b9582b2ad87b2b91"
    },
    {
      "address": "0x38b88d6568d61556d33592ad7bc24e89a7fb6691",
      "chainId": 8453,
      "decimals": 18,
      "name": "Operating System",
      "symbol": "OPSYS",
      "type": "ERC20",
      "hasLogo": true,
      "blockListsCount": 0,
      "exchangeListsCount": 0,
      "flagListsCount": 0,
      "importedListsCount": 1,
      "buyTax": 0,
      "sellTax": 0,
      "isInDex": true,
      "isHoneypot": false,
      "manualUnblock": false,
      "transactionsHourly": 6,
      "transactionsDaily": 107,
      "transactionsWeekly": 1135,
      "transactionsMonthly": 4242,
      "volumeUsdHourly": 5.079699659862472,
      "volumeUsdDaily": 208.74326870494536,
      "volumeUsdWeekly": 7948.62235771991,
      "volumeUsdMonthly": 41454.00905169851,
      "logo": "https://matcha-image-proxy.api.0x.org/images/8453/0x38b88d6568d61556d33592ad7bc24e89a7fb6691"
    },
    {
      "address": "0x1f573d6fb3f13d689ff844b4ce37794d79a7ff1c",
      "chainId": 1,
      "decimals": 18,
      "name": "Bancor Network Token",
      "symbol": "BNT",
      "type": "ERC20",
      "hasLogo": true,
      "blockListsCount": 0,
      "exchangeListsCount": 1,
      "flagListsCount": 0,
      "importedListsCount": 5,
      "buyTax": 0,
      "sellTax": 0,
      "isInDex": true,
      "isHoneypot": false,
      "manualUnblock": false,
      "transactionsHourly": 2,
      "transactionsDaily": 5,
      "transactionsWeekly": 22,
      "transactionsMonthly": 86,
      "volumeUsdHourly": 1612.2575835494022,
      "volumeUsdDaily": 2004.8292325472385,
      "volumeUsdWeekly": 8370.663358781574,
      "volumeUsdMonthly": 122241.87947640152,
      "logo": "https://matcha-image-proxy.api.0x.org/images/1/0x1f573d6fb3f13d689ff844b4ce37794d79a7ff1c"
    },
    {
      "address": "0xb96450dcb16e4a30b999cb5f4087bae9c0ffac4e",
      "chainId": 8453,
      "decimals": 18,
      "name": "TREB",
      "symbol": "TREB",
      "type": "ERC20",
      "hasLogo": true,
      "blockListsCount": 0,
      "exchangeListsCount": 0,
      "flagListsCount": 0,
      "importedListsCount": 1,
      "buyTax": 0,
      "sellTax": 0,
      "isInDex": true,
      "isHoneypot": false,
      "manualUnblock": false,
      "transactionsHourly": 2,
      "transactionsDaily": 29,
      "transactionsWeekly": 264,
      "transactionsMonthly": 1166,
      "volumeUsdHourly": 55.4678394958888,
      "volumeUsdDaily": 4036.6595530836744,
      "volumeUsdWeekly": 43192.315669509895,
      "volumeUsdMonthly": 139683.8335569421,
      "logo": "https://matcha-image-proxy.api.0x.org/images/8453/0xb96450dcb16e4a30b999cb5f4087bae9c0ffac4e"
    },
    {
      "address": "0x558bb6e16a9bcacb309fd9b164aabc61ef18ce20",
      "chainId": 8453,
      "decimals": 18,
      "name": "MOVE (Movement) NFT",
      "symbol": "MOVE (Movement) NFT",
      "type": "ERC20",
      "issuer": {
        "name": "zora",
        "metadata": {}
      },
      "blockListsCount": 0,
      "exchangeListsCount": 0,
      "flagListsCount": 0,
      "importedListsCount": 0,
      "logo": "https://matcha-image-proxy.api.0x.org/images/8453/0x558bb6e16a9bcacb309fd9b164aabc61ef18ce20"
    },
    {
      "address": "0x4ed141110f6eeeaba9a1df36d8c26f684d2475dc",
      "chainId": 137,
      "decimals": 18,
      "name": "BRZ Token",
      "symbol": "BRZ",
      "type": "ERC20",
      "hasLogo": true,
      "blockListsCount": 0,
      "exchangeListsCount": 0,
      "flagListsCount": 0,
      "importedListsCount": 1,
      "buyTax": 0,
      "sellTax": 0,
      "isInDex": true,
      "isHoneypot": false,
      "manualUnblock": false,
      "transactionsHourly": 4,
      "transactionsDaily": 28,
      "transactionsWeekly": 127,
      "transactionsMonthly": 517,
      "volumeUsdHourly": 66.73616969785968,
      "volumeUsdDaily": 1085.122216547804,
      "volumeUsdWeekly": 10009.48207883706,
      "volumeUsdMonthly": 131918.28188950688,
      "logo": "https://matcha-image-proxy.api.0x.org/images/137/0x4ed141110f6eeeaba9a1df36d8c26f684d2475dc"
    },
    {
      "address": "0xb1a03eda10342529bbf8eb700a06c60441fef25d",
      "chainId": 8453,
      "decimals": 18,
      "name": "Mister Miggles",
      "symbol": "MIGGLES",
      "type": "ERC20",
      "hasLogo": true,
      "blockListsCount": 0,
      "exchangeListsCount": 0,
      "flagListsCount": 0,
      "importedListsCount": 1,
      "buyTax": 0,
      "sellTax": 0,
      "isInDex": true,
      "isHoneypot": false,
      "manualUnblock": false,
      "transactionsHourly": 9,
      "transactionsDaily": 131,
      "transactionsWeekly": 1306,
      "transactionsMonthly": 5375,
      "volumeUsdHourly": 10.38247116371147,
      "volumeUsdDaily": 2561.419737021426,
      "volumeUsdWeekly": 73882.24137319278,
      "volumeUsdMonthly": 379334.3479066595,
      "logo": "https://matcha-image-proxy.api.0x.org/images/8453/0xb1a03eda10342529bbf8eb700a06c60441fef25d"
    },
    {
      "address": "0xc7198437980c041c805a1edcba50c1ce5db95118",
      "chainId": 43114,
      "decimals": 6,
      "name": "Tether USD",
      "symbol": "USDT.e",
      "type": "ERC20",
      "hasLogo": true,
      "blockListsCount": 0,
      "exchangeListsCount": 0,
      "flagListsCount": 0,
      "importedListsCount": 1,
      "buyTax": 0,
      "sellTax": 0,
      "isInDex": true,
      "isHoneypot": false,
      "manualUnblock": false,
      "transactionsHourly": 1,
      "transactionsDaily": 1,
      "transactionsWeekly": 65,
      "transactionsMonthly": 197,
      "volumeUsdHourly": 582.386153495196,
      "volumeUsdDaily": 582.386153495196,
      "volumeUsdWeekly": 3218.339454280188,
      "volumeUsdMonthly": 85387.44872981452,
      "logo": "https://matcha-image-proxy.api.0x.org/images/43114/0xc7198437980c041c805a1edcba50c1ce5db95118"
    },
    {
      "address": "0x3073f7aaa4db83f95e9fff17424f71d4751a3073",
      "chainId": 1,
      "decimals": 8,
      "name": "Movement",
      "symbol": "MOVE",
      "type": "ERC20",
      "hasLogo": true,
      "blockListsCount": 0,
      "exchangeListsCount": 0,
      "flagListsCount": 0,
      "importedListsCount": 3,
      "buyTax": 0,
      "sellTax": 0,
      "isInDex": true,
      "isHoneypot": false,
      "manualUnblock": false,
      "transactionsHourly": 2,
      "transactionsDaily": 4,
      "transactionsWeekly": 33,
      "transactionsMonthly": 190,
      "volumeUsdHourly": 17.17058636314096,
      "volumeUsdDaily": 203.5186683597513,
      "volumeUsdWeekly": 9929.751705017406,
      "volumeUsdMonthly": 42316.505445854855,
      "logo": "https://matcha-image-proxy.api.0x.org/images/1/0x3073f7aaa4db83f95e9fff17424f71d4751a3073"
    },
    {
      "address": "0xaaee1a9723aadb7afa2810263653a34ba2c21c7a",
      "chainId": 1,
      "decimals": 18,
      "name": "Mog Coin",
      "symbol": "Mog",
      "type": "ERC20",
      "hasLogo": true,
      "blockListsCount": 0,
      "exchangeListsCount": 0,
      "flagListsCount": 0,
      "importedListsCount": 4,
      "buyTax": 0,
      "sellTax": 0,
      "isInDex": true,
      "isHoneypot": false,
      "manualUnblock": false,
      "transactionsHourly": 1,
      "transactionsDaily": 39,
      "transactionsWeekly": 281,
      "transactionsMonthly": 1126,
      "volumeUsdHourly": 1209.30188760771,
      "volumeUsdDaily": 70370.06803825585,
      "volumeUsdWeekly": 649882.8546712229,
      "volumeUsdMonthly": 1982703.9873934104,
      "logo": "https://matcha-image-proxy.api.0x.org/images/1/0xaaee1a9723aadb7afa2810263653a34ba2c21c7a"
    },
    {
      "address": "0x90ec58ef4cc9f37b96de1e203b65bd4e6e79580e",
      "chainId": 8453,
      "decimals": 18,
      "name": "Alpha City",
      "symbol": "AMETA",
      "type": "ERC20",
      "hasLogo": true,
      "blockListsCount": 0,
      "exchangeListsCount": 0,
      "flagListsCount": 0,
      "importedListsCount": 1,
      "buyTax": 0,
      "sellTax": 0,
      "isInDex": true,
      "isHoneypot": false,
      "manualUnblock": false,
      "transactionsHourly": 3,
      "transactionsDaily": 8,
      "transactionsWeekly": 30,
      "transactionsMonthly": 129,
      "volumeUsdHourly": 71.36264243503915,
      "volumeUsdDaily": 10142.030267333674,
      "volumeUsdWeekly": 12635.348553027638,
      "volumeUsdMonthly": 23348.863593428523,
      "logo": "https://matcha-image-proxy.api.0x.org/images/8453/0x90ec58ef4cc9f37b96de1e203b65bd4e6e79580e"
    },
    {
      "address": "0xb86abcb37c3a4b64f74f59301aff131a1becc787",
      "chainId": 56,
      "decimals": 12,
      "name": "Zilliqa",
      "symbol": "ZIL",
      "type": "ERC20",
      "hasLogo": true,
      "issuer": {
        "name": "binance",
        "metadata": {}
      },
      "blockListsCount": 0,
      "exchangeListsCount": 0,
      "flagListsCount": 0,
      "importedListsCount": 1,
      "buyTax": 0,
      "sellTax": 0,
      "isInDex": true,
      "isHoneypot": false,
      "manualUnblock": false,
      "transactionsHourly": 1,
      "transactionsDaily": 4,
      "transactionsWeekly": 27,
      "transactionsMonthly": 92,
      "volumeUsdHourly": 14.9826271341881,
      "volumeUsdDaily": 387.99617513151946,
      "volumeUsdWeekly": 831.3496107340089,
      "volumeUsdMonthly": 2436.265383691035,
      "logo": "https://matcha-image-proxy.api.0x.org/images/56/0xb86abcb37c3a4b64f74f59301aff131a1becc787"
    },
    {
      "address": "0xfeac2eae96899709a43e252b6b92971d32f9c0f9",
      "chainId": 1,
      "decimals": 18,
      "name": "ANyONe Protocol",
      "symbol": "ANYONE",
      "type": "ERC20",
      "hasLogo": true,
      "blockListsCount": 0,
      "exchangeListsCount": 0,
      "flagListsCount": 0,
      "importedListsCount": 2,
      "buyTax": 0,
      "sellTax": 0,
      "isInDex": true,
      "isHoneypot": false,
      "manualUnblock": false,
      "transactionsHourly": 1,
      "transactionsDaily": 19,
      "transactionsWeekly": 109,
      "transactionsMonthly": 489,
      "volumeUsdHourly": 35.4417565924022,
      "volumeUsdDaily": 6314.334708992715,
      "volumeUsdWeekly": 40084.230301068616,
      "volumeUsdMonthly": 245391.91366721207,
      "logo": "https://matcha-image-proxy.api.0x.org/images/1/0xfeac2eae96899709a43e252b6b92971d32f9c0f9"
    },
    {
      "address": "0x3ffeea07a27fab7ad1df5297fa75e77a43cb5790",
      "chainId": 1,
      "decimals": 18,
      "name": "PeiPei",
      "symbol": "PEIPEI",
      "type": "ERC20",
      "hasLogo": true,
      "blockListsCount": 0,
      "exchangeListsCount": 0,
      "flagListsCount": 0,
      "importedListsCount": 2,
      "buyTax": 0,
      "sellTax": 0,
      "isInDex": true,
      "isHoneypot": false,
      "manualUnblock": false,
      "transactionsHourly": 1,
      "transactionsDaily": 10,
      "transactionsWeekly": 132,
      "transactionsMonthly": 786,
      "volumeUsdHourly": 1791.99701786979,
      "volumeUsdDaily": 12030.067065364254,
      "volumeUsdWeekly": 26854.13777577032,
      "volumeUsdMonthly": 139438.84685168203,
      "logo": "https://matcha-image-proxy.api.0x.org/images/1/0x3ffeea07a27fab7ad1df5297fa75e77a43cb5790"
    },
    {
      "address": "0x698dc45e4f10966f6d1d98e3bfd7071d8144c233",
      "chainId": 8453,
      "decimals": 9,
      "name": "Pepe",
      "symbol": "PEPE",
      "type": "ERC20",
      "hasLogo": true,
      "blockListsCount": 0,
      "exchangeListsCount": 0,
      "flagListsCount": 0,
      "importedListsCount": 1,
      "buyTax": 0,
      "sellTax": 0,
      "isInDex": true,
      "isHoneypot": false,
      "manualUnblock": false,
      "transactionsHourly": 1,
      "transactionsDaily": 15,
      "transactionsWeekly": 261,
      "transactionsMonthly": 1406,
      "volumeUsdHourly": 12.50698734565,
      "volumeUsdDaily": 725.0062561241926,
      "volumeUsdWeekly": 14047.275094199184,
      "volumeUsdMonthly": 168804.92379316236,
      "logo": "https://matcha-image-proxy.api.0x.org/images/8453/0x698dc45e4f10966f6d1d98e3bfd7071d8144c233"
    }
  ],
  "searchTime": "2025-12-30T01:56:43.377Z",
  "error": null
}