{
  "originalSymbol": "PUNDIX",
  "originalFullName": "Pundi X",
  "searchedQuery": "PUNDIX Pundi X",
  "retried": false,
  "isL1": false,
  "success": true,
  "tokenCount": 15,
  "resultCount": 10000,
  "tokens": [
    {
      "address": "0x1d2f0da169ceb9fc7b3144628db156f3f6c60dbe",
      "chainId": 56,
      "decimals": 18,
      "name": "XRP Token",
      "symbol": "XRP",
      "type": "ERC20",
      "hasLogo": true,
      "issuer": {
        "name": "binance",
        "metadata": {}
      },
      "blockListsCount": 0,
      "exchangeListsCount": 0,
      "flagListsCount": 0,
      "importedListsCount": 1,
      "buyTax": 0,
      "sellTax": 0,
      "isInDex": true,
      "isHoneypot": false,
      "manualUnblock": false,
      "transactionsHourly": 1,
      "transactionsDaily": 91,
      "transactionsWeekly": 593,
      "transactionsMonthly": 2792,
      "volumeUsdHourly": 2.95785361897323,
      "volumeUsdDaily": 13167.758818349934,
      "volumeUsdWeekly": 76553.70873226521,
      "volumeUsdMonthly": 783189.0593038192,
      "logo": "https://matcha-image-proxy.api.0x.org/images/56/0x1d2f0da169ceb9fc7b3144628db156f3f6c60dbe"
    },
    {
      "address": "XsDoVfqeBukxuZHWhdvWHBhgEHjGNst4MLodqsJHzoB",
      "chainId": 1399811149,
      "decimals": 8,
      "name": "Tesla xStock",
      "symbol": "TSLAx",
      "type": "Token2022",
      "issuer": {
        "name": "xstocks",
        "metadata": {}
      },
      "blockListsCount": 1,
      "exchangeListsCount": 0,
      "flagListsCount": 1,
      "importedListsCount": 0,
      "isHoneypot": false,
      "manualUnblock": false,
      "transactionsDaily": 221,
      "transactionsWeekly": 221,
      "transactionsMonthly": 221,
      "volumeUsdDaily": 15720.944042133133,
      "volumeUsdWeekly": 15720.944042133133,
      "volumeUsdMonthly": 15720.944042133133,
      "logo": "https://matcha-image-proxy.api.0x.org/images/1399811149/XsDoVfqeBukxuZHWhdvWHBhgEHjGNst4MLodqsJHzoB"
    },
    {
      "address": "Xsc9qvGR1efVDFGLrVsmkzv3qi45LTBjeUKSPmx9qEh",
      "chainId": 1399811149,
      "decimals": 8,
      "name": "NVIDIA xStock",
      "symbol": "NVDAx",
      "type": "Token2022",
      "issuer": {
        "name": "xstocks",
        "metadata": {}
      },
      "blockListsCount": 1,
      "exchangeListsCount": 0,
      "flagListsCount": 1,
      "importedListsCount": 0,
      "isHoneypot": false,
      "manualUnblock": false,
      "transactionsDaily": 245,
      "transactionsWeekly": 245,
      "transactionsMonthly": 245,
      "volumeUsdDaily": 12516.26082292211,
      "volumeUsdWeekly": 12516.26082292211,
      "volumeUsdMonthly": 12516.26082292211,
      "logo": "https://matcha-image-proxy.api.0x.org/images/1399811149/Xsc9qvGR1efVDFGLrVsmkzv3qi45LTBjeUKSPmx9qEh"
    },
    {
      "address": "Xs8S1uUs1zvS2p7iwtsG3b6fkhpvmwz4GYU3gWAmWHZ",
      "chainId": 1399811149,
      "decimals": 8,
      "name": "Nasdaq xStock",
      "symbol": "QQQx",
      "type": "Token2022",
      "issuer": {
        "name": "xstocks",
        "metadata": {}
      },
      "blockListsCount": 1,
      "exchangeListsCount": 0,
      "flagListsCount": 1,
      "importedListsCount": 0,
      "isHoneypot": false,
      "manualUnblock": false,
      "transactionsDaily": 132,
      "transactionsWeekly": 132,
      "transactionsMonthly": 132,
      "volumeUsdDaily": 7952.517822759067,
      "volumeUsdWeekly": 7952.517822759067,
      "volumeUsdMonthly": 7952.517822759067,
      "logo": "https://matcha-image-proxy.api.0x.org/images/1399811149/Xs8S1uUs1zvS2p7iwtsG3b6fkhpvmwz4GYU3gWAmWHZ"
    },
    {
      "address": "0xeeeeeeeeeeeeeeeeeeeeeeeeeeeeeeeeeeeeeeee",
      "chainId": 9745,
      "decimals": 18,
      "name": "Plasma",
      "symbol": "XPL",
      "type": "Native",
      "hasLogo": true,
      "blockListsCount": 0,
      "exchangeListsCount": 0,
      "flagListsCount": 0,
      "importedListsCount": 2,
      "manualUnblock": false,
      "transactionsHourly": 13,
      "transactionsDaily": 1662,
      "transactionsWeekly": 3269,
      "transactionsMonthly": 8694,
      "volumeUsdHourly": 1496.7663119357635,
      "volumeUsdDaily": 41933.947776175155,
      "volumeUsdWeekly": 132267.0917916091,
      "volumeUsdMonthly": 766635.9577261457,
      "logo": "https://matcha-image-proxy.api.0x.org/images/9745/0xeeeeeeeeeeeeeeeeeeeeeeeeeeeeeeeeeeeeeeee"
    },
    {
      "address": "0xcb585250f852c6c6bf90434ab21a00f02833a4af",
      "chainId": 8453,
      "decimals": 6,
      "name": "Coinbase Wrapped XRP",
      "symbol": "cbXRP",
      "type": "ERC20",
      "hasLogo": true,
      "issuer": {
        "name": "coinbase",
        "metadata": {}
      },
      "blockListsCount": 0,
      "exchangeListsCount": 0,
      "flagListsCount": 0,
      "importedListsCount": 2,
      "buyTax": 0,
      "sellTax": 0,
      "isInDex": true,
      "isHoneypot": false,
      "manualUnblock": false,
      "transactionsHourly": 5,
      "transactionsDaily": 77,
      "transactionsWeekly": 553,
      "transactionsMonthly": 2973,
      "volumeUsdHourly": 178.20931838943008,
      "volumeUsdDaily": 17317.948425537477,
      "volumeUsdWeekly": 74757.52048114278,
      "volumeUsdMonthly": 833728.1359939788,
      "logo": "https://matcha-image-proxy.api.0x.org/images/8453/0xcb585250f852c6c6bf90434ab21a00f02833a4af"
    },
    {
      "address": "0x68749665ff8d2d112fa859aa293f07a622782f38",
      "chainId": 1,
      "decimals": 6,
      "name": "Tether Gold",
      "symbol": "XAUt",
      "type": "ERC20",
      "hasLogo": true,
      "issuer": {
        "name": "tether",
        "metadata": {}
      },
      "blockListsCount": 0,
      "exchangeListsCount": 0,
      "flagListsCount": 0,
      "importedListsCount": 3,
      "buyTax": 0,
      "sellTax": 0,
      "isInDex": true,
      "isHoneypot": false,
      "manualUnblock": false,
      "transactionsHourly": 3,
      "transactionsDaily": 78,
      "transactionsWeekly": 353,
      "transactionsMonthly": 1330,
      "volumeUsdHourly": 1056.933663818158,
      "volumeUsdDaily": 863166.4329644464,
      "volumeUsdWeekly": 2529542.648242724,
      "volumeUsdMonthly": 5943618.2543013375,
      "logo": "https://matcha-image-proxy.api.0x.org/images/1/0x68749665ff8d2d112fa859aa293f07a622782f38"
    },
    {
      "address": "XsbEhLAtcf6HdfpFZ5xEMdqW8nfAvcsP5bdudRLJzJp",
      "chainId": 1399811149,
      "decimals": 8,
      "name": "Apple xStock",
      "symbol": "AAPLx",
      "type": "SPL-Token",
      "issuer": {
        "name": "xstocks",
        "metadata": {}
      },
      "blockListsCount": 1,
      "exchangeListsCount": 0,
      "flagListsCount": 0,
      "importedListsCount": 0,
      "isHoneypot": false,
      "manualUnblock": false,
      "transactionsDaily": 56,
      "transactionsWeekly": 56,
      "transactionsMonthly": 56,
      "volumeUsdDaily": 688.12160604268,
      "volumeUsdWeekly": 688.12160604268,
      "volumeUsdMonthly": 688.12160604268,
      "logo": "https://matcha-image-proxy.api.0x.org/images/1399811149/XsbEhLAtcf6HdfpFZ5xEMdqW8nfAvcsP5bdudRLJzJp"
    },
    {
      "address": "XsP7xzNPvEHS1m6qfanPUGjNmdnmsLKEoNAnHjdxxyZ",
      "chainId": 1399811149,
      "decimals": 8,
      "name": "MicroStrategy xStock",
      "symbol": "MSTRx",
      "type": "Token2022",
      "issuer": {
        "name": "xstocks",
        "metadata": {}
      },
      "blockListsCount": 0,
      "exchangeListsCount": 0,
      "flagListsCount": 0,
      "importedListsCount": 0,
      "isHoneypot": false,
      "transactionsDaily": 132,
      "transactionsWeekly": 132,
      "transactionsMonthly": 132,
      "volumeUsdDaily": 13616.343892677109,
      "volumeUsdWeekly": 13616.343892677109,
      "volumeUsdMonthly": 13616.343892677109,
      "logo": "https://matcha-image-proxy.api.0x.org/images/1399811149/XsP7xzNPvEHS1m6qfanPUGjNmdnmsLKEoNAnHjdxxyZ"
    },
    {
      "address": "XsoCS1TfEyfFhfvj8EtZ528L3CaKBDBRqRapnBbDF2W",
      "chainId": 1399811149,
      "decimals": 8,
      "name": "SP500 xStock",
      "symbol": "SPYx",
      "type": "SPL-Token",
      "issuer": {
        "name": "xstocks",
        "metadata": {}
      },
      "blockListsCount": 0,
      "exchangeListsCount": 0,
      "flagListsCount": 0,
      "importedListsCount": 0,
      "isHoneypot": false,
      "transactionsDaily": 199,
      "transactionsWeekly": 199,
      "transactionsMonthly": 199,
      "volumeUsdDaily": 5550.222200104187,
      "volumeUsdWeekly": 5550.222200104187,
      "volumeUsdMonthly": 5550.222200104187,
      "logo": "https://matcha-image-proxy.api.0x.org/images/1399811149/XsoCS1TfEyfFhfvj8EtZ528L3CaKBDBRqRapnBbDF2W"
    },
    {
      "address": "0x0b3e328455c4059eeb9e3f84b5543f74e24e7e1b",
      "chainId": 8453,
      "decimals": 18,
      "name": "Virtual Protocol",
      "symbol": "VIRTUAL",
      "type": "ERC20",
      "hasLogo": true,
      "blockListsCount": 0,
      "exchangeListsCount": 0,
      "flagListsCount": 0,
      "importedListsCount": 1,
      "buyTax": 0,
      "sellTax": 0,
      "isInDex": true,
      "isHoneypot": false,
      "manualUnblock": false,
      "transactionsHourly": 17,
      "transactionsDaily": 704,
      "transactionsWeekly": 6300,
      "transactionsMonthly": 37114,
      "volumeUsdHourly": 125.97741815578608,
      "volumeUsdDaily": 110105.10689462436,
      "volumeUsdWeekly": 1262733.259809765,
      "volumeUsdMonthly": 6811715.012386049,
      "logo": "https://matcha-image-proxy.api.0x.org/images/8453/0x0b3e328455c4059eeb9e3f84b5543f74e24e7e1b"
    },
    {
      "address": "XsueG8BtpquVJX9LVLLEGuViXUungE6WmK5YZ3p3bd1",
      "chainId": 1399811149,
      "decimals": 8,
      "name": "Circle xStock",
      "symbol": "CRCLx",
      "type": "SPL-Token",
      "issuer": {
        "name": "xstocks",
        "metadata": {}
      },
      "blockListsCount": 0,
      "exchangeListsCount": 0,
      "flagListsCount": 0,
      "importedListsCount": 0,
      "isHoneypot": false,
      "transactionsDaily": 81,
      "transactionsWeekly": 81,
      "transactionsMonthly": 81,
      "volumeUsdDaily": 17564.49677366443,
      "volumeUsdWeekly": 17564.49677366443,
      "volumeUsdMonthly": 17564.49677366443,
      "logo": "https://matcha-image-proxy.api.0x.org/images/1399811149/XsueG8BtpquVJX9LVLLEGuViXUungE6WmK5YZ3p3bd1"
    },
    {
      "address": "0xd1c3f94de7e5b45fa4edbba472491a9f4b166fc4",
      "chainId": 43114,
      "decimals": 18,
      "name": "Avalaunch",
      "symbol": "XAVA",
      "type": "ERC20",
      "hasLogo": true,
      "blockListsCount": 0,
      "exchangeListsCount": 0,
      "flagListsCount": 0,
      "importedListsCount": 1,
      "buyTax": null,
      "sellTax": null,
      "isInDex": true,
      "isHoneypot": false,
      "manualUnblock": false,
      "transactionsHourly": 11,
      "transactionsDaily": 60,
      "transactionsWeekly": 402,
      "transactionsMonthly": 429,
      "volumeUsdHourly": 113.1157111595771,
      "volumeUsdDaily": 424.9334922183053,
      "volumeUsdWeekly": 4395.988492159776,
      "volumeUsdMonthly": 18292.927416753155,
      "logo": "https://matcha-image-proxy.api.0x.org/images/43114/0xd1c3f94de7e5b45fa4edbba472491a9f4b166fc4"
    },
    {
      "address": "XsCPL9dNWBMvFtTmwcCA5v3xWPSMEBCszbQdiLLq6aN",
      "chainId": 1399811149,
      "decimals": 8,
      "name": "Alphabet xStock",
      "symbol": "GOOGLx",
      "type": "SPL-Token",
      "issuer": {
        "name": "xstocks",
        "metadata": {}
      },
      "blockListsCount": 0,
      "exchangeListsCount": 0,
      "flagListsCount": 0,
      "importedListsCount": 0,
      "isHoneypot": false,
      "transactionsDaily": 63,
      "transactionsWeekly": 63,
      "transactionsMonthly": 63,
      "volumeUsdDaily": 1230.4524963845895,
      "volumeUsdWeekly": 1230.4524963845895,
      "volumeUsdMonthly": 1230.4524963845895,
      "logo": "https://matcha-image-proxy.api.0x.org/images/1399811149/XsCPL9dNWBMvFtTmwcCA5v3xWPSMEBCszbQdiLLq6aN"
    },
    {
      "address": "0xfadb26be94c1f959f900bf88cd396b3e803481d6",
      "chainId": 8453,
      "decimals": 18,
      "name": "ESM X Token",
      "symbol": "ESMX",
      "type": "ERC20",
      "hasLogo": true,
      "blockListsCount": 0,
      "exchangeListsCount": 0,
      "flagListsCount": 0,
      "importedListsCount": 1,
      "buyTax": 0.03,
      "sellTax": 0.03,
      "isInDex": true,
      "isHoneypot": false,
      "manualUnblock": false,
      "transactionsHourly": 4,
      "transactionsDaily": 21,
      "transactionsWeekly": 1482,
      "transactionsMonthly": 1595,
      "volumeUsdHourly": 24.59734442948646,
      "volumeUsdDaily": 1666.944561717271,
      "volumeUsdWeekly": 167904.48966982614,
      "volumeUsdMonthly": 170134.27631597756,
      "logo": "https://matcha-image-proxy.api.0x.org/images/8453/0xfadb26be94c1f959f900bf88cd396b3e803481d6"
    }
  ],
  "searchTime": "2025-12-30T01:56:37.699Z",
  "error": null
}