{
  "originalSymbol": "JUP",
  "originalFullName": "Jupiter",
  "searchedQuery": "JUP Jupiter",
  "retried": false,
  "isL1": false,
  "success": true,
  "tokenCount": 15,
  "resultCount": 10000,
  "tokens": [
    {
      "address": "JUPyiwrYJFskUPiHa7hkeR8VUtAeFoSYbKedZNsDvCN",
      "chainId": 1399811149,
      "decimals": 6,
      "name": "Jupiter",
      "symbol": "JUP",
      "type": "SPL-Token",
      "blockListsCount": 0,
      "exchangeListsCount": 0,
      "flagListsCount": 0,
      "importedListsCount": 0,
      "isHoneypot": false,
      "transactionsDaily": 2209,
      "transactionsWeekly": 2209,
      "transactionsMonthly": 2209,
      "volumeUsdDaily": 155923.25568237176,
      "volumeUsdWeekly": 155923.25568237176,
      "volumeUsdMonthly": 155923.25568237176,
      "logo": "https://matcha-image-proxy.api.0x.org/images/1399811149/JUPyiwrYJFskUPiHa7hkeR8VUtAeFoSYbKedZNsDvCN"
    },
    {
      "address": "jupSoLaHXQiZZTSfEWMTRRgpnyFm8f6sZdosWBjx93v",
      "chainId": 1399811149,
      "decimals": 9,
      "name": "Jupiter Staked SOL",
      "symbol": "JupSOL",
      "type": "SPL-Token",
      "blockListsCount": 0,
      "exchangeListsCount": 0,
      "flagListsCount": 0,
      "importedListsCount": 0,
      "isHoneypot": false,
      "transactionsDaily": 288,
      "transactionsWeekly": 288,
      "transactionsMonthly": 288,
      "volumeUsdDaily": 14491.667476516946,
      "volumeUsdWeekly": 14491.667476516946,
      "volumeUsdMonthly": 14491.667476516946,
      "logo": "https://matcha-image-proxy.api.0x.org/images/1399811149/jupSoLaHXQiZZTSfEWMTRRgpnyFm8f6sZdosWBjx93v"
    },
    {
      "address": "27G8MtK7VtTcCHkpASjSDdkWWYfoqT6ggEuKidVJidD4",
      "chainId": 1399811149,
      "decimals": 6,
      "name": "Jupiter Perps LP",
      "symbol": "JLP",
      "type": "SPL-Token",
      "blockListsCount": 0,
      "exchangeListsCount": 0,
      "flagListsCount": 0,
      "importedListsCount": 0,
      "isHoneypot": false,
      "transactionsDaily": 4457,
      "transactionsWeekly": 4457,
      "transactionsMonthly": 4457,
      "volumeUsdDaily": 1371947.7231801534,
      "volumeUsdWeekly": 1371947.7231801534,
      "volumeUsdMonthly": 1371947.7231801534,
      "logo": "https://matcha-image-proxy.api.0x.org/images/1399811149/27G8MtK7VtTcCHkpASjSDdkWWYfoqT6ggEuKidVJidD4"
    },
    {
      "address": "0xbfeefff6abc71087ebe7f06a52542e5f4fa7985e",
      "chainId": 8453,
      "decimals": 18,
      "name": "JUP Jupiter On Base",
      "symbol": "JUP Jupiter On Base",
      "type": "ERC20",
      "blockListsCount": 0,
      "exchangeListsCount": 0,
      "flagListsCount": 0,
      "importedListsCount": 0,
      "logo": "https://matcha-image-proxy.api.0x.org/images/8453/0xbfeefff6abc71087ebe7f06a52542e5f4fa7985e"
    },
    {
      "address": "0x9a39f412efdf6ce0454c70238ed0f7261bee1c15",
      "chainId": 56,
      "decimals": 18,
      "name": "JUP Jupiter AI Presale v2",
      "symbol": "JUP Jupiter AI Presale v2",
      "type": "ERC20",
      "blockListsCount": 0,
      "exchangeListsCount": 0,
      "flagListsCount": 0,
      "importedListsCount": 0,
      "logo": "https://matcha-image-proxy.api.0x.org/images/56/0x9a39f412efdf6ce0454c70238ed0f7261bee1c15"
    },
    {
      "address": "0x8d76834f1591c18c438fee23d836730f9026ace7",
      "chainId": 56,
      "decimals": 9,
      "name": "JUP Jupiter AI Presale v2",
      "symbol": "JUP Jupiter AI Presale v2",
      "type": "ERC20",
      "blockListsCount": 0,
      "exchangeListsCount": 0,
      "flagListsCount": 0,
      "importedListsCount": 0,
      "logo": "https://matcha-image-proxy.api.0x.org/images/56/0x8d76834f1591c18c438fee23d836730f9026ace7"
    },
    {
      "address": "0x4b1e80cac91e2216eeb63e29b957eb91ae9c2be8",
      "chainId": 1,
      "decimals": 18,
      "name": "Jupiter",
      "symbol": "JUP",
      "type": "ERC20",
      "hasLogo": true,
      "blockListsCount": 0,
      "exchangeListsCount": 0,
      "flagListsCount": 0,
      "importedListsCount": 3,
      "buyTax": 0,
      "sellTax": 0,
      "isInDex": true,
      "isHoneypot": false,
      "manualUnblock": false,
      "transactionsHourly": 2,
      "transactionsDaily": 2,
      "transactionsWeekly": 15,
      "transactionsMonthly": 39,
      "volumeUsdHourly": 34.66207875426983,
      "volumeUsdDaily": 34.66207875426983,
      "volumeUsdWeekly": 142.88783904902874,
      "volumeUsdMonthly": 1089.4072709797165,
      "logo": "https://matcha-image-proxy.api.0x.org/images/1/0x4b1e80cac91e2216eeb63e29b957eb91ae9c2be8"
    },
    {
      "address": "0xc192f7c4f4abd3a406e2e33c318c72502055b8af",
      "chainId": 8453,
      "decimals": 18,
      "name": "JUP (Jupiter)",
      "symbol": "JUP",
      "type": "ERC20",
      "issuer": {
        "name": "zora",
        "metadata": {}
      },
      "blockListsCount": 0,
      "exchangeListsCount": 0,
      "flagListsCount": 0,
      "importedListsCount": 0,
      "logo": "https://matcha-image-proxy.api.0x.org/images/8453/0xc192f7c4f4abd3a406e2e33c318c72502055b8af"
    },
    {
      "address": "0x0231f91e02debd20345ae8ab7d71a41f8e140ce7",
      "chainId": 56,
      "decimals": 18,
      "name": "BSC Wrapped Jupiter",
      "symbol": "bwJUP",
      "type": "ERC20",
      "hasLogo": true,
      "blockListsCount": 0,
      "exchangeListsCount": 0,
      "flagListsCount": 0,
      "importedListsCount": 2,
      "buyTax": 0,
      "sellTax": 0,
      "isInDex": true,
      "isHoneypot": false,
      "manualUnblock": false,
      "transactionsHourly": 1,
      "transactionsDaily": 1,
      "transactionsWeekly": 9,
      "transactionsMonthly": 29,
      "volumeUsdHourly": 5.1193928122196,
      "volumeUsdDaily": 5.1193928122196,
      "volumeUsdWeekly": 60.930009991520485,
      "volumeUsdMonthly": 357.4259579156599,
      "logo": "https://matcha-image-proxy.api.0x.org/images/56/0x0231f91e02debd20345ae8ab7d71a41f8e140ce7"
    },
    {
      "address": "9xWANzS4gUHLGRVeGhXL8BamKqdUzQAWnfV64Ju2pump",
      "chainId": 1399811149,
      "decimals": 6,
      "name": "Long Jup",
      "symbol": "JUP",
      "type": "SPL-Token",
      "blockListsCount": 1,
      "exchangeListsCount": 0,
      "flagListsCount": 1,
      "importedListsCount": 0,
      "manualUnblock": false,
      "logo": "https://matcha-image-proxy.api.0x.org/images/1399811149/9xWANzS4gUHLGRVeGhXL8BamKqdUzQAWnfV64Ju2pump"
    },
    {
      "address": "D9GsHMDQ4R6jAe6wPawmKGv9gMqiQdkb6uUrGkAZXM3A",
      "chainId": 1399811149,
      "decimals": 9,
      "name": "JUP | jupiter-token.web.app",
      "symbol": "JUP",
      "type": "SPL-Token",
      "blockListsCount": 0,
      "exchangeListsCount": 0,
      "flagListsCount": 0,
      "importedListsCount": 0,
      "logo": "https://matcha-image-proxy.api.0x.org/images/1399811149/D9GsHMDQ4R6jAe6wPawmKGv9gMqiQdkb6uUrGkAZXM3A"
    },
    {
      "address": "FWpwiwY14s9NmQ4i8oLR8yhxMBNuo5orjznA6wyx96Jt",
      "chainId": 1399811149,
      "decimals": 6,
      "name": "JUP CALL",
      "symbol": "JUP CALL",
      "type": "SPL-Token",
      "blockListsCount": 1,
      "exchangeListsCount": 0,
      "flagListsCount": 1,
      "importedListsCount": 0,
      "manualUnblock": false,
      "logo": "https://matcha-image-proxy.api.0x.org/images/1399811149/FWpwiwY14s9NmQ4i8oLR8yhxMBNuo5orjznA6wyx96Jt"
    },
    {
      "address": "2y6C6bXKBXhimrsStx4F7GhBkGkVWw7DPfYufJU5Gunw",
      "chainId": 1399811149,
      "decimals": 6,
      "name": "JUP CALL",
      "symbol": "JUP CALL",
      "type": "SPL-Token",
      "blockListsCount": 1,
      "exchangeListsCount": 0,
      "flagListsCount": 1,
      "importedListsCount": 0,
      "manualUnblock": false,
      "logo": "https://matcha-image-proxy.api.0x.org/images/1399811149/2y6C6bXKBXhimrsStx4F7GhBkGkVWw7DPfYufJU5Gunw"
    },
    {
      "address": "0x13bd7ce54bce9e9c509c4f316ab7b17d485902d8",
      "chainId": 130,
      "decimals": 18,
      "name": "JUP Long Mao",
      "symbol": "JUP Long Mao",
      "type": "ERC20",
      "blockListsCount": 1,
      "exchangeListsCount": 0,
      "flagListsCount": 1,
      "importedListsCount": 0,
      "manualUnblock": false,
      "logo": "https://matcha-image-proxy.api.0x.org/images/130/0x13bd7ce54bce9e9c509c4f316ab7b17d485902d8"
    },
    {
      "address": "0x72059503abc03b52049f708e5273006101f17120",
      "chainId": 8453,
      "decimals": 18,
      "name": "JUP Long Mao",
      "symbol": "JUP Long Mao",
      "type": "ERC20",
      "blockListsCount": 1,
      "exchangeListsCount": 0,
      "flagListsCount": 1,
      "importedListsCount": 0,
      "manualUnblock": false,
      "logo": "https://matcha-image-proxy.api.0x.org/images/8453/0x72059503abc03b52049f708e5273006101f17120"
    }
  ],
  "searchTime": "2025-12-30T01:57:08.331Z",
  "error": null
}