{
  "originalSymbol": "APT",
  "originalFullName": "Aptos",
  "searchedQuery": "APT Aptos",
  "retried": true,
  "isL1": true,
  "success": true,
  "tokenCount": 15,
  "resultCount": 4646,
  "tokens": [
    {
      "address": "0xc555d625828c4527d477e595ff1dd5801b4a600e",
      "chainId": 1,
      "decimals": 18,
      "name": "MON",
      "symbol": "MON",
      "type": "ERC20",
      "hasLogo": true,
      "blockListsCount": 0,
      "exchangeListsCount": 0,
      "flagListsCount": 0,
      "importedListsCount": 2,
      "buyTax": 0,
      "sellTax": 0,
      "isInDex": true,
      "isHoneypot": false,
      "manualUnblock": false,
      "transactionsHourly": 1,
      "transactionsDaily": 3,
      "transactionsWeekly": 15,
      "transactionsMonthly": 115,
      "volumeUsdHourly": 0.454202992730446,
      "volumeUsdDaily": 984.6228694378904,
      "volumeUsdWeekly": 2503.502216332802,
      "volumeUsdMonthly": 13672.225018670322,
      "logo": "https://matcha-image-proxy.api.0x.org/images/1/0xc555d625828c4527d477e595ff1dd5801b4a600e"
    },
    {
      "address": "0x9c0e042d65a2e1ff31ac83f404e5cb79f452c337",
      "chainId": 8453,
      "decimals": 18,
      "name": "Aptos (Universal)",
      "symbol": "uAPT",
      "type": "ERC20",
      "hasLogo": true,
      "blockListsCount": 0,
      "exchangeListsCount": 0,
      "flagListsCount": 0,
      "importedListsCount": 1,
      "buyTax": 0,
      "sellTax": 0,
      "isInDex": true,
      "isHoneypot": false,
      "manualUnblock": false,
      "transactionsHourly": 2,
      "transactionsDaily": 2,
      "transactionsWeekly": 11,
      "transactionsMonthly": 31,
      "volumeUsdHourly": 95.25381367928728,
      "volumeUsdDaily": 96.33045929098326,
      "volumeUsdWeekly": 216.81947093315964,
      "volumeUsdMonthly": 2272.741248484321,
      "logo": "https://matcha-image-proxy.api.0x.org/images/8453/0x9c0e042d65a2e1ff31ac83f404e5cb79f452c337"
    },
    {
      "address": "0x3ddc84940ab509c11b20b76b466933f40b750dc9",
      "chainId": 1,
      "decimals": 18,
      "name": "+Franklin OnChain U.S. Government Money Fund",
      "symbol": "BENJI",
      "type": "ERC20",
      "hasLogo": true,
      "blockListsCount": 1,
      "exchangeListsCount": 0,
      "flagListsCount": 1,
      "importedListsCount": 2,
      "buyTax": null,
      "sellTax": null,
      "isInDex": false,
      "isHoneypot": null,
      "manualUnblock": false,
      "logo": "https://matcha-image-proxy.api.0x.org/images/1/0x3ddc84940ab509c11b20b76b466933f40b750dc9"
    },
    {
      "address": "0x2b2af8292dfbc937bbc095e4a5442e47558131ea",
      "chainId": 8453,
      "decimals": 18,
      "name": "WAPT",
      "symbol": "WAPT",
      "type": "ERC20",
      "blockListsCount": 0,
      "exchangeListsCount": 0,
      "flagListsCount": 0,
      "importedListsCount": 0,
      "logo": "https://matcha-image-proxy.api.0x.org/images/8453/0x2b2af8292dfbc937bbc095e4a5442e47558131ea"
    },
    {
      "address": "0xa4fb4f0ff2431262d236778495145ecbc975c38b",
      "chainId": 43114,
      "decimals": 18,
      "name": "Bware",
      "symbol": "INFRA.e",
      "type": "ERC20",
      "hasLogo": true,
      "blockListsCount": 0,
      "exchangeListsCount": 0,
      "flagListsCount": 0,
      "importedListsCount": 1,
      "buyTax": null,
      "sellTax": null,
      "isInDex": true,
      "isHoneypot": false,
      "manualUnblock": false,
      "transactionsHourly": 1,
      "transactionsDaily": 1,
      "transactionsWeekly": 1,
      "transactionsMonthly": 1,
      "volumeUsdHourly": 606.883892734549,
      "volumeUsdDaily": 606.983048730661,
      "volumeUsdWeekly": 606.983048730661,
      "volumeUsdMonthly": 606.983048730661,
      "logo": "https://matcha-image-proxy.api.0x.org/images/43114/0xa4fb4f0ff2431262d236778495145ecbc975c38b"
    },
    {
      "address": "0xf7cbdd4d32c56bbe3853d803aa31cd54d65cb73e",
      "chainId": 130,
      "decimals": 18,
      "name": "Aptos Optionpanda",
      "symbol": "Aptos Optionpanda",
      "type": "ERC20",
      "blockListsCount": 1,
      "exchangeListsCount": 0,
      "flagListsCount": 1,
      "importedListsCount": 0,
      "manualUnblock": false,
      "logo": "https://matcha-image-proxy.api.0x.org/images/130/0xf7cbdd4d32c56bbe3853d803aa31cd54d65cb73e"
    },
    {
      "address": "0xd3391609282ca9387d1e1049a18d2ae703fbe30d",
      "chainId": 130,
      "decimals": 18,
      "name": "Aptos Frax Share",
      "symbol": "Aptos Frax Share",
      "type": "ERC20",
      "blockListsCount": 1,
      "exchangeListsCount": 0,
      "flagListsCount": 1,
      "importedListsCount": 0,
      "manualUnblock": false,
      "logo": "https://matcha-image-proxy.api.0x.org/images/130/0xd3391609282ca9387d1e1049a18d2ae703fbe30d"
    },
    {
      "address": "0xc0ea37f6acbd1a3700d37bc12787478df3989067",
      "chainId": 8453,
      "decimals": 18,
      "name": "Ditto Staked Aptos SHARE",
      "symbol": "Ditto Staked Aptos SHARE",
      "type": "ERC20",
      "blockListsCount": 1,
      "exchangeListsCount": 0,
      "flagListsCount": 1,
      "importedListsCount": 0,
      "buyTax": 0,
      "sellTax": 0,
      "isInDex": true,
      "isHoneypot": false,
      "manualUnblock": false,
      "logo": "https://matcha-image-proxy.api.0x.org/images/8453/0xc0ea37f6acbd1a3700d37bc12787478df3989067"
    },
    {
      "address": "0x31b79e34b32239f0c3604db4a451ce9256b92919",
      "chainId": 56,
      "decimals": 9,
      "name": "Baby Aptos",
      "symbol": "bAptos",
      "type": "ERC20",
      "hasLogo": true,
      "blockListsCount": 0,
      "exchangeListsCount": 0,
      "flagListsCount": 0,
      "importedListsCount": 0,
      "buyTax": null,
      "sellTax": null,
      "isInDex": true,
      "isHoneypot": false,
      "logo": "https://matcha-image-proxy.api.0x.org/images/56/0x31b79e34b32239f0c3604db4a451ce9256b92919"
    },
    {
      "address": "0xa396332dc552f158fc242ed2ea6f122954d38f48",
      "chainId": 1,
      "decimals": 18,
      "name": "Microsoft Aptos",
      "symbol": "MAPT",
      "type": "ERC20",
      "blockListsCount": 1,
      "exchangeListsCount": 0,
      "flagListsCount": 1,
      "importedListsCount": 0,
      "buyTax": null,
      "sellTax": null,
      "isInDex": true,
      "isHoneypot": null,
      "manualUnblock": false,
      "logo": "https://matcha-image-proxy.api.0x.org/images/1/0xa396332dc552f158fc242ed2ea6f122954d38f48"
    },
    {
      "address": "0x76ddbe4b95cb7389e52f66ccecfbc95c089fda7f",
      "chainId": 8453,
      "decimals": 18,
      "name": "*aptos.com || Ethereum Markets 7X Series 25",
      "symbol": "OR7",
      "type": "ERC20",
      "blockListsCount": 1,
      "exchangeListsCount": 0,
      "flagListsCount": 1,
      "importedListsCount": 0,
      "manualUnblock": false,
      "logo": "https://matcha-image-proxy.api.0x.org/images/8453/0x76ddbe4b95cb7389e52f66ccecfbc95c089fda7f"
    },
    {
      "address": "0xc217aacc8003bcf0c0a0e49918aee7c63a282d97",
      "chainId": 8453,
      "decimals": 18,
      "name": ")aptos.com || Mantle Treasury 3X Series 89",
      "symbol": "K92XE",
      "type": "ERC20",
      "blockListsCount": 1,
      "exchangeListsCount": 0,
      "flagListsCount": 1,
      "importedListsCount": 0,
      "manualUnblock": false,
      "logo": "https://matcha-image-proxy.api.0x.org/images/8453/0xc217aacc8003bcf0c0a0e49918aee7c63a282d97"
    },
    {
      "address": "0xa90706395bd260052d0a76aa452da83a20cca429",
      "chainId": 1,
      "decimals": 9,
      "name": "Microsoft Aptos",
      "symbol": "MAPT",
      "type": "ERC20",
      "blockListsCount": 1,
      "exchangeListsCount": 0,
      "flagListsCount": 1,
      "importedListsCount": 0,
      "buyTax": 0.149,
      "sellTax": 0.0014,
      "isInDex": true,
      "isHoneypot": null,
      "manualUnblock": false,
      "logo": "https://matcha-image-proxy.api.0x.org/images/1/0xa90706395bd260052d0a76aa452da83a20cca429"
    },
    {
      "address": "0xcec2835d75afa7bfa274a122fac45bb47622593a",
      "chainId": 8453,
      "decimals": 18,
      "name": "7avalanche.network || Aptos Factory 3X Series 69 (Aptos)",
      "symbol": "XAZ",
      "type": "ERC20",
      "blockListsCount": 1,
      "exchangeListsCount": 0,
      "flagListsCount": 1,
      "importedListsCount": 0,
      "manualUnblock": false,
      "logo": "https://matcha-image-proxy.api.0x.org/images/8453/0xcec2835d75afa7bfa274a122fac45bb47622593a"
    },
    {
      "address": "0xde0896c2ea3e6d4589888ef6922808cc17bf9d55",
      "chainId": 8453,
      "decimals": 18,
      "name": "'aptos.com || Near Research 3X Series 21",
      "symbol": "XWF",
      "type": "ERC20",
      "blockListsCount": 1,
      "exchangeListsCount": 0,
      "flagListsCount": 1,
      "importedListsCount": 0,
      "manualUnblock": false,
      "logo": "https://matcha-image-proxy.api.0x.org/images/8453/0xde0896c2ea3e6d4589888ef6922808cc17bf9d55"
    }
  ],
  "searchTime": "2025-12-30T01:57:21.392Z",
  "error": null
}