{
  "originalSymbol": "HBAR",
  "originalFullName": "Hedera",
  "searchedQuery": "HBAR Hedera",
  "retried": true,
  "isL1": true,
  "success": true,
  "tokenCount": 15,
  "resultCount": 2782,
  "tokens": [
    {
      "address": "0x0422f966bf8e978075a97d47ef4c7efd3563fa51",
      "chainId": 56,
      "decimals": 18,
      "name": "Binance-Peg Hedera",
      "symbol": "HBAR",
      "type": "ERC20",
      "issuer": {
        "name": "binance",
        "metadata": {}
      },
      "blockListsCount": 0,
      "exchangeListsCount": 0,
      "flagListsCount": 0,
      "importedListsCount": 0,
      "buyTax": 0,
      "sellTax": 0,
      "isInDex": true,
      "isHoneypot": false,
      "transactionsHourly": 1,
      "transactionsDaily": 2,
      "transactionsWeekly": 25,
      "transactionsMonthly": 110,
      "volumeUsdHourly": 2.90495601915451,
      "volumeUsdDaily": 285.52466294914353,
      "volumeUsdWeekly": 20039.482864930113,
      "volumeUsdMonthly": 41440.44408082329,
      "logo": "https://matcha-image-proxy.api.0x.org/images/56/0x0422f966bf8e978075a97d47ef4c7efd3563fa51"
    },
    {
      "address": "0x30d20208d987713f46dfd34ef128bb16c404d10f",
      "chainId": 1,
      "decimals": 18,
      "name": "Stader",
      "symbol": "SD",
      "type": "ERC20",
      "hasLogo": true,
      "blockListsCount": 0,
      "exchangeListsCount": 1,
      "flagListsCount": 0,
      "importedListsCount": 3,
      "buyTax": 0,
      "sellTax": 0,
      "isInDex": true,
      "isHoneypot": false,
      "manualUnblock": false,
      "transactionsHourly": 1,
      "transactionsDaily": 1,
      "transactionsWeekly": 9,
      "transactionsMonthly": 51,
      "volumeUsdHourly": 245.787458845099,
      "volumeUsdDaily": 245.787458845099,
      "volumeUsdWeekly": 1988.5341386499565,
      "volumeUsdMonthly": 15585.964819557104,
      "logo": "https://matcha-image-proxy.api.0x.org/images/1/0x30d20208d987713f46dfd34ef128bb16c404d10f"
    },
    {
      "address": "0x89bb5eeee9ea8dc53c4a8e163022e39ff9e4b0e9",
      "chainId": 130,
      "decimals": 18,
      "name": "Whbar Share",
      "symbol": "Whbar Share",
      "type": "ERC20",
      "blockListsCount": 1,
      "exchangeListsCount": 0,
      "flagListsCount": 1,
      "importedListsCount": 0,
      "manualUnblock": false,
      "logo": "https://matcha-image-proxy.api.0x.org/images/130/0x89bb5eeee9ea8dc53c4a8e163022e39ff9e4b0e9"
    },
    {
      "address": "0x053231c90d34200e61c5ff2b0c206da0068871a3",
      "chainId": 130,
      "decimals": 18,
      "name": "Whbar Metaverse Index",
      "symbol": "Whbar Metaverse Index",
      "type": "ERC20",
      "blockListsCount": 1,
      "exchangeListsCount": 0,
      "flagListsCount": 1,
      "importedListsCount": 0,
      "manualUnblock": false,
      "logo": "https://matcha-image-proxy.api.0x.org/images/130/0x053231c90d34200e61c5ff2b0c206da0068871a3"
    },
    {
      "address": "0x3bc5ac0dfdc871b365d159f728dd1b9a0b5481e8",
      "chainId": 56,
      "decimals": 18,
      "name": "Stader",
      "symbol": "SD",
      "type": "ERC20",
      "hasLogo": true,
      "blockListsCount": 0,
      "exchangeListsCount": 0,
      "flagListsCount": 0,
      "importedListsCount": 2,
      "buyTax": 0,
      "sellTax": 0,
      "isInDex": true,
      "isHoneypot": false,
      "manualUnblock": false,
      "transactionsHourly": 1,
      "transactionsDaily": 1,
      "transactionsWeekly": 2,
      "transactionsMonthly": 35,
      "volumeUsdHourly": 90.9406967589763,
      "volumeUsdDaily": 90.9406967589763,
      "volumeUsdWeekly": 383.7533352942645,
      "volumeUsdMonthly": 3419.14702817679,
      "logo": "https://matcha-image-proxy.api.0x.org/images/56/0x3bc5ac0dfdc871b365d159f728dd1b9a0b5481e8"
    },
    {
      "address": "0xc79e06860aa9564f95e08fb7e5b61458d0c63898",
      "chainId": 8453,
      "decimals": 18,
      "name": "Hedera (Universal)",
      "symbol": "uHBAR",
      "type": "ERC20",
      "blockListsCount": 0,
      "exchangeListsCount": 0,
      "flagListsCount": 0,
      "importedListsCount": 0,
      "buyTax": 0,
      "sellTax": 0,
      "isInDex": true,
      "isHoneypot": false,
      "transactionsHourly": 2,
      "transactionsDaily": 2,
      "transactionsWeekly": 11,
      "transactionsMonthly": 37,
      "volumeUsdHourly": 533.56471142853,
      "volumeUsdDaily": 533.56471142853,
      "volumeUsdWeekly": 2225.0789946411537,
      "volumeUsdMonthly": 3388.631233201256,
      "logo": "https://matcha-image-proxy.api.0x.org/images/8453/0xc79e06860aa9564f95e08fb7e5b61458d0c63898"
    },
    {
      "address": "0xdb4591fb0e0737ba606c97b220d7cdc57caa10db",
      "chainId": 8453,
      "decimals": 18,
      "name": "WHBAR MON",
      "symbol": "WHBAR MON",
      "type": "ERC20",
      "blockListsCount": 0,
      "exchangeListsCount": 0,
      "flagListsCount": 0,
      "importedListsCount": 0,
      "buyTax": 0,
      "sellTax": 0,
      "isInDex": true,
      "isHoneypot": false,
      "logo": "https://matcha-image-proxy.api.0x.org/images/8453/0xdb4591fb0e0737ba606c97b220d7cdc57caa10db"
    },
    {
      "address": "0xed159faffca27955e9e432ac578638efbb8bb37d",
      "chainId": 8453,
      "decimals": 18,
      "name": "WHBAR HARAMBE",
      "symbol": "WHBAR HARAMBE",
      "type": "ERC20",
      "blockListsCount": 0,
      "exchangeListsCount": 0,
      "flagListsCount": 0,
      "importedListsCount": 0,
      "buyTax": 0,
      "sellTax": 0,
      "isInDex": true,
      "isHoneypot": false,
      "logo": "https://matcha-image-proxy.api.0x.org/images/8453/0xed159faffca27955e9e432ac578638efbb8bb37d"
    },
    {
      "address": "0xc10c7a3586c65915043f8ddb5cc3e8277791b5f1",
      "chainId": 130,
      "decimals": 18,
      "name": "Whbar Polyswarm",
      "symbol": "Whbar Polyswarm",
      "type": "ERC20",
      "blockListsCount": 0,
      "exchangeListsCount": 0,
      "flagListsCount": 0,
      "importedListsCount": 0,
      "logo": "https://matcha-image-proxy.api.0x.org/images/130/0xc10c7a3586c65915043f8ddb5cc3e8277791b5f1"
    },
    {
      "address": "0xe5313b259c152b239cfa822d69df71aa72c4e321",
      "chainId": 130,
      "decimals": 18,
      "name": "Whbar Pgpt",
      "symbol": "Whbar Pgpt",
      "type": "ERC20",
      "blockListsCount": 0,
      "exchangeListsCount": 0,
      "flagListsCount": 0,
      "importedListsCount": 0,
      "logo": "https://matcha-image-proxy.api.0x.org/images/130/0xe5313b259c152b239cfa822d69df71aa72c4e321"
    },
    {
      "address": "0x36ecc77651907259da296275e72bfb63aca49236",
      "chainId": 130,
      "decimals": 18,
      "name": "Whbar Freetrump",
      "symbol": "Whbar Freetrump",
      "type": "ERC20",
      "blockListsCount": 0,
      "exchangeListsCount": 0,
      "flagListsCount": 0,
      "importedListsCount": 0,
      "logo": "https://matcha-image-proxy.api.0x.org/images/130/0x36ecc77651907259da296275e72bfb63aca49236"
    },
    {
      "address": "0x4bc50a5d49514a7d1f9a4fa0e2481a5aaa3d1f2b",
      "chainId": 130,
      "decimals": 18,
      "name": "Whbar Basedbunny",
      "symbol": "Whbar Basedbunny",
      "type": "ERC20",
      "blockListsCount": 0,
      "exchangeListsCount": 0,
      "flagListsCount": 0,
      "importedListsCount": 0,
      "logo": "https://matcha-image-proxy.api.0x.org/images/130/0x4bc50a5d49514a7d1f9a4fa0e2481a5aaa3d1f2b"
    },
    {
      "address": "0x8721ccc4b6720217716bde1258d8974efe421eb3",
      "chainId": 130,
      "decimals": 18,
      "name": "Whbar Row",
      "symbol": "Whbar Row",
      "type": "ERC20",
      "blockListsCount": 0,
      "exchangeListsCount": 0,
      "flagListsCount": 0,
      "importedListsCount": 0,
      "logo": "https://matcha-image-proxy.api.0x.org/images/130/0x8721ccc4b6720217716bde1258d8974efe421eb3"
    },
    {
      "address": "0xbee2ed5969cd249409ecfe22a2505792ff41ed58",
      "chainId": 130,
      "decimals": 18,
      "name": "Idle Whbar",
      "symbol": "Idle Whbar",
      "type": "ERC20",
      "blockListsCount": 0,
      "exchangeListsCount": 0,
      "flagListsCount": 0,
      "importedListsCount": 0,
      "logo": "https://matcha-image-proxy.api.0x.org/images/130/0xbee2ed5969cd249409ecfe22a2505792ff41ed58"
    },
    {
      "address": "0x8b00cc42889bcb37e90fbd342d0a0deea41b8567",
      "chainId": 8453,
      "decimals": 9,
      "name": "Whbar Type",
      "symbol": "Whbar Type",
      "type": "ERC20",
      "blockListsCount": 0,
      "exchangeListsCount": 0,
      "flagListsCount": 0,
      "importedListsCount": 0,
      "logo": "https://matcha-image-proxy.api.0x.org/images/8453/0x8b00cc42889bcb37e90fbd342d0a0deea41b8567"
    }
  ],
  "searchTime": "2025-12-30T01:57:03.714Z",
  "error": null
}