{
  "originalSymbol": "ORDER",
  "originalFullName": "Orderly",
  "searchedQuery": "ORDER Orderly",
  "retried": false,
  "isL1": false,
  "success": true,
  "tokenCount": 15,
  "resultCount": 8955,
  "tokens": [
    {
      "address": "0xf8a0bf9cf54bb92f17374d9e9a321e6a111a51bd",
      "chainId": 56,
      "decimals": 18,
      "name": "ChainLink Token",
      "symbol": "LINK",
      "type": "ERC20",
      "hasLogo": true,
      "issuer": {
        "name": "binance",
        "metadata": {}
      },
      "blockListsCount": 0,
      "exchangeListsCount": 0,
      "flagListsCount": 0,
      "importedListsCount": 2,
      "buyTax": 0,
      "sellTax": 0,
      "isInDex": true,
      "isHoneypot": false,
      "manualUnblock": false,
      "transactionsHourly": 1,
      "transactionsDaily": 29,
      "transactionsWeekly": 189,
      "transactionsMonthly": 851,
      "volumeUsdHourly": 6206.25082464942,
      "volumeUsdDaily": 11909.447213673348,
      "volumeUsdWeekly": 45068.71413064304,
      "volumeUsdMonthly": 215274.4795987784,
      "logo": "https://matcha-image-proxy.api.0x.org/images/56/0xf8a0bf9cf54bb92f17374d9e9a321e6a111a51bd"
    },
    {
      "address": "0xf97f4df75117a78c1a5a0dbb814af92458539fb4",
      "chainId": 42161,
      "decimals": 18,
      "name": "ChainLink Token",
      "symbol": "LINK",
      "type": "ERC20",
      "hasLogo": true,
      "blockListsCount": 0,
      "exchangeListsCount": 0,
      "flagListsCount": 0,
      "importedListsCount": 2,
      "buyTax": 0,
      "sellTax": 0,
      "isInDex": true,
      "isHoneypot": false,
      "manualUnblock": false,
      "transactionsHourly": 3,
      "transactionsDaily": 203,
      "transactionsWeekly": 525,
      "transactionsMonthly": 3488,
      "volumeUsdHourly": 3000.381583130315,
      "volumeUsdDaily": 193218.71882294523,
      "volumeUsdWeekly": 502677.70610129536,
      "volumeUsdMonthly": 5275569.730304809,
      "logo": "https://matcha-image-proxy.api.0x.org/images/42161/0xf97f4df75117a78c1a5a0dbb814af92458539fb4"
    },
    {
      "address": "0x514910771af9ca656af840dff83e8264ecf986ca",
      "chainId": 1,
      "decimals": 18,
      "name": "ChainLink Token",
      "symbol": "LINK",
      "type": "ERC20",
      "hasLogo": true,
      "blockListsCount": 0,
      "exchangeListsCount": 1,
      "flagListsCount": 0,
      "importedListsCount": 8,
      "buyTax": 0,
      "sellTax": 0,
      "isInDex": true,
      "isHoneypot": false,
      "manualUnblock": false,
      "transactionsHourly": 4,
      "transactionsDaily": 63,
      "transactionsWeekly": 443,
      "transactionsMonthly": 2793,
      "volumeUsdHourly": 78255.98929760813,
      "volumeUsdDaily": 155814.5620529401,
      "volumeUsdWeekly": 1479297.4599936872,
      "volumeUsdMonthly": 15075330.083145298,
      "logo": "https://matcha-image-proxy.api.0x.org/images/1/0x514910771af9ca656af840dff83e8264ecf986ca"
    },
    {
      "address": "0x53e0bca35ec356bd5dddfebbd1fc0fd03fabad39",
      "chainId": 137,
      "decimals": 18,
      "name": "ChainLink Token",
      "symbol": "LINK",
      "type": "ERC20",
      "hasLogo": true,
      "blockListsCount": 0,
      "exchangeListsCount": 0,
      "flagListsCount": 0,
      "importedListsCount": 2,
      "buyTax": 0,
      "sellTax": 0,
      "isInDex": true,
      "isHoneypot": false,
      "manualUnblock": false,
      "transactionsHourly": 1,
      "transactionsDaily": 46,
      "transactionsWeekly": 281,
      "transactionsMonthly": 1474,
      "volumeUsdHourly": 149.689345974921,
      "volumeUsdDaily": 48503.64114555851,
      "volumeUsdWeekly": 104528.0335162536,
      "volumeUsdMonthly": 806654.3577626743,
      "logo": "https://matcha-image-proxy.api.0x.org/images/137/0x53e0bca35ec356bd5dddfebbd1fc0fd03fabad39"
    },
    {
      "address": "0x0eb3a705fc54725037cc9e008bdede697f62f335",
      "chainId": 56,
      "decimals": 18,
      "name": "Cosmos Token",
      "symbol": "ATOM",
      "type": "ERC20",
      "hasLogo": true,
      "issuer": {
        "name": "binance",
        "metadata": {}
      },
      "blockListsCount": 0,
      "exchangeListsCount": 0,
      "flagListsCount": 0,
      "importedListsCount": 1,
      "buyTax": 0,
      "sellTax": 0,
      "isInDex": true,
      "isHoneypot": false,
      "manualUnblock": false,
      "transactionsHourly": 1,
      "transactionsDaily": 7,
      "transactionsWeekly": 59,
      "transactionsMonthly": 319,
      "volumeUsdHourly": 3.4646837233204,
      "volumeUsdDaily": 1420.551392127992,
      "volumeUsdWeekly": 4786.11929518259,
      "volumeUsdMonthly": 17551.813092400767,
      "logo": "https://matcha-image-proxy.api.0x.org/images/56/0x0eb3a705fc54725037cc9e008bdede697f62f335"
    },
    {
      "address": "0x88fb150bdc53a65fe94dea0c9ba0a6daf8c6e196",
      "chainId": 8453,
      "decimals": 18,
      "name": "ChainLink Token",
      "symbol": "LINK",
      "type": "ERC20",
      "hasLogo": true,
      "blockListsCount": 0,
      "exchangeListsCount": 0,
      "flagListsCount": 0,
      "importedListsCount": 1,
      "buyTax": 0,
      "sellTax": 0,
      "isInDex": true,
      "isHoneypot": false,
      "manualUnblock": false,
      "transactionsHourly": 14,
      "transactionsDaily": 246,
      "transactionsWeekly": 3231,
      "transactionsMonthly": 15949,
      "volumeUsdHourly": 29.523193961263303,
      "volumeUsdDaily": 21571.39722259832,
      "volumeUsdWeekly": 268789.051536943,
      "volumeUsdMonthly": 1403173.9838777743,
      "logo": "https://matcha-image-proxy.api.0x.org/images/8453/0x88fb150bdc53a65fe94dea0c9ba0a6daf8c6e196"
    },
    {
      "address": "0x111111111117dc0aa78b770fa6a738034120c302",
      "chainId": 1,
      "decimals": 18,
      "name": "1INCH Token",
      "symbol": "1INCH",
      "type": "ERC20",
      "hasLogo": true,
      "blockListsCount": 0,
      "exchangeListsCount": 1,
      "flagListsCount": 0,
      "importedListsCount": 5,
      "buyTax": 0,
      "sellTax": 0,
      "isInDex": true,
      "isHoneypot": false,
      "manualUnblock": false,
      "transactionsHourly": 1,
      "transactionsDaily": 10,
      "transactionsWeekly": 73,
      "transactionsMonthly": 334,
      "volumeUsdHourly": 20.5341568251105,
      "volumeUsdDaily": 267.84173402592444,
      "volumeUsdWeekly": 7438.301515135045,
      "volumeUsdMonthly": 88864.61493805263,
      "logo": "https://matcha-image-proxy.api.0x.org/images/1/0x111111111117dc0aa78b770fa6a738034120c302"
    },
    {
      "address": "0x1f573d6fb3f13d689ff844b4ce37794d79a7ff1c",
      "chainId": 1,
      "decimals": 18,
      "name": "Bancor Network Token",
      "symbol": "BNT",
      "type": "ERC20",
      "hasLogo": true,
      "blockListsCount": 0,
      "exchangeListsCount": 1,
      "flagListsCount": 0,
      "importedListsCount": 5,
      "buyTax": 0,
      "sellTax": 0,
      "isInDex": true,
      "isHoneypot": false,
      "manualUnblock": false,
      "transactionsHourly": 2,
      "transactionsDaily": 5,
      "transactionsWeekly": 22,
      "transactionsMonthly": 86,
      "volumeUsdHourly": 1612.2575835494022,
      "volumeUsdDaily": 2004.8292325472385,
      "volumeUsdWeekly": 8370.663358781574,
      "volumeUsdMonthly": 122241.87947640152,
      "logo": "https://matcha-image-proxy.api.0x.org/images/1/0x1f573d6fb3f13d689ff844b4ce37794d79a7ff1c"
    },
    {
      "address": "0x22af33fe49fd1fa80c7149773dde5890d3c76f3b",
      "chainId": 8453,
      "decimals": 18,
      "name": "BankrCoin",
      "symbol": "BNKR",
      "type": "ERC20",
      "hasLogo": true,
      "blockListsCount": 0,
      "exchangeListsCount": 1,
      "flagListsCount": 0,
      "importedListsCount": 2,
      "buyTax": 0,
      "sellTax": 0,
      "isInDex": true,
      "isHoneypot": false,
      "manualUnblock": false,
      "transactionsHourly": 5,
      "transactionsDaily": 187,
      "transactionsWeekly": 2196,
      "transactionsMonthly": 11970,
      "volumeUsdHourly": 44.19186152041273,
      "volumeUsdDaily": 5188.283720234402,
      "volumeUsdWeekly": 104906.14291377852,
      "volumeUsdMonthly": 1309880.887366072,
      "logo": "https://matcha-image-proxy.api.0x.org/images/8453/0x22af33fe49fd1fa80c7149773dde5890d3c76f3b"
    },
    {
      "address": "0x111111111117dc0aa78b770fa6a738034120c302",
      "chainId": 56,
      "decimals": 18,
      "name": "1INCH Token",
      "symbol": "1INCH",
      "type": "ERC20",
      "hasLogo": true,
      "blockListsCount": 0,
      "exchangeListsCount": 0,
      "flagListsCount": 0,
      "importedListsCount": 2,
      "buyTax": 0,
      "sellTax": 0,
      "isInDex": true,
      "isHoneypot": false,
      "manualUnblock": false,
      "transactionsHourly": 1,
      "transactionsDaily": 4,
      "transactionsWeekly": 28,
      "transactionsMonthly": 142,
      "volumeUsdHourly": 14.8127178314266,
      "volumeUsdDaily": 27.17896566770877,
      "volumeUsdWeekly": 651.8081187063449,
      "volumeUsdMonthly": 6607.555892187452,
      "logo": "https://matcha-image-proxy.api.0x.org/images/56/0x111111111117dc0aa78b770fa6a738034120c302"
    },
    {
      "address": "0xc7198437980c041c805a1edcba50c1ce5db95118",
      "chainId": 43114,
      "decimals": 6,
      "name": "Tether USD",
      "symbol": "USDT.e",
      "type": "ERC20",
      "hasLogo": true,
      "blockListsCount": 0,
      "exchangeListsCount": 0,
      "flagListsCount": 0,
      "importedListsCount": 1,
      "buyTax": 0,
      "sellTax": 0,
      "isInDex": true,
      "isHoneypot": false,
      "manualUnblock": false,
      "transactionsHourly": 1,
      "transactionsDaily": 1,
      "transactionsWeekly": 65,
      "transactionsMonthly": 197,
      "volumeUsdHourly": 582.386153495196,
      "volumeUsdDaily": 582.386153495196,
      "volumeUsdWeekly": 3218.339454280188,
      "volumeUsdMonthly": 85387.44872981452,
      "logo": "https://matcha-image-proxy.api.0x.org/images/43114/0xc7198437980c041c805a1edcba50c1ce5db95118"
    },
    {
      "address": "0x5947bb275c521040051d82396192181b413227a3",
      "chainId": 43114,
      "decimals": 18,
      "name": "Chainlink Token",
      "symbol": "LINK.e",
      "type": "ERC20",
      "hasLogo": true,
      "blockListsCount": 0,
      "exchangeListsCount": 0,
      "flagListsCount": 0,
      "importedListsCount": 2,
      "buyTax": null,
      "sellTax": null,
      "isInDex": true,
      "isHoneypot": false,
      "manualUnblock": false,
      "transactionsHourly": 1,
      "transactionsDaily": 1,
      "transactionsWeekly": 6,
      "transactionsMonthly": 81,
      "volumeUsdHourly": 1999.94432720318,
      "volumeUsdDaily": 1999.94432720318,
      "volumeUsdWeekly": 2944.7465695038736,
      "volumeUsdMonthly": 25796.64828922328,
      "logo": "https://matcha-image-proxy.api.0x.org/images/43114/0x5947bb275c521040051d82396192181b413227a3"
    },
    {
      "address": "0x4e3fbd56cd56c3e72c1403e103b45db9da5b9d2b",
      "chainId": 1,
      "decimals": 18,
      "name": "Convex Token",
      "symbol": "CVX",
      "type": "ERC20",
      "hasLogo": true,
      "blockListsCount": 0,
      "exchangeListsCount": 1,
      "flagListsCount": 0,
      "importedListsCount": 3,
      "buyTax": 0,
      "sellTax": 0,
      "isInDex": true,
      "isHoneypot": false,
      "manualUnblock": false,
      "transactionsHourly": 1,
      "transactionsDaily": 8,
      "transactionsWeekly": 70,
      "transactionsMonthly": 315,
      "volumeUsdHourly": 70561.6315276901,
      "volumeUsdDaily": 127514.30578400534,
      "volumeUsdWeekly": 721897.8887762623,
      "volumeUsdMonthly": 2327327.440277264,
      "logo": "https://matcha-image-proxy.api.0x.org/images/1/0x4e3fbd56cd56c3e72c1403e103b45db9da5b9d2b"
    },
    {
      "address": "0xed6e000def95780fb89734c07ee2ce9f6dcaf110",
      "chainId": 8453,
      "decimals": 18,
      "name": "Edge",
      "symbol": "EDGE",
      "type": "ERC20",
      "hasLogo": true,
      "blockListsCount": 0,
      "exchangeListsCount": 0,
      "flagListsCount": 0,
      "importedListsCount": 2,
      "buyTax": 0,
      "sellTax": 0,
      "isInDex": true,
      "isHoneypot": false,
      "manualUnblock": false,
      "transactionsHourly": 1,
      "transactionsDaily": 8,
      "transactionsWeekly": 62,
      "transactionsMonthly": 247,
      "volumeUsdHourly": 605.622852909328,
      "volumeUsdDaily": 857.0759651559096,
      "volumeUsdWeekly": 18049.970400967533,
      "volumeUsdMonthly": 137412.00552820056,
      "logo": "https://matcha-image-proxy.api.0x.org/images/8453/0xed6e000def95780fb89734c07ee2ce9f6dcaf110"
    },
    {
      "address": "0x99b2b1a2adb02b38222adcd057783d7e5d1fcc7d",
      "chainId": 8453,
      "decimals": 18,
      "name": "Common Wealth Token",
      "symbol": "WLTH",
      "type": "ERC20",
      "hasLogo": true,
      "blockListsCount": 0,
      "exchangeListsCount": 0,
      "flagListsCount": 0,
      "importedListsCount": 1,
      "buyTax": 0,
      "sellTax": 0,
      "isInDex": true,
      "isHoneypot": false,
      "manualUnblock": false,
      "transactionsHourly": 1,
      "transactionsDaily": 25,
      "transactionsWeekly": 54,
      "transactionsMonthly": 285,
      "volumeUsdHourly": 4.88318505864388,
      "volumeUsdDaily": 3926.0503710073463,
      "volumeUsdWeekly": 5156.718920877321,
      "volumeUsdMonthly": 34450.51167018748,
      "logo": "https://matcha-image-proxy.api.0x.org/images/8453/0x99b2b1a2adb02b38222adcd057783d7e5d1fcc7d"
    }
  ],
  "searchTime": "2025-12-30T01:58:01.288Z",
  "error": null
}