{
  "originalSymbol": "INJ",
  "originalFullName": "Injective",
  "searchedQuery": "INJ Injective",
  "retried": false,
  "isL1": false,
  "success": true,
  "tokenCount": 15,
  "resultCount": 2688,
  "tokens": [
    {
      "address": "0xa2b726b1145a4773f68593cf171187d8ebe4d495",
      "chainId": 56,
      "decimals": 18,
      "name": "Injective Protocol",
      "symbol": "INJ",
      "type": "ERC20",
      "hasLogo": true,
      "issuer": {
        "name": "binance",
        "metadata": {}
      },
      "blockListsCount": 0,
      "exchangeListsCount": 0,
      "flagListsCount": 0,
      "importedListsCount": 2,
      "buyTax": 0,
      "sellTax": 0,
      "isInDex": true,
      "isHoneypot": false,
      "manualUnblock": false,
      "transactionsHourly": 1,
      "transactionsDaily": 6,
      "transactionsWeekly": 49,
      "transactionsMonthly": 346,
      "volumeUsdHourly": 47.345901282315,
      "volumeUsdDaily": 499.8297234716382,
      "volumeUsdWeekly": 11471.414435100589,
      "volumeUsdMonthly": 58537.79364633827,
      "logo": "https://matcha-image-proxy.api.0x.org/images/56/0xa2b726b1145a4773f68593cf171187d8ebe4d495"
    },
    {
      "address": "0x7ce75f276e6185d024dd281a107efee54624bf94",
      "chainId": 8453,
      "decimals": 18,
      "name": "!CLAIMYOURREWARD$INJ#INJECTIVE#İN",
      "symbol": "!CLAIMYOURREWARD$INJ#INJECTIVE#İN",
      "type": "ERC20",
      "issuer": {
        "name": "zora",
        "metadata": {}
      },
      "blockListsCount": 0,
      "exchangeListsCount": 0,
      "flagListsCount": 0,
      "importedListsCount": 0,
      "logo": "https://matcha-image-proxy.api.0x.org/images/8453/0x7ce75f276e6185d024dd281a107efee54624bf94"
    },
    {
      "address": "0xe28b3b32b6c345a34ff64674606124dd5aceca30",
      "chainId": 1,
      "decimals": 18,
      "name": "Injective Token",
      "symbol": "INJ",
      "type": "ERC20",
      "hasLogo": true,
      "blockListsCount": 0,
      "exchangeListsCount": 1,
      "flagListsCount": 0,
      "importedListsCount": 5,
      "buyTax": 0,
      "sellTax": 0,
      "isInDex": true,
      "isHoneypot": false,
      "manualUnblock": false,
      "transactionsHourly": 1,
      "transactionsDaily": 10,
      "transactionsWeekly": 59,
      "transactionsMonthly": 416,
      "volumeUsdHourly": 3714.77440797876,
      "volumeUsdDaily": 10505.986626095962,
      "volumeUsdWeekly": 22215.12007673754,
      "volumeUsdMonthly": 256779.498545202,
      "logo": "https://matcha-image-proxy.api.0x.org/images/1/0xe28b3b32b6c345a34ff64674606124dd5aceca30"
    },
    {
      "address": "0x2b46b68d3edc3b85f2d98a4836fd86eda52100e6",
      "chainId": 8453,
      "decimals": 18,
      "name": "B$INJ (Injective) live price: ≈ $5.44 USD (CoinMarketCap). Buil",
      "symbol": "B$INJ (Injective) live price: ≈ $5.44 USD (CoinMarketCap). Buil",
      "type": "ERC20",
      "issuer": {
        "name": "zora",
        "metadata": {}
      },
      "blockListsCount": 0,
      "exchangeListsCount": 0,
      "flagListsCount": 0,
      "importedListsCount": 0,
      "logo": "https://matcha-image-proxy.api.0x.org/images/8453/0x2b46b68d3edc3b85f2d98a4836fd86eda52100e6"
    },
    {
      "address": "0xc3d591843ea56e500fe4fbfd207fb4060fb44146",
      "chainId": 8453,
      "decimals": 18,
      "name": "INJ Injective On Base",
      "symbol": "INJ Injective On Base",
      "type": "ERC20",
      "blockListsCount": 0,
      "exchangeListsCount": 0,
      "flagListsCount": 0,
      "importedListsCount": 0,
      "logo": "https://matcha-image-proxy.api.0x.org/images/8453/0xc3d591843ea56e500fe4fbfd207fb4060fb44146"
    },
    {
      "address": "0x8f03f6945ea52f9652d5e8dcb5a684c62658207c",
      "chainId": 56,
      "decimals": 9,
      "name": "INJ Injective AI Presale v2",
      "symbol": "INJ Injective AI Presale v2",
      "type": "ERC20",
      "blockListsCount": 0,
      "exchangeListsCount": 0,
      "flagListsCount": 0,
      "importedListsCount": 0,
      "logo": "https://matcha-image-proxy.api.0x.org/images/56/0x8f03f6945ea52f9652d5e8dcb5a684c62658207c"
    },
    {
      "address": "0x315b8c9a1123c10228d469551033440441b41f0b",
      "chainId": 8453,
      "decimals": 18,
      "name": "BEATS on BASE",
      "symbol": "BEATS",
      "type": "ERC20",
      "hasLogo": true,
      "blockListsCount": 0,
      "exchangeListsCount": 0,
      "flagListsCount": 0,
      "importedListsCount": 1,
      "buyTax": 0,
      "sellTax": 0,
      "isInDex": true,
      "isHoneypot": false,
      "manualUnblock": false,
      "transactionsHourly": 3,
      "transactionsDaily": 11,
      "transactionsWeekly": 76,
      "transactionsMonthly": 227,
      "volumeUsdHourly": 1.965219132084747,
      "volumeUsdDaily": 199.89053238068055,
      "volumeUsdWeekly": 876.1201501429823,
      "volumeUsdMonthly": 8025.896445514521,
      "logo": "https://matcha-image-proxy.api.0x.org/images/8453/0x315b8c9a1123c10228d469551033440441b41f0b"
    },
    {
      "address": "0xc841b4ead3f70be99472ffdb88e5c3c7af6a481a",
      "chainId": 8453,
      "decimals": 18,
      "name": "$TRUST ME BROs by Virtuals",
      "symbol": "TRUST",
      "type": "ERC20",
      "hasLogo": true,
      "blockListsCount": 0,
      "exchangeListsCount": 0,
      "flagListsCount": 0,
      "importedListsCount": 1,
      "buyTax": 0,
      "sellTax": 0,
      "isInDex": true,
      "isHoneypot": false,
      "manualUnblock": false,
      "transactionsHourly": 1,
      "transactionsDaily": 2,
      "transactionsWeekly": 4,
      "transactionsMonthly": 41,
      "volumeUsdHourly": 4.00183915580779,
      "volumeUsdDaily": 264.8436867332858,
      "volumeUsdWeekly": 354.7474929665791,
      "volumeUsdMonthly": 5240.327307121011,
      "logo": "https://matcha-image-proxy.api.0x.org/images/8453/0xc841b4ead3f70be99472ffdb88e5c3c7af6a481a"
    },
    {
      "address": "0xd5b70ed3f2ba01bfaaa3beb09e31fe11f833b85f",
      "chainId": 8453,
      "decimals": 18,
      "name": "Based Baby",
      "symbol": "BBB",
      "type": "ERC20",
      "hasLogo": true,
      "blockListsCount": 0,
      "exchangeListsCount": 0,
      "flagListsCount": 0,
      "importedListsCount": 1,
      "buyTax": 0,
      "sellTax": 0,
      "isInDex": true,
      "isHoneypot": false,
      "manualUnblock": false,
      "transactionsHourly": 1,
      "transactionsDaily": 2,
      "transactionsWeekly": 7,
      "transactionsMonthly": 28,
      "volumeUsdHourly": 20.6161529675686,
      "volumeUsdDaily": 40.6204728124651,
      "volumeUsdWeekly": 192.90645764619072,
      "volumeUsdMonthly": 2746.390171842471,
      "logo": "https://matcha-image-proxy.api.0x.org/images/8453/0xd5b70ed3f2ba01bfaaa3beb09e31fe11f833b85f"
    },
    {
      "address": "0xeb9a1faec5e2049e560b7fba475212091ab94aa5",
      "chainId": 8453,
      "decimals": 18,
      "name": "inj",
      "symbol": "jnj",
      "type": "ERC20",
      "blockListsCount": 1,
      "exchangeListsCount": 0,
      "flagListsCount": 1,
      "importedListsCount": 0,
      "buyTax": null,
      "sellTax": null,
      "isInDex": false,
      "isHoneypot": false,
      "manualUnblock": false,
      "logo": "https://matcha-image-proxy.api.0x.org/images/8453/0xeb9a1faec5e2049e560b7fba475212091ab94aa5"
    },
    {
      "address": "0xb40bbab775a317210d0c353949be1fe4e09f695e",
      "chainId": 130,
      "decimals": 18,
      "name": "Basis Share Inj",
      "symbol": "Basis Share Inj",
      "type": "ERC20",
      "blockListsCount": 1,
      "exchangeListsCount": 0,
      "flagListsCount": 1,
      "importedListsCount": 0,
      "manualUnblock": false,
      "logo": "https://matcha-image-proxy.api.0x.org/images/130/0xb40bbab775a317210d0c353949be1fe4e09f695e"
    },
    {
      "address": "0x0dfc78ab6adbb0748d012f05664fc41263cfcb4d",
      "chainId": 8453,
      "decimals": 18,
      "name": "Index Cooperative INJ",
      "symbol": "Index Cooperative INJ",
      "type": "ERC20",
      "blockListsCount": 1,
      "exchangeListsCount": 0,
      "flagListsCount": 1,
      "importedListsCount": 0,
      "buyTax": 0,
      "sellTax": 0,
      "isInDex": true,
      "isHoneypot": false,
      "manualUnblock": false,
      "logo": "https://matcha-image-proxy.api.0x.org/images/8453/0x0dfc78ab6adbb0748d012f05664fc41263cfcb4d"
    },
    {
      "address": "0xfa721312793166ccadca430c5a685144be0aa5fb",
      "chainId": 8453,
      "decimals": 18,
      "name": "INJ Injective Perpetual",
      "symbol": "INJINJ",
      "type": "ERC20",
      "blockListsCount": 0,
      "exchangeListsCount": 0,
      "flagListsCount": 0,
      "importedListsCount": 0,
      "logo": "https://matcha-image-proxy.api.0x.org/images/8453/0xfa721312793166ccadca430c5a685144be0aa5fb"
    },
    {
      "address": "0x94e5eaa67fddff4d89b182b1bdab0049bffcc054",
      "chainId": 8453,
      "decimals": 9,
      "name": "Mithril Share Stride Staked Inj",
      "symbol": "Mithril Share Stride Staked Inj",
      "type": "ERC20",
      "blockListsCount": 1,
      "exchangeListsCount": 0,
      "flagListsCount": 1,
      "importedListsCount": 0,
      "manualUnblock": false,
      "logo": "https://matcha-image-proxy.api.0x.org/images/8453/0x94e5eaa67fddff4d89b182b1bdab0049bffcc054"
    },
    {
      "address": "0xffde54f5794432b2c3518957ff4c65a79e79fe82",
      "chainId": 8453,
      "decimals": 18,
      "name": "Inj",
      "symbol": "Inj",
      "type": "ERC20",
      "issuer": {
        "name": "zora",
        "metadata": {}
      },
      "blockListsCount": 0,
      "exchangeListsCount": 0,
      "flagListsCount": 0,
      "importedListsCount": 0,
      "logo": "https://matcha-image-proxy.api.0x.org/images/8453/0xffde54f5794432b2c3518957ff4c65a79e79fe82"
    }
  ],
  "searchTime": "2025-12-30T01:57:51.808Z",
  "error": null
}