{
  "originalSymbol": "PLUME",
  "originalFullName": "Plume",
  "searchedQuery": "PLUME Plume",
  "retried": false,
  "isL1": false,
  "success": true,
  "tokenCount": 15,
  "resultCount": 2052,
  "tokens": [
    {
      "address": "0x4c1746a800d224393fe2470c70a35717ed4ea5f1",
      "chainId": 1,
      "decimals": 18,
      "name": "Plume",
      "symbol": "P",
      "type": "ERC20",
      "hasLogo": true,
      "blockListsCount": 0,
      "exchangeListsCount": 0,
      "flagListsCount": 0,
      "importedListsCount": 3,
      "buyTax": 0,
      "sellTax": 0,
      "isInDex": true,
      "isHoneypot": false,
      "manualUnblock": false,
      "transactionsHourly": 1,
      "transactionsDaily": 13,
      "transactionsWeekly": 129,
      "transactionsMonthly": 772,
      "volumeUsdHourly": 94.9408166572816,
      "volumeUsdDaily": 3622.5366308704006,
      "volumeUsdWeekly": 32088.714247662258,
      "volumeUsdMonthly": 392103.79179503233,
      "logo": "https://matcha-image-proxy.api.0x.org/images/1/0x4c1746a800d224393fe2470c70a35717ed4ea5f1"
    },
    {
      "address": "0x29612cbda9ecd0f0a6deef99de114ba8024589b1",
      "chainId": 8453,
      "decimals": 18,
      "name": "@Coinbase has added Humidifi (WET), zkPass (ZKP), Plume (PLUME),",
      "symbol": "?Coinbase has added Humidifi (WET), zkPass (ZKP), Plume (PLUME),",
      "type": "ERC20",
      "issuer": {
        "name": "zora",
        "metadata": {}
      },
      "blockListsCount": 0,
      "exchangeListsCount": 0,
      "flagListsCount": 0,
      "importedListsCount": 0,
      "logo": "https://matcha-image-proxy.api.0x.org/images/8453/0x29612cbda9ecd0f0a6deef99de114ba8024589b1"
    },
    {
      "address": "0x9408d5a8d5fe5c8f497e6ecd952327482cc265aa",
      "chainId": 8453,
      "decimals": 9,
      "name": "Plume PLUME",
      "symbol": "Plume PLUME",
      "type": "ERC20",
      "blockListsCount": 0,
      "exchangeListsCount": 0,
      "flagListsCount": 0,
      "importedListsCount": 0,
      "buyTax": 0,
      "sellTax": 0,
      "isInDex": true,
      "isHoneypot": false,
      "transactionsMonthly": 2,
      "volumeUsdMonthly": 79.2216924778946,
      "logo": "https://matcha-image-proxy.api.0x.org/images/8453/0x9408d5a8d5fe5c8f497e6ecd952327482cc265aa"
    },
    {
      "address": "0x3ee953b0b8f4978666442d9145e52cd8bc069c24",
      "chainId": 8453,
      "decimals": 18,
      "name": "Plume PLUME",
      "symbol": "Plume PLUME",
      "type": "ERC20",
      "blockListsCount": 0,
      "exchangeListsCount": 0,
      "flagListsCount": 0,
      "importedListsCount": 0,
      "buyTax": 0,
      "sellTax": 0,
      "isInDex": true,
      "isHoneypot": false,
      "logo": "https://matcha-image-proxy.api.0x.org/images/8453/0x3ee953b0b8f4978666442d9145e52cd8bc069c24"
    },
    {
      "address": "0xf4e979c887f78e0f74c6a5d12d3257c264aa255a",
      "chainId": 8453,
      "decimals": 18,
      "name": "Plume PLUME",
      "symbol": "Plume PLUME",
      "type": "ERC20",
      "blockListsCount": 0,
      "exchangeListsCount": 0,
      "flagListsCount": 0,
      "importedListsCount": 0,
      "buyTax": 0,
      "sellTax": 0,
      "isInDex": true,
      "isHoneypot": false,
      "logo": "https://matcha-image-proxy.api.0x.org/images/8453/0xf4e979c887f78e0f74c6a5d12d3257c264aa255a"
    },
    {
      "address": "0x457134472ef2ec4ad31b881a521721f9bd1cd211",
      "chainId": 8453,
      "decimals": 18,
      "name": "Plume PLUME",
      "symbol": "Plume PLUME",
      "type": "ERC20",
      "blockListsCount": 0,
      "exchangeListsCount": 0,
      "flagListsCount": 0,
      "importedListsCount": 0,
      "buyTax": 0,
      "sellTax": 0,
      "isInDex": true,
      "isHoneypot": false,
      "logo": "https://matcha-image-proxy.api.0x.org/images/8453/0x457134472ef2ec4ad31b881a521721f9bd1cd211"
    },
    {
      "address": "0xfac30c74f92d5a79b40284e2f5bef57eb414c5d0",
      "chainId": 130,
      "decimals": 18,
      "name": "Plume PLUME",
      "symbol": "Plume PLUME",
      "type": "ERC20",
      "blockListsCount": 0,
      "exchangeListsCount": 0,
      "flagListsCount": 0,
      "importedListsCount": 0,
      "logo": "https://matcha-image-proxy.api.0x.org/images/130/0xfac30c74f92d5a79b40284e2f5bef57eb414c5d0"
    },
    {
      "address": "0xeff693edb5b60f29fa8a7dd20e0038bfc6d993c7",
      "chainId": 8453,
      "decimals": 9,
      "name": "Plume PLUME",
      "symbol": "Plume PLUME",
      "type": "ERC20",
      "blockListsCount": 0,
      "exchangeListsCount": 0,
      "flagListsCount": 0,
      "importedListsCount": 0,
      "buyTax": 0,
      "sellTax": 0,
      "isInDex": true,
      "isHoneypot": false,
      "logo": "https://matcha-image-proxy.api.0x.org/images/8453/0xeff693edb5b60f29fa8a7dd20e0038bfc6d993c7"
    },
    {
      "address": "0xf980158adf0edb286a724e5e8994bdd625543d1a",
      "chainId": 8453,
      "decimals": 18,
      "name": "Plume PLUME",
      "symbol": "Plume PLUME",
      "type": "ERC20",
      "blockListsCount": 0,
      "exchangeListsCount": 0,
      "flagListsCount": 0,
      "importedListsCount": 0,
      "buyTax": 0,
      "sellTax": 0,
      "isInDex": true,
      "isHoneypot": false,
      "logo": "https://matcha-image-proxy.api.0x.org/images/8453/0xf980158adf0edb286a724e5e8994bdd625543d1a"
    },
    {
      "address": "0x3f3763ecdd24d25bb238fe56940bef724c1d356c",
      "chainId": 8453,
      "decimals": 18,
      "name": "Plume PLUME",
      "symbol": "Plume PLUME",
      "type": "ERC20",
      "blockListsCount": 0,
      "exchangeListsCount": 0,
      "flagListsCount": 0,
      "importedListsCount": 0,
      "buyTax": 0,
      "sellTax": 0,
      "isInDex": true,
      "isHoneypot": false,
      "logo": "https://matcha-image-proxy.api.0x.org/images/8453/0x3f3763ecdd24d25bb238fe56940bef724c1d356c"
    },
    {
      "address": "0xf9cb9c972a9daa7dac40734e3308bbc39d0a726e",
      "chainId": 8453,
      "decimals": 9,
      "name": "Plume PLUME",
      "symbol": "Plume PLUME",
      "type": "ERC20",
      "blockListsCount": 0,
      "exchangeListsCount": 0,
      "flagListsCount": 0,
      "importedListsCount": 0,
      "buyTax": 0,
      "sellTax": 0,
      "isInDex": true,
      "isHoneypot": false,
      "logo": "https://matcha-image-proxy.api.0x.org/images/8453/0xf9cb9c972a9daa7dac40734e3308bbc39d0a726e"
    },
    {
      "address": "0x357dc7802d7eac569dccf81baf5e51ba0f2f0705",
      "chainId": 130,
      "decimals": 18,
      "name": "Plume PLUME",
      "symbol": "Plume PLUME",
      "type": "ERC20",
      "blockListsCount": 0,
      "exchangeListsCount": 0,
      "flagListsCount": 0,
      "importedListsCount": 0,
      "logo": "https://matcha-image-proxy.api.0x.org/images/130/0x357dc7802d7eac569dccf81baf5e51ba0f2f0705"
    },
    {
      "address": "0x8cacd9845e99ef415fa860523f2c23e9898a2a35",
      "chainId": 130,
      "decimals": 18,
      "name": "Plume PLUME",
      "symbol": "Plume PLUME",
      "type": "ERC20",
      "blockListsCount": 0,
      "exchangeListsCount": 0,
      "flagListsCount": 0,
      "importedListsCount": 0,
      "logo": "https://matcha-image-proxy.api.0x.org/images/130/0x8cacd9845e99ef415fa860523f2c23e9898a2a35"
    },
    {
      "address": "0x9979f0e3ee979119b8016559a94a63330262a902",
      "chainId": 130,
      "decimals": 18,
      "name": "Plume PLUME",
      "symbol": "Plume PLUME",
      "type": "ERC20",
      "blockListsCount": 0,
      "exchangeListsCount": 0,
      "flagListsCount": 0,
      "importedListsCount": 0,
      "logo": "https://matcha-image-proxy.api.0x.org/images/130/0x9979f0e3ee979119b8016559a94a63330262a902"
    },
    {
      "address": "0x3c3f5bc631b39c3367766291ff378d9534c8217b",
      "chainId": 8453,
      "decimals": 9,
      "name": "Plume PLUME",
      "symbol": "Plume PLUME",
      "type": "ERC20",
      "blockListsCount": 0,
      "exchangeListsCount": 0,
      "flagListsCount": 0,
      "importedListsCount": 0,
      "buyTax": 0,
      "sellTax": 0,
      "isInDex": true,
      "isHoneypot": false,
      "logo": "https://matcha-image-proxy.api.0x.org/images/8453/0x3c3f5bc631b39c3367766291ff378d9534c8217b"
    }
  ],
  "searchTime": "2025-12-30T01:57:25.324Z",
  "error": null
}