{
  "originalSymbol": "STRAX",
  "originalFullName": "Stratis",
  "searchedQuery": "STRAX Stratis",
  "retried": true,
  "isL1": true,
  "success": true,
  "tokenCount": 15,
  "resultCount": 460,
  "tokens": [
    {
      "address": "0xe6639a6ab53ba4ae1e9ba6f1c50a92506d525670",
      "chainId": 130,
      "decimals": 18,
      "name": "Stratis New Shorts",
      "symbol": "Stratis New Shorts",
      "type": "ERC20",
      "blockListsCount": 1,
      "exchangeListsCount": 0,
      "flagListsCount": 1,
      "importedListsCount": 0,
      "manualUnblock": false,
      "logo": "https://matcha-image-proxy.api.0x.org/images/130/0xe6639a6ab53ba4ae1e9ba6f1c50a92506d525670"
    },
    {
      "address": "0xf980cdbb8c279510e69739d2bda87c5aebe98c92",
      "chainId": 8453,
      "decimals": 18,
      "name": "StratisNew",
      "symbol": "STRAX",
      "type": "ERC20",
      "blockListsCount": 0,
      "exchangeListsCount": 0,
      "flagListsCount": 0,
      "importedListsCount": 0,
      "buyTax": 0,
      "sellTax": 0,
      "isInDex": true,
      "isHoneypot": null,
      "transactionsHourly": 2,
      "transactionsDaily": 2,
      "transactionsWeekly": 2,
      "transactionsMonthly": 2,
      "volumeUsdHourly": 638.797311567295,
      "volumeUsdDaily": 638.797311567295,
      "volumeUsdWeekly": 674.60407142491,
      "volumeUsdMonthly": 674.60407142491,
      "logo": "https://matcha-image-proxy.api.0x.org/images/8453/0xf980cdbb8c279510e69739d2bda87c5aebe98c92"
    },
    {
      "address": "0x5c2b6dd01d731da76c216c76872f91757f15f399",
      "chainId": 8453,
      "decimals": 18,
      "name": "stratisevm",
      "symbol": "stratisevm",
      "type": "ERC20",
      "issuer": {
        "name": "zora",
        "metadata": {}
      },
      "blockListsCount": 0,
      "exchangeListsCount": 0,
      "flagListsCount": 0,
      "importedListsCount": 0,
      "logo": "https://matcha-image-proxy.api.0x.org/images/8453/0x5c2b6dd01d731da76c216c76872f91757f15f399"
    },
    {
      "address": "0xa61ab12eb1964c5b478283d3233270800674ace0",
      "chainId": 1,
      "decimals": 18,
      "name": "WrappedStrax",
      "symbol": "WSTRAX",
      "type": "ERC20",
      "blockListsCount": 0,
      "exchangeListsCount": 0,
      "flagListsCount": 0,
      "importedListsCount": 0,
      "buyTax": null,
      "sellTax": null,
      "isInDex": false,
      "isHoneypot": null,
      "logo": "https://matcha-image-proxy.api.0x.org/images/1/0xa61ab12eb1964c5b478283d3233270800674ace0"
    },
    {
      "address": "0x1aff357d26b2f2134bde826e3b271442ec091a25",
      "chainId": 137,
      "decimals": 18,
      "name": "Wrapped STRAX",
      "symbol": "WSTRAX",
      "type": "ERC20",
      "blockListsCount": 0,
      "exchangeListsCount": 0,
      "flagListsCount": 0,
      "importedListsCount": 0,
      "buyTax": 0,
      "sellTax": 0,
      "isInDex": true,
      "isHoneypot": false,
      "logo": "https://matcha-image-proxy.api.0x.org/images/137/0x1aff357d26b2f2134bde826e3b271442ec091a25"
    },
    {
      "address": "0x5100c1f037f1e58062110a23836775a891989822",
      "chainId": 1,
      "decimals": 18,
      "name": "Wrapped STRAX",
      "symbol": "WSTRAX",
      "type": "ERC20",
      "blockListsCount": 0,
      "exchangeListsCount": 0,
      "flagListsCount": 0,
      "importedListsCount": 0,
      "buyTax": 0,
      "sellTax": 0,
      "isInDex": true,
      "isHoneypot": null,
      "logo": "https://matcha-image-proxy.api.0x.org/images/1/0x5100c1f037f1e58062110a23836775a891989822"
    },
    {
      "address": "0x32523894b84af22adb87e185715b6313d52e0be0",
      "chainId": 56,
      "decimals": 18,
      "name": "Wrapped STRAX",
      "symbol": "WSTRAX",
      "type": "ERC20",
      "blockListsCount": 0,
      "exchangeListsCount": 0,
      "flagListsCount": 0,
      "importedListsCount": 0,
      "buyTax": 0,
      "sellTax": 0,
      "isInDex": true,
      "isHoneypot": false,
      "logo": "https://matcha-image-proxy.api.0x.org/images/56/0x32523894b84af22adb87e185715b6313d52e0be0"
    },
    {
      "address": "0xa3c22370de5f9544f0c4de126b1e46ceadf0a51b",
      "chainId": 1,
      "decimals": 18,
      "name": "WrappedStrax",
      "symbol": "WSTRAX",
      "type": "ERC20",
      "hasLogo": true,
      "blockListsCount": 0,
      "exchangeListsCount": 0,
      "flagListsCount": 0,
      "importedListsCount": 0,
      "buyTax": 0,
      "sellTax": 0,
      "isInDex": true,
      "isHoneypot": false,
      "transactionsHourly": 1,
      "transactionsDaily": 1,
      "transactionsWeekly": 1,
      "transactionsMonthly": 1,
      "volumeUsdHourly": 0.999058566318532,
      "volumeUsdDaily": 0.999058566318532,
      "volumeUsdWeekly": 0.986884922187014,
      "volumeUsdMonthly": 0.986884922187014,
      "logo": "https://matcha-image-proxy.api.0x.org/images/1/0xa3c22370de5f9544f0c4de126b1e46ceadf0a51b"
    },
    {
      "address": "0xc7495c9eaab2e656d01680d3f08d0cc2300ad6cd",
      "chainId": 8453,
      "decimals": 9,
      "name": "%Strategic Stratis [New] STRAX Reserve",
      "symbol": "%Strategic Stratis [New] STRAX Reserve",
      "type": "ERC20",
      "blockListsCount": 0,
      "exchangeListsCount": 0,
      "flagListsCount": 0,
      "importedListsCount": 0,
      "buyTax": 0,
      "sellTax": 0,
      "isInDex": true,
      "isHoneypot": false,
      "logo": "https://matcha-image-proxy.api.0x.org/images/8453/0xc7495c9eaab2e656d01680d3f08d0cc2300ad6cd"
    },
    {
      "address": "0xf7fe55c08b520b195b61a88523c9324efd41adb0",
      "chainId": 130,
      "decimals": 18,
      "name": "Stratis [Old] VIDY",
      "symbol": "Stratis [Old] VIDY",
      "type": "ERC20",
      "blockListsCount": 0,
      "exchangeListsCount": 0,
      "flagListsCount": 0,
      "importedListsCount": 0,
      "logo": "https://matcha-image-proxy.api.0x.org/images/130/0xf7fe55c08b520b195b61a88523c9324efd41adb0"
    },
    {
      "address": "0xdf47de61752bdab6f4f0a6a6659d1e655d042a88",
      "chainId": 130,
      "decimals": 18,
      "name": "Stratis [Old] STRAX",
      "symbol": "Stratis [Old] STRAX",
      "type": "ERC20",
      "blockListsCount": 0,
      "exchangeListsCount": 0,
      "flagListsCount": 0,
      "importedListsCount": 0,
      "logo": "https://matcha-image-proxy.api.0x.org/images/130/0xdf47de61752bdab6f4f0a6a6659d1e655d042a88"
    },
    {
      "address": "0x293581af66369e5fb75bfc5efc0fb3085d40ce8d",
      "chainId": 8453,
      "decimals": 18,
      "name": "Stratis [New] HUND",
      "symbol": "Stratis [New] HUND",
      "type": "ERC20",
      "blockListsCount": 0,
      "exchangeListsCount": 0,
      "flagListsCount": 0,
      "importedListsCount": 0,
      "buyTax": 0,
      "sellTax": 0,
      "isInDex": true,
      "isHoneypot": false,
      "logo": "https://matcha-image-proxy.api.0x.org/images/8453/0x293581af66369e5fb75bfc5efc0fb3085d40ce8d"
    },
    {
      "address": "0x48251b5a92d7d16bfa5d0b98fab2d8b8a704a307",
      "chainId": 8453,
      "decimals": 18,
      "name": "Stratis [Old] 1HubAI",
      "symbol": "Stratis [Old] 1HubAI",
      "type": "ERC20",
      "blockListsCount": 0,
      "exchangeListsCount": 0,
      "flagListsCount": 0,
      "importedListsCount": 0,
      "buyTax": 0,
      "sellTax": 0,
      "isInDex": true,
      "isHoneypot": false,
      "logo": "https://matcha-image-proxy.api.0x.org/images/8453/0x48251b5a92d7d16bfa5d0b98fab2d8b8a704a307"
    },
    {
      "address": "0xa5fb0cfdfcd51e186de35a7294699fa28f4d00bd",
      "chainId": 130,
      "decimals": 18,
      "name": "Stratis [New] Tokamak Network",
      "symbol": "Stratis [New] Tokamak Network",
      "type": "ERC20",
      "blockListsCount": 0,
      "exchangeListsCount": 0,
      "flagListsCount": 0,
      "importedListsCount": 0,
      "logo": "https://matcha-image-proxy.api.0x.org/images/130/0xa5fb0cfdfcd51e186de35a7294699fa28f4d00bd"
    },
    {
      "address": "0xa2383a7f807a1f7dceb1922c5ed926689c5a4ab0",
      "chainId": 8453,
      "decimals": 18,
      "name": "Wolf Works DAO Stratis [Old]",
      "symbol": "Wolf Works DAO Stratis [Old]",
      "type": "ERC20",
      "blockListsCount": 0,
      "exchangeListsCount": 0,
      "flagListsCount": 0,
      "importedListsCount": 0,
      "buyTax": 0,
      "sellTax": 0,
      "isInDex": true,
      "isHoneypot": false,
      "logo": "https://matcha-image-proxy.api.0x.org/images/8453/0xa2383a7f807a1f7dceb1922c5ed926689c5a4ab0"
    }
  ],
  "searchTime": "2025-12-30T01:58:54.138Z",
  "error": null
}