{
  "originalSymbol": "ATOM",
  "originalFullName": "Cosmos",
  "searchedQuery": "ATOM Cosmos",
  "retried": true,
  "isL1": true,
  "success": true,
  "tokenCount": 15,
  "resultCount": 4566,
  "tokens": [
    {
      "address": "0x0eb3a705fc54725037cc9e008bdede697f62f335",
      "chainId": 56,
      "decimals": 18,
      "name": "Cosmos Token",
      "symbol": "ATOM",
      "type": "ERC20",
      "hasLogo": true,
      "issuer": {
        "name": "binance",
        "metadata": {}
      },
      "blockListsCount": 0,
      "exchangeListsCount": 0,
      "flagListsCount": 0,
      "importedListsCount": 1,
      "buyTax": 0,
      "sellTax": 0,
      "isInDex": true,
      "isHoneypot": false,
      "manualUnblock": false,
      "transactionsHourly": 1,
      "transactionsDaily": 7,
      "transactionsWeekly": 59,
      "transactionsMonthly": 319,
      "volumeUsdHourly": 3.4646837233204,
      "volumeUsdDaily": 1420.551392127992,
      "volumeUsdWeekly": 4786.11929518259,
      "volumeUsdMonthly": 17551.813092400767,
      "logo": "https://matcha-image-proxy.api.0x.org/images/56/0x0eb3a705fc54725037cc9e008bdede697f62f335"
    },
    {
      "address": "0x7d1afa7b718fb893db30a3abc0cfc608aacfebb0",
      "chainId": 1,
      "decimals": 18,
      "name": "Matic Token",
      "symbol": "MATIC",
      "type": "ERC20",
      "hasLogo": true,
      "blockListsCount": 0,
      "exchangeListsCount": 0,
      "flagListsCount": 0,
      "importedListsCount": 2,
      "buyTax": 0,
      "sellTax": 0,
      "isInDex": true,
      "isHoneypot": false,
      "manualUnblock": false,
      "transactionsHourly": 1,
      "transactionsDaily": 27,
      "transactionsWeekly": 136,
      "transactionsMonthly": 516,
      "volumeUsdHourly": 47.9814557446969,
      "volumeUsdDaily": 885.4950630403181,
      "volumeUsdWeekly": 5418.002255760821,
      "volumeUsdMonthly": 71188.94383567675,
      "logo": "https://matcha-image-proxy.api.0x.org/images/1/0x7d1afa7b718fb893db30a3abc0cfc608aacfebb0"
    },
    {
      "address": "0x54b659832f59c24cec0e4a2cd193377f1bcefc3c",
      "chainId": 8453,
      "decimals": 18,
      "name": "Akashalife",
      "symbol": "AK1111",
      "type": "ERC20",
      "hasLogo": true,
      "blockListsCount": 0,
      "exchangeListsCount": 0,
      "flagListsCount": 0,
      "importedListsCount": 1,
      "buyTax": 0,
      "sellTax": 0,
      "isInDex": true,
      "isHoneypot": false,
      "manualUnblock": false,
      "transactionsHourly": 6,
      "transactionsDaily": 131,
      "transactionsWeekly": 976,
      "transactionsMonthly": 4088,
      "volumeUsdHourly": 181.5429786089504,
      "volumeUsdDaily": 4319.518569336358,
      "volumeUsdWeekly": 58426.31878839176,
      "volumeUsdMonthly": 165195.23402107615,
      "logo": "https://matcha-image-proxy.api.0x.org/images/8453/0x54b659832f59c24cec0e4a2cd193377f1bcefc3c"
    },
    {
      "address": "0xf78d2e7936f5fe18308a3b2951a93b6c4a41f5e2",
      "chainId": 56,
      "decimals": 18,
      "name": "MANTRA DAO",
      "symbol": "OM",
      "type": "ERC20",
      "hasLogo": true,
      "issuer": {
        "name": "binance",
        "metadata": {}
      },
      "blockListsCount": 0,
      "exchangeListsCount": 0,
      "flagListsCount": 0,
      "importedListsCount": 1,
      "buyTax": 0,
      "sellTax": 0,
      "isInDex": true,
      "isHoneypot": false,
      "manualUnblock": false,
      "transactionsHourly": 1,
      "transactionsDaily": 1,
      "transactionsWeekly": 17,
      "transactionsMonthly": 102,
      "volumeUsdHourly": 73.6779751570781,
      "volumeUsdDaily": 73.6779751570781,
      "volumeUsdWeekly": 900.6343305587113,
      "volumeUsdMonthly": 3847.329343134875,
      "logo": "https://matcha-image-proxy.api.0x.org/images/56/0xf78d2e7936f5fe18308a3b2951a93b6c4a41f5e2"
    },
    {
      "address": "0x3593d125a4f7849a1b059e64f4517a86dd60c95d",
      "chainId": 1,
      "decimals": 18,
      "name": "MANTRA DAO",
      "symbol": "OM",
      "type": "ERC20",
      "hasLogo": true,
      "blockListsCount": 0,
      "exchangeListsCount": 0,
      "flagListsCount": 0,
      "importedListsCount": 3,
      "buyTax": 0,
      "sellTax": 0,
      "isInDex": true,
      "isHoneypot": false,
      "manualUnblock": false,
      "transactionsHourly": 2,
      "transactionsDaily": 18,
      "transactionsWeekly": 63,
      "transactionsMonthly": 189,
      "volumeUsdHourly": 106.80172948618188,
      "volumeUsdDaily": 5240.9100181698295,
      "volumeUsdWeekly": 11598.198011009406,
      "volumeUsdMonthly": 29682.076620485303,
      "logo": "https://matcha-image-proxy.api.0x.org/images/1/0x3593d125a4f7849a1b059e64f4517a86dd60c95d"
    },
    {
      "address": "0xad13bce42394add02e6c215a40e582309b7975c7",
      "chainId": 8453,
      "decimals": 6,
      "name": "KYVE Network",
      "symbol": "KYVE",
      "type": "ERC20",
      "hasLogo": true,
      "blockListsCount": 0,
      "exchangeListsCount": 0,
      "flagListsCount": 0,
      "importedListsCount": 1,
      "buyTax": 0,
      "sellTax": 0,
      "isInDex": true,
      "isHoneypot": false,
      "manualUnblock": false,
      "transactionsHourly": 2,
      "transactionsDaily": 12,
      "transactionsWeekly": 113,
      "transactionsMonthly": 184,
      "volumeUsdHourly": 342.8685014210879,
      "volumeUsdDaily": 851.5110330858887,
      "volumeUsdWeekly": 6596.248592950536,
      "volumeUsdMonthly": 9827.615962860713,
      "logo": "https://matcha-image-proxy.api.0x.org/images/8453/0xad13bce42394add02e6c215a40e582309b7975c7"
    },
    {
      "address": "0xcc42724c6683b7e57334c4e856f4c9965ed682bd",
      "chainId": 56,
      "decimals": 18,
      "name": "Matic Token",
      "symbol": "MATIC",
      "type": "ERC20",
      "hasLogo": true,
      "blockListsCount": 0,
      "exchangeListsCount": 0,
      "flagListsCount": 0,
      "importedListsCount": 1,
      "buyTax": 0,
      "sellTax": 0,
      "isInDex": true,
      "isHoneypot": false,
      "manualUnblock": false,
      "transactionsHourly": 1,
      "transactionsDaily": 9,
      "transactionsWeekly": 54,
      "transactionsMonthly": 233,
      "volumeUsdHourly": 0.00443311914750019,
      "volumeUsdDaily": 38.36716942523673,
      "volumeUsdWeekly": 4603.401470766762,
      "volumeUsdMonthly": 17448.70535877127,
      "logo": "https://matcha-image-proxy.api.0x.org/images/56/0xcc42724c6683b7e57334c4e856f4c9965ed682bd"
    },
    {
      "address": "0x3992b27da26848c2b19cea6fd25ad5568b68ab98",
      "chainId": 8453,
      "decimals": 18,
      "name": "MANTRA",
      "symbol": "OM",
      "type": "ERC20",
      "hasLogo": true,
      "blockListsCount": 0,
      "exchangeListsCount": 0,
      "flagListsCount": 0,
      "importedListsCount": 2,
      "buyTax": 0,
      "sellTax": 0,
      "isInDex": true,
      "isHoneypot": false,
      "manualUnblock": false,
      "transactionsHourly": 1,
      "transactionsDaily": 4,
      "transactionsWeekly": 18,
      "transactionsMonthly": 94,
      "volumeUsdHourly": 65.2722802814321,
      "volumeUsdDaily": 77.7103365739818,
      "volumeUsdWeekly": 494.77788103919704,
      "volumeUsdMonthly": 1753.9681567676928,
      "logo": "https://matcha-image-proxy.api.0x.org/images/8453/0x3992b27da26848c2b19cea6fd25ad5568b68ab98"
    },
    {
      "address": "0x249e38ea4102d0cf8264d3701f1a0e39c4f2dc3b",
      "chainId": 1,
      "decimals": 18,
      "name": "THE TRUTH",
      "symbol": "UFO",
      "type": "ERC20",
      "hasLogo": true,
      "blockListsCount": 0,
      "exchangeListsCount": 0,
      "flagListsCount": 0,
      "importedListsCount": 2,
      "buyTax": 0,
      "sellTax": 0,
      "isInDex": true,
      "isHoneypot": false,
      "manualUnblock": false,
      "transactionsHourly": 2,
      "transactionsDaily": 5,
      "transactionsWeekly": 24,
      "transactionsMonthly": 77,
      "volumeUsdHourly": 2.896423832473438,
      "volumeUsdDaily": 16.640075492168197,
      "volumeUsdWeekly": 1108.675414643773,
      "volumeUsdMonthly": 3096.9166219102062,
      "logo": "https://matcha-image-proxy.api.0x.org/images/1/0x249e38ea4102d0cf8264d3701f1a0e39c4f2dc3b"
    },
    {
      "address": "0x8e6cd950ad6ba651f6dd608dc70e5886b1aa6b24",
      "chainId": 1,
      "decimals": 18,
      "name": "StarLink",
      "symbol": "STARL",
      "type": "ERC20",
      "hasLogo": true,
      "blockListsCount": 0,
      "exchangeListsCount": 0,
      "flagListsCount": 0,
      "importedListsCount": 2,
      "buyTax": 0,
      "sellTax": 0,
      "isInDex": true,
      "isHoneypot": false,
      "manualUnblock": false,
      "transactionsHourly": 1,
      "transactionsDaily": 2,
      "transactionsWeekly": 18,
      "transactionsMonthly": 100,
      "volumeUsdHourly": 13.3320530044524,
      "volumeUsdDaily": 16.36093368897588,
      "volumeUsdWeekly": 531.5068218857667,
      "volumeUsdMonthly": 5155.485278671101,
      "logo": "https://matcha-image-proxy.api.0x.org/images/1/0x8e6cd950ad6ba651f6dd608dc70e5886b1aa6b24"
    },
    {
      "address": "0xc770eefad204b5180df6a14ee197d99d808ee52d",
      "chainId": 1,
      "decimals": 18,
      "name": "FOX",
      "symbol": "FOX",
      "type": "ERC20",
      "hasLogo": true,
      "blockListsCount": 0,
      "exchangeListsCount": 1,
      "flagListsCount": 0,
      "importedListsCount": 4,
      "buyTax": 0,
      "sellTax": 0,
      "isInDex": true,
      "isHoneypot": false,
      "manualUnblock": false,
      "transactionsHourly": 1,
      "transactionsDaily": 2,
      "transactionsWeekly": 11,
      "transactionsMonthly": 84,
      "volumeUsdHourly": 99.8983893860928,
      "volumeUsdDaily": 124.8518492412808,
      "volumeUsdWeekly": 1041.8906219985845,
      "volumeUsdMonthly": 33778.03432757009,
      "logo": "https://matcha-image-proxy.api.0x.org/images/1/0xc770eefad204b5180df6a14ee197d99d808ee52d"
    },
    {
      "address": "0xd1d7aa941c71fd95e9d31bbd81937b3e71bd6231",
      "chainId": 8453,
      "decimals": 18,
      "name": "Oracle",
      "symbol": "ORCL",
      "type": "ERC20",
      "hasLogo": true,
      "blockListsCount": 0,
      "exchangeListsCount": 0,
      "flagListsCount": 0,
      "importedListsCount": 1,
      "buyTax": 0,
      "sellTax": 0.03,
      "isInDex": true,
      "isHoneypot": false,
      "manualUnblock": false,
      "transactionsHourly": 2,
      "transactionsDaily": 2,
      "transactionsWeekly": 11,
      "transactionsMonthly": 36,
      "volumeUsdHourly": 18.57717543459943,
      "volumeUsdDaily": 18.57548614366237,
      "volumeUsdWeekly": 363.0963030802716,
      "volumeUsdMonthly": 1394.892105865904,
      "logo": "https://matcha-image-proxy.api.0x.org/images/8453/0xd1d7aa941c71fd95e9d31bbd81937b3e71bd6231"
    },
    {
      "address": "0xc3ec80343d2bae2f8e680fdadde7c17e71e114ea",
      "chainId": 137,
      "decimals": 18,
      "name": "MANTRA DAO (PoS)",
      "symbol": "OM",
      "type": "ERC20",
      "hasLogo": true,
      "blockListsCount": 0,
      "exchangeListsCount": 0,
      "flagListsCount": 0,
      "importedListsCount": 1,
      "buyTax": 0,
      "sellTax": 0,
      "isInDex": true,
      "isHoneypot": false,
      "manualUnblock": false,
      "transactionsHourly": 1,
      "transactionsDaily": 1,
      "transactionsWeekly": 24,
      "transactionsMonthly": 70,
      "volumeUsdHourly": 10.7691818202475,
      "volumeUsdDaily": 10.7691818202475,
      "volumeUsdWeekly": 562.9752673585766,
      "volumeUsdMonthly": 983.8420104735422,
      "logo": "https://matcha-image-proxy.api.0x.org/images/137/0xc3ec80343d2bae2f8e680fdadde7c17e71e114ea"
    },
    {
      "address": "0x6e934283dae5d5d1831cbe8d557c44c9b83f30ee",
      "chainId": 8453,
      "decimals": 18,
      "name": "Cosmos (Universal)",
      "symbol": "uATOM",
      "type": "ERC20",
      "hasLogo": true,
      "blockListsCount": 0,
      "exchangeListsCount": 0,
      "flagListsCount": 0,
      "importedListsCount": 1,
      "buyTax": 0,
      "sellTax": 0,
      "isInDex": true,
      "isHoneypot": false,
      "manualUnblock": false,
      "transactionsHourly": 1,
      "transactionsDaily": 1,
      "transactionsWeekly": 3,
      "transactionsMonthly": 8,
      "volumeUsdHourly": 24.2863936167641,
      "volumeUsdDaily": 24.2863936167641,
      "volumeUsdWeekly": 693.11889798484,
      "volumeUsdMonthly": 706.2203086896905,
      "logo": "https://matcha-image-proxy.api.0x.org/images/8453/0x6e934283dae5d5d1831cbe8d557c44c9b83f30ee"
    },
    {
      "address": "0x817bbdbc3e8a1204f3691d14bb44992841e3db35",
      "chainId": 1,
      "decimals": 18,
      "name": "CudosToken",
      "symbol": "CUDOS",
      "type": "ERC20",
      "hasLogo": true,
      "blockListsCount": 0,
      "exchangeListsCount": 0,
      "flagListsCount": 0,
      "importedListsCount": 2,
      "buyTax": 0,
      "sellTax": 0,
      "isInDex": true,
      "isHoneypot": false,
      "manualUnblock": false,
      "transactionsHourly": 1,
      "transactionsDaily": 1,
      "transactionsWeekly": 6,
      "transactionsMonthly": 19,
      "volumeUsdHourly": 83.3760884649427,
      "volumeUsdDaily": 83.4046429947997,
      "volumeUsdWeekly": 215.29738877906888,
      "volumeUsdMonthly": 1163.04414072006,
      "logo": "https://matcha-image-proxy.api.0x.org/images/1/0x817bbdbc3e8a1204f3691d14bb44992841e3db35"
    }
  ],
  "searchTime": "2025-12-30T01:57:11.659Z",
  "error": null
}