{
  "originalSymbol": "NEO",
  "originalFullName": "NEO",
  "searchedQuery": "NEO NEO",
  "retried": true,
  "isL1": true,
  "success": true,
  "tokenCount": 15,
  "resultCount": 10000,
  "tokens": [
    {
      "address": "0xb1a1d8cb266a7a4f6e070a7d2e026c5c02e788da",
      "chainId": 8453,
      "decimals": 18,
      "name": "Neox",
      "symbol": "NEOX",
      "type": "ERC20",
      "hasLogo": true,
      "blockListsCount": 0,
      "exchangeListsCount": 0,
      "flagListsCount": 0,
      "importedListsCount": 1,
      "isHoneypot": false,
      "manualUnblock": false,
      "transactionsHourly": 2,
      "transactionsDaily": 510,
      "transactionsWeekly": 4251,
      "transactionsMonthly": 5302,
      "volumeUsdHourly": 9.619065879817864,
      "volumeUsdDaily": 10547.437667875844,
      "volumeUsdWeekly": 157275.63811451604,
      "volumeUsdMonthly": 471343.9034395316,
      "logo": "https://matcha-image-proxy.api.0x.org/images/8453/0xb1a1d8cb266a7a4f6e070a7d2e026c5c02e788da"
    },
    {
      "address": "0x90c48855bb69f9d2c261efd0d8c7f35990f2dd6f",
      "chainId": 56,
      "decimals": 18,
      "name": "WFI",
      "symbol": "WFI",
      "type": "ERC20",
      "hasLogo": true,
      "blockListsCount": 0,
      "exchangeListsCount": 0,
      "flagListsCount": 0,
      "importedListsCount": 1,
      "buyTax": 0,
      "sellTax": 0,
      "isInDex": true,
      "isHoneypot": false,
      "manualUnblock": false,
      "transactionsHourly": 3,
      "transactionsDaily": 51,
      "transactionsWeekly": 324,
      "transactionsMonthly": 1504,
      "volumeUsdHourly": 249.6646386821351,
      "volumeUsdDaily": 12218.64098465587,
      "volumeUsdWeekly": 90410.18498717848,
      "volumeUsdMonthly": 431533.2015809239,
      "logo": "https://matcha-image-proxy.api.0x.org/images/56/0x90c48855bb69f9d2c261efd0d8c7f35990f2dd6f"
    },
    {
      "address": "0xb1f1ee126e9c96231cc3d3fad7c08b4cf873b1f1",
      "chainId": 1,
      "decimals": 18,
      "name": "Beefy",
      "symbol": "BIFI",
      "type": "ERC20",
      "hasLogo": true,
      "blockListsCount": 0,
      "exchangeListsCount": 0,
      "flagListsCount": 0,
      "importedListsCount": 2,
      "buyTax": 0,
      "sellTax": 0,
      "isInDex": true,
      "isHoneypot": false,
      "manualUnblock": false,
      "transactionsHourly": 2,
      "transactionsDaily": 5,
      "transactionsWeekly": 192,
      "transactionsMonthly": 225,
      "volumeUsdHourly": 990.8389426694444,
      "volumeUsdDaily": 1000.8322351325712,
      "volumeUsdWeekly": 165061.68815598325,
      "volumeUsdMonthly": 172664.8674307592,
      "logo": "https://matcha-image-proxy.api.0x.org/images/1/0xb1f1ee126e9c96231cc3d3fad7c08b4cf873b1f1"
    },
    {
      "address": "0x4f81837c2f4a189a0b69370027cc2627d93785b4",
      "chainId": 8453,
      "decimals": 18,
      "name": "Seraph by Virtuals",
      "symbol": "SERAPH",
      "type": "ERC20",
      "hasLogo": true,
      "blockListsCount": 0,
      "exchangeListsCount": 0,
      "flagListsCount": 0,
      "importedListsCount": 1,
      "buyTax": 0,
      "sellTax": 0,
      "isInDex": true,
      "isHoneypot": false,
      "manualUnblock": false,
      "transactionsHourly": 1,
      "transactionsDaily": 3,
      "transactionsWeekly": 26,
      "transactionsMonthly": 167,
      "volumeUsdHourly": 363.073480068807,
      "volumeUsdDaily": 363.3593225139581,
      "volumeUsdWeekly": 1401.736832760307,
      "volumeUsdMonthly": 15835.189012390363,
      "logo": "https://matcha-image-proxy.api.0x.org/images/8453/0x4f81837c2f4a189a0b69370027cc2627d93785b4"
    },
    {
      "address": "0x01d68079416439cf4aad4ab97f507c483ec4970e",
      "chainId": 56,
      "decimals": 2,
      "name": "NEO",
      "symbol": "NEO",
      "type": "ERC20",
      "hasLogo": true,
      "blockListsCount": 0,
      "exchangeListsCount": 0,
      "flagListsCount": 0,
      "importedListsCount": 1,
      "buyTax": 0,
      "sellTax": 0,
      "isInDex": true,
      "isHoneypot": false,
      "manualUnblock": false,
      "transactionsHourly": 1,
      "transactionsDaily": 4,
      "transactionsWeekly": 10,
      "transactionsMonthly": 122,
      "volumeUsdHourly": 2.07762437282168,
      "volumeUsdDaily": 11.23536053287915,
      "volumeUsdWeekly": 25.38528053852455,
      "volumeUsdMonthly": 439.21454912223567,
      "logo": "https://matcha-image-proxy.api.0x.org/images/56/0x01d68079416439cf4aad4ab97f507c483ec4970e"
    },
    {
      "address": "GXHy21kubXxdJEKR2Z1b6tmEWnTyVQFn6jKLwWDqiPct",
      "chainId": 1399811149,
      "decimals": 6,
      "name": "Neo 1x Companion",
      "symbol": "NEO",
      "type": "SPL-Token",
      "blockListsCount": 1,
      "exchangeListsCount": 0,
      "flagListsCount": 1,
      "importedListsCount": 0,
      "manualUnblock": false,
      "transactionsMonthly": 1833,
      "volumeUsdMonthly": 121743.27717766074,
      "logo": "https://matcha-image-proxy.api.0x.org/images/1399811149/GXHy21kubXxdJEKR2Z1b6tmEWnTyVQFn6jKLwWDqiPct"
    },
    {
      "address": "FoL3TfvhqNoHsrVA4moqkwRZCixgZfQzqd4HhiUUqRq3",
      "chainId": 1399811149,
      "decimals": 6,
      "name": "Neo 1x Companion",
      "symbol": "NEO",
      "type": "SPL-Token",
      "blockListsCount": 1,
      "exchangeListsCount": 0,
      "flagListsCount": 1,
      "importedListsCount": 0,
      "manualUnblock": false,
      "transactionsMonthly": 684,
      "volumeUsdMonthly": 67222.15708816762,
      "logo": "https://matcha-image-proxy.api.0x.org/images/1399811149/FoL3TfvhqNoHsrVA4moqkwRZCixgZfQzqd4HhiUUqRq3"
    },
    {
      "address": "9pcpEhYEf3VkR3xhP88xmRiTxbybbWTzZBgHRZepNEcm",
      "chainId": 1399811149,
      "decimals": 6,
      "name": "Neo 1x Companion",
      "symbol": "NEO",
      "type": "SPL-Token",
      "blockListsCount": 1,
      "exchangeListsCount": 0,
      "flagListsCount": 1,
      "importedListsCount": 0,
      "manualUnblock": false,
      "transactionsMonthly": 257,
      "volumeUsdMonthly": 54071.91198730519,
      "logo": "https://matcha-image-proxy.api.0x.org/images/1399811149/9pcpEhYEf3VkR3xhP88xmRiTxbybbWTzZBgHRZepNEcm"
    },
    {
      "address": "0x780207b8c0fdc32cf60e957415bfa1f2d4d9718c",
      "chainId": 56,
      "decimals": 18,
      "name": "Cashaa",
      "symbol": "CAS",
      "type": "ERC20",
      "hasLogo": true,
      "blockListsCount": 0,
      "exchangeListsCount": 0,
      "flagListsCount": 0,
      "importedListsCount": 1,
      "buyTax": 0,
      "sellTax": 0,
      "isInDex": true,
      "isHoneypot": false,
      "manualUnblock": false,
      "transactionsHourly": 1,
      "transactionsDaily": 2,
      "transactionsWeekly": 10,
      "transactionsMonthly": 82,
      "volumeUsdHourly": 10.884448364651,
      "volumeUsdDaily": 11.214677758816237,
      "volumeUsdWeekly": 143.20869605002002,
      "volumeUsdMonthly": 1846.7967475373948,
      "logo": "https://matcha-image-proxy.api.0x.org/images/56/0x780207b8c0fdc32cf60e957415bfa1f2d4d9718c"
    },
    {
      "address": "0xdb5c3c46e28b53a39c255aa39a411dd64e5fed9c",
      "chainId": 1,
      "decimals": 18,
      "name": "Neos Credits",
      "symbol": "NCR",
      "type": "ERC20",
      "hasLogo": true,
      "blockListsCount": 0,
      "exchangeListsCount": 0,
      "flagListsCount": 0,
      "importedListsCount": 2,
      "buyTax": 0,
      "sellTax": 0,
      "isInDex": true,
      "isHoneypot": false,
      "manualUnblock": false,
      "transactionsHourly": 1,
      "transactionsDaily": 1,
      "transactionsWeekly": 3,
      "transactionsMonthly": 5,
      "volumeUsdHourly": 207.90301205283,
      "volumeUsdDaily": 210.439470348071,
      "volumeUsdWeekly": 692.4246350367956,
      "volumeUsdMonthly": 781.6633973204426,
      "logo": "https://matcha-image-proxy.api.0x.org/images/1/0xdb5c3c46e28b53a39c255aa39a411dd64e5fed9c"
    },
    {
      "address": "8fdhmZwND8VBLp2oq4rv5ZrkiH5w8wdZucwjshDKpump",
      "chainId": 1399811149,
      "decimals": 9,
      "name": "Neo 1x Companion",
      "symbol": "NEO",
      "type": "SPL-Token",
      "blockListsCount": 1,
      "exchangeListsCount": 0,
      "flagListsCount": 1,
      "importedListsCount": 0,
      "manualUnblock": false,
      "transactionsMonthly": 59,
      "volumeUsdMonthly": 143741.88126067456,
      "logo": "https://matcha-image-proxy.api.0x.org/images/1399811149/8fdhmZwND8VBLp2oq4rv5ZrkiH5w8wdZucwjshDKpump"
    },
    {
      "address": "0x3e656277f2e20d4f24fbc14315037c0e26909544",
      "chainId": 8453,
      "decimals": 18,
      "name": "NEO",
      "symbol": "NEO",
      "type": "ERC20",
      "issuer": {
        "name": "zora",
        "metadata": {}
      },
      "blockListsCount": 0,
      "exchangeListsCount": 0,
      "flagListsCount": 0,
      "importedListsCount": 0,
      "isHoneypot": false,
      "transactionsHourly": 1,
      "transactionsDaily": 4,
      "transactionsWeekly": 9,
      "transactionsMonthly": 9,
      "volumeUsdHourly": 11.7709516739072,
      "volumeUsdDaily": 43.51372845694152,
      "volumeUsdWeekly": 71.43701316168627,
      "volumeUsdMonthly": 71.43701316168627,
      "logo": "https://matcha-image-proxy.api.0x.org/images/8453/0x3e656277f2e20d4f24fbc14315037c0e26909544"
    },
    {
      "address": "0x61f23250451305f6c4426e81c50ae535edf94a02",
      "chainId": 43114,
      "decimals": 18,
      "name": "Fautor",
      "symbol": "FTR",
      "type": "ERC20",
      "hasLogo": true,
      "blockListsCount": 0,
      "exchangeListsCount": 0,
      "flagListsCount": 0,
      "importedListsCount": 1,
      "buyTax": 0,
      "sellTax": 0,
      "isInDex": true,
      "isHoneypot": false,
      "manualUnblock": false,
      "transactionsHourly": 3,
      "transactionsDaily": 3,
      "transactionsWeekly": 3,
      "transactionsMonthly": 3,
      "volumeUsdHourly": 258.3730629960922,
      "volumeUsdDaily": 258.3715427971674,
      "volumeUsdWeekly": 258.3715427971674,
      "volumeUsdMonthly": 258.3715427971674,
      "logo": "https://matcha-image-proxy.api.0x.org/images/43114/0x61f23250451305f6c4426e81c50ae535edf94a02"
    },
    {
      "address": "0xd587b89c200a66475050e7091151d16afbc64444",
      "chainId": 56,
      "decimals": 18,
      "name": "Neo 1x Companion",
      "symbol": "NEO",
      "type": "ERC20",
      "blockListsCount": 1,
      "exchangeListsCount": 0,
      "flagListsCount": 1,
      "importedListsCount": 0,
      "buyTax": 0,
      "sellTax": 0,
      "isInDex": true,
      "isHoneypot": false,
      "manualUnblock": false,
      "transactionsHourly": 5,
      "transactionsDaily": 5,
      "transactionsWeekly": 5,
      "transactionsMonthly": 5,
      "volumeUsdHourly": 11.42046317027608,
      "volumeUsdDaily": 11.48341947570312,
      "volumeUsdWeekly": 11.48341947570312,
      "volumeUsdMonthly": 11.48341947570312,
      "logo": "https://matcha-image-proxy.api.0x.org/images/56/0xd587b89c200a66475050e7091151d16afbc64444"
    },
    {
      "address": "0x990347e322debc68509933301bf546bbaeb4f43a",
      "chainId": 8453,
      "decimals": 18,
      "name": "Neouns",
      "symbol": "NEOUNS",
      "type": "ERC20",
      "issuer": {
        "name": "zora",
        "metadata": {}
      },
      "blockListsCount": 0,
      "exchangeListsCount": 0,
      "flagListsCount": 0,
      "importedListsCount": 0,
      "buyTax": null,
      "sellTax": null,
      "isInDex": false,
      "isHoneypot": false,
      "transactionsHourly": 3,
      "transactionsDaily": 3,
      "transactionsWeekly": 3,
      "transactionsMonthly": 3,
      "volumeUsdHourly": 93.4510192654886,
      "volumeUsdDaily": 94.0096285031994,
      "volumeUsdWeekly": 94.0096285031994,
      "volumeUsdMonthly": 94.0096285031994,
      "logo": "https://matcha-image-proxy.api.0x.org/images/8453/0x990347e322debc68509933301bf546bbaeb4f43a"
    }
  ],
  "searchTime": "2025-12-30T01:57:25.849Z",
  "error": null
}