{
  "originalSymbol": "TOSHI",
  "originalFullName": "Toshi",
  "searchedQuery": "TOSHI Toshi",
  "retried": false,
  "isL1": false,
  "success": true,
  "tokenCount": 15,
  "resultCount": 9348,
  "tokens": [
    {
      "address": "0xac1bd2486aaf3b5c0fc3fd868558b082a531b2b4",
      "chainId": 8453,
      "decimals": 18,
      "name": "Toshi",
      "symbol": "TOSHI",
      "type": "ERC20",
      "hasLogo": true,
      "blockListsCount": 0,
      "exchangeListsCount": 1,
      "flagListsCount": 0,
      "importedListsCount": 2,
      "buyTax": 0,
      "sellTax": 0,
      "isInDex": true,
      "isHoneypot": false,
      "manualUnblock": false,
      "transactionsHourly": 23,
      "transactionsDaily": 366,
      "transactionsWeekly": 4541,
      "transactionsMonthly": 17376,
      "volumeUsdHourly": 8.85985089881012,
      "volumeUsdDaily": 40493.043547393376,
      "volumeUsdWeekly": 318012.24790305976,
      "volumeUsdMonthly": 1757618.759223383,
      "logo": "https://matcha-image-proxy.api.0x.org/images/8453/0xac1bd2486aaf3b5c0fc3fd868558b082a531b2b4"
    },
    {
      "address": "0x6a2608dabe09bc1128eec7275b92dfb939d5db3f",
      "chainId": 56,
      "decimals": 18,
      "name": "Toshi",
      "symbol": "TOSHI",
      "type": "ERC20",
      "hasLogo": true,
      "blockListsCount": 0,
      "exchangeListsCount": 0,
      "flagListsCount": 0,
      "importedListsCount": 1,
      "buyTax": 0,
      "sellTax": 0,
      "isInDex": true,
      "isHoneypot": false,
      "manualUnblock": false,
      "transactionsHourly": 2,
      "transactionsDaily": 10,
      "transactionsWeekly": 77,
      "transactionsMonthly": 337,
      "volumeUsdHourly": 1891.1108059503204,
      "volumeUsdDaily": 8869.970682308585,
      "volumeUsdWeekly": 70630.87119362935,
      "volumeUsdMonthly": 180908.2314113527,
      "logo": "https://matcha-image-proxy.api.0x.org/images/56/0x6a2608dabe09bc1128eec7275b92dfb939d5db3f"
    },
    {
      "address": "0x4cebfeeebfd00ca0787c2dbdf43678801651b821",
      "chainId": 8453,
      "decimals": 18,
      "name": "#TOSHI@TOSHI",
      "symbol": "#TOSHI@TOSHI",
      "type": "ERC20",
      "issuer": {
        "name": "zora",
        "metadata": {}
      },
      "blockListsCount": 0,
      "exchangeListsCount": 0,
      "flagListsCount": 0,
      "importedListsCount": 0,
      "logo": "https://matcha-image-proxy.api.0x.org/images/8453/0x4cebfeeebfd00ca0787c2dbdf43678801651b821"
    },
    {
      "address": "0xf0ad9b774373a5977b481c97a0ffc831734725be",
      "chainId": 8453,
      "decimals": 18,
      "name": "BUY TOSHI$TOSHI",
      "symbol": "BUY TOSHI$TOSHI",
      "type": "ERC20",
      "issuer": {
        "name": "zora",
        "metadata": {}
      },
      "blockListsCount": 0,
      "exchangeListsCount": 0,
      "flagListsCount": 0,
      "importedListsCount": 0,
      "logo": "https://matcha-image-proxy.api.0x.org/images/8453/0xf0ad9b774373a5977b481c97a0ffc831734725be"
    },
    {
      "address": "0xb06abab9f94096e779b608157f5e4dfdca17db0b",
      "chainId": 8453,
      "decimals": 18,
      "name": "toshi-toshi-base",
      "symbol": "toshi-toshi-base",
      "type": "ERC20",
      "issuer": {
        "name": "zora",
        "metadata": {}
      },
      "blockListsCount": 0,
      "exchangeListsCount": 0,
      "flagListsCount": 0,
      "importedListsCount": 0,
      "logo": "https://matcha-image-proxy.api.0x.org/images/8453/0xb06abab9f94096e779b608157f5e4dfdca17db0b"
    },
    {
      "address": "0xde59d27129c526630550ab94529be57c57cda07d",
      "chainId": 8453,
      "decimals": 18,
      "name": "TOSHI(TOSHI)ONBASEISAMEMETOKENIN",
      "symbol": "TOSHI(TOSHI)ONBASEISAMEMETOKENIN",
      "type": "ERC20",
      "issuer": {
        "name": "zora",
        "metadata": {}
      },
      "blockListsCount": 0,
      "exchangeListsCount": 0,
      "flagListsCount": 0,
      "importedListsCount": 0,
      "logo": "https://matcha-image-proxy.api.0x.org/images/8453/0xde59d27129c526630550ab94529be57c57cda07d"
    },
    {
      "address": "0x719d3d0581aa8678f720fdaa70a4ab5519d11d7f",
      "chainId": 8453,
      "decimals": 18,
      "name": "What is Toshi (TOSHI)?...",
      "symbol": "What is Toshi (TOSHI)?...",
      "type": "ERC20",
      "issuer": {
        "name": "zora",
        "metadata": {}
      },
      "blockListsCount": 0,
      "exchangeListsCount": 0,
      "flagListsCount": 0,
      "importedListsCount": 0,
      "buyTax": 0,
      "sellTax": 0,
      "isInDex": true,
      "isHoneypot": false,
      "logo": "https://matcha-image-proxy.api.0x.org/images/8453/0x719d3d0581aa8678f720fdaa70a4ab5519d11d7f"
    },
    {
      "address": "0x491ac25316c2aaa889b7c45f9bfa6c9b2f37fb39",
      "chainId": 8453,
      "decimals": 18,
      "name": "TOSHIPRICE,2025,TOSHI(TOSHI)TOKE",
      "symbol": "TOSHIPRICE,2025,TOSHI(TOSHI)TOKE",
      "type": "ERC20",
      "issuer": {
        "name": "zora",
        "metadata": {}
      },
      "blockListsCount": 0,
      "exchangeListsCount": 0,
      "flagListsCount": 0,
      "importedListsCount": 0,
      "logo": "https://matcha-image-proxy.api.0x.org/images/8453/0x491ac25316c2aaa889b7c45f9bfa6c9b2f37fb39"
    },
    {
      "address": "0xfc7ac0894fa729d07fc410f0acff3f406f3f1a5e",
      "chainId": 8453,
      "decimals": 18,
      "name": "BEST TIME TO BUY $TOSHI$TOSHI IS",
      "symbol": "BEST TIME TO BUY $TOSHI$TOSHI IS",
      "type": "ERC20",
      "issuer": {
        "name": "zora",
        "metadata": {}
      },
      "blockListsCount": 0,
      "exchangeListsCount": 0,
      "flagListsCount": 0,
      "importedListsCount": 0,
      "logo": "https://matcha-image-proxy.api.0x.org/images/8453/0xfc7ac0894fa729d07fc410f0acff3f406f3f1a5e"
    },
    {
      "address": "0x248badc5d72b658fdc2e73d4a01aefcfd52a8bd9",
      "chainId": 8453,
      "decimals": 18,
      "name": "BEST TIME TO BUY $TOSHI$TOSHI TR",
      "symbol": "BEST TIME TO BUY $TOSHI$TOSHI TR",
      "type": "ERC20",
      "issuer": {
        "name": "zora",
        "metadata": {}
      },
      "blockListsCount": 0,
      "exchangeListsCount": 0,
      "flagListsCount": 0,
      "importedListsCount": 0,
      "logo": "https://matcha-image-proxy.api.0x.org/images/8453/0x248badc5d72b658fdc2e73d4a01aefcfd52a8bd9"
    },
    {
      "address": "0x5a70be406ce7471a44f0183b8d7091f4ad751db5",
      "chainId": 8453,
      "decimals": 18,
      "name": "SATO",
      "symbol": "SATO",
      "type": "ERC20",
      "hasLogo": true,
      "blockListsCount": 0,
      "exchangeListsCount": 0,
      "flagListsCount": 0,
      "importedListsCount": 1,
      "buyTax": 0,
      "sellTax": 0,
      "isInDex": true,
      "isHoneypot": false,
      "manualUnblock": false,
      "transactionsHourly": 3,
      "transactionsDaily": 12,
      "transactionsWeekly": 77,
      "transactionsMonthly": 344,
      "volumeUsdHourly": 50.19261132373486,
      "volumeUsdDaily": 496.0430287109887,
      "volumeUsdWeekly": 1757.800167062342,
      "volumeUsdMonthly": 30592.109089684087,
      "logo": "https://matcha-image-proxy.api.0x.org/images/8453/0x5a70be406ce7471a44f0183b8d7091f4ad751db5"
    },
    {
      "address": "0xb5dcb21b373e4035461aac9283062b68209b90d4",
      "chainId": 8453,
      "decimals": 18,
      "name": "@Degen (Base) (DEGEN)  and Toshi (TOSHI) follow, showcasing signi",
      "symbol": "?Degen(Base) (DEGEN)  and Toshi (TOSHI) follow, showcasing signi",
      "type": "ERC20",
      "issuer": {
        "name": "zora",
        "metadata": {}
      },
      "blockListsCount": 0,
      "exchangeListsCount": 0,
      "flagListsCount": 0,
      "importedListsCount": 0,
      "buyTax": null,
      "sellTax": null,
      "isInDex": false,
      "isHoneypot": false,
      "logo": "https://matcha-image-proxy.api.0x.org/images/8453/0xb5dcb21b373e4035461aac9283062b68209b90d4"
    },
    {
      "address": "0xacb6236de398a8f1c6423dda750e08ec5cdf1e28",
      "chainId": 8453,
      "decimals": 18,
      "name": "D💎 The OG Base Meme Coins1. Toshi ($TOSHI)• Mascot/Theme: A",
      "symbol": "C💎 The OG Base Meme Coins1. Toshi ($TOSHI)• Mascot/Theme: A",
      "type": "ERC20",
      "issuer": {
        "name": "zora",
        "metadata": {}
      },
      "blockListsCount": 0,
      "exchangeListsCount": 0,
      "flagListsCount": 0,
      "importedListsCount": 0,
      "logo": "https://matcha-image-proxy.api.0x.org/images/8453/0xacb6236de398a8f1c6423dda750e08ec5cdf1e28"
    },
    {
      "address": "0x44f09fe1065b771d96b287ea0f3429932e15b672",
      "chainId": 8453,
      "decimals": 9,
      "name": "Toshi TOSHI",
      "symbol": "Toshi TOSHI",
      "type": "ERC20",
      "blockListsCount": 0,
      "exchangeListsCount": 0,
      "flagListsCount": 0,
      "importedListsCount": 0,
      "buyTax": 0,
      "sellTax": 0,
      "isInDex": true,
      "isHoneypot": false,
      "logo": "https://matcha-image-proxy.api.0x.org/images/8453/0x44f09fe1065b771d96b287ea0f3429932e15b672"
    },
    {
      "address": "0xbac57988706fae9cd823bf4c43178ac45a982769",
      "chainId": 143,
      "decimals": 18,
      "name": "TOSHI Toshi",
      "symbol": "TOSHI Toshi",
      "type": "ERC20",
      "blockListsCount": 0,
      "exchangeListsCount": 0,
      "flagListsCount": 0,
      "importedListsCount": 0,
      "logo": "https://matcha-image-proxy.api.0x.org/images/143/0xbac57988706fae9cd823bf4c43178ac45a982769"
    }
  ],
  "searchTime": "2025-12-30T01:58:14.184Z",
  "error": null
}