{
  "originalSymbol": "PUMP",
  "originalFullName": "Pump.fun",
  "searchedQuery": "PUMP Pump.fun",
  "retried": false,
  "isL1": false,
  "success": true,
  "tokenCount": 15,
  "resultCount": 10000,
  "tokens": [
    {
      "address": "pumpCmXqMfrsAkQ5r49WcJnRayYRqmXz6ae8H7H9Dfn",
      "chainId": 1399811149,
      "decimals": 6,
      "name": "Pump",
      "symbol": "PUMP",
      "type": "SPL-Token",
      "blockListsCount": 0,
      "exchangeListsCount": 0,
      "flagListsCount": 0,
      "importedListsCount": 0,
      "isHoneypot": false,
      "transactionsDaily": 1616,
      "transactionsWeekly": 1616,
      "transactionsMonthly": 1616,
      "volumeUsdDaily": 211414.06339909192,
      "volumeUsdWeekly": 211414.06339909192,
      "volumeUsdMonthly": 211414.06339909192,
      "logo": "https://matcha-image-proxy.api.0x.org/images/1399811149/pumpCmXqMfrsAkQ5r49WcJnRayYRqmXz6ae8H7H9Dfn"
    },
    {
      "address": "0xe0152db15014349d085985e879446bcae5d53094",
      "chainId": 8453,
      "decimals": 18,
      "name": "BASED SPX6900",
      "symbol": "SPX6900",
      "type": "ERC20",
      "hasLogo": true,
      "blockListsCount": 0,
      "exchangeListsCount": 0,
      "flagListsCount": 0,
      "importedListsCount": 1,
      "buyTax": 0,
      "sellTax": 0,
      "isInDex": true,
      "isHoneypot": false,
      "manualUnblock": false,
      "transactionsHourly": 1,
      "transactionsDaily": 7,
      "transactionsWeekly": 99,
      "transactionsMonthly": 239,
      "volumeUsdHourly": 60.5985426122724,
      "volumeUsdDaily": 875.0028923202203,
      "volumeUsdWeekly": 16172.631446779553,
      "volumeUsdMonthly": 27784.143274203147,
      "logo": "https://matcha-image-proxy.api.0x.org/images/8453/0xe0152db15014349d085985e879446bcae5d53094"
    },
    {
      "address": "0x0df0587216a4a1bb7d5082fdc491d93d2dd4b413",
      "chainId": 56,
      "decimals": 18,
      "name": "Cheems",
      "symbol": "Cheems",
      "type": "ERC20",
      "hasLogo": true,
      "blockListsCount": 0,
      "exchangeListsCount": 0,
      "flagListsCount": 0,
      "importedListsCount": 1,
      "buyTax": 0,
      "sellTax": 0,
      "isInDex": true,
      "isHoneypot": false,
      "manualUnblock": false,
      "transactionsHourly": 1,
      "transactionsDaily": 12,
      "transactionsWeekly": 74,
      "transactionsMonthly": 556,
      "volumeUsdHourly": 0.265472583456603,
      "volumeUsdDaily": 561.6225282729584,
      "volumeUsdWeekly": 1275.9609744648412,
      "volumeUsdMonthly": 61554.14705530129,
      "logo": "https://matcha-image-proxy.api.0x.org/images/56/0x0df0587216a4a1bb7d5082fdc491d93d2dd4b413"
    },
    {
      "address": "0x81f35261b90ad59a1277c0e94f8012371eaafcb9",
      "chainId": 8453,
      "decimals": 18,
      "name": "LadyLuck",
      "symbol": "LUCKY",
      "type": "ERC20",
      "hasLogo": true,
      "blockListsCount": 0,
      "exchangeListsCount": 0,
      "flagListsCount": 0,
      "importedListsCount": 1,
      "buyTax": 0,
      "sellTax": 0,
      "isInDex": true,
      "isHoneypot": false,
      "manualUnblock": false,
      "transactionsHourly": 1,
      "transactionsDaily": 2,
      "transactionsWeekly": 33,
      "transactionsMonthly": 61,
      "volumeUsdHourly": 73.2210669800667,
      "volumeUsdDaily": 76.2002233910355,
      "volumeUsdWeekly": 238.59512553168884,
      "volumeUsdMonthly": 418.31182333363415,
      "logo": "https://matcha-image-proxy.api.0x.org/images/8453/0x81f35261b90ad59a1277c0e94f8012371eaafcb9"
    },
    {
      "address": "0xc841b4ead3f70be99472ffdb88e5c3c7af6a481a",
      "chainId": 8453,
      "decimals": 18,
      "name": "$TRUST ME BROs by Virtuals",
      "symbol": "TRUST",
      "type": "ERC20",
      "hasLogo": true,
      "blockListsCount": 0,
      "exchangeListsCount": 0,
      "flagListsCount": 0,
      "importedListsCount": 1,
      "buyTax": 0,
      "sellTax": 0,
      "isInDex": true,
      "isHoneypot": false,
      "manualUnblock": false,
      "transactionsHourly": 1,
      "transactionsDaily": 2,
      "transactionsWeekly": 4,
      "transactionsMonthly": 41,
      "volumeUsdHourly": 4.00183915580779,
      "volumeUsdDaily": 264.8436867332858,
      "volumeUsdWeekly": 354.7474929665791,
      "volumeUsdMonthly": 5240.327307121011,
      "logo": "https://matcha-image-proxy.api.0x.org/images/8453/0xc841b4ead3f70be99472ffdb88e5c3c7af6a481a"
    },
    {
      "address": "0xb7c0007ab75350c582d5eab1862b872b5cf53f0c",
      "chainId": 56,
      "decimals": 18,
      "name": "pumpBTC Governance token",
      "symbol": "PUMP",
      "type": "ERC20",
      "hasLogo": true,
      "blockListsCount": 0,
      "exchangeListsCount": 0,
      "flagListsCount": 0,
      "importedListsCount": 1,
      "buyTax": 0,
      "sellTax": 0,
      "isInDex": true,
      "isHoneypot": false,
      "manualUnblock": false,
      "transactionsHourly": 1,
      "transactionsDaily": 1,
      "transactionsWeekly": 16,
      "transactionsMonthly": 81,
      "volumeUsdHourly": 107.575387860989,
      "volumeUsdDaily": 107.575387860989,
      "volumeUsdWeekly": 252.35830592113768,
      "volumeUsdMonthly": 2865.848604233252,
      "logo": "https://matcha-image-proxy.api.0x.org/images/56/0xb7c0007ab75350c582d5eab1862b872b5cf53f0c"
    },
    {
      "address": "GEZ1jnKUezTXsJRUEcC7WpSzHAx1ag6Tdc3kzAnWpump",
      "chainId": 1399811149,
      "decimals": 6,
      "name": "Bond on Pump",
      "symbol": "Bond",
      "type": "SPL-Token",
      "blockListsCount": 1,
      "exchangeListsCount": 0,
      "flagListsCount": 1,
      "importedListsCount": 0,
      "manualUnblock": false,
      "transactionsMonthly": 212,
      "volumeUsdMonthly": 6307.654979522432,
      "logo": "https://matcha-image-proxy.api.0x.org/images/1399811149/GEZ1jnKUezTXsJRUEcC7WpSzHAx1ag6Tdc3kzAnWpump"
    },
    {
      "address": "0x6258d49ca4035431575d997b096723e68d8c92f9",
      "chainId": 56,
      "decimals": 18,
      "name": "Pump It Up",
      "symbol": "PUMPIT",
      "type": "ERC20",
      "hasLogo": true,
      "blockListsCount": 1,
      "exchangeListsCount": 0,
      "flagListsCount": 1,
      "importedListsCount": 0,
      "buyTax": 0,
      "sellTax": 0,
      "isInDex": true,
      "isHoneypot": false,
      "manualUnblock": false,
      "logo": "https://matcha-image-proxy.api.0x.org/images/56/0x6258d49ca4035431575d997b096723e68d8c92f9"
    },
    {
      "address": "AGDGy2fqxDitwyt4WRbAHvN1mW51kSyZTxz1XJWNpump",
      "chainId": 1399811149,
      "decimals": 6,
      "name": "Bond on Pump",
      "symbol": "Bond",
      "type": "SPL-Token",
      "blockListsCount": 1,
      "exchangeListsCount": 0,
      "flagListsCount": 1,
      "importedListsCount": 0,
      "manualUnblock": false,
      "transactionsMonthly": 126,
      "volumeUsdMonthly": 1536.3882113852603,
      "logo": "https://matcha-image-proxy.api.0x.org/images/1399811149/AGDGy2fqxDitwyt4WRbAHvN1mW51kSyZTxz1XJWNpump"
    },
    {
      "address": "0x20fbd133897ef802e0235db77bb19a071e257d41",
      "chainId": 8453,
      "decimals": 18,
      "name": "Pump (Universal)",
      "symbol": "uPUMP",
      "type": "ERC20",
      "hasLogo": true,
      "blockListsCount": 0,
      "exchangeListsCount": 0,
      "flagListsCount": 0,
      "importedListsCount": 1,
      "buyTax": null,
      "sellTax": null,
      "isInDex": false,
      "isHoneypot": false,
      "manualUnblock": false,
      "transactionsHourly": 1,
      "transactionsDaily": 1,
      "transactionsWeekly": 4,
      "transactionsMonthly": 25,
      "volumeUsdHourly": 6.37100077251769,
      "volumeUsdDaily": 6.37100077251769,
      "volumeUsdWeekly": 75.38986294371388,
      "volumeUsdMonthly": 3127.165976797378,
      "logo": "https://matcha-image-proxy.api.0x.org/images/8453/0x20fbd133897ef802e0235db77bb19a071e257d41"
    },
    {
      "address": "0x2b11f19e7b69e23f6e92a5296a16f118d5824e44",
      "chainId": 8453,
      "decimals": 18,
      "name": "Sunday Pump Indicator",
      "symbol": "SUNDAY",
      "type": "ERC20",
      "blockListsCount": 0,
      "exchangeListsCount": 0,
      "flagListsCount": 0,
      "importedListsCount": 0,
      "isHoneypot": false,
      "transactionsHourly": 8,
      "transactionsDaily": 8,
      "transactionsWeekly": 8,
      "transactionsMonthly": 8,
      "volumeUsdHourly": 1653.6010853181715,
      "volumeUsdDaily": 1643.5897519062808,
      "volumeUsdWeekly": 1643.5897519062808,
      "volumeUsdMonthly": 1643.5897519062808,
      "logo": "https://matcha-image-proxy.api.0x.org/images/8453/0x2b11f19e7b69e23f6e92a5296a16f118d5824e44"
    },
    {
      "address": "0x785c34312dfa6b74f6f1829f79ade39042222168",
      "chainId": 1,
      "decimals": 18,
      "name": "BUMP",
      "symbol": "BUMP",
      "type": "ERC20",
      "hasLogo": true,
      "blockListsCount": 0,
      "exchangeListsCount": 0,
      "flagListsCount": 0,
      "importedListsCount": 2,
      "buyTax": 0,
      "sellTax": 0,
      "isInDex": true,
      "isHoneypot": false,
      "manualUnblock": false,
      "transactionsHourly": 1,
      "transactionsDaily": 1,
      "transactionsWeekly": 2,
      "transactionsMonthly": 18,
      "volumeUsdHourly": 319.353700799006,
      "volumeUsdDaily": 319.353700799006,
      "volumeUsdWeekly": 318.8019844283695,
      "volumeUsdMonthly": 1701.121391593285,
      "logo": "https://matcha-image-proxy.api.0x.org/images/1/0x785c34312dfa6b74f6f1829f79ade39042222168"
    },
    {
      "address": "0xbf388570ebd5b88bfc7cd21ec469813c15f453a3",
      "chainId": 8453,
      "decimals": 18,
      "name": "Pepper",
      "symbol": "PEPPER",
      "type": "ERC20",
      "hasLogo": true,
      "blockListsCount": 0,
      "exchangeListsCount": 0,
      "flagListsCount": 0,
      "importedListsCount": 1,
      "buyTax": 0,
      "sellTax": 0,
      "isInDex": true,
      "isHoneypot": false,
      "manualUnblock": false,
      "transactionsHourly": 1,
      "transactionsDaily": 1,
      "transactionsWeekly": 3,
      "transactionsMonthly": 23,
      "volumeUsdHourly": 79.0460020732779,
      "volumeUsdDaily": 79.0460020732779,
      "volumeUsdWeekly": 119.86748283917647,
      "volumeUsdMonthly": 1138.3205057441087,
      "logo": "https://matcha-image-proxy.api.0x.org/images/8453/0xbf388570ebd5b88bfc7cd21ec469813c15f453a3"
    },
    {
      "address": "2SWbKcmKFkPvAtPu6ttD4xeE6cLxebQetP6MivuaPtG9",
      "chainId": 1399811149,
      "decimals": 6,
      "name": "BIG BANG PUMP",
      "symbol": "BBP",
      "type": "SPL-Token",
      "blockListsCount": 0,
      "exchangeListsCount": 0,
      "flagListsCount": 0,
      "importedListsCount": 0,
      "transactionsDaily": 9,
      "transactionsWeekly": 9,
      "transactionsMonthly": 9,
      "volumeUsdDaily": 333.06405026150003,
      "volumeUsdWeekly": 333.06405026150003,
      "volumeUsdMonthly": 333.06405026150003,
      "logo": "https://matcha-image-proxy.api.0x.org/images/1399811149/2SWbKcmKFkPvAtPu6ttD4xeE6cLxebQetP6MivuaPtG9"
    },
    {
      "address": "0x22b4fa9a13a0d303ad258ee6d62a6ac60364b0c9",
      "chainId": 56,
      "decimals": 18,
      "name": "Big Pump",
      "symbol": "PUMP",
      "type": "ERC20",
      "hasLogo": true,
      "blockListsCount": 0,
      "exchangeListsCount": 0,
      "flagListsCount": 0,
      "importedListsCount": 1,
      "buyTax": 0,
      "sellTax": 0,
      "isInDex": true,
      "isHoneypot": false,
      "manualUnblock": false,
      "transactionsHourly": 1,
      "transactionsDaily": 1,
      "transactionsWeekly": 10,
      "transactionsMonthly": 42,
      "volumeUsdHourly": 0.352799883794422,
      "volumeUsdDaily": 0.352799883794422,
      "volumeUsdWeekly": 8.309667063673345,
      "volumeUsdMonthly": 359.83312925287726,
      "logo": "https://matcha-image-proxy.api.0x.org/images/56/0x22b4fa9a13a0d303ad258ee6d62a6ac60364b0c9"
    }
  ],
  "searchTime": "2025-12-30T01:58:11.862Z",
  "error": null
}