{
  "originalSymbol": "BLUR",
  "originalFullName": "Blur",
  "searchedQuery": "BLUR Blur",
  "retried": false,
  "isL1": false,
  "success": true,
  "tokenCount": 15,
  "resultCount": 4919,
  "tokens": [
    {
      "address": "0x62f92af992ee969a74e129dca1912a68d0842c73",
      "chainId": 8453,
      "decimals": 18,
      "name": "Blur blur",
      "symbol": "Blur blur",
      "type": "ERC20",
      "issuer": {
        "name": "zora",
        "metadata": {}
      },
      "blockListsCount": 0,
      "exchangeListsCount": 0,
      "flagListsCount": 0,
      "importedListsCount": 0,
      "buyTax": null,
      "sellTax": null,
      "isInDex": false,
      "isHoneypot": false,
      "logo": "https://matcha-image-proxy.api.0x.org/images/8453/0x62f92af992ee969a74e129dca1912a68d0842c73"
    },
    {
      "address": "0x5ff1ad7aec645d7436d20013a91206ac28228d77",
      "chainId": 8453,
      "decimals": 18,
      "name": "Blur blur",
      "symbol": "Blur blur",
      "type": "ERC20",
      "issuer": {
        "name": "zora",
        "metadata": {}
      },
      "blockListsCount": 0,
      "exchangeListsCount": 0,
      "flagListsCount": 0,
      "importedListsCount": 0,
      "buyTax": null,
      "sellTax": null,
      "isInDex": false,
      "isHoneypot": false,
      "logo": "https://matcha-image-proxy.api.0x.org/images/8453/0x5ff1ad7aec645d7436d20013a91206ac28228d77"
    },
    {
      "address": "0x23a32399c11ce737e4a82bd485e6923c20678fee",
      "chainId": 8453,
      "decimals": 18,
      "name": "What is Blur (BLUR)?...",
      "symbol": "What is Blur (BLUR)?...",
      "type": "ERC20",
      "issuer": {
        "name": "zora",
        "metadata": {}
      },
      "blockListsCount": 0,
      "exchangeListsCount": 0,
      "flagListsCount": 0,
      "importedListsCount": 0,
      "buyTax": null,
      "sellTax": null,
      "isInDex": false,
      "isHoneypot": false,
      "logo": "https://matcha-image-proxy.api.0x.org/images/8453/0x23a32399c11ce737e4a82bd485e6923c20678fee"
    },
    {
      "address": "0x5283d291dbcf85356a21ba090e6db59121208b44",
      "chainId": 1,
      "decimals": 18,
      "name": "Blur",
      "symbol": "BLUR",
      "type": "ERC20",
      "hasLogo": true,
      "blockListsCount": 0,
      "exchangeListsCount": 1,
      "flagListsCount": 0,
      "importedListsCount": 3,
      "buyTax": 0,
      "sellTax": 0,
      "isInDex": true,
      "isHoneypot": false,
      "manualUnblock": false,
      "transactionsHourly": 1,
      "transactionsDaily": 5,
      "transactionsWeekly": 25,
      "transactionsMonthly": 88,
      "volumeUsdHourly": 1227.19357091421,
      "volumeUsdDaily": 1259.4939836490014,
      "volumeUsdWeekly": 6020.0321994346095,
      "volumeUsdMonthly": 30955.515172238713,
      "logo": "https://matcha-image-proxy.api.0x.org/images/1/0x5283d291dbcf85356a21ba090e6db59121208b44"
    },
    {
      "address": "0x904845e166c48043cf6bd32bac26bdb86e889133",
      "chainId": 130,
      "decimals": 18,
      "name": "Blur BLUR",
      "symbol": "Blur BLUR",
      "type": "ERC20",
      "blockListsCount": 0,
      "exchangeListsCount": 0,
      "flagListsCount": 0,
      "importedListsCount": 0,
      "logo": "https://matcha-image-proxy.api.0x.org/images/130/0x904845e166c48043cf6bd32bac26bdb86e889133"
    },
    {
      "address": "0x968e5337e3e2ab984417cba7788f3fb72e69aae8",
      "chainId": 130,
      "decimals": 18,
      "name": "Blur BLUR",
      "symbol": "Blur BLUR",
      "type": "ERC20",
      "blockListsCount": 0,
      "exchangeListsCount": 0,
      "flagListsCount": 0,
      "importedListsCount": 0,
      "logo": "https://matcha-image-proxy.api.0x.org/images/130/0x968e5337e3e2ab984417cba7788f3fb72e69aae8"
    },
    {
      "address": "0xec26e2b55a193e5042522b29696188353e9f89fe",
      "chainId": 8453,
      "decimals": 18,
      "name": "Blur BLUR",
      "symbol": "Blur BLUR",
      "type": "ERC20",
      "blockListsCount": 0,
      "exchangeListsCount": 0,
      "flagListsCount": 0,
      "importedListsCount": 0,
      "buyTax": 0,
      "sellTax": 0,
      "isInDex": true,
      "isHoneypot": false,
      "logo": "https://matcha-image-proxy.api.0x.org/images/8453/0xec26e2b55a193e5042522b29696188353e9f89fe"
    },
    {
      "address": "0x90b5762c8c07a1ea3ee29c9715ca51e021c4a43e",
      "chainId": 8453,
      "decimals": 9,
      "name": "Blur BLUR",
      "symbol": "Blur BLUR",
      "type": "ERC20",
      "blockListsCount": 0,
      "exchangeListsCount": 0,
      "flagListsCount": 0,
      "importedListsCount": 0,
      "buyTax": 0,
      "sellTax": 0,
      "isInDex": true,
      "isHoneypot": false,
      "logo": "https://matcha-image-proxy.api.0x.org/images/8453/0x90b5762c8c07a1ea3ee29c9715ca51e021c4a43e"
    },
    {
      "address": "0x57519fc91f53c7737047c5c039287288cf1225cd",
      "chainId": 130,
      "decimals": 18,
      "name": "Blur BLUR",
      "symbol": "Blur BLUR",
      "type": "ERC20",
      "blockListsCount": 0,
      "exchangeListsCount": 0,
      "flagListsCount": 0,
      "importedListsCount": 0,
      "logo": "https://matcha-image-proxy.api.0x.org/images/130/0x57519fc91f53c7737047c5c039287288cf1225cd"
    },
    {
      "address": "0xefe7077046900c8133efa911a1c7e3d140f83652",
      "chainId": 8453,
      "decimals": 18,
      "name": "Blur BLUR 2026",
      "symbol": "Blur BLUR",
      "type": "ERC20",
      "blockListsCount": 0,
      "exchangeListsCount": 0,
      "flagListsCount": 0,
      "importedListsCount": 0,
      "logo": "https://matcha-image-proxy.api.0x.org/images/8453/0xefe7077046900c8133efa911a1c7e3d140f83652"
    },
    {
      "address": "0xfdca3e0a4b6d8e1fea71600d5d2518d453abd1b5",
      "chainId": 8453,
      "decimals": 18,
      "name": "Blur BLUR coin",
      "symbol": "Blur BLUR coin",
      "type": "ERC20",
      "blockListsCount": 0,
      "exchangeListsCount": 0,
      "flagListsCount": 0,
      "importedListsCount": 0,
      "buyTax": 0,
      "sellTax": 0,
      "isInDex": true,
      "isHoneypot": false,
      "logo": "https://matcha-image-proxy.api.0x.org/images/8453/0xfdca3e0a4b6d8e1fea71600d5d2518d453abd1b5"
    },
    {
      "address": "0xa55689b4db080491b4c1ab0d3baa08443c431a27",
      "chainId": 8453,
      "decimals": 9,
      "name": "Trump - Blur BLUR",
      "symbol": "Trump - Blur BLUR",
      "type": "ERC20",
      "blockListsCount": 0,
      "exchangeListsCount": 0,
      "flagListsCount": 0,
      "importedListsCount": 0,
      "buyTax": 0,
      "sellTax": 0,
      "isInDex": true,
      "isHoneypot": false,
      "logo": "https://matcha-image-proxy.api.0x.org/images/8453/0xa55689b4db080491b4c1ab0d3baa08443c431a27"
    },
    {
      "address": "0x77f31adad17aa1132bf60cfd74a528a71e02da20",
      "chainId": 8453,
      "decimals": 18,
      "name": "Blur BLUR V2",
      "symbol": "Blur BLUR V2",
      "type": "ERC20",
      "blockListsCount": 0,
      "exchangeListsCount": 0,
      "flagListsCount": 0,
      "importedListsCount": 0,
      "buyTax": 0,
      "sellTax": 0,
      "isInDex": true,
      "isHoneypot": false,
      "logo": "https://matcha-image-proxy.api.0x.org/images/8453/0x77f31adad17aa1132bf60cfd74a528a71e02da20"
    },
    {
      "address": "0xdf33ea6bad6060e270dbbe29d40f75d0b72f6c69",
      "chainId": 8453,
      "decimals": 18,
      "name": "Blur BLUR Reserve",
      "symbol": "Blur BLUR Reserve",
      "type": "ERC20",
      "blockListsCount": 0,
      "exchangeListsCount": 0,
      "flagListsCount": 0,
      "importedListsCount": 0,
      "logo": "https://matcha-image-proxy.api.0x.org/images/8453/0xdf33ea6bad6060e270dbbe29d40f75d0b72f6c69"
    },
    {
      "address": "0xf1983545a3eeafdff1058b409d0d55fa277f66fb",
      "chainId": 8453,
      "decimals": 18,
      "name": "Blur BLUR AI",
      "symbol": "Blur BLUR AI",
      "type": "ERC20",
      "blockListsCount": 0,
      "exchangeListsCount": 0,
      "flagListsCount": 0,
      "importedListsCount": 0,
      "logo": "https://matcha-image-proxy.api.0x.org/images/8453/0xf1983545a3eeafdff1058b409d0d55fa277f66fb"
    }
  ],
  "searchTime": "2025-12-30T01:57:35.836Z",
  "error": null
}