{
  "originalSymbol": "TREE",
  "originalFullName": "Treehouse",
  "searchedQuery": "TREE Treehouse",
  "retried": false,
  "isL1": false,
  "success": true,
  "tokenCount": 15,
  "resultCount": 10000,
  "tokens": [
    {
      "address": "0x0566c506477cd2d8df4e0123512dbc344bd9d111",
      "chainId": 137,
      "decimals": 18,
      "name": "MyLovelyCoin",
      "symbol": "MLC",
      "type": "ERC20",
      "hasLogo": true,
      "blockListsCount": 0,
      "exchangeListsCount": 0,
      "flagListsCount": 0,
      "importedListsCount": 1,
      "buyTax": 0,
      "sellTax": 0,
      "isInDex": true,
      "isHoneypot": false,
      "manualUnblock": false,
      "transactionsHourly": 1,
      "transactionsDaily": 17,
      "transactionsWeekly": 80,
      "transactionsMonthly": 786,
      "volumeUsdHourly": 39.3296349320524,
      "volumeUsdDaily": 5745.319982453224,
      "volumeUsdWeekly": 15541.298815701355,
      "volumeUsdMonthly": 149538.27066714194,
      "logo": "https://matcha-image-proxy.api.0x.org/images/137/0x0566c506477cd2d8df4e0123512dbc344bd9d111"
    },
    {
      "address": "0x77146784315ba81904d654466968e3a7c196d1f3",
      "chainId": 1,
      "decimals": 18,
      "name": "Treehouse Token",
      "symbol": "TREE",
      "type": "ERC20",
      "hasLogo": true,
      "blockListsCount": 0,
      "exchangeListsCount": 0,
      "flagListsCount": 0,
      "importedListsCount": 3,
      "buyTax": 0,
      "sellTax": 0,
      "isInDex": true,
      "isHoneypot": false,
      "manualUnblock": false,
      "transactionsHourly": 1,
      "transactionsDaily": 3,
      "transactionsWeekly": 24,
      "transactionsMonthly": 254,
      "volumeUsdHourly": 892.888685740455,
      "volumeUsdDaily": 1839.981256669652,
      "volumeUsdWeekly": 12567.27915232973,
      "volumeUsdMonthly": 48077.08625344928,
      "logo": "https://matcha-image-proxy.api.0x.org/images/1/0x77146784315ba81904d654466968e3a7c196d1f3"
    },
    {
      "address": "0x52c2b317eb0bb61e650683d2f287f56c413e4cf6",
      "chainId": 8453,
      "decimals": 18,
      "name": "Tree",
      "symbol": "TREE",
      "type": "ERC20",
      "hasLogo": true,
      "blockListsCount": 0,
      "exchangeListsCount": 0,
      "flagListsCount": 0,
      "importedListsCount": 1,
      "buyTax": 0,
      "sellTax": 0,
      "isInDex": true,
      "isHoneypot": false,
      "manualUnblock": false,
      "transactionsHourly": 1,
      "transactionsDaily": 1,
      "transactionsWeekly": 6,
      "transactionsMonthly": 31,
      "volumeUsdHourly": 602.306135837364,
      "volumeUsdDaily": 602.306135837364,
      "volumeUsdWeekly": 626.5669969289688,
      "volumeUsdMonthly": 3813.012723098165,
      "logo": "https://matcha-image-proxy.api.0x.org/images/8453/0x52c2b317eb0bb61e650683d2f287f56c413e4cf6"
    },
    {
      "address": "oPAUdFcBVhUzVDCHe3jojfMyMgwR5qUnqhWuY1L4zga",
      "chainId": 1399811149,
      "decimals": 6,
      "name": "Talking Tree",
      "symbol": "DROGA5",
      "type": "SPL-Token",
      "blockListsCount": 0,
      "exchangeListsCount": 0,
      "flagListsCount": 0,
      "importedListsCount": 0,
      "transactionsDaily": 21,
      "transactionsWeekly": 21,
      "transactionsMonthly": 21,
      "volumeUsdDaily": 862.8351567516602,
      "volumeUsdWeekly": 862.8351567516602,
      "volumeUsdMonthly": 862.8351567516602,
      "logo": "https://matcha-image-proxy.api.0x.org/images/1399811149/oPAUdFcBVhUzVDCHe3jojfMyMgwR5qUnqhWuY1L4zga"
    },
    {
      "address": "0x9e32b13ce7f2e80a01932b42553652e053d6ed8e",
      "chainId": 1,
      "decimals": 18,
      "name": "Metis Token",
      "symbol": "Metis",
      "type": "ERC20",
      "hasLogo": true,
      "blockListsCount": 0,
      "exchangeListsCount": 1,
      "flagListsCount": 0,
      "importedListsCount": 4,
      "buyTax": 0,
      "sellTax": 0,
      "isInDex": true,
      "isHoneypot": false,
      "manualUnblock": false,
      "transactionsHourly": 1,
      "transactionsDaily": 1,
      "transactionsWeekly": 43,
      "transactionsMonthly": 123,
      "volumeUsdHourly": 643.705690717797,
      "volumeUsdDaily": 637.42207962998,
      "volumeUsdWeekly": 29321.20904704367,
      "volumeUsdMonthly": 105982.47231312354,
      "logo": "https://matcha-image-proxy.api.0x.org/images/1/0x9e32b13ce7f2e80a01932b42553652e053d6ed8e"
    },
    {
      "address": "0xd11c452fc99cf405034ee446803b6f6c1f6d5ed8",
      "chainId": 1,
      "decimals": 18,
      "name": "Treehouse ETH",
      "symbol": "tETH",
      "type": "ERC20",
      "hasLogo": true,
      "blockListsCount": 0,
      "exchangeListsCount": 0,
      "flagListsCount": 0,
      "importedListsCount": 2,
      "buyTax": 0,
      "sellTax": 0,
      "isInDex": true,
      "isHoneypot": false,
      "manualUnblock": false,
      "transactionsHourly": 1,
      "transactionsDaily": 1,
      "transactionsWeekly": 2,
      "transactionsMonthly": 27,
      "volumeUsdHourly": 2029.09872380085,
      "volumeUsdDaily": 2029.09872380085,
      "volumeUsdWeekly": 35602.93245844765,
      "volumeUsdMonthly": 459972.8667776395,
      "logo": "https://matcha-image-proxy.api.0x.org/images/1/0xd11c452fc99cf405034ee446803b6f6c1f6d5ed8"
    },
    {
      "address": "0xba25b2281214300e4e649fead9a6d6acd25f1c0a",
      "chainId": 1,
      "decimals": 18,
      "name": "Tree",
      "symbol": "TREE",
      "type": "ERC20",
      "hasLogo": true,
      "blockListsCount": 0,
      "exchangeListsCount": 0,
      "flagListsCount": 0,
      "importedListsCount": 2,
      "buyTax": 0,
      "sellTax": 0,
      "isInDex": true,
      "isHoneypot": false,
      "manualUnblock": false,
      "transactionsHourly": 1,
      "transactionsDaily": 1,
      "transactionsWeekly": 3,
      "transactionsMonthly": 13,
      "volumeUsdHourly": 0.556524238085172,
      "volumeUsdDaily": 0.556524238085172,
      "volumeUsdWeekly": 10974.473059052209,
      "volumeUsdMonthly": 17829.402810457836,
      "logo": "https://matcha-image-proxy.api.0x.org/images/1/0xba25b2281214300e4e649fead9a6d6acd25f1c0a"
    },
    {
      "address": "0xe5acbb03d73267c03349c76ead672ee4d941f499",
      "chainId": 1,
      "decimals": 8,
      "name": "Wrapped BEAM",
      "symbol": "WBEAM",
      "type": "ERC20",
      "hasLogo": true,
      "blockListsCount": 0,
      "exchangeListsCount": 0,
      "flagListsCount": 0,
      "importedListsCount": 2,
      "buyTax": 0,
      "sellTax": 0,
      "isInDex": true,
      "isHoneypot": false,
      "manualUnblock": false,
      "transactionsHourly": 1,
      "transactionsDaily": 1,
      "transactionsWeekly": 4,
      "transactionsMonthly": 17,
      "volumeUsdHourly": 185.503806433283,
      "volumeUsdDaily": 185.51361223796,
      "volumeUsdWeekly": 598.945147875262,
      "volumeUsdMonthly": 2954.3312189833896,
      "logo": "https://matcha-image-proxy.api.0x.org/images/1/0xe5acbb03d73267c03349c76ead672ee4d941f499"
    },
    {
      "address": "0x3915e4181a9e006353cb220cbd8d97aaf6f34791",
      "chainId": 8453,
      "decimals": 18,
      "name": "blue tree coin",
      "symbol": "BTC",
      "type": "ERC20",
      "blockListsCount": 0,
      "exchangeListsCount": 0,
      "flagListsCount": 0,
      "importedListsCount": 0,
      "isHoneypot": false,
      "transactionsHourly": 6,
      "transactionsDaily": 6,
      "transactionsWeekly": 6,
      "transactionsMonthly": 6,
      "volumeUsdHourly": 2771.905955855624,
      "volumeUsdDaily": 2770.397968549859,
      "volumeUsdWeekly": 2770.397968549859,
      "volumeUsdMonthly": 2770.397968549859,
      "logo": "https://matcha-image-proxy.api.0x.org/images/8453/0x3915e4181a9e006353cb220cbd8d97aaf6f34791"
    },
    {
      "address": "0xb9d27bc093ed0a3b7c18366266704cfe5e7af77b",
      "chainId": 1,
      "decimals": 18,
      "name": "Carbify",
      "symbol": "CBY",
      "type": "ERC20",
      "hasLogo": true,
      "blockListsCount": 0,
      "exchangeListsCount": 0,
      "flagListsCount": 0,
      "importedListsCount": 0,
      "buyTax": null,
      "sellTax": null,
      "isInDex": false,
      "isHoneypot": false,
      "transactionsHourly": 1,
      "transactionsDaily": 1,
      "transactionsWeekly": 1,
      "transactionsMonthly": 1,
      "volumeUsdHourly": 524.574674654316,
      "volumeUsdDaily": 524.574674654316,
      "volumeUsdWeekly": 525.258519888854,
      "volumeUsdMonthly": 525.258519888854,
      "logo": "https://matcha-image-proxy.api.0x.org/images/1/0xb9d27bc093ed0a3b7c18366266704cfe5e7af77b"
    },
    {
      "address": "0x4704ea440a52e0746a36666b62dd48e01d5072cb",
      "chainId": 56,
      "decimals": 18,
      "name": "GREEN WORLD PLAN",
      "symbol": "TREE",
      "type": "ERC20",
      "blockListsCount": 0,
      "exchangeListsCount": 0,
      "flagListsCount": 0,
      "importedListsCount": 0,
      "buyTax": 0,
      "sellTax": 0,
      "isInDex": true,
      "isHoneypot": false,
      "transactionsHourly": 9,
      "transactionsDaily": 9,
      "transactionsWeekly": 9,
      "transactionsMonthly": 49,
      "volumeUsdHourly": 49.53326155549586,
      "volumeUsdDaily": 49.516362898615,
      "volumeUsdWeekly": 49.516362898615,
      "volumeUsdMonthly": 140.673642726426,
      "logo": "https://matcha-image-proxy.api.0x.org/images/56/0x4704ea440a52e0746a36666b62dd48e01d5072cb"
    },
    {
      "address": "0xce88b2f0f7728508c3bbefbeebfde8afa0191d12",
      "chainId": 8453,
      "decimals": 18,
      "name": "tree",
      "symbol": "tree",
      "type": "ERC20",
      "issuer": {
        "name": "zora",
        "metadata": {}
      },
      "blockListsCount": 0,
      "exchangeListsCount": 0,
      "flagListsCount": 0,
      "importedListsCount": 0,
      "buyTax": 0,
      "sellTax": 0,
      "isInDex": true,
      "isHoneypot": false,
      "transactionsMonthly": 2,
      "volumeUsdMonthly": 210.055802668839,
      "logo": "https://matcha-image-proxy.api.0x.org/images/8453/0xce88b2f0f7728508c3bbefbeebfde8afa0191d12"
    },
    {
      "address": "0x9bd547446ea13c0c13df2c1885e1f5b019a77441",
      "chainId": 56,
      "decimals": 2,
      "name": "Tree Token",
      "symbol": "TREE",
      "type": "ERC20",
      "hasLogo": true,
      "blockListsCount": 0,
      "exchangeListsCount": 0,
      "flagListsCount": 0,
      "importedListsCount": 0,
      "buyTax": 0,
      "sellTax": 0,
      "isInDex": false,
      "isHoneypot": null,
      "logo": "https://matcha-image-proxy.api.0x.org/images/56/0x9bd547446ea13c0c13df2c1885e1f5b019a77441"
    },
    {
      "address": "0xc0d766017141dd4866738c1e704be6fedc97b904",
      "chainId": 1,
      "decimals": 18,
      "name": "Tree Token",
      "symbol": "TREE",
      "type": "ERC20",
      "hasLogo": true,
      "blockListsCount": 0,
      "exchangeListsCount": 0,
      "flagListsCount": 0,
      "importedListsCount": 0,
      "buyTax": 0,
      "sellTax": 0,
      "isInDex": false,
      "isHoneypot": false,
      "logo": "https://matcha-image-proxy.api.0x.org/images/1/0xc0d766017141dd4866738c1e704be6fedc97b904"
    },
    {
      "address": "C9pebwfXenEUjzL1Ht5b2XASpq8NDNn2PquYwA7rpump",
      "chainId": 1399811149,
      "decimals": 6,
      "name": "TESLA TREE",
      "symbol": "TESLA TREE",
      "type": "SPL-Token",
      "blockListsCount": 1,
      "exchangeListsCount": 0,
      "flagListsCount": 1,
      "importedListsCount": 0,
      "manualUnblock": false,
      "logo": "https://matcha-image-proxy.api.0x.org/images/1399811149/C9pebwfXenEUjzL1Ht5b2XASpq8NDNn2PquYwA7rpump"
    }
  ],
  "searchTime": "2025-12-30T01:56:44.392Z",
  "error": null
}