{
  "originalSymbol": "WCT",
  "originalFullName": "WalletConnect",
  "searchedQuery": "WCT WalletConnect",
  "retried": false,
  "isL1": false,
  "success": true,
  "tokenCount": 15,
  "resultCount": 3125,
  "tokens": [
    {
      "address": "0xef4461891dfb3ac8572ccf7c794664a8dd927945",
      "chainId": 10,
      "decimals": 18,
      "name": "WalletConnect",
      "symbol": "WCT",
      "type": "ERC20",
      "hasLogo": true,
      "blockListsCount": 0,
      "exchangeListsCount": 0,
      "flagListsCount": 0,
      "importedListsCount": 3,
      "buyTax": null,
      "sellTax": null,
      "isInDex": true,
      "isHoneypot": false,
      "manualUnblock": false,
      "transactionsHourly": 2,
      "transactionsDaily": 20,
      "transactionsWeekly": 133,
      "transactionsMonthly": 1448,
      "volumeUsdHourly": 3.308533986624312,
      "volumeUsdDaily": 413.9431324882002,
      "volumeUsdWeekly": 2119.1698147135453,
      "volumeUsdMonthly": 8487.45438335054,
      "logo": "https://matcha-image-proxy.api.0x.org/images/10/0xef4461891dfb3ac8572ccf7c794664a8dd927945"
    },
    {
      "address": "0xef4461891dfb3ac8572ccf7c794664a8dd927945",
      "chainId": 8453,
      "decimals": 18,
      "name": "WalletConnect",
      "symbol": "WCT",
      "type": "ERC20",
      "hasLogo": true,
      "blockListsCount": 0,
      "exchangeListsCount": 0,
      "flagListsCount": 0,
      "importedListsCount": 2,
      "buyTax": 0,
      "sellTax": 0,
      "isInDex": true,
      "isHoneypot": false,
      "manualUnblock": false,
      "transactionsHourly": 1,
      "transactionsDaily": 5,
      "transactionsWeekly": 157,
      "transactionsMonthly": 680,
      "volumeUsdHourly": 10.8521747774579,
      "volumeUsdDaily": 11.343974009237764,
      "volumeUsdWeekly": 4528.532788236661,
      "volumeUsdMonthly": 24155.036866121547,
      "logo": "https://matcha-image-proxy.api.0x.org/images/8453/0xef4461891dfb3ac8572ccf7c794664a8dd927945"
    },
    {
      "address": "0xef4461891dfb3ac8572ccf7c794664a8dd927945",
      "chainId": 1,
      "decimals": 18,
      "name": "WalletConnect",
      "symbol": "WCT",
      "type": "ERC20",
      "hasLogo": true,
      "blockListsCount": 0,
      "exchangeListsCount": 0,
      "flagListsCount": 0,
      "importedListsCount": 3,
      "buyTax": 0,
      "sellTax": 0,
      "isInDex": true,
      "isHoneypot": false,
      "manualUnblock": false,
      "transactionsHourly": 1,
      "transactionsDaily": 2,
      "transactionsWeekly": 2,
      "transactionsMonthly": 13,
      "volumeUsdHourly": 98.7561345416277,
      "volumeUsdDaily": 198.6618076580149,
      "volumeUsdWeekly": 198.6618076580149,
      "volumeUsdMonthly": 4534.8810964746835,
      "logo": "https://matcha-image-proxy.api.0x.org/images/1/0xef4461891dfb3ac8572ccf7c794664a8dd927945"
    },
    {
      "address": "0x7b1826c302856a89ddac81669f6393005d68ae74",
      "chainId": 8453,
      "decimals": 18,
      "name": "WCT Transferability",
      "symbol": "WCT Transferability",
      "type": "ERC20",
      "issuer": {
        "name": "zora",
        "metadata": {}
      },
      "blockListsCount": 0,
      "exchangeListsCount": 0,
      "flagListsCount": 0,
      "importedListsCount": 0,
      "buyTax": null,
      "sellTax": null,
      "isInDex": false,
      "isHoneypot": false,
      "transactionsDaily": 4,
      "transactionsWeekly": 4,
      "transactionsMonthly": 2,
      "volumeUsdDaily": 54.24274687601994,
      "volumeUsdWeekly": 54.24274687601994,
      "volumeUsdMonthly": 18.80800067865474,
      "logo": "https://matcha-image-proxy.api.0x.org/images/8453/0x7b1826c302856a89ddac81669f6393005d68ae74"
    },
    {
      "address": "0x7bc75e291e656e8658d66be1cc8154a3769a35dd",
      "chainId": 56,
      "decimals": 18,
      "name": "iMe Lab",
      "symbol": "LIME",
      "type": "ERC20",
      "hasLogo": true,
      "blockListsCount": 0,
      "exchangeListsCount": 0,
      "flagListsCount": 0,
      "importedListsCount": 1,
      "buyTax": 0,
      "sellTax": 0,
      "isInDex": true,
      "isHoneypot": false,
      "manualUnblock": false,
      "transactionsHourly": 1,
      "transactionsDaily": 2,
      "transactionsWeekly": 9,
      "transactionsMonthly": 43,
      "volumeUsdHourly": 13.472133058423,
      "volumeUsdDaily": 14.98076776766558,
      "volumeUsdWeekly": 982.7911416882256,
      "volumeUsdMonthly": 2326.553334864658,
      "logo": "https://matcha-image-proxy.api.0x.org/images/56/0x7bc75e291e656e8658d66be1cc8154a3769a35dd"
    },
    {
      "address": "0x61cc6af18c351351148815c5f4813a16dee7a7e4",
      "chainId": 1,
      "decimals": 18,
      "name": "WalletConnect",
      "symbol": "WCT",
      "type": "ERC20",
      "hasLogo": true,
      "blockListsCount": 0,
      "exchangeListsCount": 0,
      "flagListsCount": 0,
      "importedListsCount": 1,
      "buyTax": null,
      "sellTax": null,
      "isInDex": false,
      "isHoneypot": false,
      "manualUnblock": false,
      "logo": "https://matcha-image-proxy.api.0x.org/images/1/0x61cc6af18c351351148815c5f4813a16dee7a7e4"
    },
    {
      "address": "0x704fa07f6453f7b216483fe5f26ad20a044d8368",
      "chainId": 8453,
      "decimals": 18,
      "name": "WCT",
      "symbol": "WCT",
      "type": "ERC20",
      "issuer": {
        "name": "zora",
        "metadata": {}
      },
      "blockListsCount": 0,
      "exchangeListsCount": 0,
      "flagListsCount": 0,
      "importedListsCount": 0,
      "buyTax": null,
      "sellTax": null,
      "isInDex": false,
      "isHoneypot": false,
      "logo": "https://matcha-image-proxy.api.0x.org/images/8453/0x704fa07f6453f7b216483fe5f26ad20a044d8368"
    },
    {
      "address": "0x2709c574ee17617e32c9a22df056ed1852304802",
      "chainId": 8453,
      "decimals": 18,
      "name": "Wct",
      "symbol": "Wct",
      "type": "ERC20",
      "issuer": {
        "name": "zora",
        "metadata": {}
      },
      "blockListsCount": 0,
      "exchangeListsCount": 0,
      "flagListsCount": 0,
      "importedListsCount": 0,
      "buyTax": null,
      "sellTax": null,
      "isInDex": false,
      "isHoneypot": false,
      "logo": "https://matcha-image-proxy.api.0x.org/images/8453/0x2709c574ee17617e32c9a22df056ed1852304802"
    },
    {
      "address": "0x0c0bb3e0600de2f406fab8e273fec332fbd592ad",
      "chainId": 8453,
      "decimals": 18,
      "name": "WCT",
      "symbol": "WCT",
      "type": "ERC20",
      "issuer": {
        "name": "zora",
        "metadata": {}
      },
      "blockListsCount": 0,
      "exchangeListsCount": 0,
      "flagListsCount": 0,
      "importedListsCount": 0,
      "buyTax": null,
      "sellTax": null,
      "isInDex": false,
      "isHoneypot": false,
      "logo": "https://matcha-image-proxy.api.0x.org/images/8453/0x0c0bb3e0600de2f406fab8e273fec332fbd592ad"
    },
    {
      "address": "0x26f0bb1ff4178ed1befbb682c19a3b52822fc215",
      "chainId": 8453,
      "decimals": 18,
      "name": "WCT",
      "symbol": "WCT",
      "type": "ERC20",
      "issuer": {
        "name": "zora",
        "metadata": {}
      },
      "blockListsCount": 0,
      "exchangeListsCount": 0,
      "flagListsCount": 0,
      "importedListsCount": 0,
      "buyTax": null,
      "sellTax": null,
      "isInDex": false,
      "isHoneypot": false,
      "logo": "https://matcha-image-proxy.api.0x.org/images/8453/0x26f0bb1ff4178ed1befbb682c19a3b52822fc215"
    },
    {
      "address": "0x1bd2a43be4b1c4545af293a1fb5a28dc7878ef28",
      "chainId": 8453,
      "decimals": 18,
      "name": "WCT",
      "symbol": "WCT",
      "type": "ERC20",
      "issuer": {
        "name": "zora",
        "metadata": {}
      },
      "blockListsCount": 0,
      "exchangeListsCount": 0,
      "flagListsCount": 0,
      "importedListsCount": 0,
      "buyTax": null,
      "sellTax": null,
      "isInDex": false,
      "isHoneypot": false,
      "logo": "https://matcha-image-proxy.api.0x.org/images/8453/0x1bd2a43be4b1c4545af293a1fb5a28dc7878ef28"
    },
    {
      "address": "0x137ceaf279643895f8619d004e942c704b792375",
      "chainId": 8453,
      "decimals": 18,
      "name": "$WCT",
      "symbol": "$WCT",
      "type": "ERC20",
      "issuer": {
        "name": "zora",
        "metadata": {}
      },
      "blockListsCount": 0,
      "exchangeListsCount": 0,
      "flagListsCount": 0,
      "importedListsCount": 0,
      "buyTax": null,
      "sellTax": null,
      "isInDex": false,
      "isHoneypot": false,
      "logo": "https://matcha-image-proxy.api.0x.org/images/8453/0x137ceaf279643895f8619d004e942c704b792375"
    },
    {
      "address": "0x87846f56b1c46cf75b5d53c31798d1439666296f",
      "chainId": 8453,
      "decimals": 18,
      "name": "WCT",
      "symbol": "WCT",
      "type": "ERC20",
      "issuer": {
        "name": "zora",
        "metadata": {}
      },
      "blockListsCount": 0,
      "exchangeListsCount": 0,
      "flagListsCount": 0,
      "importedListsCount": 0,
      "buyTax": null,
      "sellTax": null,
      "isInDex": false,
      "isHoneypot": false,
      "logo": "https://matcha-image-proxy.api.0x.org/images/8453/0x87846f56b1c46cf75b5d53c31798d1439666296f"
    },
    {
      "address": "0xb55b65e4fb235863f5ca54afdf28259fc229aa8a",
      "chainId": 8453,
      "decimals": 18,
      "name": "WCT",
      "symbol": "WCT",
      "type": "ERC20",
      "issuer": {
        "name": "zora",
        "metadata": {}
      },
      "blockListsCount": 0,
      "exchangeListsCount": 0,
      "flagListsCount": 0,
      "importedListsCount": 0,
      "logo": "https://matcha-image-proxy.api.0x.org/images/8453/0xb55b65e4fb235863f5ca54afdf28259fc229aa8a"
    },
    {
      "address": "0x6acfc484332f026878cbfb48588edcf1514f337a",
      "chainId": 8453,
      "decimals": 18,
      "name": "WCT",
      "symbol": "WCT",
      "type": "ERC20",
      "issuer": {
        "name": "zora",
        "metadata": {}
      },
      "blockListsCount": 0,
      "exchangeListsCount": 0,
      "flagListsCount": 0,
      "importedListsCount": 0,
      "logo": "https://matcha-image-proxy.api.0x.org/images/8453/0x6acfc484332f026878cbfb48588edcf1514f337a"
    }
  ],
  "searchTime": "2025-12-30T01:57:39.442Z",
  "error": null
}