{
  "originalSymbol": "SUPER",
  "originalFullName": "SuperVerse",
  "searchedQuery": "SUPER SuperVerse",
  "retried": false,
  "isL1": false,
  "success": true,
  "tokenCount": 15,
  "resultCount": 10000,
  "tokens": [
    {
      "address": "0x98965474ecbec2f532f1f780ee37b0b05f77ca55",
      "chainId": 137,
      "decimals": 18,
      "name": "SUPER TRUST",
      "symbol": "SUT",
      "type": "ERC20",
      "hasLogo": true,
      "blockListsCount": 0,
      "exchangeListsCount": 0,
      "flagListsCount": 0,
      "importedListsCount": 1,
      "buyTax": null,
      "sellTax": null,
      "isInDex": true,
      "isHoneypot": false,
      "manualUnblock": false,
      "transactionsHourly": 4,
      "transactionsDaily": 329,
      "transactionsWeekly": 2664,
      "transactionsMonthly": 11397,
      "volumeUsdHourly": 2263.063526767823,
      "volumeUsdDaily": 148407.8534768827,
      "volumeUsdWeekly": 1139285.467749138,
      "volumeUsdMonthly": 6540259.655379189,
      "logo": "https://matcha-image-proxy.api.0x.org/images/137/0x98965474ecbec2f532f1f780ee37b0b05f77ca55"
    },
    {
      "address": "0x1217bfe6c773eec6cc4a38b5dc45b92292b6e189",
      "chainId": 8453,
      "decimals": 6,
      "name": "Super USDT",
      "symbol": "USDT",
      "type": "ERC20",
      "hasLogo": true,
      "blockListsCount": 0,
      "exchangeListsCount": 0,
      "flagListsCount": 0,
      "importedListsCount": 1,
      "buyTax": 0,
      "sellTax": 0,
      "isInDex": true,
      "isHoneypot": false,
      "manualUnblock": false,
      "transactionsHourly": 1,
      "transactionsDaily": 9,
      "transactionsWeekly": 186,
      "transactionsMonthly": 1285,
      "volumeUsdHourly": 12.2222214704282,
      "volumeUsdDaily": 1001.8226393507114,
      "volumeUsdWeekly": 29682.952213112825,
      "volumeUsdMonthly": 123079.12331123036,
      "logo": "https://matcha-image-proxy.api.0x.org/images/8453/0x1217bfe6c773eec6cc4a38b5dc45b92292b6e189"
    },
    {
      "address": "0x26e550ac11b26f78a04489d5f20f24e3559f7dd9",
      "chainId": 1,
      "decimals": 9,
      "name": "Kekius Maximus",
      "symbol": "KEKIUS",
      "type": "ERC20",
      "hasLogo": true,
      "blockListsCount": 0,
      "exchangeListsCount": 0,
      "flagListsCount": 0,
      "importedListsCount": 2,
      "buyTax": 0,
      "sellTax": 0,
      "isInDex": true,
      "isHoneypot": false,
      "manualUnblock": false,
      "transactionsHourly": 1,
      "transactionsDaily": 27,
      "transactionsWeekly": 144,
      "transactionsMonthly": 559,
      "volumeUsdHourly": 6.67164373882306,
      "volumeUsdDaily": 6396.399826699422,
      "volumeUsdWeekly": 69747.93938822586,
      "volumeUsdMonthly": 231255.25494753072,
      "logo": "https://matcha-image-proxy.api.0x.org/images/1/0x26e550ac11b26f78a04489d5f20f24e3559f7dd9"
    },
    {
      "address": "0x0db510e79909666d6dec7f5e49370838c16d950f",
      "chainId": 8453,
      "decimals": 18,
      "name": "Super Anon",
      "symbol": "ANON",
      "type": "ERC20",
      "hasLogo": true,
      "blockListsCount": 0,
      "exchangeListsCount": 0,
      "flagListsCount": 0,
      "importedListsCount": 1,
      "buyTax": 0,
      "sellTax": 0,
      "isInDex": true,
      "isHoneypot": false,
      "manualUnblock": false,
      "transactionsHourly": 3,
      "transactionsDaily": 9,
      "transactionsWeekly": 134,
      "transactionsMonthly": 671,
      "volumeUsdHourly": 724.5368743815114,
      "volumeUsdDaily": 1192.5050136062807,
      "volumeUsdWeekly": 13031.424027133762,
      "volumeUsdMonthly": 65247.91795839886,
      "logo": "https://matcha-image-proxy.api.0x.org/images/8453/0x0db510e79909666d6dec7f5e49370838c16d950f"
    },
    {
      "address": "0xc438b0c0e80a8fa1b36898d1b36a3fc2ec371c54",
      "chainId": 8453,
      "decimals": 18,
      "name": "Blep Super Meme",
      "symbol": "BLEP",
      "type": "ERC20",
      "hasLogo": true,
      "blockListsCount": 0,
      "exchangeListsCount": 0,
      "flagListsCount": 0,
      "importedListsCount": 1,
      "buyTax": 0,
      "sellTax": 0,
      "isInDex": true,
      "isHoneypot": false,
      "manualUnblock": false,
      "transactionsHourly": 2,
      "transactionsDaily": 13,
      "transactionsWeekly": 75,
      "transactionsMonthly": 315,
      "volumeUsdHourly": 103.66567793568012,
      "volumeUsdDaily": 130.2631429192839,
      "volumeUsdWeekly": 3074.2959841089505,
      "volumeUsdMonthly": 25213.202921209384,
      "logo": "https://matcha-image-proxy.api.0x.org/images/8453/0xc438b0c0e80a8fa1b36898d1b36a3fc2ec371c54"
    },
    {
      "address": "0x82f23d128cb4b59c243084dc054d9c49d85ced4d",
      "chainId": 8453,
      "decimals": 18,
      "name": "SUPER (SuperVerse) NFT",
      "symbol": "SUPER (SuperVerse) NFT",
      "type": "ERC20",
      "issuer": {
        "name": "zora",
        "metadata": {}
      },
      "blockListsCount": 0,
      "exchangeListsCount": 0,
      "flagListsCount": 0,
      "importedListsCount": 0,
      "logo": "https://matcha-image-proxy.api.0x.org/images/8453/0x82f23d128cb4b59c243084dc054d9c49d85ced4d"
    },
    {
      "address": "0xe53ec727dbdeb9e2d5456c3be40cff031ab40a55",
      "chainId": 1,
      "decimals": 18,
      "name": "SuperFarm",
      "symbol": "SUPER",
      "type": "ERC20",
      "hasLogo": true,
      "blockListsCount": 0,
      "exchangeListsCount": 1,
      "flagListsCount": 0,
      "importedListsCount": 4,
      "buyTax": 0,
      "sellTax": 0,
      "isInDex": true,
      "isHoneypot": false,
      "manualUnblock": false,
      "transactionsHourly": 2,
      "transactionsDaily": 6,
      "transactionsWeekly": 43,
      "transactionsMonthly": 308,
      "volumeUsdHourly": 1245.6602484882444,
      "volumeUsdDaily": 3030.9441514445407,
      "volumeUsdWeekly": 33920.76086337827,
      "volumeUsdMonthly": 271916.9537184922,
      "logo": "https://matcha-image-proxy.api.0x.org/images/1/0xe53ec727dbdeb9e2d5456c3be40cff031ab40a55"
    },
    {
      "address": "0x1217bfe6c773eec6cc4a38b5dc45b92292b6e189",
      "chainId": 10,
      "decimals": 6,
      "name": "Super USDT",
      "symbol": "USDT",
      "type": "ERC20",
      "hasLogo": true,
      "blockListsCount": 0,
      "exchangeListsCount": 0,
      "flagListsCount": 0,
      "importedListsCount": 1,
      "buyTax": null,
      "sellTax": null,
      "isInDex": false,
      "isHoneypot": false,
      "manualUnblock": false,
      "transactionsHourly": 1,
      "transactionsDaily": 7,
      "transactionsWeekly": 33,
      "transactionsMonthly": 121,
      "volumeUsdHourly": 578.769683275741,
      "volumeUsdDaily": 1848.0545264653615,
      "volumeUsdWeekly": 4322.716135218581,
      "volumeUsdMonthly": 39617.649455820305,
      "logo": "https://matcha-image-proxy.api.0x.org/images/10/0x1217bfe6c773eec6cc4a38b5dc45b92292b6e189"
    },
    {
      "address": "0x90869b3a42e399951bd5f5ff278b8cc5ee1dc0fe",
      "chainId": 56,
      "decimals": 18,
      "name": "REX",
      "symbol": "REX",
      "type": "ERC20",
      "hasLogo": true,
      "blockListsCount": 0,
      "exchangeListsCount": 0,
      "flagListsCount": 0,
      "importedListsCount": 1,
      "buyTax": 0,
      "sellTax": 0,
      "isInDex": true,
      "isHoneypot": false,
      "manualUnblock": false,
      "transactionsHourly": 1,
      "transactionsDaily": 29,
      "transactionsWeekly": 111,
      "transactionsMonthly": 528,
      "volumeUsdHourly": 3.37814053096815,
      "volumeUsdDaily": 1553.6364633048536,
      "volumeUsdWeekly": 5966.1879923773195,
      "volumeUsdMonthly": 25960.128446769737,
      "logo": "https://matcha-image-proxy.api.0x.org/images/56/0x90869b3a42e399951bd5f5ff278b8cc5ee1dc0fe"
    },
    {
      "address": "0x09fa58228bb791ea355c90da1e4783452b9bd8c3",
      "chainId": 43114,
      "decimals": 18,
      "name": "SuperVerse",
      "symbol": "SUPER",
      "type": "ERC20",
      "hasLogo": true,
      "blockListsCount": 0,
      "exchangeListsCount": 0,
      "flagListsCount": 0,
      "importedListsCount": 1,
      "buyTax": null,
      "sellTax": null,
      "isInDex": false,
      "isHoneypot": false,
      "manualUnblock": false,
      "transactionsHourly": 1,
      "transactionsDaily": 4,
      "transactionsWeekly": 33,
      "transactionsMonthly": 323,
      "volumeUsdHourly": 901.663292647203,
      "volumeUsdDaily": 1587.078324612147,
      "volumeUsdWeekly": 8851.979624774267,
      "volumeUsdMonthly": 154346.04385597786,
      "logo": "https://matcha-image-proxy.api.0x.org/images/43114/0x09fa58228bb791ea355c90da1e4783452b9bd8c3"
    },
    {
      "address": "0x038a68ff68c393373ec894015816e33ad41bd564",
      "chainId": 1,
      "decimals": 18,
      "name": "Glitch",
      "symbol": "GLCH",
      "type": "ERC20",
      "hasLogo": true,
      "blockListsCount": 0,
      "exchangeListsCount": 0,
      "flagListsCount": 0,
      "importedListsCount": 2,
      "buyTax": 0,
      "sellTax": 0,
      "isInDex": true,
      "isHoneypot": false,
      "manualUnblock": false,
      "transactionsHourly": 2,
      "transactionsDaily": 4,
      "transactionsWeekly": 43,
      "transactionsMonthly": 73,
      "volumeUsdHourly": 654.1289386795438,
      "volumeUsdDaily": 1372.2279997957278,
      "volumeUsdWeekly": 19580.02935976983,
      "volumeUsdMonthly": 27481.300494811156,
      "logo": "https://matcha-image-proxy.api.0x.org/images/1/0x038a68ff68c393373ec894015816e33ad41bd564"
    },
    {
      "address": "0xdbfefd2e8460a6ee4955a68582f85708baea60a3",
      "chainId": 8453,
      "decimals": 18,
      "name": "OETH Base",
      "symbol": "OETHb",
      "type": "ERC20",
      "hasLogo": true,
      "blockListsCount": 0,
      "exchangeListsCount": 0,
      "flagListsCount": 0,
      "importedListsCount": 1,
      "buyTax": 0,
      "sellTax": 0,
      "isInDex": true,
      "isHoneypot": false,
      "manualUnblock": false,
      "transactionsHourly": 1,
      "transactionsDaily": 1,
      "transactionsWeekly": 2872,
      "transactionsMonthly": 8517,
      "volumeUsdHourly": 5.22091545224699,
      "volumeUsdDaily": 5.22091545224699,
      "volumeUsdWeekly": 378584.2583022201,
      "volumeUsdMonthly": 862580.1242928689,
      "logo": "https://matcha-image-proxy.api.0x.org/images/8453/0xdbfefd2e8460a6ee4955a68582f85708baea60a3"
    },
    {
      "address": "0x6331bf8d601f0d7f0d2101772af5137c418c4444",
      "chainId": 56,
      "decimals": 18,
      "name": "Binance Super Cycle",
      "symbol": "BSC",
      "type": "ERC20",
      "hasLogo": true,
      "blockListsCount": 0,
      "exchangeListsCount": 0,
      "flagListsCount": 0,
      "importedListsCount": 1,
      "buyTax": 0,
      "sellTax": 0,
      "isInDex": true,
      "isHoneypot": false,
      "manualUnblock": false,
      "transactionsHourly": 1,
      "transactionsDaily": 5,
      "transactionsWeekly": 31,
      "transactionsMonthly": 191,
      "volumeUsdHourly": 19.0944252187959,
      "volumeUsdDaily": 44.685691618894225,
      "volumeUsdWeekly": 1678.3087617091155,
      "volumeUsdMonthly": 13652.998905407523,
      "logo": "https://matcha-image-proxy.api.0x.org/images/56/0x6331bf8d601f0d7f0d2101772af5137c418c4444"
    },
    {
      "address": "0x1217bfe6c773eec6cc4a38b5dc45b92292b6e189",
      "chainId": 130,
      "decimals": 6,
      "name": "Super USDT",
      "symbol": "USDT",
      "type": "ERC20",
      "hasLogo": true,
      "blockListsCount": 0,
      "exchangeListsCount": 0,
      "flagListsCount": 0,
      "importedListsCount": 1,
      "buyTax": 0,
      "sellTax": 0,
      "isInDex": true,
      "isHoneypot": false,
      "manualUnblock": false,
      "transactionsHourly": 1,
      "transactionsDaily": 8,
      "transactionsWeekly": 24,
      "transactionsMonthly": 99,
      "volumeUsdHourly": 0.184933991400612,
      "volumeUsdDaily": 54.569262392350915,
      "volumeUsdWeekly": 601.9658749455472,
      "volumeUsdMonthly": 2442.0367175689175,
      "logo": "https://matcha-image-proxy.api.0x.org/images/130/0x1217bfe6c773eec6cc4a38b5dc45b92292b6e189"
    },
    {
      "address": "J6VNq4do5abhXsTiRSUVMZ9Uz5xwex9jCa8XkyhNgrfK",
      "chainId": 1399811149,
      "decimals": 6,
      "name": "SUPER MARIO GALAXY MOVIE",
      "symbol": "SMGM",
      "type": "SPL-Token",
      "blockListsCount": 0,
      "exchangeListsCount": 0,
      "flagListsCount": 0,
      "importedListsCount": 0,
      "transactionsDaily": 189,
      "transactionsWeekly": 189,
      "transactionsMonthly": 189,
      "volumeUsdDaily": 9753.908589946805,
      "volumeUsdWeekly": 9753.908589946805,
      "volumeUsdMonthly": 9753.908589946805,
      "logo": "https://matcha-image-proxy.api.0x.org/images/1399811149/J6VNq4do5abhXsTiRSUVMZ9Uz5xwex9jCa8XkyhNgrfK"
    }
  ],
  "searchTime": "2025-12-30T01:57:56.927Z",
  "error": null
}