{
  "originalSymbol": "MEW",
  "originalFullName": "cat in a dogs world",
  "searchedQuery": "MEW cat in a dogs world",
  "retried": false,
  "isL1": false,
  "success": true,
  "tokenCount": 15,
  "resultCount": 10000,
  "tokens": [
    {
      "address": "0xcbb7c0000ab88b473b1f5afd9ef808440eed33bf",
      "chainId": 8453,
      "decimals": 8,
      "name": "Coinbase Wrapped BTC",
      "symbol": "cbBTC",
      "type": "ERC20",
      "hasLogo": true,
      "issuer": {
        "name": "coinbase",
        "metadata": {}
      },
      "blockListsCount": 0,
      "exchangeListsCount": 0,
      "flagListsCount": 0,
      "importedListsCount": 2,
      "buyTax": 0,
      "sellTax": 0,
      "isInDex": true,
      "isHoneypot": false,
      "manualUnblock": false,
      "transactionsHourly": 112,
      "transactionsDaily": 2949,
      "transactionsWeekly": 30765,
      "transactionsMonthly": 187921,
      "volumeUsdHourly": 7461.10805178151,
      "volumeUsdDaily": 824356.653393966,
      "volumeUsdWeekly": 7390120.833027703,
      "volumeUsdMonthly": 158142392.61206442,
      "logo": "https://matcha-image-proxy.api.0x.org/images/8453/0xcbb7c0000ab88b473b1f5afd9ef808440eed33bf"
    },
    {
      "address": "0xf8a0bf9cf54bb92f17374d9e9a321e6a111a51bd",
      "chainId": 56,
      "decimals": 18,
      "name": "ChainLink Token",
      "symbol": "LINK",
      "type": "ERC20",
      "hasLogo": true,
      "issuer": {
        "name": "binance",
        "metadata": {}
      },
      "blockListsCount": 0,
      "exchangeListsCount": 0,
      "flagListsCount": 0,
      "importedListsCount": 2,
      "buyTax": 0,
      "sellTax": 0,
      "isInDex": true,
      "isHoneypot": false,
      "manualUnblock": false,
      "transactionsHourly": 1,
      "transactionsDaily": 29,
      "transactionsWeekly": 189,
      "transactionsMonthly": 851,
      "volumeUsdHourly": 6206.25082464942,
      "volumeUsdDaily": 11909.447213673348,
      "volumeUsdWeekly": 45068.71413064304,
      "volumeUsdMonthly": 215274.4795987784,
      "logo": "https://matcha-image-proxy.api.0x.org/images/56/0xf8a0bf9cf54bb92f17374d9e9a321e6a111a51bd"
    },
    {
      "address": "0xf97f4df75117a78c1a5a0dbb814af92458539fb4",
      "chainId": 42161,
      "decimals": 18,
      "name": "ChainLink Token",
      "symbol": "LINK",
      "type": "ERC20",
      "hasLogo": true,
      "blockListsCount": 0,
      "exchangeListsCount": 0,
      "flagListsCount": 0,
      "importedListsCount": 2,
      "buyTax": 0,
      "sellTax": 0,
      "isInDex": true,
      "isHoneypot": false,
      "manualUnblock": false,
      "transactionsHourly": 3,
      "transactionsDaily": 203,
      "transactionsWeekly": 525,
      "transactionsMonthly": 3488,
      "volumeUsdHourly": 3000.381583130315,
      "volumeUsdDaily": 193218.71882294523,
      "volumeUsdWeekly": 502677.70610129536,
      "volumeUsdMonthly": 5275569.730304809,
      "logo": "https://matcha-image-proxy.api.0x.org/images/42161/0xf97f4df75117a78c1a5a0dbb814af92458539fb4"
    },
    {
      "address": "0x8d0d000ee44948fc98c9b98a4fa4921476f08b0d",
      "chainId": 56,
      "decimals": 18,
      "name": "World Liberty Financial USD",
      "symbol": "USD1",
      "type": "ERC20",
      "hasLogo": true,
      "blockListsCount": 0,
      "exchangeListsCount": 0,
      "flagListsCount": 0,
      "importedListsCount": 1,
      "buyTax": 0,
      "sellTax": 0,
      "isInDex": true,
      "isHoneypot": false,
      "manualUnblock": false,
      "transactionsHourly": 2,
      "transactionsDaily": 25,
      "transactionsWeekly": 177,
      "transactionsMonthly": 765,
      "volumeUsdHourly": 128894.5103289683,
      "volumeUsdDaily": 527536.2731226884,
      "volumeUsdWeekly": 867920.8125481065,
      "volumeUsdMonthly": 1766921.3295327222,
      "logo": "https://matcha-image-proxy.api.0x.org/images/56/0x8d0d000ee44948fc98c9b98a4fa4921476f08b0d"
    },
    {
      "address": "0x514910771af9ca656af840dff83e8264ecf986ca",
      "chainId": 1,
      "decimals": 18,
      "name": "ChainLink Token",
      "symbol": "LINK",
      "type": "ERC20",
      "hasLogo": true,
      "blockListsCount": 0,
      "exchangeListsCount": 1,
      "flagListsCount": 0,
      "importedListsCount": 8,
      "buyTax": 0,
      "sellTax": 0,
      "isInDex": true,
      "isHoneypot": false,
      "manualUnblock": false,
      "transactionsHourly": 4,
      "transactionsDaily": 63,
      "transactionsWeekly": 443,
      "transactionsMonthly": 2793,
      "volumeUsdHourly": 78255.98929760813,
      "volumeUsdDaily": 155814.5620529401,
      "volumeUsdWeekly": 1479297.4599936872,
      "volumeUsdMonthly": 15075330.083145298,
      "logo": "https://matcha-image-proxy.api.0x.org/images/1/0x514910771af9ca656af840dff83e8264ecf986ca"
    },
    {
      "address": "0x8d0d000ee44948fc98c9b98a4fa4921476f08b0d",
      "chainId": 1,
      "decimals": 18,
      "name": "World Liberty Financial USD",
      "symbol": "USD1",
      "type": "ERC20",
      "hasLogo": true,
      "blockListsCount": 0,
      "exchangeListsCount": 0,
      "flagListsCount": 0,
      "importedListsCount": 3,
      "buyTax": 0,
      "sellTax": 0,
      "isInDex": true,
      "isHoneypot": false,
      "manualUnblock": false,
      "transactionsHourly": 1,
      "transactionsDaily": 18,
      "transactionsWeekly": 135,
      "transactionsMonthly": 746,
      "volumeUsdHourly": 45.9917336513346,
      "volumeUsdDaily": 13078.59290931664,
      "volumeUsdWeekly": 1415326.49007835,
      "volumeUsdMonthly": 2530229.3854829874,
      "logo": "https://matcha-image-proxy.api.0x.org/images/1/0x8d0d000ee44948fc98c9b98a4fa4921476f08b0d"
    },
    {
      "address": "0x0c5142bc58f9a61ab8c3d2085dd2f4e550c5ce0b",
      "chainId": 8453,
      "decimals": 18,
      "name": "RUSSELL",
      "symbol": "RUSSELL",
      "type": "ERC20",
      "hasLogo": true,
      "blockListsCount": 0,
      "exchangeListsCount": 0,
      "flagListsCount": 0,
      "importedListsCount": 1,
      "buyTax": 0,
      "sellTax": 0,
      "isInDex": true,
      "isHoneypot": false,
      "manualUnblock": false,
      "transactionsHourly": 6,
      "transactionsDaily": 227,
      "transactionsWeekly": 3547,
      "transactionsMonthly": 12925,
      "volumeUsdHourly": 578.3690065781884,
      "volumeUsdDaily": 71267.52980005096,
      "volumeUsdWeekly": 1265454.0473710017,
      "volumeUsdMonthly": 4819971.509566697,
      "logo": "https://matcha-image-proxy.api.0x.org/images/8453/0x0c5142bc58f9a61ab8c3d2085dd2f4e550c5ce0b"
    },
    {
      "address": "0x53e0bca35ec356bd5dddfebbd1fc0fd03fabad39",
      "chainId": 137,
      "decimals": 18,
      "name": "ChainLink Token",
      "symbol": "LINK",
      "type": "ERC20",
      "hasLogo": true,
      "blockListsCount": 0,
      "exchangeListsCount": 0,
      "flagListsCount": 0,
      "importedListsCount": 2,
      "buyTax": 0,
      "sellTax": 0,
      "isInDex": true,
      "isHoneypot": false,
      "manualUnblock": false,
      "transactionsHourly": 1,
      "transactionsDaily": 46,
      "transactionsWeekly": 281,
      "transactionsMonthly": 1474,
      "volumeUsdHourly": 149.689345974921,
      "volumeUsdDaily": 48503.64114555851,
      "volumeUsdWeekly": 104528.0335162536,
      "volumeUsdMonthly": 806654.3577626743,
      "logo": "https://matcha-image-proxy.api.0x.org/images/137/0x53e0bca35ec356bd5dddfebbd1fc0fd03fabad39"
    },
    {
      "address": "0x95ad61b0a150d79219dcf64e1e6cc01f0b64c4ce",
      "chainId": 1,
      "decimals": 18,
      "name": "SHIBA INU",
      "symbol": "SHIB",
      "type": "ERC20",
      "hasLogo": true,
      "blockListsCount": 0,
      "exchangeListsCount": 1,
      "flagListsCount": 0,
      "importedListsCount": 4,
      "buyTax": 0,
      "sellTax": 0,
      "isInDex": true,
      "isHoneypot": false,
      "manualUnblock": false,
      "transactionsHourly": 2,
      "transactionsDaily": 93,
      "transactionsWeekly": 589,
      "transactionsMonthly": 2755,
      "volumeUsdHourly": 0.794743850621092,
      "volumeUsdDaily": 33606.35719572585,
      "volumeUsdWeekly": 195135.32053402544,
      "volumeUsdMonthly": 933944.9176936948,
      "logo": "https://matcha-image-proxy.api.0x.org/images/1/0x95ad61b0a150d79219dcf64e1e6cc01f0b64c4ce"
    },
    {
      "address": "0x768be13e1680b5ebe0024c42c896e3db59ec0149",
      "chainId": 8453,
      "decimals": 9,
      "name": "SKI MASK DOG",
      "symbol": "SKI",
      "type": "ERC20",
      "hasLogo": true,
      "blockListsCount": 0,
      "exchangeListsCount": 0,
      "flagListsCount": 0,
      "importedListsCount": 1,
      "buyTax": 0,
      "sellTax": 0,
      "isInDex": true,
      "isHoneypot": false,
      "manualUnblock": false,
      "transactionsHourly": 17,
      "transactionsDaily": 202,
      "transactionsWeekly": 1424,
      "transactionsMonthly": 5715,
      "volumeUsdHourly": 3937.472131516058,
      "volumeUsdDaily": 48807.10923910671,
      "volumeUsdWeekly": 142442.80421104393,
      "volumeUsdMonthly": 807962.5736458945,
      "logo": "https://matcha-image-proxy.api.0x.org/images/8453/0x768be13e1680b5ebe0024c42c896e3db59ec0149"
    },
    {
      "address": "0x0615e0256b7c4355d385d4cb2752e4afc0159276",
      "chainId": 8453,
      "decimals": 18,
      "name": "THIS DAYCARE IN MINNESOTA RECEIV",
      "symbol": "THIS DAYCARE IN MINNESOTA RECEIV",
      "type": "ERC20",
      "issuer": {
        "name": "zora",
        "metadata": {}
      },
      "blockListsCount": 0,
      "exchangeListsCount": 0,
      "flagListsCount": 0,
      "importedListsCount": 0,
      "isHoneypot": false,
      "transactionsHourly": 20,
      "transactionsDaily": 639,
      "transactionsWeekly": 6553,
      "transactionsMonthly": 6553,
      "volumeUsdHourly": 1636.536144821855,
      "volumeUsdDaily": 72687.50060372075,
      "volumeUsdWeekly": 1028892.502609028,
      "volumeUsdMonthly": 1028892.502609028,
      "logo": "https://matcha-image-proxy.api.0x.org/images/8453/0x0615e0256b7c4355d385d4cb2752e4afc0159276"
    },
    {
      "address": "0xac1bd2486aaf3b5c0fc3fd868558b082a531b2b4",
      "chainId": 8453,
      "decimals": 18,
      "name": "Toshi",
      "symbol": "TOSHI",
      "type": "ERC20",
      "hasLogo": true,
      "blockListsCount": 0,
      "exchangeListsCount": 1,
      "flagListsCount": 0,
      "importedListsCount": 2,
      "buyTax": 0,
      "sellTax": 0,
      "isInDex": true,
      "isHoneypot": false,
      "manualUnblock": false,
      "transactionsHourly": 23,
      "transactionsDaily": 366,
      "transactionsWeekly": 4541,
      "transactionsMonthly": 17376,
      "volumeUsdHourly": 8.85985089881012,
      "volumeUsdDaily": 40493.043547393376,
      "volumeUsdWeekly": 318012.24790305976,
      "volumeUsdMonthly": 1757618.759223383,
      "logo": "https://matcha-image-proxy.api.0x.org/images/8453/0xac1bd2486aaf3b5c0fc3fd868558b082a531b2b4"
    },
    {
      "address": "0x9a26f5433671751c3276a065f57e5a02d2817973",
      "chainId": 8453,
      "decimals": 18,
      "name": "Keyboard Cat",
      "symbol": "KEYCAT",
      "type": "ERC20",
      "hasLogo": true,
      "blockListsCount": 0,
      "exchangeListsCount": 0,
      "flagListsCount": 0,
      "importedListsCount": 2,
      "buyTax": 0,
      "sellTax": 0,
      "isInDex": true,
      "isHoneypot": false,
      "manualUnblock": false,
      "transactionsHourly": 8,
      "transactionsDaily": 130,
      "transactionsWeekly": 1217,
      "transactionsMonthly": 5500,
      "volumeUsdHourly": 2.9430159298443335,
      "volumeUsdDaily": 4019.4435493543447,
      "volumeUsdWeekly": 28183.390992636396,
      "volumeUsdMonthly": 426177.9353109621,
      "logo": "https://matcha-image-proxy.api.0x.org/images/8453/0x9a26f5433671751c3276a065f57e5a02d2817973"
    },
    {
      "address": "0x6ec90334d89dbdc89e08a133271be3d104128edb",
      "chainId": 56,
      "decimals": 18,
      "name": "WIKI CAT",
      "symbol": "WKC",
      "type": "ERC20",
      "hasLogo": true,
      "blockListsCount": 0,
      "exchangeListsCount": 0,
      "flagListsCount": 0,
      "importedListsCount": 1,
      "buyTax": 0.02,
      "sellTax": 0.02,
      "isInDex": true,
      "isHoneypot": false,
      "manualUnblock": false,
      "transactionsHourly": 1,
      "transactionsDaily": 48,
      "transactionsWeekly": 244,
      "transactionsMonthly": 5709,
      "volumeUsdHourly": 102.632827974764,
      "volumeUsdDaily": 2009.8125053578535,
      "volumeUsdWeekly": 13132.304139153515,
      "volumeUsdMonthly": 360001.1602596962,
      "logo": "https://matcha-image-proxy.api.0x.org/images/56/0x6ec90334d89dbdc89e08a133271be3d104128edb"
    },
    {
      "address": "0xb8c77482e45f1f44de1745f52c74426c631bdd52",
      "chainId": 1,
      "decimals": 18,
      "name": "BNB",
      "symbol": "BNB",
      "type": "ERC20",
      "hasLogo": true,
      "blockListsCount": 0,
      "exchangeListsCount": 0,
      "flagListsCount": 0,
      "importedListsCount": 2,
      "buyTax": 0,
      "sellTax": 0,
      "isInDex": true,
      "isHoneypot": false,
      "manualUnblock": false,
      "transactionsHourly": 1,
      "transactionsDaily": 27,
      "transactionsWeekly": 243,
      "transactionsMonthly": 674,
      "volumeUsdHourly": 3.00016072140891,
      "volumeUsdDaily": 8555.833824543613,
      "volumeUsdWeekly": 76067.71258349542,
      "volumeUsdMonthly": 114305.00168281552,
      "logo": "https://matcha-image-proxy.api.0x.org/images/1/0xb8c77482e45f1f44de1745f52c74426c631bdd52"
    }
  ],
  "searchTime": "2025-12-30T01:58:25.179Z",
  "error": null
}