{
  "originalSymbol": "SEI",
  "originalFullName": "Sei",
  "searchedQuery": "SEI Sei",
  "retried": true,
  "isL1": true,
  "success": true,
  "tokenCount": 15,
  "resultCount": 8210,
  "tokens": [
    {
      "address": "0x18084fba666a33d37592fa2633fd49a74dd93a88",
      "chainId": 1,
      "decimals": 18,
      "name": "tBTC v2",
      "symbol": "tBTC",
      "type": "ERC20",
      "hasLogo": true,
      "blockListsCount": 0,
      "exchangeListsCount": 0,
      "flagListsCount": 0,
      "importedListsCount": 4,
      "buyTax": 0,
      "sellTax": 0,
      "isInDex": true,
      "isHoneypot": false,
      "manualUnblock": false,
      "transactionsHourly": 1,
      "transactionsDaily": 12,
      "transactionsWeekly": 84,
      "transactionsMonthly": 672,
      "volumeUsdHourly": 8.69172414134302,
      "volumeUsdDaily": 140691.0915412769,
      "volumeUsdWeekly": 1111236.371472007,
      "volumeUsdMonthly": 14452711.66413364,
      "logo": "https://matcha-image-proxy.api.0x.org/images/1/0x18084fba666a33d37592fa2633fd49a74dd93a88"
    },
    {
      "address": "0xbdf43ecadc5cef51b7d1772f722e40596bc1788b",
      "chainId": 1,
      "decimals": 18,
      "name": "SEI",
      "symbol": "SEI",
      "type": "ERC20",
      "hasLogo": true,
      "blockListsCount": 0,
      "exchangeListsCount": 0,
      "flagListsCount": 0,
      "importedListsCount": 2,
      "buyTax": 0,
      "sellTax": 0,
      "isInDex": true,
      "isHoneypot": false,
      "manualUnblock": false,
      "transactionsHourly": 1,
      "transactionsDaily": 9,
      "transactionsWeekly": 31,
      "transactionsMonthly": 171,
      "volumeUsdHourly": 5816.82326865878,
      "volumeUsdDaily": 11204.163063213786,
      "volumeUsdWeekly": 13306.10503970984,
      "volumeUsdMonthly": 583585.4627708568,
      "logo": "https://matcha-image-proxy.api.0x.org/images/1/0xbdf43ecadc5cef51b7d1772f722e40596bc1788b"
    },
    {
      "address": "0x236aa50979d5f3de3bd1eeb40e81137f22ab794b",
      "chainId": 8453,
      "decimals": 18,
      "name": "Base tBTC v2",
      "symbol": "tBTC",
      "type": "ERC20",
      "hasLogo": true,
      "blockListsCount": 0,
      "exchangeListsCount": 0,
      "flagListsCount": 0,
      "importedListsCount": 3,
      "buyTax": 0,
      "sellTax": 0,
      "isInDex": true,
      "isHoneypot": false,
      "manualUnblock": false,
      "transactionsHourly": 1,
      "transactionsDaily": 13,
      "transactionsWeekly": 88,
      "transactionsMonthly": 319,
      "volumeUsdHourly": 0.322195950919583,
      "volumeUsdDaily": 133.53773107706408,
      "volumeUsdWeekly": 2365.7563197049226,
      "volumeUsdMonthly": 119518.91447553944,
      "logo": "https://matcha-image-proxy.api.0x.org/images/8453/0x236aa50979d5f3de3bd1eeb40e81137f22ab794b"
    },
    {
      "address": "0xc35ed584b24fd2d0885708e370343c43e20f3424",
      "chainId": 56,
      "decimals": 18,
      "name": "SHIBAAI",
      "symbol": "SHIBAAI",
      "type": "ERC20",
      "hasLogo": true,
      "blockListsCount": 0,
      "exchangeListsCount": 0,
      "flagListsCount": 0,
      "importedListsCount": 1,
      "buyTax": 0,
      "sellTax": 0,
      "isInDex": true,
      "isHoneypot": false,
      "manualUnblock": false,
      "transactionsHourly": 1,
      "transactionsDaily": 12,
      "transactionsWeekly": 80,
      "transactionsMonthly": 489,
      "volumeUsdHourly": 4.52804389390303,
      "volumeUsdDaily": 143.74017903585067,
      "volumeUsdWeekly": 607.2638346495659,
      "volumeUsdMonthly": 9416.887682572751,
      "logo": "https://matcha-image-proxy.api.0x.org/images/56/0xc35ed584b24fd2d0885708e370343c43e20f3424"
    },
    {
      "address": "0x6c84a8f1c29108f47a79964b5fe888d4f4d0de40",
      "chainId": 42161,
      "decimals": 18,
      "name": "Arbitrum tBTC v2",
      "symbol": "tBTC",
      "type": "ERC20",
      "hasLogo": true,
      "blockListsCount": 0,
      "exchangeListsCount": 0,
      "flagListsCount": 0,
      "importedListsCount": 1,
      "buyTax": 0,
      "sellTax": 0,
      "isInDex": true,
      "isHoneypot": false,
      "manualUnblock": false,
      "transactionsHourly": 1,
      "transactionsDaily": 1,
      "transactionsWeekly": 11,
      "transactionsMonthly": 139,
      "volumeUsdHourly": 189.385070259536,
      "volumeUsdDaily": 190.016600023868,
      "volumeUsdWeekly": 12325.892751834896,
      "volumeUsdMonthly": 1268981.5444054385,
      "logo": "https://matcha-image-proxy.api.0x.org/images/42161/0x6c84a8f1c29108f47a79964b5fe888d4f4d0de40"
    },
    {
      "address": "0x71a67215a2025f501f386a49858a9ced2fc0249d",
      "chainId": 8453,
      "decimals": 18,
      "name": "Sei (Universal)",
      "symbol": "uSEI",
      "type": "ERC20",
      "hasLogo": true,
      "blockListsCount": 0,
      "exchangeListsCount": 0,
      "flagListsCount": 0,
      "importedListsCount": 1,
      "buyTax": 0,
      "sellTax": 0,
      "isInDex": true,
      "isHoneypot": false,
      "manualUnblock": false,
      "transactionsHourly": 1,
      "transactionsDaily": 2,
      "transactionsWeekly": 9,
      "transactionsMonthly": 24,
      "volumeUsdHourly": 19.9312015338216,
      "volumeUsdDaily": 20.01241378585584,
      "volumeUsdWeekly": 272.37602982755806,
      "volumeUsdMonthly": 957.48723036793,
      "logo": "https://matcha-image-proxy.api.0x.org/images/8453/0x71a67215a2025f501f386a49858a9ced2fc0249d"
    },
    {
      "address": "0x200c234721b5e549c3693ccc93cf191f90dc2af9",
      "chainId": 137,
      "decimals": 18,
      "name": "METAL",
      "symbol": "METAL",
      "type": "ERC20",
      "hasLogo": true,
      "blockListsCount": 0,
      "exchangeListsCount": 0,
      "flagListsCount": 0,
      "importedListsCount": 1,
      "buyTax": 0,
      "sellTax": 0,
      "isInDex": true,
      "isHoneypot": false,
      "manualUnblock": false,
      "transactionsHourly": 1,
      "transactionsDaily": 1,
      "transactionsWeekly": 7,
      "transactionsMonthly": 23,
      "volumeUsdHourly": 57.159794890017,
      "volumeUsdDaily": 57.159794890017,
      "volumeUsdWeekly": 199.9884876268792,
      "volumeUsdMonthly": 432.24074764372466,
      "logo": "https://matcha-image-proxy.api.0x.org/images/137/0x200c234721b5e549c3693ccc93cf191f90dc2af9"
    },
    {
      "address": "0x3405e88af759992937b84e58f2fe691ef0eea320",
      "chainId": 42161,
      "decimals": 18,
      "name": "Frax Price Index Share",
      "symbol": "FPIS",
      "type": "ERC20",
      "hasLogo": true,
      "blockListsCount": 1,
      "exchangeListsCount": 0,
      "flagListsCount": 1,
      "importedListsCount": 1,
      "buyTax": null,
      "sellTax": null,
      "isInDex": false,
      "isHoneypot": false,
      "manualUnblock": false,
      "logo": "https://matcha-image-proxy.api.0x.org/images/42161/0x3405e88af759992937b84e58f2fe691ef0eea320"
    },
    {
      "address": "0xd1738eb733a636d1b8665f48bc8a24da889c2562",
      "chainId": 56,
      "decimals": 18,
      "name": "Frax Price Index Share",
      "symbol": "FPIS",
      "type": "ERC20",
      "hasLogo": true,
      "blockListsCount": 1,
      "exchangeListsCount": 0,
      "flagListsCount": 1,
      "importedListsCount": 1,
      "buyTax": 0,
      "sellTax": 0,
      "isInDex": false,
      "isHoneypot": false,
      "manualUnblock": false,
      "logo": "https://matcha-image-proxy.api.0x.org/images/56/0xd1738eb733a636d1b8665f48bc8a24da889c2562"
    },
    {
      "address": "0xc2544a32872a91f4a553b404c6950e89de901fdb",
      "chainId": 1,
      "decimals": 18,
      "name": "Frax Price Index Share",
      "symbol": "FPIS",
      "type": "ERC20",
      "hasLogo": true,
      "blockListsCount": 1,
      "exchangeListsCount": 0,
      "flagListsCount": 2,
      "importedListsCount": 3,
      "buyTax": 0,
      "sellTax": 0,
      "isInDex": true,
      "isHoneypot": false,
      "manualUnblock": false,
      "transactionsHourly": 1,
      "transactionsDaily": 1,
      "transactionsWeekly": 1,
      "transactionsMonthly": 1,
      "volumeUsdHourly": 114.242263680031,
      "volumeUsdDaily": 114.242263680031,
      "volumeUsdWeekly": 114.2506637841,
      "volumeUsdMonthly": 114.2506637841,
      "logo": "https://matcha-image-proxy.api.0x.org/images/1/0xc2544a32872a91f4a553b404c6950e89de901fdb"
    },
    {
      "address": "0x39795344cbcc76cc3fb94b9d1b15c23c2070c66d",
      "chainId": 1,
      "decimals": 9,
      "name": "Seigniorage Shares",
      "symbol": "SHARE",
      "type": "ERC20",
      "hasLogo": true,
      "blockListsCount": 1,
      "exchangeListsCount": 0,
      "flagListsCount": 1,
      "importedListsCount": 2,
      "buyTax": 0,
      "sellTax": 0,
      "isInDex": true,
      "isHoneypot": false,
      "manualUnblock": false,
      "transactionsHourly": 1,
      "transactionsDaily": 1,
      "transactionsWeekly": 1,
      "transactionsMonthly": 1,
      "volumeUsdHourly": 15.2084771650668,
      "volumeUsdDaily": 15.0705189459781,
      "volumeUsdWeekly": 15.0705189459781,
      "volumeUsdMonthly": 15.0705189459781,
      "logo": "https://matcha-image-proxy.api.0x.org/images/1/0x39795344cbcc76cc3fb94b9d1b15c23c2070c66d"
    },
    {
      "address": "0xa63fb72c2812184c36284b44af7e5f2b8380eac3",
      "chainId": 8453,
      "decimals": 18,
      "name": "seixas",
      "symbol": "seixas",
      "type": "ERC20",
      "issuer": {
        "name": "zora",
        "metadata": {}
      },
      "blockListsCount": 0,
      "exchangeListsCount": 0,
      "flagListsCount": 0,
      "importedListsCount": 0,
      "buyTax": null,
      "sellTax": null,
      "isInDex": false,
      "isHoneypot": false,
      "transactionsHourly": 3,
      "transactionsDaily": 3,
      "transactionsWeekly": 3,
      "transactionsMonthly": 3,
      "volumeUsdHourly": 57.2203650165887,
      "volumeUsdDaily": 56.51442528358246,
      "volumeUsdWeekly": 56.51442528358246,
      "volumeUsdMonthly": 56.51442528358246,
      "logo": "https://matcha-image-proxy.api.0x.org/images/8453/0xa63fb72c2812184c36284b44af7e5f2b8380eac3"
    },
    {
      "address": "0x9bde70bad05b7d84dac03024dae15aace8c9cca2",
      "chainId": 8453,
      "decimals": 18,
      "name": "Michael Seilor",
      "symbol": "lzSEILOR",
      "type": "ERC20",
      "hasLogo": true,
      "blockListsCount": 0,
      "exchangeListsCount": 0,
      "flagListsCount": 0,
      "importedListsCount": 1,
      "buyTax": null,
      "sellTax": null,
      "isInDex": false,
      "isHoneypot": false,
      "manualUnblock": false,
      "transactionsHourly": 1,
      "transactionsDaily": 1,
      "transactionsWeekly": 3,
      "transactionsMonthly": 35,
      "volumeUsdHourly": 0.990383377175569,
      "volumeUsdDaily": 0.990383377175569,
      "volumeUsdWeekly": 26.361496175443897,
      "volumeUsdMonthly": 4965.301935840329,
      "logo": "https://matcha-image-proxy.api.0x.org/images/8453/0x9bde70bad05b7d84dac03024dae15aace8c9cca2"
    },
    {
      "address": "0x200c234721b5e549c3693ccc93cf191f90dc2af9",
      "chainId": 56,
      "decimals": 18,
      "name": "METAL Token",
      "symbol": "METAL",
      "type": "ERC20",
      "hasLogo": true,
      "blockListsCount": 0,
      "exchangeListsCount": 0,
      "flagListsCount": 0,
      "importedListsCount": 1,
      "buyTax": 0,
      "sellTax": 0,
      "isInDex": true,
      "isHoneypot": false,
      "manualUnblock": false,
      "transactionsHourly": 1,
      "transactionsDaily": 1,
      "transactionsWeekly": 1,
      "transactionsMonthly": 4,
      "volumeUsdHourly": 208.552536930501,
      "volumeUsdDaily": 209.55176905589,
      "volumeUsdWeekly": 209.55176905589,
      "volumeUsdMonthly": 223.36312468337024,
      "logo": "https://matcha-image-proxy.api.0x.org/images/56/0x200c234721b5e549c3693ccc93cf191f90dc2af9"
    },
    {
      "address": "0x2940808a74a4b97a24bbbd230587818375efecc0",
      "chainId": 130,
      "decimals": 18,
      "name": "BABYTRUMP WSEI",
      "symbol": "BABYTRUMP WSEI",
      "type": "ERC20",
      "blockListsCount": 0,
      "exchangeListsCount": 0,
      "flagListsCount": 0,
      "importedListsCount": 0,
      "logo": "https://matcha-image-proxy.api.0x.org/images/130/0x2940808a74a4b97a24bbbd230587818375efecc0"
    }
  ],
  "searchTime": "2025-12-30T01:57:05.364Z",
  "error": null
}