{
  "originalSymbol": "LSK",
  "originalFullName": "Lisk",
  "searchedQuery": "LSK Lisk",
  "retried": true,
  "isL1": true,
  "success": true,
  "tokenCount": 15,
  "resultCount": 577,
  "tokens": [
    {
      "address": "0xac485391eb2d7d88253a7f1ef18c37f4242d1a24",
      "chainId": 8453,
      "decimals": 18,
      "name": "Lisk",
      "symbol": "LSK",
      "type": "ERC20",
      "hasLogo": true,
      "blockListsCount": 0,
      "exchangeListsCount": 0,
      "flagListsCount": 0,
      "importedListsCount": 2,
      "isHoneypot": false,
      "manualUnblock": false,
      "transactionsHourly": 1,
      "transactionsDaily": 1,
      "transactionsWeekly": 23,
      "transactionsMonthly": 51,
      "volumeUsdHourly": 248.799240164815,
      "volumeUsdDaily": 248.799240164815,
      "volumeUsdWeekly": 1075.3826901414243,
      "volumeUsdMonthly": 4823.716619071302,
      "logo": "https://matcha-image-proxy.api.0x.org/images/8453/0xac485391eb2d7d88253a7f1ef18c37f4242d1a24"
    },
    {
      "address": "0x6033f7f88332b8db6ad452b7c6d5bb643990ae3f",
      "chainId": 1,
      "decimals": 18,
      "name": "Lisk",
      "symbol": "LSK",
      "type": "ERC20",
      "hasLogo": true,
      "blockListsCount": 0,
      "exchangeListsCount": 0,
      "flagListsCount": 0,
      "importedListsCount": 4,
      "buyTax": 0,
      "sellTax": 0,
      "isInDex": true,
      "isHoneypot": false,
      "manualUnblock": false,
      "transactionsHourly": 1,
      "transactionsDaily": 1,
      "transactionsWeekly": 2,
      "transactionsMonthly": 158,
      "volumeUsdHourly": 11.6120786624154,
      "volumeUsdDaily": 11.6120786624154,
      "volumeUsdWeekly": 1398.585926174365,
      "volumeUsdMonthly": 69451.16795058717,
      "logo": "https://matcha-image-proxy.api.0x.org/images/1/0x6033f7f88332b8db6ad452b7c6d5bb643990ae3f"
    },
    {
      "address": "0xe002ee122847eba12bed8a07861640e16af04411",
      "chainId": 8453,
      "decimals": 18,
      "name": "lisksea",
      "symbol": "lisksea",
      "type": "ERC20",
      "issuer": {
        "name": "zora",
        "metadata": {}
      },
      "blockListsCount": 0,
      "exchangeListsCount": 0,
      "flagListsCount": 0,
      "importedListsCount": 0,
      "isHoneypot": false,
      "transactionsHourly": 3,
      "transactionsDaily": 3,
      "transactionsWeekly": 3,
      "transactionsMonthly": 3,
      "volumeUsdHourly": 313.9584837252406,
      "volumeUsdDaily": 313.9308119644455,
      "volumeUsdWeekly": 313.9308119644455,
      "volumeUsdMonthly": 313.9308119644455,
      "logo": "https://matcha-image-proxy.api.0x.org/images/8453/0xe002ee122847eba12bed8a07861640e16af04411"
    },
    {
      "address": "0x1b67f67536f47ca2d5dc9a2b17a299d53877b626",
      "chainId": 8453,
      "decimals": 18,
      "name": "LISKLONG",
      "symbol": "LISKLONG",
      "type": "ERC20",
      "blockListsCount": 1,
      "exchangeListsCount": 0,
      "flagListsCount": 1,
      "importedListsCount": 0,
      "buyTax": 0,
      "sellTax": 0,
      "isInDex": false,
      "isHoneypot": false,
      "manualUnblock": false,
      "logo": "https://matcha-image-proxy.api.0x.org/images/8453/0x1b67f67536f47ca2d5dc9a2b17a299d53877b626"
    },
    {
      "address": "0x2d9b46ad69934c620933c2142c973cd5b0f1a649",
      "chainId": 8453,
      "decimals": 18,
      "name": "@Build with @lisk.farcaster.ethScale with @ethereum.farcaster.et",
      "symbol": "@Build with @lisk.farcaster.ethScale with @ethereum.farcaster.et",
      "type": "ERC20",
      "issuer": {
        "name": "zora",
        "metadata": {}
      },
      "blockListsCount": 0,
      "exchangeListsCount": 0,
      "flagListsCount": 0,
      "importedListsCount": 0,
      "logo": "https://matcha-image-proxy.api.0x.org/images/8453/0x2d9b46ad69934c620933c2142c973cd5b0f1a649"
    },
    {
      "address": "0xd6417ae326071d4c1e554a9dc814fcdd2c2767bb",
      "chainId": 8453,
      "decimals": 18,
      "name": "Build on Lisk or Base",
      "symbol": "Build on Lisk or Base",
      "type": "ERC20",
      "issuer": {
        "name": "zora",
        "metadata": {}
      },
      "blockListsCount": 0,
      "exchangeListsCount": 0,
      "flagListsCount": 0,
      "importedListsCount": 0,
      "logo": "https://matcha-image-proxy.api.0x.org/images/8453/0xd6417ae326071d4c1e554a9dc814fcdd2c2767bb"
    },
    {
      "address": "0x896a34ce547a1d65dbd3a1a7bca3e9f06e9d979e",
      "chainId": 8453,
      "decimals": 18,
      "name": "liskmoon",
      "symbol": "liskmoon",
      "type": "ERC20",
      "issuer": {
        "name": "zora",
        "metadata": {}
      },
      "blockListsCount": 0,
      "exchangeListsCount": 0,
      "flagListsCount": 0,
      "importedListsCount": 0,
      "logo": "https://matcha-image-proxy.api.0x.org/images/8453/0x896a34ce547a1d65dbd3a1a7bca3e9f06e9d979e"
    },
    {
      "address": "0xa3e598cff28ff052c5859c73a82774f80bf8ad4b",
      "chainId": 8453,
      "decimals": 18,
      "name": "liskfirst1",
      "symbol": "liskfirst1",
      "type": "ERC20",
      "issuer": {
        "name": "zora",
        "metadata": {}
      },
      "blockListsCount": 0,
      "exchangeListsCount": 0,
      "flagListsCount": 0,
      "importedListsCount": 0,
      "buyTax": 0,
      "sellTax": 0,
      "isInDex": true,
      "isHoneypot": false,
      "logo": "https://matcha-image-proxy.api.0x.org/images/8453/0xa3e598cff28ff052c5859c73a82774f80bf8ad4b"
    },
    {
      "address": "0x512f38b7b819312da68dcfe4431480e78de3a385",
      "chainId": 8453,
      "decimals": 18,
      "name": "Lisk",
      "symbol": "Lisk",
      "type": "ERC20",
      "issuer": {
        "name": "zora",
        "metadata": {}
      },
      "blockListsCount": 0,
      "exchangeListsCount": 0,
      "flagListsCount": 0,
      "importedListsCount": 0,
      "buyTax": null,
      "sellTax": null,
      "isInDex": false,
      "isHoneypot": false,
      "logo": "https://matcha-image-proxy.api.0x.org/images/8453/0x512f38b7b819312da68dcfe4431480e78de3a385"
    },
    {
      "address": "0x3eabfae6c44e7b3d1219dd3b9eb8651eeca36c13",
      "chainId": 8453,
      "decimals": 18,
      "name": "liska",
      "symbol": "liska",
      "type": "ERC20",
      "issuer": {
        "name": "zora",
        "metadata": {}
      },
      "blockListsCount": 0,
      "exchangeListsCount": 0,
      "flagListsCount": 0,
      "importedListsCount": 0,
      "buyTax": 0,
      "sellTax": 0,
      "isInDex": true,
      "isHoneypot": false,
      "logo": "https://matcha-image-proxy.api.0x.org/images/8453/0x3eabfae6c44e7b3d1219dd3b9eb8651eeca36c13"
    },
    {
      "address": "0x88d3344127470201574851be01a6ab388f1212a0",
      "chainId": 8453,
      "decimals": 18,
      "name": "Lisk",
      "symbol": "Lisk",
      "type": "ERC20",
      "issuer": {
        "name": "zora",
        "metadata": {}
      },
      "blockListsCount": 0,
      "exchangeListsCount": 0,
      "flagListsCount": 0,
      "importedListsCount": 0,
      "buyTax": null,
      "sellTax": null,
      "isInDex": false,
      "isHoneypot": false,
      "logo": "https://matcha-image-proxy.api.0x.org/images/8453/0x88d3344127470201574851be01a6ab388f1212a0"
    },
    {
      "address": "0x6fd7a7e73202c6b84b904cdc85722b8b421c5c79",
      "chainId": 8453,
      "decimals": 18,
      "name": "Lisk",
      "symbol": "Lisk",
      "type": "ERC20",
      "issuer": {
        "name": "zora",
        "metadata": {}
      },
      "blockListsCount": 0,
      "exchangeListsCount": 0,
      "flagListsCount": 0,
      "importedListsCount": 0,
      "buyTax": null,
      "sellTax": null,
      "isInDex": false,
      "isHoneypot": false,
      "logo": "https://matcha-image-proxy.api.0x.org/images/8453/0x6fd7a7e73202c6b84b904cdc85722b8b421c5c79"
    },
    {
      "address": "0x6a31712869d7458177ea6e0fdef44b83e45ad8b5",
      "chainId": 8453,
      "decimals": 18,
      "name": ")Jujuboy of Lisk bringing the gods onchain",
      "symbol": ")Jujuboy of Lisk bringing the gods onchain",
      "type": "ERC20",
      "issuer": {
        "name": "zora",
        "metadata": {}
      },
      "blockListsCount": 0,
      "exchangeListsCount": 0,
      "flagListsCount": 0,
      "importedListsCount": 0,
      "buyTax": null,
      "sellTax": null,
      "isInDex": false,
      "isHoneypot": false,
      "logo": "https://matcha-image-proxy.api.0x.org/images/8453/0x6a31712869d7458177ea6e0fdef44b83e45ad8b5"
    },
    {
      "address": "0x2636f9c8c69b0ad239e8826468f05678b0690a8a",
      "chainId": 8453,
      "decimals": 18,
      "name": "LISK",
      "symbol": "LISK",
      "type": "ERC20",
      "issuer": {
        "name": "zora",
        "metadata": {}
      },
      "blockListsCount": 0,
      "exchangeListsCount": 0,
      "flagListsCount": 0,
      "importedListsCount": 0,
      "buyTax": null,
      "sellTax": null,
      "isInDex": false,
      "isHoneypot": false,
      "logo": "https://matcha-image-proxy.api.0x.org/images/8453/0x2636f9c8c69b0ad239e8826468f05678b0690a8a"
    },
    {
      "address": "0xd78be1c060c8c75c512decc5389a3271e9fb009d",
      "chainId": 8453,
      "decimals": 18,
      "name": "liski",
      "symbol": "liski",
      "type": "ERC20",
      "issuer": {
        "name": "zora",
        "metadata": {}
      },
      "blockListsCount": 0,
      "exchangeListsCount": 0,
      "flagListsCount": 0,
      "importedListsCount": 0,
      "buyTax": null,
      "sellTax": null,
      "isInDex": false,
      "isHoneypot": false,
      "logo": "https://matcha-image-proxy.api.0x.org/images/8453/0xd78be1c060c8c75c512decc5389a3271e9fb009d"
    }
  ],
  "searchTime": "2025-12-30T01:56:35.872Z",
  "error": null
}