{
  "originalSymbol": "MANA",
  "originalFullName": "Decentraland",
  "searchedQuery": "MANA Decentraland",
  "retried": false,
  "isL1": false,
  "success": true,
  "tokenCount": 15,
  "resultCount": 2632,
  "tokens": [
    {
      "address": "0x0f5d2fb29fb7d3cfee444a200298f468908cc942",
      "chainId": 1,
      "decimals": 18,
      "name": "Decentraland MANA",
      "symbol": "MANA",
      "type": "ERC20",
      "hasLogo": true,
      "blockListsCount": 0,
      "exchangeListsCount": 1,
      "flagListsCount": 0,
      "importedListsCount": 5,
      "buyTax": 0,
      "sellTax": 0,
      "isInDex": true,
      "isHoneypot": false,
      "manualUnblock": false,
      "transactionsHourly": 1,
      "transactionsDaily": 8,
      "transactionsWeekly": 77,
      "transactionsMonthly": 313,
      "volumeUsdHourly": 11.2630271910039,
      "volumeUsdDaily": 2730.952426945811,
      "volumeUsdWeekly": 72290.26752580545,
      "volumeUsdMonthly": 266847.1126830893,
      "logo": "https://matcha-image-proxy.api.0x.org/images/1/0x0f5d2fb29fb7d3cfee444a200298f468908cc942"
    },
    {
      "address": "0xa1c57f48f0deb89f569dfbe6e2b7f46d33606fd4",
      "chainId": 137,
      "decimals": 18,
      "name": "(PoS) Decentraland MANA",
      "symbol": "MANA",
      "type": "ERC20",
      "hasLogo": true,
      "blockListsCount": 0,
      "exchangeListsCount": 0,
      "flagListsCount": 0,
      "importedListsCount": 2,
      "buyTax": 0,
      "sellTax": 0,
      "isInDex": true,
      "isHoneypot": false,
      "manualUnblock": false,
      "transactionsHourly": 1,
      "transactionsDaily": 2,
      "transactionsWeekly": 40,
      "transactionsMonthly": 209,
      "volumeUsdHourly": 0.231771622982946,
      "volumeUsdDaily": 1.448040655549746,
      "volumeUsdWeekly": 866.5309804135106,
      "volumeUsdMonthly": 2635.4955949779696,
      "logo": "https://matcha-image-proxy.api.0x.org/images/137/0xa1c57f48f0deb89f569dfbe6e2b7f46d33606fd4"
    },
    {
      "address": "0x26433c8127d9b4e9b71eaa15111df99ea2eeb2f8",
      "chainId": 56,
      "decimals": 18,
      "name": "Decentraland",
      "symbol": "MANA",
      "type": "ERC20",
      "hasLogo": true,
      "issuer": {
        "name": "binance",
        "metadata": {}
      },
      "blockListsCount": 0,
      "exchangeListsCount": 0,
      "flagListsCount": 0,
      "importedListsCount": 0,
      "buyTax": 0,
      "sellTax": 0,
      "isInDex": true,
      "isHoneypot": false,
      "transactionsHourly": 1,
      "transactionsDaily": 2,
      "transactionsWeekly": 12,
      "transactionsMonthly": 91,
      "volumeUsdHourly": 948.944255538167,
      "volumeUsdDaily": 949.7957247229816,
      "volumeUsdWeekly": 1545.9138770535333,
      "volumeUsdMonthly": 5611.04685622011,
      "logo": "https://matcha-image-proxy.api.0x.org/images/56/0x26433c8127d9b4e9b71eaa15111df99ea2eeb2f8"
    },
    {
      "address": "0xc1772289e70b0b97ad2d273c6a0eabae41ecadc5",
      "chainId": 8453,
      "decimals": 18,
      "name": "MANA Decentraland On Base",
      "symbol": "MANA Decentraland On Base",
      "type": "ERC20",
      "blockListsCount": 0,
      "exchangeListsCount": 0,
      "flagListsCount": 0,
      "importedListsCount": 0,
      "logo": "https://matcha-image-proxy.api.0x.org/images/8453/0xc1772289e70b0b97ad2d273c6a0eabae41ecadc5"
    },
    {
      "address": "0xbaeca9e2c275b8e3b28cd2bfabf9ee53ea0be6c5",
      "chainId": 56,
      "decimals": 9,
      "name": "MANA Decentraland AI Presale v2",
      "symbol": "MANA Decentraland AI Presale v2",
      "type": "ERC20",
      "blockListsCount": 0,
      "exchangeListsCount": 0,
      "flagListsCount": 0,
      "importedListsCount": 0,
      "logo": "https://matcha-image-proxy.api.0x.org/images/56/0xbaeca9e2c275b8e3b28cd2bfabf9ee53ea0be6c5"
    },
    {
      "address": "0x16cda4028e9e872a38acb903176719299beaed87",
      "chainId": 1,
      "decimals": 18,
      "name": "MARS4",
      "symbol": "MARS4",
      "type": "ERC20",
      "hasLogo": true,
      "blockListsCount": 0,
      "exchangeListsCount": 0,
      "flagListsCount": 0,
      "importedListsCount": 2,
      "buyTax": 0,
      "sellTax": 0,
      "isInDex": true,
      "isHoneypot": false,
      "manualUnblock": false,
      "transactionsHourly": 1,
      "transactionsDaily": 1,
      "transactionsWeekly": 35,
      "transactionsMonthly": 95,
      "volumeUsdHourly": 17.5321972376969,
      "volumeUsdDaily": 17.5321972376969,
      "volumeUsdWeekly": 7163.09629350446,
      "volumeUsdMonthly": 17058.555508024627,
      "logo": "https://matcha-image-proxy.api.0x.org/images/1/0x16cda4028e9e872a38acb903176719299beaed87"
    },
    {
      "address": "0xa685a61171bb30d4072b338c80cb7b2c865c873e",
      "chainId": 1,
      "decimals": 18,
      "name": "Aave interest bearing MANA",
      "symbol": "aMANA",
      "type": "ERC20",
      "hasLogo": true,
      "blockListsCount": 0,
      "exchangeListsCount": 0,
      "flagListsCount": 0,
      "importedListsCount": 3,
      "buyTax": 0,
      "sellTax": 0,
      "isInDex": false,
      "isHoneypot": null,
      "manualUnblock": false,
      "logo": "https://matcha-image-proxy.api.0x.org/images/1/0xa685a61171bb30d4072b338c80cb7b2c865c873e"
    },
    {
      "address": "0x6fce4a401b6b80ace52baaefe4421bd188e76f6f",
      "chainId": 1,
      "decimals": 18,
      "name": "Aave Interest bearing MANA",
      "symbol": "aMANA",
      "type": "ERC20",
      "hasLogo": true,
      "blockListsCount": 0,
      "exchangeListsCount": 0,
      "flagListsCount": 0,
      "importedListsCount": 4,
      "buyTax": 0,
      "sellTax": 0,
      "isInDex": false,
      "isHoneypot": false,
      "manualUnblock": false,
      "logo": "https://matcha-image-proxy.api.0x.org/images/1/0x6fce4a401b6b80ace52baaefe4421bd188e76f6f"
    },
    {
      "address": "0x2309aadcaa4a2fb827469da8ccf812393be52b85",
      "chainId": 8453,
      "decimals": 18,
      "name": "Mana Decentraland",
      "symbol": "MANA",
      "type": "ERC20",
      "blockListsCount": 0,
      "exchangeListsCount": 0,
      "flagListsCount": 0,
      "importedListsCount": 0,
      "buyTax": 0,
      "sellTax": 0,
      "isInDex": true,
      "isHoneypot": false,
      "logo": "https://matcha-image-proxy.api.0x.org/images/8453/0x2309aadcaa4a2fb827469da8ccf812393be52b85"
    },
    {
      "address": "3J2qLgKs713WsSGi4E8jMAoh8Nari6AZPGwmFyZjUfyw",
      "chainId": 1399811149,
      "decimals": 9,
      "name": "MANA DECENTRALAND",
      "symbol": "MANA",
      "type": "SPL-Token",
      "blockListsCount": 0,
      "exchangeListsCount": 0,
      "flagListsCount": 0,
      "importedListsCount": 0,
      "logo": "https://matcha-image-proxy.api.0x.org/images/1399811149/3J2qLgKs713WsSGi4E8jMAoh8Nari6AZPGwmFyZjUfyw"
    },
    {
      "address": "0x2d77f5b3efa51821ad6483adaf38ea4cb1824cc5",
      "chainId": 1,
      "decimals": 18,
      "name": "Genesis Mana",
      "symbol": "MANA",
      "type": "ERC20",
      "hasLogo": true,
      "blockListsCount": 0,
      "exchangeListsCount": 0,
      "flagListsCount": 0,
      "importedListsCount": 0,
      "buyTax": 0,
      "sellTax": 0,
      "isInDex": true,
      "isHoneypot": null,
      "logo": "https://matcha-image-proxy.api.0x.org/images/1/0x2d77f5b3efa51821ad6483adaf38ea4cb1824cc5"
    },
    {
      "address": "0xda63283d0226ed320ce7b166afcf2eb5f8005efd",
      "chainId": 56,
      "decimals": 18,
      "name": "\"MANA Decentraland On Binance Alpha",
      "symbol": "MANA Decen",
      "type": "ERC20",
      "blockListsCount": 0,
      "exchangeListsCount": 0,
      "flagListsCount": 0,
      "importedListsCount": 0,
      "logo": "https://matcha-image-proxy.api.0x.org/images/56/0xda63283d0226ed320ce7b166afcf2eb5f8005efd"
    },
    {
      "address": "0x9cd9c5a44cb8fab39b2ee3556f5c439e65e4fddd",
      "chainId": 56,
      "decimals": 18,
      "name": "MARS4 [via ChainPort.io]",
      "symbol": "MARS4",
      "type": "ERC20",
      "hasLogo": true,
      "blockListsCount": 0,
      "exchangeListsCount": 0,
      "flagListsCount": 0,
      "importedListsCount": 1,
      "buyTax": 0,
      "sellTax": 0,
      "isInDex": true,
      "isHoneypot": false,
      "manualUnblock": false,
      "transactionsHourly": 1,
      "transactionsDaily": 1,
      "transactionsWeekly": 15,
      "transactionsMonthly": 85,
      "volumeUsdHourly": 7.8373716850442,
      "volumeUsdDaily": 7.8373716850442,
      "volumeUsdWeekly": 94.10187323741172,
      "volumeUsdMonthly": 580.3579870048993,
      "logo": "https://matcha-image-proxy.api.0x.org/images/56/0x9cd9c5a44cb8fab39b2ee3556f5c439e65e4fddd"
    },
    {
      "address": "0x4e598c28021094d6b5d442db1016e1958776447a",
      "chainId": 8453,
      "decimals": 18,
      "name": "MANA Decentraland Perpetual",
      "symbol": "MANADE",
      "type": "ERC20",
      "blockListsCount": 0,
      "exchangeListsCount": 0,
      "flagListsCount": 0,
      "importedListsCount": 0,
      "logo": "https://matcha-image-proxy.api.0x.org/images/8453/0x4e598c28021094d6b5d442db1016e1958776447a"
    },
    {
      "address": "0x9166978443e0923596c9b3843ae07902ae926490",
      "chainId": 130,
      "decimals": 18,
      "name": "Nikola Tesla Token MANA",
      "symbol": "Nikola Tesla Token MANA",
      "type": "ERC20",
      "blockListsCount": 1,
      "exchangeListsCount": 0,
      "flagListsCount": 1,
      "importedListsCount": 0,
      "manualUnblock": false,
      "logo": "https://matcha-image-proxy.api.0x.org/images/130/0x9166978443e0923596c9b3843ae07902ae926490"
    }
  ],
  "searchTime": "2025-12-30T01:58:08.277Z",
  "error": null
}