{
  "originalSymbol": "CPOOL",
  "originalFullName": "Clearpool",
  "searchedQuery": "CPOOL Clearpool",
  "retried": false,
  "isL1": false,
  "success": true,
  "tokenCount": 15,
  "resultCount": 1020,
  "tokens": [
    {
      "address": "0x66761fa41377003622aee3c7675fc7b5c1c2fac5",
      "chainId": 1,
      "decimals": 18,
      "name": "Clearpool",
      "symbol": "CPOOL",
      "type": "ERC20",
      "hasLogo": true,
      "blockListsCount": 1,
      "exchangeListsCount": 0,
      "flagListsCount": 1,
      "importedListsCount": 3,
      "buyTax": 0,
      "sellTax": 0,
      "isInDex": true,
      "isHoneypot": false,
      "manualUnblock": false,
      "transactionsHourly": 1,
      "transactionsDaily": 1,
      "transactionsWeekly": 1,
      "transactionsMonthly": 1,
      "volumeUsdHourly": 148.622964621819,
      "volumeUsdDaily": 8878.64445681904,
      "volumeUsdWeekly": 8878.64445681904,
      "volumeUsdMonthly": 8878.64445681904,
      "logo": "https://matcha-image-proxy.api.0x.org/images/1/0x66761fa41377003622aee3c7675fc7b5c1c2fac5"
    },
    {
      "address": "0xc988d19d4e63cb088e2b4dc50ac9cfe48bf627ed",
      "chainId": 8453,
      "decimals": 18,
      "name": "CPOOL Clearpool On Base",
      "symbol": "CPOOL Clearpool On Base",
      "type": "ERC20",
      "blockListsCount": 0,
      "exchangeListsCount": 0,
      "flagListsCount": 0,
      "importedListsCount": 0,
      "logo": "https://matcha-image-proxy.api.0x.org/images/8453/0xc988d19d4e63cb088e2b4dc50ac9cfe48bf627ed"
    },
    {
      "address": "0x97646fa78496d4ac6dcb70e1be81b3c5cfaf1bfa",
      "chainId": 56,
      "decimals": 9,
      "name": "CPOOL Clearpool AI Presale v2",
      "symbol": "CPOOL Clearpool AI Presale v2",
      "type": "ERC20",
      "blockListsCount": 0,
      "exchangeListsCount": 0,
      "flagListsCount": 0,
      "importedListsCount": 0,
      "logo": "https://matcha-image-proxy.api.0x.org/images/56/0x97646fa78496d4ac6dcb70e1be81b3c5cfaf1bfa"
    },
    {
      "address": "0x3a65aa1a71658f81382aa8628bc15d28e2131ac8",
      "chainId": 56,
      "decimals": 18,
      "name": "CPOOL Clearpool On Binance Alpha",
      "symbol": "CPOOL Clea",
      "type": "ERC20",
      "blockListsCount": 0,
      "exchangeListsCount": 0,
      "flagListsCount": 0,
      "importedListsCount": 0,
      "logo": "https://matcha-image-proxy.api.0x.org/images/56/0x3a65aa1a71658f81382aa8628bc15d28e2131ac8"
    },
    {
      "address": "0x2d5d17a3ed472456f79489419106c3d8c7e4bfec",
      "chainId": 8453,
      "decimals": 18,
      "name": "CPOOL Clearpool Perpetual",
      "symbol": "CPOOLC",
      "type": "ERC20",
      "blockListsCount": 0,
      "exchangeListsCount": 0,
      "flagListsCount": 0,
      "importedListsCount": 0,
      "logo": "https://matcha-image-proxy.api.0x.org/images/8453/0x2d5d17a3ed472456f79489419106c3d8c7e4bfec"
    },
    {
      "address": "0x5adc891266ab5a13af5261f06748253a9a296251",
      "chainId": 8453,
      "decimals": 18,
      "name": "CPOOL",
      "symbol": "CPOOL",
      "type": "ERC20",
      "issuer": {
        "name": "zora",
        "metadata": {}
      },
      "blockListsCount": 0,
      "exchangeListsCount": 0,
      "flagListsCount": 0,
      "importedListsCount": 0,
      "logo": "https://matcha-image-proxy.api.0x.org/images/8453/0x5adc891266ab5a13af5261f06748253a9a296251"
    },
    {
      "address": "0xd67fb38904d92e31cd3dfdecf5483b84437e4797",
      "chainId": 8453,
      "decimals": 18,
      "name": "HEARDSOMEGOODRUMOURSABOUT$CPOOL",
      "symbol": "HEARDSOMEGOODRUMOURSABOUT$CPOOL",
      "type": "ERC20",
      "issuer": {
        "name": "zora",
        "metadata": {}
      },
      "blockListsCount": 0,
      "exchangeListsCount": 0,
      "flagListsCount": 0,
      "importedListsCount": 0,
      "logo": "https://matcha-image-proxy.api.0x.org/images/8453/0xd67fb38904d92e31cd3dfdecf5483b84437e4797"
    },
    {
      "address": "0x4a4c1716052e3bc8c3ddd5d99842294937422916",
      "chainId": 8453,
      "decimals": 18,
      "name": "BUY CPOOL",
      "symbol": "BUYCPOOL",
      "type": "ERC20",
      "issuer": {
        "name": "zora",
        "metadata": {}
      },
      "blockListsCount": 0,
      "exchangeListsCount": 0,
      "flagListsCount": 0,
      "importedListsCount": 0,
      "buyTax": null,
      "sellTax": null,
      "isInDex": false,
      "isHoneypot": false,
      "logo": "https://matcha-image-proxy.api.0x.org/images/8453/0x4a4c1716052e3bc8c3ddd5d99842294937422916"
    },
    {
      "address": "0x7df5745f79b36578c9c976dd3513d64e3cb2ae5f",
      "chainId": 8453,
      "decimals": 18,
      "name": "CPOOL AI",
      "symbol": "CPOOLA",
      "type": "ERC20",
      "blockListsCount": 0,
      "exchangeListsCount": 0,
      "flagListsCount": 0,
      "importedListsCount": 0,
      "transactionsHourly": 1,
      "transactionsDaily": 1,
      "transactionsWeekly": 1,
      "transactionsMonthly": 1,
      "volumeUsdHourly": 999.895643245568,
      "volumeUsdDaily": 999.803951294391,
      "volumeUsdWeekly": 999.803951294391,
      "volumeUsdMonthly": 999.803951294391,
      "logo": "https://matcha-image-proxy.api.0x.org/images/8453/0x7df5745f79b36578c9c976dd3513d64e3cb2ae5f"
    },
    {
      "address": "0x3590aa18fc90bab9fbb0498fe730168fcb99eef3",
      "chainId": 1,
      "decimals": 18,
      "name": "Clearpool",
      "symbol": "CPOOL",
      "type": "ERC20",
      "blockListsCount": 0,
      "exchangeListsCount": 0,
      "flagListsCount": 0,
      "importedListsCount": 0,
      "buyTax": 0,
      "sellTax": null,
      "isInDex": true,
      "isHoneypot": false,
      "transactionsHourly": 1,
      "transactionsDaily": 1,
      "transactionsWeekly": 1,
      "transactionsMonthly": 1,
      "volumeUsdHourly": 4547.91955793248,
      "volumeUsdDaily": 4529.45368653813,
      "volumeUsdWeekly": 4529.45368653813,
      "volumeUsdMonthly": 4529.45368653813,
      "logo": "https://matcha-image-proxy.api.0x.org/images/1/0x3590aa18fc90bab9fbb0498fe730168fcb99eef3"
    },
    {
      "address": "0x8846742df5af3b02e0a5f34d2ac5e83a24f8b83e",
      "chainId": 8453,
      "decimals": 18,
      "name": "Clearpool",
      "symbol": "CPOOL",
      "type": "ERC20",
      "issuer": {
        "name": "zora",
        "metadata": {}
      },
      "blockListsCount": 0,
      "exchangeListsCount": 0,
      "flagListsCount": 0,
      "importedListsCount": 0,
      "logo": "https://matcha-image-proxy.api.0x.org/images/8453/0x8846742df5af3b02e0a5f34d2ac5e83a24f8b83e"
    },
    {
      "address": "0x1445c581ada757425ccc4ce8dcc12af6b05d39db",
      "chainId": 56,
      "decimals": 18,
      "name": "CPOOL",
      "symbol": "CPOOL",
      "type": "ERC20",
      "blockListsCount": 0,
      "exchangeListsCount": 0,
      "flagListsCount": 0,
      "importedListsCount": 0,
      "buyTax": null,
      "sellTax": null,
      "isInDex": true,
      "isHoneypot": false,
      "logo": "https://matcha-image-proxy.api.0x.org/images/56/0x1445c581ada757425ccc4ce8dcc12af6b05d39db"
    },
    {
      "address": "0x139bb52b4743400b7ea99027166784d6ba902aad",
      "chainId": 56,
      "decimals": 18,
      "name": "CPOOL",
      "symbol": "CPOOL",
      "type": "ERC20",
      "blockListsCount": 0,
      "exchangeListsCount": 0,
      "flagListsCount": 0,
      "importedListsCount": 0,
      "buyTax": null,
      "sellTax": null,
      "isInDex": true,
      "isHoneypot": false,
      "logo": "https://matcha-image-proxy.api.0x.org/images/56/0x139bb52b4743400b7ea99027166784d6ba902aad"
    },
    {
      "address": "0x989a1b51681110fe01548c83b37258fc9e5dfd0e",
      "chainId": 1,
      "decimals": 18,
      "name": "CPOOL",
      "symbol": "CPOOL",
      "type": "ERC20",
      "blockListsCount": 0,
      "exchangeListsCount": 0,
      "flagListsCount": 0,
      "importedListsCount": 0,
      "buyTax": 0,
      "sellTax": null,
      "isInDex": false,
      "isHoneypot": false,
      "logo": "https://matcha-image-proxy.api.0x.org/images/1/0x989a1b51681110fe01548c83b37258fc9e5dfd0e"
    },
    {
      "address": "0xd6def84ab0c520434e95d3849f01a85143da9be4",
      "chainId": 1,
      "decimals": 18,
      "name": "CPOOL",
      "symbol": "CPOOL",
      "type": "ERC20",
      "blockListsCount": 0,
      "exchangeListsCount": 0,
      "flagListsCount": 0,
      "importedListsCount": 0,
      "buyTax": null,
      "sellTax": null,
      "isInDex": false,
      "isHoneypot": false,
      "logo": "https://matcha-image-proxy.api.0x.org/images/1/0xd6def84ab0c520434e95d3849f01a85143da9be4"
    }
  ],
  "searchTime": "2025-12-30T01:57:50.196Z",
  "error": null
}