{
  "originalSymbol": "SYRUP",
  "originalFullName": "Syrup",
  "searchedQuery": "SYRUP Syrup",
  "retried": false,
  "isL1": false,
  "success": true,
  "tokenCount": 15,
  "resultCount": 1722,
  "tokens": [
    {
      "address": "0x643c4e15d7d62ad0abec4a9bd4b001aa3ef52d66",
      "chainId": 1,
      "decimals": 18,
      "name": "Syrup Token",
      "symbol": "SYRUP",
      "type": "ERC20",
      "hasLogo": true,
      "blockListsCount": 0,
      "exchangeListsCount": 0,
      "flagListsCount": 0,
      "importedListsCount": 3,
      "buyTax": 0,
      "sellTax": 0,
      "isInDex": true,
      "isHoneypot": false,
      "manualUnblock": false,
      "transactionsHourly": 1,
      "transactionsDaily": 7,
      "transactionsWeekly": 76,
      "transactionsMonthly": 420,
      "volumeUsdHourly": 1001.91629119825,
      "volumeUsdDaily": 3425.9711248136773,
      "volumeUsdWeekly": 386008.9215892959,
      "volumeUsdMonthly": 1435693.7946931496,
      "logo": "https://matcha-image-proxy.api.0x.org/images/1/0x643c4e15d7d62ad0abec4a9bd4b001aa3ef52d66"
    },
    {
      "address": "0x688aee022aa544f150678b8e5720b6b96a9e9a2f",
      "chainId": 8453,
      "decimals": 18,
      "name": "Syrup Token",
      "symbol": "SYRUP",
      "type": "ERC20",
      "hasLogo": true,
      "blockListsCount": 0,
      "exchangeListsCount": 0,
      "flagListsCount": 0,
      "importedListsCount": 1,
      "buyTax": 0,
      "sellTax": 0,
      "isInDex": true,
      "isHoneypot": false,
      "manualUnblock": false,
      "transactionsHourly": 1,
      "transactionsDaily": 7,
      "transactionsWeekly": 45,
      "transactionsMonthly": 224,
      "volumeUsdHourly": 22.823720235143,
      "volumeUsdDaily": 7177.748050055882,
      "volumeUsdWeekly": 13872.285505905656,
      "volumeUsdMonthly": 34640.00655269925,
      "logo": "https://matcha-image-proxy.api.0x.org/images/8453/0x688aee022aa544f150678b8e5720b6b96a9e9a2f"
    },
    {
      "address": "0x80ac24aa929eaf5013f6436cda2a7ba190f5cc0b",
      "chainId": 1,
      "decimals": 6,
      "name": "Syrup USDC",
      "symbol": "syrupUSDC",
      "type": "ERC20",
      "hasLogo": true,
      "blockListsCount": 0,
      "exchangeListsCount": 0,
      "flagListsCount": 0,
      "importedListsCount": 2,
      "buyTax": 0,
      "sellTax": 0,
      "isInDex": true,
      "isHoneypot": false,
      "manualUnblock": false,
      "transactionsHourly": 1,
      "transactionsDaily": 3,
      "transactionsWeekly": 17,
      "transactionsMonthly": 46,
      "volumeUsdHourly": 149972.906748446,
      "volumeUsdDaily": 157009.213485033,
      "volumeUsdWeekly": 3171645.462772075,
      "volumeUsdMonthly": 7086971.669219841,
      "logo": "https://matcha-image-proxy.api.0x.org/images/1/0x80ac24aa929eaf5013f6436cda2a7ba190f5cc0b"
    },
    {
      "address": "0x660975730059246a68521a3e2fbd4740173100f5",
      "chainId": 8453,
      "decimals": 6,
      "name": "Syrup USDC",
      "symbol": "syrupUSDC",
      "type": "ERC20",
      "hasLogo": true,
      "blockListsCount": 0,
      "exchangeListsCount": 0,
      "flagListsCount": 0,
      "importedListsCount": 1,
      "buyTax": null,
      "sellTax": null,
      "isInDex": false,
      "isHoneypot": false,
      "manualUnblock": false,
      "transactionsHourly": 1,
      "transactionsDaily": 5,
      "transactionsWeekly": 28,
      "transactionsMonthly": 100,
      "volumeUsdHourly": 117.656961299761,
      "volumeUsdDaily": 110099.18844254957,
      "volumeUsdWeekly": 560792.9166708164,
      "volumeUsdMonthly": 1818521.0668645068,
      "logo": "https://matcha-image-proxy.api.0x.org/images/8453/0x660975730059246a68521a3e2fbd4740173100f5"
    },
    {
      "address": "0x41ca7586cc1311807b4605fbb748a3b8862b42b5",
      "chainId": 42161,
      "decimals": 6,
      "name": "Syrup USDC",
      "symbol": "syrupUSDC",
      "type": "ERC20",
      "hasLogo": true,
      "blockListsCount": 0,
      "exchangeListsCount": 0,
      "flagListsCount": 0,
      "importedListsCount": 1,
      "buyTax": null,
      "sellTax": null,
      "isInDex": false,
      "isHoneypot": false,
      "manualUnblock": false,
      "transactionsHourly": 2,
      "transactionsDaily": 6,
      "transactionsWeekly": 18,
      "transactionsMonthly": 75,
      "volumeUsdHourly": 2996.570185103625,
      "volumeUsdDaily": 35965.89189794724,
      "volumeUsdWeekly": 65090.873571143005,
      "volumeUsdMonthly": 2385237.2529577985,
      "logo": "https://matcha-image-proxy.api.0x.org/images/42161/0x41ca7586cc1311807b4605fbb748a3b8862b42b5"
    },
    {
      "address": "0xb665703f6a9f8a63e6e0577ba112d94d60bc0555",
      "chainId": 8453,
      "decimals": 18,
      "name": "Syrup (SYRUP)",
      "symbol": "Syrup (SYRUP)",
      "type": "ERC20",
      "issuer": {
        "name": "zora",
        "metadata": {}
      },
      "blockListsCount": 0,
      "exchangeListsCount": 0,
      "flagListsCount": 0,
      "importedListsCount": 0,
      "logo": "https://matcha-image-proxy.api.0x.org/images/8453/0xb665703f6a9f8a63e6e0577ba112d94d60bc0555"
    },
    {
      "address": "0x356b8d89c1e1239cbbb9de4815c39a1474d5ba7d",
      "chainId": 1,
      "decimals": 6,
      "name": "Syrup USDT",
      "symbol": "syrupUSDT",
      "type": "ERC20",
      "hasLogo": true,
      "blockListsCount": 0,
      "exchangeListsCount": 0,
      "flagListsCount": 0,
      "importedListsCount": 2,
      "buyTax": 0,
      "sellTax": 0,
      "isInDex": true,
      "isHoneypot": false,
      "manualUnblock": false,
      "transactionsHourly": 1,
      "transactionsDaily": 3,
      "transactionsWeekly": 10,
      "transactionsMonthly": 37,
      "volumeUsdHourly": 1643.35832095598,
      "volumeUsdDaily": 201435.93076905343,
      "volumeUsdWeekly": 1401019.8969618755,
      "volumeUsdMonthly": 4658649.202672835,
      "logo": "https://matcha-image-proxy.api.0x.org/images/1/0x356b8d89c1e1239cbbb9de4815c39a1474d5ba7d"
    },
    {
      "address": "0xc4374775489cb9c56003bf2c9b12495fc64f0771",
      "chainId": 9745,
      "decimals": 6,
      "name": "Syrup USDT",
      "symbol": "syrupUSDT",
      "type": "ERC20",
      "hasLogo": true,
      "blockListsCount": 0,
      "exchangeListsCount": 0,
      "flagListsCount": 0,
      "importedListsCount": 1,
      "manualUnblock": false,
      "transactionsHourly": 1,
      "transactionsDaily": 1,
      "transactionsWeekly": 8,
      "transactionsMonthly": 27,
      "volumeUsdHourly": 51333.2978536698,
      "volumeUsdDaily": 51318.3849003053,
      "volumeUsdWeekly": 51650.28140944045,
      "volumeUsdMonthly": 1003901.2172363964,
      "logo": "https://matcha-image-proxy.api.0x.org/images/9745/0xc4374775489cb9c56003bf2c9b12495fc64f0771"
    },
    {
      "address": "AvZZF1YaZDziPY2RCK4oJrRVrbN3mTD9NL24hPeaZeUj",
      "chainId": 1399811149,
      "decimals": 6,
      "name": "Syrup USDC",
      "symbol": "syrupUSDC",
      "type": "SPL-Token",
      "blockListsCount": 0,
      "exchangeListsCount": 0,
      "flagListsCount": 0,
      "importedListsCount": 0,
      "isHoneypot": false,
      "transactionsDaily": 92,
      "transactionsWeekly": 92,
      "transactionsMonthly": 92,
      "volumeUsdDaily": 9446.071893537255,
      "volumeUsdWeekly": 9446.071893537255,
      "volumeUsdMonthly": 9446.071893537255,
      "logo": "https://matcha-image-proxy.api.0x.org/images/1399811149/AvZZF1YaZDziPY2RCK4oJrRVrbN3mTD9NL24hPeaZeUj"
    },
    {
      "address": "0x0c549e3d5fce70eccc5c3ee29f637453fcf23461",
      "chainId": 56,
      "decimals": 4,
      "name": "je m'apple syrup",
      "symbol": "je m'apple syrup",
      "type": "ERC20",
      "blockListsCount": 1,
      "exchangeListsCount": 0,
      "flagListsCount": 1,
      "importedListsCount": 0,
      "buyTax": 0.12,
      "sellTax": 0.0009,
      "isInDex": true,
      "isHoneypot": false,
      "manualUnblock": false,
      "logo": "https://matcha-image-proxy.api.0x.org/images/56/0x0c549e3d5fce70eccc5c3ee29f637453fcf23461"
    },
    {
      "address": "EAkdjBoUHnrhataWpBE5SyEb8ZBDWrrJnoXYUyXe5Saw",
      "chainId": 1399811149,
      "decimals": 6,
      "name": "Aethir (ATH) Syrup (SYRUP)",
      "symbol": "A(S(",
      "type": "SPL-Token",
      "blockListsCount": 0,
      "exchangeListsCount": 0,
      "flagListsCount": 0,
      "importedListsCount": 0,
      "logo": "https://matcha-image-proxy.api.0x.org/images/1399811149/EAkdjBoUHnrhataWpBE5SyEb8ZBDWrrJnoXYUyXe5Saw"
    },
    {
      "address": "0xd1a50765bef37d05ee531bdea22b3df74a905dde",
      "chainId": 56,
      "decimals": 18,
      "name": "Tesla Syrup",
      "symbol": "TSP",
      "type": "ERC20",
      "blockListsCount": 1,
      "exchangeListsCount": 0,
      "flagListsCount": 1,
      "importedListsCount": 0,
      "buyTax": 0,
      "sellTax": 0,
      "isInDex": true,
      "isHoneypot": null,
      "manualUnblock": false,
      "logo": "https://matcha-image-proxy.api.0x.org/images/56/0xd1a50765bef37d05ee531bdea22b3df74a905dde"
    },
    {
      "address": "0x50291c1e8eff9ad4f0fa859b3fe128e5a1fc28bf",
      "chainId": 56,
      "decimals": 9,
      "name": "Apple Syrup",
      "symbol": "APS",
      "type": "ERC20",
      "blockListsCount": 1,
      "exchangeListsCount": 0,
      "flagListsCount": 1,
      "importedListsCount": 0,
      "buyTax": 0.1,
      "sellTax": 0.1453,
      "isInDex": true,
      "isHoneypot": false,
      "manualUnblock": false,
      "logo": "https://matcha-image-proxy.api.0x.org/images/56/0x50291c1e8eff9ad4f0fa859b3fe128e5a1fc28bf"
    },
    {
      "address": "0xf7488cf8e96b9506d4a65b9d5625214df15d032b",
      "chainId": 8453,
      "decimals": 18,
      "name": "Syrup",
      "symbol": "Syrup",
      "type": "ERC20",
      "issuer": {
        "name": "zora",
        "metadata": {}
      },
      "blockListsCount": 0,
      "exchangeListsCount": 0,
      "flagListsCount": 0,
      "importedListsCount": 0,
      "logo": "https://matcha-image-proxy.api.0x.org/images/8453/0xf7488cf8e96b9506d4a65b9d5625214df15d032b"
    },
    {
      "address": "0x55f616fb2ecb0e28325baa03bff22404581a1fbe",
      "chainId": 8453,
      "decimals": 18,
      "name": "Syrup",
      "symbol": "Syrup",
      "type": "ERC20",
      "issuer": {
        "name": "zora",
        "metadata": {}
      },
      "blockListsCount": 0,
      "exchangeListsCount": 0,
      "flagListsCount": 0,
      "importedListsCount": 0,
      "buyTax": null,
      "sellTax": null,
      "isInDex": false,
      "isHoneypot": false,
      "logo": "https://matcha-image-proxy.api.0x.org/images/8453/0x55f616fb2ecb0e28325baa03bff22404581a1fbe"
    }
  ],
  "searchTime": "2025-12-30T01:58:47.541Z",
  "error": null
}