{
  "originalSymbol": "ETH",
  "originalFullName": "Ethereum",
  "searchedQuery": "ETH Ethereum",
  "retried": true,
  "isL1": true,
  "success": true,
  "tokenCount": 15,
  "resultCount": 10000,
  "tokens": [
    {
      "address": "0xeeeeeeeeeeeeeeeeeeeeeeeeeeeeeeeeeeeeeeee",
      "chainId": 8453,
      "decimals": 18,
      "name": "Ethereum",
      "symbol": "ETH",
      "type": "Native",
      "hasLogo": true,
      "blockListsCount": 0,
      "exchangeListsCount": 0,
      "flagListsCount": 0,
      "importedListsCount": 0,
      "transactionsHourly": 1256,
      "transactionsDaily": 42389,
      "transactionsWeekly": 581773,
      "transactionsMonthly": 2986961,
      "volumeUsdHourly": 136017.31704962367,
      "volumeUsdDaily": 6716085.416918305,
      "volumeUsdWeekly": 50948491.98742326,
      "volumeUsdMonthly": 284416385.80555266,
      "logo": "https://matcha-image-proxy.api.0x.org/images/8453/0xeeeeeeeeeeeeeeeeeeeeeeeeeeeeeeeeeeeeeeee"
    },
    {
      "address": "0xeeeeeeeeeeeeeeeeeeeeeeeeeeeeeeeeeeeeeeee",
      "chainId": 1,
      "decimals": 18,
      "name": "Ethereum",
      "symbol": "ETH",
      "type": "Native",
      "hasLogo": true,
      "blockListsCount": 0,
      "exchangeListsCount": 0,
      "flagListsCount": 0,
      "importedListsCount": 0,
      "transactionsHourly": 277,
      "transactionsDaily": 8103,
      "transactionsWeekly": 58854,
      "transactionsMonthly": 256541,
      "volumeUsdHourly": 232787.01188987217,
      "volumeUsdDaily": 14804088.852707256,
      "volumeUsdWeekly": 45867164.218499094,
      "volumeUsdMonthly": 297091769.97342896,
      "logo": "https://matcha-image-proxy.api.0x.org/images/1/0xeeeeeeeeeeeeeeeeeeeeeeeeeeeeeeeeeeeeeeee"
    },
    {
      "address": "0x82af49447d8a07e3bd95bd0d56f35241523fbab1",
      "chainId": 42161,
      "decimals": 18,
      "name": "Wrapped Ether",
      "symbol": "WETH",
      "type": "ERC20",
      "hasLogo": true,
      "blockListsCount": 0,
      "exchangeListsCount": 0,
      "flagListsCount": 0,
      "importedListsCount": 2,
      "buyTax": 0,
      "sellTax": 0,
      "isInDex": true,
      "isHoneypot": false,
      "manualUnblock": false,
      "transactionsHourly": 15,
      "transactionsDaily": 395,
      "transactionsWeekly": 3071,
      "transactionsMonthly": 16640,
      "volumeUsdHourly": 126771.55724430384,
      "volumeUsdDaily": 790541.6392451355,
      "volumeUsdWeekly": 4658892.903024222,
      "volumeUsdMonthly": 27280015.230347283,
      "logo": "https://matcha-image-proxy.api.0x.org/images/42161/0x82af49447d8a07e3bd95bd0d56f35241523fbab1"
    },
    {
      "address": "0xeeeeeeeeeeeeeeeeeeeeeeeeeeeeeeeeeeeeeeee",
      "chainId": 10,
      "decimals": 18,
      "name": "Ethereum",
      "symbol": "ETH",
      "type": "Native",
      "hasLogo": true,
      "blockListsCount": 0,
      "exchangeListsCount": 0,
      "flagListsCount": 0,
      "importedListsCount": 0,
      "transactionsHourly": 139,
      "transactionsDaily": 6018,
      "transactionsWeekly": 40685,
      "transactionsMonthly": 237467,
      "volumeUsdHourly": 1782.360822193715,
      "volumeUsdDaily": 119636.06606760908,
      "volumeUsdWeekly": 860160.409935014,
      "volumeUsdMonthly": 6752902.555188892,
      "logo": "https://matcha-image-proxy.api.0x.org/images/10/0xeeeeeeeeeeeeeeeeeeeeeeeeeeeeeeeeeeeeeeee"
    },
    {
      "address": "0xeeeeeeeeeeeeeeeeeeeeeeeeeeeeeeeeeeeeeeee",
      "chainId": 42161,
      "decimals": 18,
      "name": "Ethereum",
      "symbol": "ETH",
      "type": "Native",
      "hasLogo": true,
      "blockListsCount": 0,
      "exchangeListsCount": 0,
      "flagListsCount": 0,
      "importedListsCount": 0,
      "transactionsHourly": 61,
      "transactionsDaily": 1506,
      "transactionsWeekly": 15440,
      "transactionsMonthly": 87479,
      "volumeUsdHourly": 3397.476619716007,
      "volumeUsdDaily": 1081371.0260958087,
      "volumeUsdWeekly": 6539668.765227103,
      "volumeUsdMonthly": 37957829.30597014,
      "logo": "https://matcha-image-proxy.api.0x.org/images/42161/0xeeeeeeeeeeeeeeeeeeeeeeeeeeeeeeeeeeeeeeee"
    },
    {
      "address": "0xc02aaa39b223fe8d0a0e5c4f27ead9083c756cc2",
      "chainId": 1,
      "decimals": 18,
      "name": "Wrapped Ether",
      "symbol": "WETH",
      "type": "ERC20",
      "hasLogo": true,
      "blockListsCount": 0,
      "exchangeListsCount": 0,
      "flagListsCount": 0,
      "importedListsCount": 7,
      "buyTax": 0,
      "sellTax": 0,
      "isInDex": true,
      "isHoneypot": false,
      "manualUnblock": false,
      "transactionsHourly": 9,
      "transactionsDaily": 573,
      "transactionsWeekly": 3724,
      "transactionsMonthly": 18414,
      "volumeUsdHourly": 294873.79454957595,
      "volumeUsdDaily": 3664248.503461464,
      "volumeUsdWeekly": 12194428.863153182,
      "volumeUsdMonthly": 142031009.69409007,
      "logo": "https://matcha-image-proxy.api.0x.org/images/1/0xc02aaa39b223fe8d0a0e5c4f27ead9083c756cc2"
    },
    {
      "address": "0xee8c0e9f1bffb4eb878d8f15f368a02a35481242",
      "chainId": 143,
      "decimals": 18,
      "name": "Wrapped Ether",
      "symbol": "WETH",
      "type": "ERC20",
      "hasLogo": true,
      "blockListsCount": 0,
      "exchangeListsCount": 0,
      "flagListsCount": 0,
      "importedListsCount": 3,
      "isHoneypot": false,
      "manualUnblock": false,
      "transactionsHourly": 4,
      "transactionsDaily": 125,
      "transactionsWeekly": 1182,
      "transactionsMonthly": 8195,
      "volumeUsdHourly": 88.4861925881891,
      "volumeUsdDaily": 30804.66527646317,
      "volumeUsdWeekly": 690036.2040435787,
      "volumeUsdMonthly": 5436623.124709514,
      "logo": "https://matcha-image-proxy.api.0x.org/images/143/0xee8c0e9f1bffb4eb878d8f15f368a02a35481242"
    },
    {
      "address": "0x7ceb23fd6bc0add59e62ac25578270cff1b9f619",
      "chainId": 137,
      "decimals": 18,
      "name": "Wrapped Ether",
      "symbol": "WETH",
      "type": "ERC20",
      "hasLogo": true,
      "blockListsCount": 0,
      "exchangeListsCount": 0,
      "flagListsCount": 0,
      "importedListsCount": 2,
      "buyTax": 0,
      "sellTax": 0,
      "isInDex": true,
      "isHoneypot": false,
      "manualUnblock": false,
      "transactionsHourly": 16,
      "transactionsDaily": 491,
      "transactionsWeekly": 22773,
      "transactionsMonthly": 35287,
      "volumeUsdHourly": 3842.126098467088,
      "volumeUsdDaily": 268446.7201978698,
      "volumeUsdWeekly": 1222798.051269955,
      "volumeUsdMonthly": 4007948.5526975794,
      "logo": "https://matcha-image-proxy.api.0x.org/images/137/0x7ceb23fd6bc0add59e62ac25578270cff1b9f619"
    },
    {
      "address": "0x2170ed0880ac9a755fd29b2688956bd959f933f8",
      "chainId": 56,
      "decimals": 18,
      "name": "Ethereum Token",
      "symbol": "ETH",
      "type": "ERC20",
      "hasLogo": true,
      "issuer": {
        "name": "binance",
        "metadata": {}
      },
      "blockListsCount": 0,
      "exchangeListsCount": 0,
      "flagListsCount": 0,
      "importedListsCount": 2,
      "buyTax": 0,
      "sellTax": 0,
      "isInDex": true,
      "isHoneypot": false,
      "manualUnblock": false,
      "transactionsHourly": 8,
      "transactionsDaily": 291,
      "transactionsWeekly": 1976,
      "transactionsMonthly": 9409,
      "volumeUsdHourly": 302.61589498260486,
      "volumeUsdDaily": 69761.94873377742,
      "volumeUsdWeekly": 706876.0285988552,
      "volumeUsdMonthly": 4792782.696221291,
      "logo": "https://matcha-image-proxy.api.0x.org/images/56/0x2170ed0880ac9a755fd29b2688956bd959f933f8"
    },
    {
      "address": "0xeeeeeeeeeeeeeeeeeeeeeeeeeeeeeeeeeeeeeeee",
      "chainId": 130,
      "decimals": 18,
      "name": "Ethereum",
      "symbol": "ETH",
      "type": "Native",
      "hasLogo": true,
      "blockListsCount": 0,
      "exchangeListsCount": 0,
      "flagListsCount": 0,
      "importedListsCount": 0,
      "transactionsHourly": 6,
      "transactionsDaily": 362,
      "transactionsWeekly": 5861,
      "transactionsMonthly": 28767,
      "volumeUsdHourly": 12.042022105840877,
      "volumeUsdDaily": 1963.032799713335,
      "volumeUsdWeekly": 116331.3119231748,
      "volumeUsdMonthly": 2552083.524540287,
      "logo": "https://matcha-image-proxy.api.0x.org/images/130/0xeeeeeeeeeeeeeeeeeeeeeeeeeeeeeeeeeeeeeeee"
    },
    {
      "address": "0xeeeeeeeeeeeeeeeeeeeeeeeeeeeeeeeeeeeeeeee",
      "chainId": 56,
      "decimals": 18,
      "name": "BNB",
      "symbol": "BNB",
      "type": "Native",
      "hasLogo": true,
      "blockListsCount": 0,
      "exchangeListsCount": 0,
      "flagListsCount": 0,
      "importedListsCount": 0,
      "transactionsHourly": 287,
      "transactionsDaily": 9190,
      "transactionsWeekly": 56849,
      "transactionsMonthly": 306154,
      "volumeUsdHourly": 57227.489224341145,
      "volumeUsdDaily": 2125157.131270839,
      "volumeUsdWeekly": 11012494.516924333,
      "volumeUsdMonthly": 57247382.6367815,
      "logo": "https://matcha-image-proxy.api.0x.org/images/56/0xeeeeeeeeeeeeeeeeeeeeeeeeeeeeeeeeeeeeeeee"
    },
    {
      "address": "0xeeeeeeeeeeeeeeeeeeeeeeeeeeeeeeeeeeeeeeee",
      "chainId": 59144,
      "decimals": 18,
      "name": "Ethereum",
      "symbol": "ETH",
      "type": "Native",
      "hasLogo": true,
      "blockListsCount": 0,
      "exchangeListsCount": 0,
      "flagListsCount": 0,
      "importedListsCount": 0,
      "transactionsHourly": 4,
      "transactionsDaily": 82,
      "transactionsWeekly": 710,
      "transactionsMonthly": 3558,
      "volumeUsdHourly": 83.38318969641725,
      "volumeUsdDaily": 25369.250309397452,
      "volumeUsdWeekly": 268757.34248542105,
      "volumeUsdMonthly": 1149214.1850384504,
      "logo": "https://matcha-image-proxy.api.0x.org/images/59144/0xeeeeeeeeeeeeeeeeeeeeeeeeeeeeeeeeeeeeeeee"
    },
    {
      "address": "0x4200000000000000000000000000000000000006",
      "chainId": 8453,
      "decimals": 18,
      "name": "Wrapped Ether",
      "symbol": "WETH",
      "type": "ERC20",
      "hasLogo": true,
      "blockListsCount": 0,
      "exchangeListsCount": 0,
      "flagListsCount": 0,
      "importedListsCount": 3,
      "buyTax": 0,
      "sellTax": 0,
      "isInDex": true,
      "isHoneypot": false,
      "manualUnblock": false,
      "transactionsHourly": 105,
      "transactionsDaily": 2110,
      "transactionsWeekly": 14150,
      "transactionsMonthly": 76075,
      "volumeUsdHourly": 51915.49910287307,
      "volumeUsdDaily": 783237.4040568818,
      "volumeUsdWeekly": 5666248.180579623,
      "volumeUsdMonthly": 52150772.834913045,
      "logo": "https://matcha-image-proxy.api.0x.org/images/8453/0x4200000000000000000000000000000000000006"
    },
    {
      "address": "0xeeeeeeeeeeeeeeeeeeeeeeeeeeeeeeeeeeeeeeee",
      "chainId": 137,
      "decimals": 18,
      "name": "Matic Token",
      "symbol": "MATIC",
      "type": "Native",
      "hasLogo": true,
      "blockListsCount": 0,
      "exchangeListsCount": 0,
      "flagListsCount": 0,
      "importedListsCount": 0,
      "transactionsHourly": 85,
      "transactionsDaily": 2465,
      "transactionsWeekly": 22773,
      "transactionsMonthly": 97263,
      "volumeUsdHourly": 1744.1066573951427,
      "volumeUsdDaily": 131869.39046438082,
      "volumeUsdWeekly": 1349242.204438686,
      "volumeUsdMonthly": 8059210.475300197,
      "logo": "https://matcha-image-proxy.api.0x.org/images/137/0xeeeeeeeeeeeeeeeeeeeeeeeeeeeeeeeeeeeeeeee"
    },
    {
      "address": "0x1af3f329e8be154074d8769d1ffa4ee058b1dbc3",
      "chainId": 56,
      "decimals": 18,
      "name": "Dai Token",
      "symbol": "DAI",
      "type": "ERC20",
      "hasLogo": true,
      "issuer": {
        "name": "binance",
        "metadata": {}
      },
      "blockListsCount": 0,
      "exchangeListsCount": 0,
      "flagListsCount": 0,
      "importedListsCount": 2,
      "buyTax": 0,
      "sellTax": 0,
      "isInDex": true,
      "isHoneypot": false,
      "manualUnblock": false,
      "transactionsHourly": 1,
      "transactionsDaily": 37,
      "transactionsWeekly": 276,
      "transactionsMonthly": 1282,
      "volumeUsdHourly": 0.282870597065549,
      "volumeUsdDaily": 42034.30310383126,
      "volumeUsdWeekly": 70140.21396442348,
      "volumeUsdMonthly": 420775.9664970556,
      "logo": "https://matcha-image-proxy.api.0x.org/images/56/0x1af3f329e8be154074d8769d1ffa4ee058b1dbc3"
    }
  ],
  "searchTime": "2025-12-30T01:57:29.958Z",
  "error": null
}