{
  "originalSymbol": "SXP",
  "originalFullName": "SXP",
  "searchedQuery": "SXP SXP",
  "retried": false,
  "isL1": false,
  "success": true,
  "tokenCount": 15,
  "resultCount": 795,
  "tokens": [
    {
      "address": "0x8ce9137d39326ad0cd6491fb5cc0cba0e089b6a9",
      "chainId": 1,
      "decimals": 18,
      "name": "Swipe",
      "symbol": "SXP",
      "type": "ERC20",
      "hasLogo": true,
      "blockListsCount": 0,
      "exchangeListsCount": 0,
      "flagListsCount": 0,
      "importedListsCount": 4,
      "buyTax": 0,
      "sellTax": 0,
      "isInDex": true,
      "isHoneypot": false,
      "manualUnblock": false,
      "transactionsHourly": 1,
      "transactionsDaily": 4,
      "transactionsWeekly": 14,
      "transactionsMonthly": 60,
      "volumeUsdHourly": 0.15120243324054,
      "volumeUsdDaily": 10.201894460605097,
      "volumeUsdWeekly": 107.39641001129095,
      "volumeUsdMonthly": 1135.2967597797465,
      "logo": "https://matcha-image-proxy.api.0x.org/images/1/0x8ce9137d39326ad0cd6491fb5cc0cba0e089b6a9"
    },
    {
      "address": "0x47bead2563dcbf3bf2c9407fea4dc236faba485a",
      "chainId": 56,
      "decimals": 18,
      "name": "Swipe",
      "symbol": "SXP",
      "type": "ERC20",
      "hasLogo": true,
      "blockListsCount": 0,
      "exchangeListsCount": 0,
      "flagListsCount": 0,
      "importedListsCount": 2,
      "buyTax": 0,
      "sellTax": 0,
      "isInDex": true,
      "isHoneypot": false,
      "manualUnblock": false,
      "transactionsHourly": 1,
      "transactionsDaily": 4,
      "transactionsWeekly": 48,
      "transactionsMonthly": 167,
      "volumeUsdHourly": 9.91045810000267,
      "volumeUsdDaily": 38.87451571367637,
      "volumeUsdWeekly": 447.940353612692,
      "volumeUsdMonthly": 4060.4255990663783,
      "logo": "https://matcha-image-proxy.api.0x.org/images/56/0x47bead2563dcbf3bf2c9407fea4dc236faba485a"
    },
    {
      "address": "0xdbee1d8c452c781c17ea20115cbad0d5f627a680",
      "chainId": 1,
      "decimals": 8,
      "name": "Strike SXP",
      "symbol": "sSXP",
      "type": "ERC20",
      "hasLogo": true,
      "blockListsCount": 0,
      "exchangeListsCount": 0,
      "flagListsCount": 0,
      "importedListsCount": 0,
      "buyTax": 0,
      "sellTax": 0,
      "isInDex": false,
      "isHoneypot": null,
      "logo": "https://matcha-image-proxy.api.0x.org/images/1/0xdbee1d8c452c781c17ea20115cbad0d5f627a680"
    },
    {
      "address": "0xd4fab2099e2605db03f5b74222a31b70cbaf0fbd",
      "chainId": 8453,
      "decimals": 18,
      "name": "Crypto Pug SXP",
      "symbol": "SXP",
      "type": "ERC20",
      "issuer": {
        "name": "zora",
        "metadata": {}
      },
      "blockListsCount": 0,
      "exchangeListsCount": 0,
      "flagListsCount": 0,
      "importedListsCount": 0,
      "logo": "https://matcha-image-proxy.api.0x.org/images/8453/0xd4fab2099e2605db03f5b74222a31b70cbaf0fbd"
    },
    {
      "address": "0x31904f19350ee068f186c0d65b25de9bf6997c8e",
      "chainId": 8453,
      "decimals": 6,
      "name": "SoulXP",
      "symbol": "SXP",
      "type": "ERC20",
      "blockListsCount": 0,
      "exchangeListsCount": 0,
      "flagListsCount": 0,
      "importedListsCount": 0,
      "buyTax": 0,
      "sellTax": 0,
      "isInDex": true,
      "isHoneypot": false,
      "transactionsHourly": 1,
      "transactionsDaily": 1,
      "transactionsWeekly": 14,
      "transactionsMonthly": 96,
      "volumeUsdHourly": 4.07483266645761,
      "volumeUsdDaily": 4.07483266645761,
      "volumeUsdWeekly": 51.96391232442673,
      "volumeUsdMonthly": 515.0003971391612,
      "logo": "https://matcha-image-proxy.api.0x.org/images/8453/0x31904f19350ee068f186c0d65b25de9bf6997c8e"
    },
    {
      "address": "BKiFLrDXu6wBQGNmFDgDygrXeAazJLep4phwaUKopump",
      "chainId": 1399811149,
      "decimals": 6,
      "name": "SUPERX (PUMP 100X)",
      "symbol": "SXP",
      "type": "SPL-Token",
      "blockListsCount": 1,
      "exchangeListsCount": 0,
      "flagListsCount": 1,
      "importedListsCount": 0,
      "manualUnblock": false,
      "logo": "https://matcha-image-proxy.api.0x.org/images/1399811149/BKiFLrDXu6wBQGNmFDgDygrXeAazJLep4phwaUKopump"
    },
    {
      "address": "0x8f3ddb4f845d7eb3b9a126554d41b04f67e16ef3",
      "chainId": 56,
      "decimals": 18,
      "name": "Swipe Shorting Proxy",
      "symbol": "-SXP",
      "type": "ERC20",
      "blockListsCount": 1,
      "exchangeListsCount": 0,
      "flagListsCount": 1,
      "importedListsCount": 0,
      "buyTax": null,
      "sellTax": null,
      "isInDex": false,
      "isHoneypot": null,
      "manualUnblock": false,
      "logo": "https://matcha-image-proxy.api.0x.org/images/56/0x8f3ddb4f845d7eb3b9a126554d41b04f67e16ef3"
    },
    {
      "address": "0x356b44801530f879f062176131afeeec0bc82611",
      "chainId": 8453,
      "decimals": 18,
      "name": "@Essential Alert: Binance Adds 5 Tokens Including SXP to Its Moni",
      "symbol": "EssentialAlert:BinanceAdds5Tok",
      "type": "ERC20",
      "issuer": {
        "name": "zora",
        "metadata": {}
      },
      "blockListsCount": 0,
      "exchangeListsCount": 0,
      "flagListsCount": 0,
      "importedListsCount": 0,
      "logo": "https://matcha-image-proxy.api.0x.org/images/8453/0x356b44801530f879f062176131afeeec0bc82611"
    },
    {
      "address": "0xcf75f4826fc7633dc1324e26fc30e53a771db412",
      "chainId": 8453,
      "decimals": 18,
      "name": "sexyphone",
      "symbol": "SXP",
      "type": "ERC20",
      "issuer": {
        "name": "zora",
        "metadata": {}
      },
      "blockListsCount": 0,
      "exchangeListsCount": 0,
      "flagListsCount": 0,
      "importedListsCount": 0,
      "buyTax": null,
      "sellTax": null,
      "isInDex": false,
      "isHoneypot": false,
      "logo": "https://matcha-image-proxy.api.0x.org/images/8453/0xcf75f4826fc7633dc1324e26fc30e53a771db412"
    },
    {
      "address": "0x4e72672dcd5a0e5ba6c12b2beda1a2839d85f94d",
      "chainId": 56,
      "decimals": 9,
      "name": "SXP",
      "symbol": "SXP",
      "type": "ERC20",
      "blockListsCount": 0,
      "exchangeListsCount": 0,
      "flagListsCount": 0,
      "importedListsCount": 0,
      "buyTax": 0.05,
      "sellTax": 0.011,
      "isInDex": true,
      "isHoneypot": false,
      "logo": "https://matcha-image-proxy.api.0x.org/images/56/0x4e72672dcd5a0e5ba6c12b2beda1a2839d85f94d"
    },
    {
      "address": "0xdf7bb1c1a6d0657d0c41f5af5ed443098a88d841",
      "chainId": 56,
      "decimals": 6,
      "name": "sxp",
      "symbol": "sxp",
      "type": "ERC20",
      "blockListsCount": 0,
      "exchangeListsCount": 0,
      "flagListsCount": 0,
      "importedListsCount": 0,
      "buyTax": null,
      "sellTax": null,
      "isInDex": true,
      "isHoneypot": false,
      "logo": "https://matcha-image-proxy.api.0x.org/images/56/0xdf7bb1c1a6d0657d0c41f5af5ed443098a88d841"
    },
    {
      "address": "0xf305a9a33c01f456fdff865be306a3864c0cb4e0",
      "chainId": 1,
      "decimals": 18,
      "name": "SXP",
      "symbol": "SXP",
      "type": "ERC20",
      "blockListsCount": 0,
      "exchangeListsCount": 0,
      "flagListsCount": 0,
      "importedListsCount": 0,
      "buyTax": 0.1,
      "sellTax": 0.0832,
      "isInDex": true,
      "isHoneypot": false,
      "logo": "https://matcha-image-proxy.api.0x.org/images/1/0xf305a9a33c01f456fdff865be306a3864c0cb4e0"
    },
    {
      "address": "0x1a54ae137bf462688c2f586fd4e7485006790b07",
      "chainId": 8453,
      "decimals": 18,
      "name": "SXP",
      "symbol": "SXP",
      "type": "ERC20",
      "blockListsCount": 0,
      "exchangeListsCount": 0,
      "flagListsCount": 0,
      "importedListsCount": 0,
      "logo": "https://matcha-image-proxy.api.0x.org/images/8453/0x1a54ae137bf462688c2f586fd4e7485006790b07"
    },
    {
      "address": "0xe9b27be389a9be82395fca56f291bb0d984ad8e0",
      "chainId": 8453,
      "decimals": 18,
      "name": "SXP",
      "symbol": "$SXP",
      "type": "ERC20",
      "blockListsCount": 0,
      "exchangeListsCount": 0,
      "flagListsCount": 0,
      "importedListsCount": 0,
      "buyTax": 0,
      "sellTax": 0,
      "isInDex": false,
      "isHoneypot": false,
      "logo": "https://matcha-image-proxy.api.0x.org/images/8453/0xe9b27be389a9be82395fca56f291bb0d984ad8e0"
    },
    {
      "address": "0x80bc69c15fa09f908ba7fb485fc804d9997abb07",
      "chainId": 8453,
      "decimals": 18,
      "name": "SXP",
      "symbol": "SXP",
      "type": "ERC20",
      "blockListsCount": 0,
      "exchangeListsCount": 0,
      "flagListsCount": 0,
      "importedListsCount": 0,
      "logo": "https://matcha-image-proxy.api.0x.org/images/8453/0x80bc69c15fa09f908ba7fb485fc804d9997abb07"
    }
  ],
  "searchTime": "2025-12-30T01:58:35.997Z",
  "error": null
}