{
  "originalSymbol": "MOODENG",
  "originalFullName": "Moo Deng",
  "searchedQuery": "MOODENG Moo Deng",
  "retried": false,
  "isL1": false,
  "success": true,
  "tokenCount": 15,
  "resultCount": 10000,
  "tokens": [
    {
      "address": "0x28561b8a2360f463011c16b6cc0b0cbef8dbbcad",
      "chainId": 1,
      "decimals": 9,
      "name": "MOO DENG",
      "symbol": "MOODENG",
      "type": "ERC20",
      "hasLogo": true,
      "blockListsCount": 0,
      "exchangeListsCount": 0,
      "flagListsCount": 0,
      "importedListsCount": 2,
      "buyTax": 0,
      "sellTax": 0,
      "isInDex": true,
      "isHoneypot": false,
      "manualUnblock": false,
      "transactionsHourly": 2,
      "transactionsDaily": 8,
      "transactionsWeekly": 72,
      "transactionsMonthly": 280,
      "volumeUsdHourly": 76.1166795882749,
      "volumeUsdDaily": 181.92222893051877,
      "volumeUsdWeekly": 323854.85255978093,
      "volumeUsdMonthly": 436075.27897131385,
      "logo": "https://matcha-image-proxy.api.0x.org/images/1/0x28561b8a2360f463011c16b6cc0b0cbef8dbbcad"
    },
    {
      "address": "0xc55e93c62874d8100dbd2dfe307edc1036ad5434",
      "chainId": 10,
      "decimals": 18,
      "name": "Moo BIFI",
      "symbol": "mooBIFI",
      "type": "ERC20",
      "hasLogo": true,
      "blockListsCount": 0,
      "exchangeListsCount": 0,
      "flagListsCount": 0,
      "importedListsCount": 1,
      "buyTax": null,
      "sellTax": null,
      "isInDex": true,
      "isHoneypot": false,
      "manualUnblock": false,
      "transactionsHourly": 2,
      "transactionsDaily": 8,
      "transactionsWeekly": 129,
      "transactionsMonthly": 160,
      "volumeUsdHourly": 1043.782826530064,
      "volumeUsdDaily": 2686.600520158253,
      "volumeUsdWeekly": 147653.89303654243,
      "volumeUsdMonthly": 173761.64916601934,
      "logo": "https://matcha-image-proxy.api.0x.org/images/10/0xc55e93c62874d8100dbd2dfe307edc1036ad5434"
    },
    {
      "address": "0xb5b7f828caed10db9582bed424ff79809ce766cb",
      "chainId": 56,
      "decimals": 18,
      "name": "Moo",
      "symbol": "Moo",
      "type": "ERC20",
      "hasLogo": true,
      "blockListsCount": 0,
      "exchangeListsCount": 0,
      "flagListsCount": 0,
      "importedListsCount": 1,
      "buyTax": 0,
      "sellTax": 0,
      "isInDex": true,
      "isHoneypot": false,
      "manualUnblock": false,
      "transactionsHourly": 1,
      "transactionsDaily": 5,
      "transactionsWeekly": 25,
      "transactionsMonthly": 93,
      "volumeUsdHourly": 10.4134509708049,
      "volumeUsdDaily": 475.2765897868136,
      "volumeUsdWeekly": 2343.9046784496854,
      "volumeUsdMonthly": 4187.869797348314,
      "logo": "https://matcha-image-proxy.api.0x.org/images/56/0xb5b7f828caed10db9582bed424ff79809ce766cb"
    },
    {
      "address": "0xc55e93c62874d8100dbd2dfe307edc1036ad5434",
      "chainId": 8453,
      "decimals": 18,
      "name": "Moo BIFI",
      "symbol": "mooBIFI",
      "type": "ERC20",
      "hasLogo": true,
      "blockListsCount": 0,
      "exchangeListsCount": 0,
      "flagListsCount": 0,
      "importedListsCount": 1,
      "buyTax": 0,
      "sellTax": 0,
      "isInDex": true,
      "isHoneypot": false,
      "manualUnblock": false,
      "transactionsHourly": 1,
      "transactionsDaily": 3,
      "transactionsWeekly": 176,
      "transactionsMonthly": 188,
      "volumeUsdHourly": 5.00665412804293,
      "volumeUsdDaily": 111.6270633755976,
      "volumeUsdWeekly": 13283.350131395651,
      "volumeUsdMonthly": 13854.468434662478,
      "logo": "https://matcha-image-proxy.api.0x.org/images/8453/0xc55e93c62874d8100dbd2dfe307edc1036ad5434"
    },
    {
      "address": "0x3f4f4402b552083277b94fa158f9319af32e8076",
      "chainId": 8453,
      "decimals": 18,
      "name": "&MOODENG Moo Deng moodengsolcom On Base",
      "symbol": "&MOODENG Moo Deng moodengsolcom On Base",
      "type": "ERC20",
      "blockListsCount": 0,
      "exchangeListsCount": 0,
      "flagListsCount": 0,
      "importedListsCount": 0,
      "logo": "https://matcha-image-proxy.api.0x.org/images/8453/0x3f4f4402b552083277b94fa158f9319af32e8076"
    },
    {
      "address": "ED5nyyWEzpPPiWimP8vYm7sD7TD3LAt3Q3gRTWHzPJBY",
      "chainId": 1399811149,
      "decimals": 6,
      "name": "Moo Deng",
      "symbol": "MOODENG",
      "type": "SPL-Token",
      "blockListsCount": 0,
      "exchangeListsCount": 0,
      "flagListsCount": 0,
      "importedListsCount": 0,
      "isHoneypot": false,
      "transactionsDaily": 61,
      "transactionsWeekly": 61,
      "transactionsMonthly": 61,
      "volumeUsdDaily": 7470.8610833048515,
      "volumeUsdWeekly": 7470.8610833048515,
      "volumeUsdMonthly": 7470.8610833048515,
      "logo": "https://matcha-image-proxy.api.0x.org/images/1399811149/ED5nyyWEzpPPiWimP8vYm7sD7TD3LAt3Q3gRTWHzPJBY"
    },
    {
      "address": "0x67d9c7daecc5b87c3e68ac89f33ee924fac88c05",
      "chainId": 1,
      "decimals": 9,
      "name": "Moo Cow",
      "symbol": "MOOCOW",
      "type": "ERC20",
      "hasLogo": true,
      "blockListsCount": 0,
      "exchangeListsCount": 0,
      "flagListsCount": 0,
      "importedListsCount": 2,
      "buyTax": 0,
      "sellTax": 0,
      "isInDex": true,
      "isHoneypot": false,
      "manualUnblock": false,
      "transactionsHourly": 1,
      "transactionsDaily": 1,
      "transactionsWeekly": 3,
      "transactionsMonthly": 27,
      "volumeUsdHourly": 36.9172439269113,
      "volumeUsdDaily": 36.9172439269113,
      "volumeUsdWeekly": 51.067409610005235,
      "volumeUsdMonthly": 2228.358209687501,
      "logo": "https://matcha-image-proxy.api.0x.org/images/1/0x67d9c7daecc5b87c3e68ac89f33ee924fac88c05"
    },
    {
      "address": "0x2dc0a699dd262fb3a765d544ced9729c8bf05e83",
      "chainId": 1,
      "decimals": 9,
      "name": "Kee the Moodeng dog",
      "symbol": "KEE",
      "type": "ERC20",
      "blockListsCount": 0,
      "exchangeListsCount": 0,
      "flagListsCount": 0,
      "importedListsCount": 0,
      "isHoneypot": false,
      "transactionsHourly": 1,
      "transactionsDaily": 2,
      "transactionsWeekly": 126,
      "transactionsMonthly": 313,
      "volumeUsdHourly": 26.9304727819728,
      "volumeUsdDaily": 53.914136196711,
      "volumeUsdWeekly": 7438.006386526883,
      "volumeUsdMonthly": 17018.01139881516,
      "logo": "https://matcha-image-proxy.api.0x.org/images/1/0x2dc0a699dd262fb3a765d544ced9729c8bf05e83"
    },
    {
      "address": "0x8f66cf0f1db84f8ee2a46352409370a69ae4e059",
      "chainId": 1,
      "decimals": 9,
      "name": "Kha Moo",
      "symbol": "KHAMOO",
      "type": "ERC20",
      "hasLogo": true,
      "blockListsCount": 0,
      "exchangeListsCount": 0,
      "flagListsCount": 0,
      "importedListsCount": 0,
      "buyTax": 0,
      "sellTax": 0,
      "isInDex": true,
      "isHoneypot": false,
      "transactionsHourly": 1,
      "transactionsDaily": 1,
      "transactionsWeekly": 1,
      "transactionsMonthly": 1,
      "volumeUsdHourly": 154.269667108227,
      "volumeUsdDaily": 154.269667108227,
      "volumeUsdWeekly": 164.276778659304,
      "volumeUsdMonthly": 164.276778659304,
      "logo": "https://matcha-image-proxy.api.0x.org/images/1/0x8f66cf0f1db84f8ee2a46352409370a69ae4e059"
    },
    {
      "address": "0x5810ab411667191b68ee43a27aa89a7552677902",
      "chainId": 8453,
      "decimals": 18,
      "name": "(MOODENG Moo Deng moodengsolcom Perpetual",
      "symbol": "MOODEN",
      "type": "ERC20",
      "blockListsCount": 0,
      "exchangeListsCount": 0,
      "flagListsCount": 0,
      "importedListsCount": 0,
      "logo": "https://matcha-image-proxy.api.0x.org/images/8453/0x5810ab411667191b68ee43a27aa89a7552677902"
    },
    {
      "address": "0xa0324f29622d76f41353ae7caf82f40ad2e1044f",
      "chainId": 56,
      "decimals": 9,
      "name": "Moo Garden",
      "symbol": "$MOO",
      "type": "ERC20",
      "hasLogo": true,
      "blockListsCount": 0,
      "exchangeListsCount": 0,
      "flagListsCount": 0,
      "importedListsCount": 0,
      "buyTax": 0.08,
      "sellTax": 0.9968,
      "isInDex": true,
      "isHoneypot": false,
      "logo": "https://matcha-image-proxy.api.0x.org/images/56/0xa0324f29622d76f41353ae7caf82f40ad2e1044f"
    },
    {
      "address": "0x377aee0d43e537f1ad1d88b99fc06481f7527da8",
      "chainId": 1,
      "decimals": 9,
      "name": "MOO THE COW",
      "symbol": "MOO",
      "type": "ERC20",
      "blockListsCount": 0,
      "exchangeListsCount": 0,
      "flagListsCount": 0,
      "importedListsCount": 0,
      "buyTax": 0,
      "sellTax": 0,
      "isInDex": true,
      "isHoneypot": false,
      "transactionsHourly": 3,
      "transactionsDaily": 3,
      "transactionsWeekly": 3,
      "transactionsMonthly": 3,
      "volumeUsdHourly": 191.6074560891248,
      "volumeUsdDaily": 213.405910752155,
      "volumeUsdWeekly": 213.405910752155,
      "volumeUsdMonthly": 213.405910752155,
      "logo": "https://matcha-image-proxy.api.0x.org/images/1/0x377aee0d43e537f1ad1d88b99fc06481f7527da8"
    },
    {
      "address": "1RijVdAVYTEzuPRKCKvsUrFuC9Z1wcbajDAPEESpump",
      "chainId": 1399811149,
      "decimals": 6,
      "name": "CHATGPT CALLS MOODENG",
      "symbol": "MOODENG",
      "type": "SPL-Token",
      "blockListsCount": 1,
      "exchangeListsCount": 0,
      "flagListsCount": 1,
      "importedListsCount": 0,
      "manualUnblock": false,
      "logo": "https://matcha-image-proxy.api.0x.org/images/1399811149/1RijVdAVYTEzuPRKCKvsUrFuC9Z1wcbajDAPEESpump"
    },
    {
      "address": "0x3ff1c7ca0469f3d4e4f8588daaf6e9f2c6f56543",
      "chainId": 8453,
      "decimals": 18,
      "name": "Moo CallofMeme",
      "symbol": "Moo CallofMeme",
      "type": "ERC20",
      "blockListsCount": 1,
      "exchangeListsCount": 0,
      "flagListsCount": 1,
      "importedListsCount": 0,
      "manualUnblock": false,
      "logo": "https://matcha-image-proxy.api.0x.org/images/8453/0x3ff1c7ca0469f3d4e4f8588daaf6e9f2c6f56543"
    },
    {
      "address": "0x306d81e0e71a641a5403bc88703b0c57a3563dee",
      "chainId": 8453,
      "decimals": 18,
      "name": "Longcat Moo",
      "symbol": "Longcat Moo",
      "type": "ERC20",
      "blockListsCount": 1,
      "exchangeListsCount": 0,
      "flagListsCount": 1,
      "importedListsCount": 0,
      "manualUnblock": false,
      "logo": "https://matcha-image-proxy.api.0x.org/images/8453/0x306d81e0e71a641a5403bc88703b0c57a3563dee"
    }
  ],
  "searchTime": "2025-12-30T01:58:42.241Z",
  "error": null
}