{
  "originalSymbol": "CARV",
  "originalFullName": "CARV",
  "searchedQuery": "CARV CARV",
  "retried": false,
  "isL1": false,
  "success": true,
  "tokenCount": 15,
  "resultCount": 1900,
  "tokens": [
    {
      "address": "0xc08cd26474722ce93f4d0c34d16201461c10aa8c",
      "chainId": 8453,
      "decimals": 18,
      "name": "CARV",
      "symbol": "CARV",
      "type": "ERC20",
      "hasLogo": true,
      "blockListsCount": 0,
      "exchangeListsCount": 0,
      "flagListsCount": 0,
      "importedListsCount": 1,
      "buyTax": 0,
      "sellTax": 0,
      "isInDex": true,
      "isHoneypot": false,
      "manualUnblock": false,
      "transactionsHourly": 2,
      "transactionsDaily": 41,
      "transactionsWeekly": 4325,
      "transactionsMonthly": 10275,
      "volumeUsdHourly": 1.04370555108511,
      "volumeUsdDaily": 1737.0648242410596,
      "volumeUsdWeekly": 82188.72562361164,
      "volumeUsdMonthly": 293088.0772420752,
      "logo": "https://matcha-image-proxy.api.0x.org/images/8453/0xc08cd26474722ce93f4d0c34d16201461c10aa8c"
    },
    {
      "address": "0xc08cd26474722ce93f4d0c34d16201461c10aa8c",
      "chainId": 42161,
      "decimals": 18,
      "name": "CARV",
      "symbol": "CARV",
      "type": "ERC20",
      "hasLogo": true,
      "blockListsCount": 0,
      "exchangeListsCount": 0,
      "flagListsCount": 0,
      "importedListsCount": 1,
      "buyTax": 0,
      "sellTax": 0,
      "isInDex": true,
      "isHoneypot": false,
      "manualUnblock": false,
      "transactionsHourly": 1,
      "transactionsDaily": 11,
      "transactionsWeekly": 77,
      "transactionsMonthly": 549,
      "volumeUsdHourly": -0.00734973018928232,
      "volumeUsdDaily": 95.36738044094082,
      "volumeUsdWeekly": 6122.064883141812,
      "volumeUsdMonthly": 33273.934779729425,
      "logo": "https://matcha-image-proxy.api.0x.org/images/42161/0xc08cd26474722ce93f4d0c34d16201461c10aa8c"
    },
    {
      "address": "0x007f476f98a47f958da065bf5192ab7dada51b9d",
      "chainId": 130,
      "decimals": 18,
      "name": "CARV CARV",
      "symbol": "CARV CARV",
      "type": "ERC20",
      "blockListsCount": 0,
      "exchangeListsCount": 0,
      "flagListsCount": 0,
      "importedListsCount": 0,
      "logo": "https://matcha-image-proxy.api.0x.org/images/130/0x007f476f98a47f958da065bf5192ab7dada51b9d"
    },
    {
      "address": "0x02c24f89d32e0b48cf1df21b7d7b05442c3743da",
      "chainId": 130,
      "decimals": 18,
      "name": "CARV CARV",
      "symbol": "CARV CARV",
      "type": "ERC20",
      "blockListsCount": 0,
      "exchangeListsCount": 0,
      "flagListsCount": 0,
      "importedListsCount": 0,
      "logo": "https://matcha-image-proxy.api.0x.org/images/130/0x02c24f89d32e0b48cf1df21b7d7b05442c3743da"
    },
    {
      "address": "0xad5a4459663e8bc17c5dd47d35349f2af6e84c5c",
      "chainId": 130,
      "decimals": 18,
      "name": "CARV CARV",
      "symbol": "CARV CARV",
      "type": "ERC20",
      "blockListsCount": 0,
      "exchangeListsCount": 0,
      "flagListsCount": 0,
      "importedListsCount": 0,
      "logo": "https://matcha-image-proxy.api.0x.org/images/130/0xad5a4459663e8bc17c5dd47d35349f2af6e84c5c"
    },
    {
      "address": "0xfbb7129e981e946155784d40afbcabaf0649f6fa",
      "chainId": 8453,
      "decimals": 9,
      "name": "CARV CARV",
      "symbol": "CARV CARV",
      "type": "ERC20",
      "blockListsCount": 0,
      "exchangeListsCount": 0,
      "flagListsCount": 0,
      "importedListsCount": 0,
      "buyTax": 0,
      "sellTax": 0,
      "isInDex": true,
      "isHoneypot": false,
      "logo": "https://matcha-image-proxy.api.0x.org/images/8453/0xfbb7129e981e946155784d40afbcabaf0649f6fa"
    },
    {
      "address": "0xc1e277d9173fc8c09078cf55520e1ea4738e5ac0",
      "chainId": 8453,
      "decimals": 18,
      "name": "CARV CARV 2026",
      "symbol": "CARV CARV",
      "type": "ERC20",
      "blockListsCount": 0,
      "exchangeListsCount": 0,
      "flagListsCount": 0,
      "importedListsCount": 0,
      "logo": "https://matcha-image-proxy.api.0x.org/images/8453/0xc1e277d9173fc8c09078cf55520e1ea4738e5ac0"
    },
    {
      "address": "0x2a1df952a45b0d067e4e6942adb290f789df5f91",
      "chainId": 8453,
      "decimals": 9,
      "name": "Trump - CARV CARV",
      "symbol": "Trump - CARV CARV",
      "type": "ERC20",
      "blockListsCount": 0,
      "exchangeListsCount": 0,
      "flagListsCount": 0,
      "importedListsCount": 0,
      "buyTax": 0,
      "sellTax": 0,
      "isInDex": true,
      "isHoneypot": false,
      "logo": "https://matcha-image-proxy.api.0x.org/images/8453/0x2a1df952a45b0d067e4e6942adb290f789df5f91"
    },
    {
      "address": "0xd9bfa6d06156ce90dfda9cf4b7ddfffd671f1c3c",
      "chainId": 130,
      "decimals": 18,
      "name": "CARV CARV ETF",
      "symbol": "CARV CARV ETF",
      "type": "ERC20",
      "blockListsCount": 0,
      "exchangeListsCount": 0,
      "flagListsCount": 0,
      "importedListsCount": 0,
      "logo": "https://matcha-image-proxy.api.0x.org/images/130/0xd9bfa6d06156ce90dfda9cf4b7ddfffd671f1c3c"
    },
    {
      "address": "0x180f62befd7779456eeeb3c31de00d409c0ec96c",
      "chainId": 8453,
      "decimals": 9,
      "name": "CARV CARV Red",
      "symbol": "CARV CARV Red",
      "type": "ERC20",
      "blockListsCount": 0,
      "exchangeListsCount": 0,
      "flagListsCount": 0,
      "importedListsCount": 0,
      "buyTax": 0,
      "sellTax": 0,
      "isInDex": true,
      "isHoneypot": false,
      "logo": "https://matcha-image-proxy.api.0x.org/images/8453/0x180f62befd7779456eeeb3c31de00d409c0ec96c"
    },
    {
      "address": "0x9b8457984f29ecabc7934ac63a4765c774d060c2",
      "chainId": 8453,
      "decimals": 18,
      "name": "CARV CARV coin",
      "symbol": "CARV CARV coin",
      "type": "ERC20",
      "blockListsCount": 0,
      "exchangeListsCount": 0,
      "flagListsCount": 0,
      "importedListsCount": 0,
      "buyTax": 0,
      "sellTax": 0,
      "isInDex": true,
      "isHoneypot": false,
      "logo": "https://matcha-image-proxy.api.0x.org/images/8453/0x9b8457984f29ecabc7934ac63a4765c774d060c2"
    },
    {
      "address": "0xa20ba7f5583a499b2fc94a714b0c7a9e4c8d5774",
      "chainId": 8453,
      "decimals": 18,
      "name": "CARV CARV finance",
      "symbol": "CARV CARV finance",
      "type": "ERC20",
      "blockListsCount": 0,
      "exchangeListsCount": 0,
      "flagListsCount": 0,
      "importedListsCount": 0,
      "buyTax": 0,
      "sellTax": 0,
      "isInDex": true,
      "isHoneypot": false,
      "logo": "https://matcha-image-proxy.api.0x.org/images/8453/0xa20ba7f5583a499b2fc94a714b0c7a9e4c8d5774"
    },
    {
      "address": "0xffb313d9eac77daa1c36a4708ab71e069b4efaf5",
      "chainId": 8453,
      "decimals": 9,
      "name": "CARV CARV Mobile",
      "symbol": "CARV CARV Mobile",
      "type": "ERC20",
      "blockListsCount": 0,
      "exchangeListsCount": 0,
      "flagListsCount": 0,
      "importedListsCount": 0,
      "logo": "https://matcha-image-proxy.api.0x.org/images/8453/0xffb313d9eac77daa1c36a4708ab71e069b4efaf5"
    },
    {
      "address": "0x3c759520f1ed75e9232942e9ab1782a295b8bd36",
      "chainId": 130,
      "decimals": 18,
      "name": "CARV CARV V2",
      "symbol": "CARV CARV V2",
      "type": "ERC20",
      "blockListsCount": 0,
      "exchangeListsCount": 0,
      "flagListsCount": 0,
      "importedListsCount": 0,
      "logo": "https://matcha-image-proxy.api.0x.org/images/130/0x3c759520f1ed75e9232942e9ab1782a295b8bd36"
    },
    {
      "address": "0xdf1b56cd7dd376c7bc764e2009ddf694fc91d024",
      "chainId": 8453,
      "decimals": 18,
      "name": "CARV CARV network",
      "symbol": "CARV CARV network",
      "type": "ERC20",
      "blockListsCount": 0,
      "exchangeListsCount": 0,
      "flagListsCount": 0,
      "importedListsCount": 0,
      "buyTax": 0,
      "sellTax": 0,
      "isInDex": true,
      "isHoneypot": false,
      "logo": "https://matcha-image-proxy.api.0x.org/images/8453/0xdf1b56cd7dd376c7bc764e2009ddf694fc91d024"
    }
  ],
  "searchTime": "2025-12-30T01:56:35.352Z",
  "error": null
}