{
  "originalSymbol": "GRS",
  "originalFullName": "Groestlcoin",
  "searchedQuery": "GRS Groestlcoin",
  "retried": true,
  "isL1": true,
  "success": true,
  "tokenCount": 15,
  "resultCount": 243,
  "tokens": [
    {
      "address": "0x8b2b2b02bd69676f0122acf864061a874ebe0b53",
      "chainId": 130,
      "decimals": 18,
      "name": "Nvidia Inu Groestlcoin",
      "symbol": "Nvidia Inu Groestlcoin",
      "type": "ERC20",
      "blockListsCount": 1,
      "exchangeListsCount": 0,
      "flagListsCount": 1,
      "importedListsCount": 0,
      "manualUnblock": false,
      "logo": "https://matcha-image-proxy.api.0x.org/images/130/0x8b2b2b02bd69676f0122acf864061a874ebe0b53"
    },
    {
      "address": "0x990ccaf6742d5ada159f7952a1d1cf246bd9c13f",
      "chainId": 8453,
      "decimals": 18,
      "name": "Groestlcoin GRS V2",
      "symbol": "Groestlcoin GRS V2",
      "type": "ERC20",
      "blockListsCount": 0,
      "exchangeListsCount": 0,
      "flagListsCount": 0,
      "importedListsCount": 0,
      "buyTax": 0,
      "sellTax": 0,
      "isInDex": true,
      "isHoneypot": false,
      "logo": "https://matcha-image-proxy.api.0x.org/images/8453/0x990ccaf6742d5ada159f7952a1d1cf246bd9c13f"
    },
    {
      "address": "0xf6ab304065e1dba023a4baf0e43da8e8dbeaf665",
      "chainId": 130,
      "decimals": 18,
      "name": "Groestlcoin Moonsama",
      "symbol": "Groestlcoin Moonsama",
      "type": "ERC20",
      "blockListsCount": 0,
      "exchangeListsCount": 0,
      "flagListsCount": 0,
      "importedListsCount": 0,
      "logo": "https://matcha-image-proxy.api.0x.org/images/130/0xf6ab304065e1dba023a4baf0e43da8e8dbeaf665"
    },
    {
      "address": "0x0f6cb4e9993be6df5b6f70577c6a1bd78a8a66b6",
      "chainId": 130,
      "decimals": 18,
      "name": "TRUMP2024 Groestlcoin",
      "symbol": "TRUMP2024 Groestlcoin",
      "type": "ERC20",
      "blockListsCount": 0,
      "exchangeListsCount": 0,
      "flagListsCount": 0,
      "importedListsCount": 0,
      "logo": "https://matcha-image-proxy.api.0x.org/images/130/0x0f6cb4e9993be6df5b6f70577c6a1bd78a8a66b6"
    },
    {
      "address": "0xcfa7422bd64224c8a89ec9bc1a74269aabb2b694",
      "chainId": 8453,
      "decimals": 9,
      "name": "!Strategic Groestlcoin GRS Reserve",
      "symbol": "!Strategic Groestlcoin GRS Reserve",
      "type": "ERC20",
      "blockListsCount": 0,
      "exchangeListsCount": 0,
      "flagListsCount": 0,
      "importedListsCount": 0,
      "buyTax": 0,
      "sellTax": 0,
      "isInDex": true,
      "isHoneypot": false,
      "logo": "https://matcha-image-proxy.api.0x.org/images/8453/0xcfa7422bd64224c8a89ec9bc1a74269aabb2b694"
    },
    {
      "address": "0xc5e898978789d51a5d43dee33b229a4cc9e3ce5b",
      "chainId": 8453,
      "decimals": 9,
      "name": "Groestlcoin",
      "symbol": "Groestlcoin",
      "type": "ERC20",
      "blockListsCount": 0,
      "exchangeListsCount": 0,
      "flagListsCount": 0,
      "importedListsCount": 0,
      "buyTax": 0,
      "sellTax": 0,
      "isInDex": true,
      "isHoneypot": false,
      "logo": "https://matcha-image-proxy.api.0x.org/images/8453/0xc5e898978789d51a5d43dee33b229a4cc9e3ce5b"
    },
    {
      "address": "0x37a43b836078a4891e754c5bbf487f6140722ff5",
      "chainId": 130,
      "decimals": 18,
      "name": "Groestlcoin EGG SOL",
      "symbol": "Groestlcoin EGG SOL",
      "type": "ERC20",
      "blockListsCount": 0,
      "exchangeListsCount": 0,
      "flagListsCount": 0,
      "importedListsCount": 0,
      "logo": "https://matcha-image-proxy.api.0x.org/images/130/0x37a43b836078a4891e754c5bbf487f6140722ff5"
    },
    {
      "address": "0xb6536341b7f5178181278a0240582c8697dc3c68",
      "chainId": 130,
      "decimals": 18,
      "name": "GMT Groestlcoin",
      "symbol": "GMT Groestlcoin",
      "type": "ERC20",
      "blockListsCount": 0,
      "exchangeListsCount": 0,
      "flagListsCount": 0,
      "importedListsCount": 0,
      "logo": "https://matcha-image-proxy.api.0x.org/images/130/0xb6536341b7f5178181278a0240582c8697dc3c68"
    },
    {
      "address": "0x0469f7469007b2146373e6705ed8a95acd61c546",
      "chainId": 130,
      "decimals": 18,
      "name": "Mars Groestlcoin",
      "symbol": "Mars Groestlcoin",
      "type": "ERC20",
      "blockListsCount": 0,
      "exchangeListsCount": 0,
      "flagListsCount": 0,
      "importedListsCount": 0,
      "logo": "https://matcha-image-proxy.api.0x.org/images/130/0x0469f7469007b2146373e6705ed8a95acd61c546"
    },
    {
      "address": "0x75ada11b566934ed455eb7166df9ef1e8ddb2163",
      "chainId": 130,
      "decimals": 18,
      "name": "Groestlcoin Donke",
      "symbol": "Groestlcoin Donke",
      "type": "ERC20",
      "blockListsCount": 0,
      "exchangeListsCount": 0,
      "flagListsCount": 0,
      "importedListsCount": 0,
      "logo": "https://matcha-image-proxy.api.0x.org/images/130/0x75ada11b566934ed455eb7166df9ef1e8ddb2163"
    },
    {
      "address": "0xd4c34a439abdbdbd1b4cf54d91a760884b105061",
      "chainId": 8453,
      "decimals": 18,
      "name": "Groestlcoin GRS V3",
      "symbol": "Groestlcoin GRS V3",
      "type": "ERC20",
      "blockListsCount": 0,
      "exchangeListsCount": 0,
      "flagListsCount": 0,
      "importedListsCount": 0,
      "logo": "https://matcha-image-proxy.api.0x.org/images/8453/0xd4c34a439abdbdbd1b4cf54d91a760884b105061"
    },
    {
      "address": "0x0c78498ada9948c99cd81ac34d4bc18e9bda81d1",
      "chainId": 130,
      "decimals": 18,
      "name": "Groestlcoin Halloween",
      "symbol": "Groestlcoin Halloween",
      "type": "ERC20",
      "blockListsCount": 0,
      "exchangeListsCount": 0,
      "flagListsCount": 0,
      "importedListsCount": 0,
      "logo": "https://matcha-image-proxy.api.0x.org/images/130/0x0c78498ada9948c99cd81ac34d4bc18e9bda81d1"
    },
    {
      "address": "0x0ff524c1a9630dba8a93f3fc4c912e0c2a3adde9",
      "chainId": 130,
      "decimals": 18,
      "name": "Sdt Groestlcoin",
      "symbol": "Sdt Groestlcoin",
      "type": "ERC20",
      "blockListsCount": 0,
      "exchangeListsCount": 0,
      "flagListsCount": 0,
      "importedListsCount": 0,
      "logo": "https://matcha-image-proxy.api.0x.org/images/130/0x0ff524c1a9630dba8a93f3fc4c912e0c2a3adde9"
    },
    {
      "address": "0xc28d2a570df0a9c28ecc58d3565e30a919212957",
      "chainId": 130,
      "decimals": 18,
      "name": "Boring Protocol Groestlcoin",
      "symbol": "Boring Protocol Groestlcoin",
      "type": "ERC20",
      "blockListsCount": 0,
      "exchangeListsCount": 0,
      "flagListsCount": 0,
      "importedListsCount": 0,
      "logo": "https://matcha-image-proxy.api.0x.org/images/130/0xc28d2a570df0a9c28ecc58d3565e30a919212957"
    },
    {
      "address": "0xf81d4a6b7310af3cc893f6810858d54e4c7d4ba8",
      "chainId": 130,
      "decimals": 18,
      "name": "Ecosmart Groestlcoin",
      "symbol": "Ecosmart Groestlcoin",
      "type": "ERC20",
      "blockListsCount": 0,
      "exchangeListsCount": 0,
      "flagListsCount": 0,
      "importedListsCount": 0,
      "logo": "https://matcha-image-proxy.api.0x.org/images/130/0xf81d4a6b7310af3cc893f6810858d54e4c7d4ba8"
    }
  ],
  "searchTime": "2025-12-30T01:58:09.353Z",
  "error": null
}