{
  "originalSymbol": "FF",
  "originalFullName": "FF",
  "searchedQuery": "FF FF",
  "retried": false,
  "isL1": false,
  "success": true,
  "tokenCount": 15,
  "resultCount": 10000,
  "tokens": [
    {
      "address": "0xfa1c09fc8b491b6a4d3ff53a10cad29381b3f949",
      "chainId": 1,
      "decimals": 18,
      "name": "Falcon Finance",
      "symbol": "FF",
      "type": "ERC20",
      "hasLogo": true,
      "blockListsCount": 0,
      "exchangeListsCount": 0,
      "flagListsCount": 0,
      "importedListsCount": 2,
      "buyTax": 0,
      "sellTax": 0,
      "isInDex": true,
      "isHoneypot": false,
      "manualUnblock": false,
      "transactionsHourly": 2,
      "transactionsDaily": 6,
      "transactionsWeekly": 45,
      "transactionsMonthly": 225,
      "volumeUsdHourly": 287.65807629577364,
      "volumeUsdDaily": 604.4351266903232,
      "volumeUsdWeekly": 8730.545365359612,
      "volumeUsdMonthly": 55731.92239767201,
      "logo": "https://matcha-image-proxy.api.0x.org/images/1/0xfa1c09fc8b491b6a4d3ff53a10cad29381b3f949"
    },
    {
      "address": "0x30c200a7d68560d64e1752f671ec11bbd96c58e0",
      "chainId": 8453,
      "decimals": 9,
      "name": "FF FF",
      "symbol": "FF FF",
      "type": "ERC20",
      "blockListsCount": 0,
      "exchangeListsCount": 0,
      "flagListsCount": 0,
      "importedListsCount": 0,
      "buyTax": 0,
      "sellTax": 0,
      "isInDex": true,
      "isHoneypot": false,
      "logo": "https://matcha-image-proxy.api.0x.org/images/8453/0x30c200a7d68560d64e1752f671ec11bbd96c58e0"
    },
    {
      "address": "7SA2FJzFu3AwBiLLCDhibsV4sEE1b4HEPTe49ptx3bCi",
      "chainId": 1399811149,
      "decimals": 6,
      "name": "ff/ff",
      "symbol": "ff/ff",
      "type": "SPL-Token",
      "blockListsCount": 0,
      "exchangeListsCount": 0,
      "flagListsCount": 0,
      "importedListsCount": 0,
      "logo": "https://matcha-image-proxy.api.0x.org/images/1399811149/7SA2FJzFu3AwBiLLCDhibsV4sEE1b4HEPTe49ptx3bCi"
    },
    {
      "address": "0x61308ac5e0eaac1a8b051b2d3cd1566a667eca71",
      "chainId": 8453,
      "decimals": 9,
      "name": "FF FF",
      "symbol": "FF FF",
      "type": "ERC20",
      "blockListsCount": 0,
      "exchangeListsCount": 0,
      "flagListsCount": 0,
      "importedListsCount": 0,
      "buyTax": 0,
      "sellTax": 0,
      "isInDex": true,
      "isHoneypot": false,
      "logo": "https://matcha-image-proxy.api.0x.org/images/8453/0x61308ac5e0eaac1a8b051b2d3cd1566a667eca71"
    },
    {
      "address": "0x72433530968c33af3456b5700d8e1fc621b9bf4f",
      "chainId": 8453,
      "decimals": 18,
      "name": "FF FF",
      "symbol": "FF FF",
      "type": "ERC20",
      "blockListsCount": 0,
      "exchangeListsCount": 0,
      "flagListsCount": 0,
      "importedListsCount": 0,
      "buyTax": 0,
      "sellTax": 0,
      "isInDex": true,
      "isHoneypot": false,
      "logo": "https://matcha-image-proxy.api.0x.org/images/8453/0x72433530968c33af3456b5700d8e1fc621b9bf4f"
    },
    {
      "address": "0x5be10fd639fb110fac1c238616c77523f5937e74",
      "chainId": 8453,
      "decimals": 18,
      "name": "FF FF",
      "symbol": "FF FF",
      "type": "ERC20",
      "blockListsCount": 0,
      "exchangeListsCount": 0,
      "flagListsCount": 0,
      "importedListsCount": 0,
      "buyTax": 0,
      "sellTax": 0,
      "isInDex": true,
      "isHoneypot": false,
      "logo": "https://matcha-image-proxy.api.0x.org/images/8453/0x5be10fd639fb110fac1c238616c77523f5937e74"
    },
    {
      "address": "0x74943217f49f9ad89eff8a2307c7dde03a954ff2",
      "chainId": 8453,
      "decimals": 18,
      "name": "FF FF",
      "symbol": "FF FF",
      "type": "ERC20",
      "blockListsCount": 0,
      "exchangeListsCount": 0,
      "flagListsCount": 0,
      "importedListsCount": 0,
      "buyTax": 0,
      "sellTax": 0,
      "isInDex": true,
      "isHoneypot": false,
      "logo": "https://matcha-image-proxy.api.0x.org/images/8453/0x74943217f49f9ad89eff8a2307c7dde03a954ff2"
    },
    {
      "address": "93pCCKzzstv26z3djVpuFvZxr3TAAWFhrTidkpEepump",
      "chainId": 1399811149,
      "decimals": 6,
      "name": "ff/ff",
      "symbol": "ff/ff",
      "type": "SPL-Token",
      "blockListsCount": 0,
      "exchangeListsCount": 0,
      "flagListsCount": 0,
      "importedListsCount": 0,
      "logo": "https://matcha-image-proxy.api.0x.org/images/1399811149/93pCCKzzstv26z3djVpuFvZxr3TAAWFhrTidkpEepump"
    },
    {
      "address": "0xac23b90a79504865d52b49b327328411a23d4db2",
      "chainId": 56,
      "decimals": 18,
      "name": "Falcon Finance",
      "symbol": "FF",
      "type": "ERC20",
      "hasLogo": true,
      "blockListsCount": 0,
      "exchangeListsCount": 0,
      "flagListsCount": 0,
      "importedListsCount": 1,
      "buyTax": 0,
      "sellTax": 0,
      "isInDex": true,
      "isHoneypot": false,
      "manualUnblock": false,
      "transactionsHourly": 1,
      "transactionsDaily": 2,
      "transactionsWeekly": 8,
      "transactionsMonthly": 48,
      "volumeUsdHourly": 22.4100090408641,
      "volumeUsdDaily": 22.4100090408641,
      "volumeUsdWeekly": 729.0423899986187,
      "volumeUsdMonthly": 3898.190406700852,
      "logo": "https://matcha-image-proxy.api.0x.org/images/56/0xac23b90a79504865d52b49b327328411a23d4db2"
    },
    {
      "address": "0x194dbb167410532f88096c3f9b0aadc56b097f88",
      "chainId": 8453,
      "decimals": 18,
      "name": "FFFF",
      "symbol": "FF FF",
      "type": "ERC20",
      "blockListsCount": 0,
      "exchangeListsCount": 0,
      "flagListsCount": 0,
      "importedListsCount": 0,
      "buyTax": 0,
      "sellTax": 0,
      "isInDex": true,
      "isHoneypot": false,
      "logo": "https://matcha-image-proxy.api.0x.org/images/8453/0x194dbb167410532f88096c3f9b0aadc56b097f88"
    },
    {
      "address": "0xf446f4b64603079ffa4831c26083660c705831dd",
      "chainId": 8453,
      "decimals": 18,
      "name": "FFFF",
      "symbol": "FF FF",
      "type": "ERC20",
      "blockListsCount": 0,
      "exchangeListsCount": 0,
      "flagListsCount": 0,
      "importedListsCount": 0,
      "buyTax": 0,
      "sellTax": 0,
      "isInDex": true,
      "isHoneypot": false,
      "logo": "https://matcha-image-proxy.api.0x.org/images/8453/0xf446f4b64603079ffa4831c26083660c705831dd"
    },
    {
      "address": "0x412e45435ba4203648968a56f273913d6d48e2eb",
      "chainId": 8453,
      "decimals": 18,
      "name": "FFFF",
      "symbol": "FF FF",
      "type": "ERC20",
      "blockListsCount": 0,
      "exchangeListsCount": 0,
      "flagListsCount": 0,
      "importedListsCount": 0,
      "buyTax": 0,
      "sellTax": 0,
      "isInDex": true,
      "isHoneypot": false,
      "logo": "https://matcha-image-proxy.api.0x.org/images/8453/0x412e45435ba4203648968a56f273913d6d48e2eb"
    },
    {
      "address": "0xc4b5f6b919d0ece343c5f0120906c82d0c407db3",
      "chainId": 8453,
      "decimals": 18,
      "name": "FFFF",
      "symbol": "FF FF",
      "type": "ERC20",
      "blockListsCount": 0,
      "exchangeListsCount": 0,
      "flagListsCount": 0,
      "importedListsCount": 0,
      "buyTax": 0,
      "sellTax": 0,
      "isInDex": true,
      "isHoneypot": false,
      "logo": "https://matcha-image-proxy.api.0x.org/images/8453/0xc4b5f6b919d0ece343c5f0120906c82d0c407db3"
    },
    {
      "address": "0x65c4a1d478bcf3ef8b9b59da0e515f73425a45fc",
      "chainId": 8453,
      "decimals": 18,
      "name": "FFFF",
      "symbol": "FF FF",
      "type": "ERC20",
      "blockListsCount": 0,
      "exchangeListsCount": 0,
      "flagListsCount": 0,
      "importedListsCount": 0,
      "buyTax": 0,
      "sellTax": 0,
      "isInDex": true,
      "isHoneypot": false,
      "logo": "https://matcha-image-proxy.api.0x.org/images/8453/0x65c4a1d478bcf3ef8b9b59da0e515f73425a45fc"
    },
    {
      "address": "0xd6dcf83cb7109fd9b9d8e0ae9d744df272b62c88",
      "chainId": 56,
      "decimals": 13,
      "name": "FFTY",
      "symbol": "FTY",
      "type": "ERC20",
      "blockListsCount": 0,
      "exchangeListsCount": 0,
      "flagListsCount": 0,
      "importedListsCount": 0,
      "isHoneypot": false,
      "transactionsHourly": 68,
      "transactionsDaily": 68,
      "transactionsWeekly": 68,
      "transactionsMonthly": 68,
      "volumeUsdHourly": 3926.35152566988,
      "volumeUsdDaily": 3926.35152566988,
      "volumeUsdWeekly": 3924.04217973846,
      "volumeUsdMonthly": 3924.04217973846,
      "logo": "https://matcha-image-proxy.api.0x.org/images/56/0xd6dcf83cb7109fd9b9d8e0ae9d744df272b62c88"
    }
  ],
  "searchTime": "2025-12-30T01:57:24.803Z",
  "error": null
}