{
  "originalSymbol": "HIVE",
  "originalFullName": "Hive",
  "searchedQuery": "HIVE Hive",
  "retried": false,
  "isL1": false,
  "success": true,
  "tokenCount": 15,
  "resultCount": 8703,
  "tokens": [
    {
      "address": "0x91da780bc7f4b7cf19abe90411a2a296ec5ff787",
      "chainId": 8453,
      "decimals": 18,
      "name": "Hive Intelligence",
      "symbol": "HINT",
      "type": "ERC20",
      "hasLogo": true,
      "blockListsCount": 0,
      "exchangeListsCount": 0,
      "flagListsCount": 0,
      "importedListsCount": 1,
      "buyTax": 0,
      "sellTax": 0,
      "isInDex": true,
      "isHoneypot": false,
      "manualUnblock": false,
      "transactionsHourly": 2,
      "transactionsDaily": 2,
      "transactionsWeekly": 17,
      "transactionsMonthly": 175,
      "volumeUsdHourly": 190.09128699082137,
      "volumeUsdDaily": 190.10616456444765,
      "volumeUsdWeekly": 390.65305850966394,
      "volumeUsdMonthly": 20026.301251409837,
      "logo": "https://matcha-image-proxy.api.0x.org/images/8453/0x91da780bc7f4b7cf19abe90411a2a296ec5ff787"
    },
    {
      "address": "0x6b0b3a982b4634ac68dd83a4dbf02311ce324181",
      "chainId": 1,
      "decimals": 18,
      "name": "$Artificial Liquid Intelligence Token",
      "symbol": "ALI",
      "type": "ERC20",
      "hasLogo": true,
      "blockListsCount": 0,
      "exchangeListsCount": 0,
      "flagListsCount": 0,
      "importedListsCount": 5,
      "buyTax": 0,
      "sellTax": 0,
      "isInDex": false,
      "isHoneypot": false,
      "manualUnblock": false,
      "transactionsHourly": 1,
      "transactionsDaily": 5,
      "transactionsWeekly": 104,
      "transactionsMonthly": 160,
      "volumeUsdHourly": 117.976151498039,
      "volumeUsdDaily": 530.5000281831325,
      "volumeUsdWeekly": 24410.615243382155,
      "volumeUsdMonthly": 46849.80275628507,
      "logo": "https://matcha-image-proxy.api.0x.org/images/1/0x6b0b3a982b4634ac68dd83a4dbf02311ce324181"
    },
    {
      "address": "0xfc4ed78d6a3a8decf187e4970f802cce74d77522",
      "chainId": 130,
      "decimals": 18,
      "name": "Hive HIVE",
      "symbol": "Hive HIVE",
      "type": "ERC20",
      "blockListsCount": 0,
      "exchangeListsCount": 0,
      "flagListsCount": 0,
      "importedListsCount": 0,
      "logo": "https://matcha-image-proxy.api.0x.org/images/130/0xfc4ed78d6a3a8decf187e4970f802cce74d77522"
    },
    {
      "address": "0xb53f0da930632bc42f850f2e9e72b38c4c81d867",
      "chainId": 130,
      "decimals": 18,
      "name": "Hive HIVE",
      "symbol": "Hive HIVE",
      "type": "ERC20",
      "blockListsCount": 0,
      "exchangeListsCount": 0,
      "flagListsCount": 0,
      "importedListsCount": 0,
      "logo": "https://matcha-image-proxy.api.0x.org/images/130/0xb53f0da930632bc42f850f2e9e72b38c4c81d867"
    },
    {
      "address": "0xc4755433e04de227fb5d8760d315efe6ca52434e",
      "chainId": 130,
      "decimals": 18,
      "name": "Hive HIVE",
      "symbol": "Hive HIVE",
      "type": "ERC20",
      "blockListsCount": 0,
      "exchangeListsCount": 0,
      "flagListsCount": 0,
      "importedListsCount": 0,
      "logo": "https://matcha-image-proxy.api.0x.org/images/130/0xc4755433e04de227fb5d8760d315efe6ca52434e"
    },
    {
      "address": "0x97c806e7665d3afd84a8fe1837921403d59f3dcc",
      "chainId": 8453,
      "decimals": 18,
      "name": "$Artificial Liquid Intelligence Token",
      "symbol": "ALI",
      "type": "ERC20",
      "hasLogo": true,
      "blockListsCount": 0,
      "exchangeListsCount": 0,
      "flagListsCount": 0,
      "importedListsCount": 3,
      "buyTax": 0,
      "sellTax": 0,
      "isInDex": true,
      "isHoneypot": false,
      "manualUnblock": false,
      "transactionsHourly": 1,
      "transactionsDaily": 7,
      "transactionsWeekly": 120,
      "transactionsMonthly": 200,
      "volumeUsdHourly": 4.96869209716261,
      "volumeUsdDaily": 164.8232246014084,
      "volumeUsdWeekly": 5654.131150353468,
      "volumeUsdMonthly": 11276.138066410009,
      "logo": "https://matcha-image-proxy.api.0x.org/images/8453/0x97c806e7665d3afd84a8fe1837921403d59f3dcc"
    },
    {
      "address": "0x7a017d34355d294ef9f1835c7464f6d992d01353",
      "chainId": 8453,
      "decimals": 18,
      "name": "Hive HIVE 2026",
      "symbol": "Hive HIVE",
      "type": "ERC20",
      "blockListsCount": 0,
      "exchangeListsCount": 0,
      "flagListsCount": 0,
      "importedListsCount": 0,
      "logo": "https://matcha-image-proxy.api.0x.org/images/8453/0x7a017d34355d294ef9f1835c7464f6d992d01353"
    },
    {
      "address": "0x11298c2a157852c2d9812418caba6b31daf9c3ad",
      "chainId": 56,
      "decimals": 9,
      "name": "Perp Hive HIVE",
      "symbol": "PERP HIVE HIVE",
      "type": "ERC20",
      "blockListsCount": 0,
      "exchangeListsCount": 0,
      "flagListsCount": 0,
      "importedListsCount": 0,
      "logo": "https://matcha-image-proxy.api.0x.org/images/56/0x11298c2a157852c2d9812418caba6b31daf9c3ad"
    },
    {
      "address": "0xf8f6fd8ac815032cd1e53bf09845b5d0da22fa6b",
      "chainId": 8453,
      "decimals": 18,
      "name": "Hive HIVE - Free",
      "symbol": "Hive HIVE - Free",
      "type": "ERC20",
      "blockListsCount": 0,
      "exchangeListsCount": 0,
      "flagListsCount": 0,
      "importedListsCount": 0,
      "buyTax": 0,
      "sellTax": 0,
      "isInDex": true,
      "isHoneypot": false,
      "logo": "https://matcha-image-proxy.api.0x.org/images/8453/0xf8f6fd8ac815032cd1e53bf09845b5d0da22fa6b"
    },
    {
      "address": "0x3057dcc81d89be60e73d7d0c262ea4de5825fce7",
      "chainId": 8453,
      "decimals": 9,
      "name": "Hive HIVE - AI",
      "symbol": "Hive HIVE - AI",
      "type": "ERC20",
      "blockListsCount": 0,
      "exchangeListsCount": 0,
      "flagListsCount": 0,
      "importedListsCount": 0,
      "buyTax": 0,
      "sellTax": 0,
      "isInDex": true,
      "isHoneypot": false,
      "logo": "https://matcha-image-proxy.api.0x.org/images/8453/0x3057dcc81d89be60e73d7d0c262ea4de5825fce7"
    },
    {
      "address": "0x8fa656ae9db809371a10ff35cc554ac5261835a2",
      "chainId": 8453,
      "decimals": 18,
      "name": "Hive HIVE Reserve",
      "symbol": "Hive HIVE Reserve",
      "type": "ERC20",
      "blockListsCount": 0,
      "exchangeListsCount": 0,
      "flagListsCount": 0,
      "importedListsCount": 0,
      "logo": "https://matcha-image-proxy.api.0x.org/images/8453/0x8fa656ae9db809371a10ff35cc554ac5261835a2"
    },
    {
      "address": "0x6c4be869697fec939f68545b89c9ad2fa681cdc0",
      "chainId": 8453,
      "decimals": 18,
      "name": "Hive HIVE V3",
      "symbol": "Hive HIVE V3",
      "type": "ERC20",
      "blockListsCount": 0,
      "exchangeListsCount": 0,
      "flagListsCount": 0,
      "importedListsCount": 0,
      "logo": "https://matcha-image-proxy.api.0x.org/images/8453/0x6c4be869697fec939f68545b89c9ad2fa681cdc0"
    },
    {
      "address": "0x9022e1ac1609c667faaabffedd374dfbe14d449c",
      "chainId": 130,
      "decimals": 18,
      "name": "Hive HIVE V3",
      "symbol": "Hive HIVE V3",
      "type": "ERC20",
      "blockListsCount": 0,
      "exchangeListsCount": 0,
      "flagListsCount": 0,
      "importedListsCount": 0,
      "logo": "https://matcha-image-proxy.api.0x.org/images/130/0x9022e1ac1609c667faaabffedd374dfbe14d449c"
    },
    {
      "address": "0xd05cab6f1aad88e7973ef7f176c42e556e79c2b3",
      "chainId": 130,
      "decimals": 18,
      "name": "American Hive HIVE",
      "symbol": "American Hive HIVE",
      "type": "ERC20",
      "blockListsCount": 0,
      "exchangeListsCount": 0,
      "flagListsCount": 0,
      "importedListsCount": 0,
      "logo": "https://matcha-image-proxy.api.0x.org/images/130/0xd05cab6f1aad88e7973ef7f176c42e556e79c2b3"
    },
    {
      "address": "0x1f3ae4a14606bb85447e8d40230bdc59a5fd6041",
      "chainId": 130,
      "decimals": 18,
      "name": "Hive HIVE ETF",
      "symbol": "Hive HIVE ETF",
      "type": "ERC20",
      "blockListsCount": 0,
      "exchangeListsCount": 0,
      "flagListsCount": 0,
      "importedListsCount": 0,
      "logo": "https://matcha-image-proxy.api.0x.org/images/130/0x1f3ae4a14606bb85447e8d40230bdc59a5fd6041"
    }
  ],
  "searchTime": "2025-12-30T01:57:53.094Z",
  "error": null
}