{
  "originalSymbol": "POLYX",
  "originalFullName": "Polymesh",
  "searchedQuery": "POLYX Polymesh",
  "retried": true,
  "isL1": true,
  "success": true,
  "tokenCount": 15,
  "resultCount": 386,
  "tokens": [
    {
      "address": "0x9992ec3cf6a55b00978cddf2b27bc6882d88d1ec",
      "chainId": 1,
      "decimals": 18,
      "name": "Polymath",
      "symbol": "POLY",
      "type": "ERC20",
      "hasLogo": true,
      "blockListsCount": 0,
      "exchangeListsCount": 0,
      "flagListsCount": 0,
      "importedListsCount": 3,
      "buyTax": 0,
      "sellTax": 0,
      "isInDex": true,
      "isHoneypot": false,
      "manualUnblock": false,
      "transactionsHourly": 1,
      "transactionsDaily": 5,
      "transactionsWeekly": 21,
      "transactionsMonthly": 91,
      "volumeUsdHourly": 204.912153638517,
      "volumeUsdDaily": 582.5475123250374,
      "volumeUsdWeekly": 2407.2533126882104,
      "volumeUsdMonthly": 11589.6519407118,
      "logo": "https://matcha-image-proxy.api.0x.org/images/1/0x9992ec3cf6a55b00978cddf2b27bc6882d88d1ec"
    },
    {
      "address": "0xc33e39941adc59af6ebb641b7e9f168563748b44",
      "chainId": 130,
      "decimals": 18,
      "name": "Basis Gold Share Polymesh",
      "symbol": "Basis Gold Share Polymesh",
      "type": "ERC20",
      "blockListsCount": 1,
      "exchangeListsCount": 0,
      "flagListsCount": 1,
      "importedListsCount": 0,
      "manualUnblock": false,
      "logo": "https://matcha-image-proxy.api.0x.org/images/130/0xc33e39941adc59af6ebb641b7e9f168563748b44"
    },
    {
      "address": "0x437a83bcafa834b9c2bcc5248da11a63ec33aa63",
      "chainId": 130,
      "decimals": 18,
      "name": ",Polymesh Microsoft Tokenized Stock Defichain",
      "symbol": ",Polymesh Microsoft Tokenized Stock Defichain",
      "type": "ERC20",
      "blockListsCount": 1,
      "exchangeListsCount": 0,
      "flagListsCount": 1,
      "importedListsCount": 0,
      "manualUnblock": false,
      "logo": "https://matcha-image-proxy.api.0x.org/images/130/0x437a83bcafa834b9c2bcc5248da11a63ec33aa63"
    },
    {
      "address": "0x5eea157c0026f8e54235895fa7b5b143a58a2d2a",
      "chainId": 8453,
      "decimals": 18,
      "name": "Polymesh",
      "symbol": "POLYX",
      "type": "ERC20",
      "issuer": {
        "name": "zora",
        "metadata": {}
      },
      "blockListsCount": 0,
      "exchangeListsCount": 0,
      "flagListsCount": 0,
      "importedListsCount": 0,
      "logo": "https://matcha-image-proxy.api.0x.org/images/8453/0x5eea157c0026f8e54235895fa7b5b143a58a2d2a"
    },
    {
      "address": "0x41dc89a86c61d87c5aa2d609def6c1a0dadfab1e",
      "chainId": 8453,
      "decimals": 18,
      "name": "Visual Chain Polymesh",
      "symbol": "VisualChainPolymesh",
      "type": "ERC20",
      "issuer": {
        "name": "zora",
        "metadata": {}
      },
      "blockListsCount": 0,
      "exchangeListsCount": 0,
      "flagListsCount": 0,
      "importedListsCount": 0,
      "logo": "https://matcha-image-proxy.api.0x.org/images/8453/0x41dc89a86c61d87c5aa2d609def6c1a0dadfab1e"
    },
    {
      "address": "0x8bdb7f346404f0f03f9036c9c1720df61b36f13e",
      "chainId": 8453,
      "decimals": 18,
      "name": "Polymesh POLYX V2",
      "symbol": "Polymesh POLYX V2",
      "type": "ERC20",
      "blockListsCount": 0,
      "exchangeListsCount": 0,
      "flagListsCount": 0,
      "importedListsCount": 0,
      "buyTax": 0,
      "sellTax": 0,
      "isInDex": true,
      "isHoneypot": false,
      "logo": "https://matcha-image-proxy.api.0x.org/images/8453/0x8bdb7f346404f0f03f9036c9c1720df61b36f13e"
    },
    {
      "address": "0xc0c9cddc74ec864d697a28e01f1541203321e3f5",
      "chainId": 130,
      "decimals": 18,
      "name": "Polymesh AVA",
      "symbol": "Polymesh AVA",
      "type": "ERC20",
      "blockListsCount": 0,
      "exchangeListsCount": 0,
      "flagListsCount": 0,
      "importedListsCount": 0,
      "logo": "https://matcha-image-proxy.api.0x.org/images/130/0xc0c9cddc74ec864d697a28e01f1541203321e3f5"
    },
    {
      "address": "0xbd5e31d7acfb9dc4236475cc955b69425ac7603c",
      "chainId": 8453,
      "decimals": 18,
      "name": "Polymesh Dark Frontiers",
      "symbol": "Polymesh Dark Frontiers",
      "type": "ERC20",
      "blockListsCount": 0,
      "exchangeListsCount": 0,
      "flagListsCount": 0,
      "importedListsCount": 0,
      "buyTax": 0,
      "sellTax": 0,
      "isInDex": true,
      "isHoneypot": false,
      "logo": "https://matcha-image-proxy.api.0x.org/images/8453/0xbd5e31d7acfb9dc4236475cc955b69425ac7603c"
    },
    {
      "address": "0xd6f5f6c832986ffc6593021cd2fdd463463f6038",
      "chainId": 8453,
      "decimals": 18,
      "name": "Polymesh Bird Dog",
      "symbol": "Polymesh Bird Dog",
      "type": "ERC20",
      "blockListsCount": 0,
      "exchangeListsCount": 0,
      "flagListsCount": 0,
      "importedListsCount": 0,
      "buyTax": 0,
      "sellTax": 0,
      "isInDex": true,
      "isHoneypot": false,
      "logo": "https://matcha-image-proxy.api.0x.org/images/8453/0xd6f5f6c832986ffc6593021cd2fdd463463f6038"
    },
    {
      "address": "0xb2b16399ec1af51644afa03c1b06d087ff2c6ac2",
      "chainId": 130,
      "decimals": 18,
      "name": "Polymesh Raydium",
      "symbol": "Polymesh Raydium",
      "type": "ERC20",
      "blockListsCount": 0,
      "exchangeListsCount": 0,
      "flagListsCount": 0,
      "importedListsCount": 0,
      "logo": "https://matcha-image-proxy.api.0x.org/images/130/0xb2b16399ec1af51644afa03c1b06d087ff2c6ac2"
    },
    {
      "address": "0x604ef85c7fea037b6e6a9d630d413713ae6be4bc",
      "chainId": 130,
      "decimals": 18,
      "name": "Polymesh Mog Coin",
      "symbol": "Polymesh Mog Coin",
      "type": "ERC20",
      "blockListsCount": 0,
      "exchangeListsCount": 0,
      "flagListsCount": 0,
      "importedListsCount": 0,
      "logo": "https://matcha-image-proxy.api.0x.org/images/130/0x604ef85c7fea037b6e6a9d630d413713ae6be4bc"
    },
    {
      "address": "0x5d71be90af24b4849e269b2522236cd0d5bfcff5",
      "chainId": 130,
      "decimals": 18,
      "name": "Polymesh Starknet",
      "symbol": "Polymesh Starknet",
      "type": "ERC20",
      "blockListsCount": 0,
      "exchangeListsCount": 0,
      "flagListsCount": 0,
      "importedListsCount": 0,
      "logo": "https://matcha-image-proxy.api.0x.org/images/130/0x5d71be90af24b4849e269b2522236cd0d5bfcff5"
    },
    {
      "address": "0x42036074c82a4e6834ca2974b9470fb06b35dee9",
      "chainId": 130,
      "decimals": 18,
      "name": "Polymesh Berachain",
      "symbol": "Polymesh Berachain",
      "type": "ERC20",
      "blockListsCount": 0,
      "exchangeListsCount": 0,
      "flagListsCount": 0,
      "importedListsCount": 0,
      "logo": "https://matcha-image-proxy.api.0x.org/images/130/0x42036074c82a4e6834ca2974b9470fb06b35dee9"
    },
    {
      "address": "0xbbb0d3bbdfad3092a85175361f0705ded40ae351",
      "chainId": 130,
      "decimals": 18,
      "name": "Sei Polymesh",
      "symbol": "Sei Polymesh",
      "type": "ERC20",
      "blockListsCount": 0,
      "exchangeListsCount": 0,
      "flagListsCount": 0,
      "importedListsCount": 0,
      "logo": "https://matcha-image-proxy.api.0x.org/images/130/0xbbb0d3bbdfad3092a85175361f0705ded40ae351"
    },
    {
      "address": "0x90e590c1dada1a3e93f1a7de5ab365eee4a9a886",
      "chainId": 130,
      "decimals": 18,
      "name": "Polymesh Celo",
      "symbol": "Polymesh Celo",
      "type": "ERC20",
      "blockListsCount": 0,
      "exchangeListsCount": 0,
      "flagListsCount": 0,
      "importedListsCount": 0,
      "logo": "https://matcha-image-proxy.api.0x.org/images/130/0x90e590c1dada1a3e93f1a7de5ab365eee4a9a886"
    }
  ],
  "searchTime": "2025-12-30T01:58:55.160Z",
  "error": null
}