{
  "originalSymbol": "ZKC",
  "originalFullName": "Boundless",
  "searchedQuery": "ZKC Boundless",
  "retried": false,
  "isL1": false,
  "success": true,
  "tokenCount": 15,
  "resultCount": 1255,
  "tokens": [
    {
      "address": "0x000006c2a22ff4a44ff1f5d0f2ed65f781f55555",
      "chainId": 1,
      "decimals": 18,
      "name": "ZK Coin",
      "symbol": "ZKC",
      "type": "ERC20",
      "hasLogo": true,
      "blockListsCount": 0,
      "exchangeListsCount": 0,
      "flagListsCount": 0,
      "importedListsCount": 4,
      "buyTax": 0,
      "sellTax": 0,
      "isInDex": false,
      "isHoneypot": false,
      "manualUnblock": false,
      "transactionsHourly": 1,
      "transactionsDaily": 3,
      "transactionsWeekly": 29,
      "transactionsMonthly": 138,
      "volumeUsdHourly": 31.9904344721055,
      "volumeUsdDaily": 397.8992132994399,
      "volumeUsdWeekly": 6075.861044508694,
      "volumeUsdMonthly": 25030.97369258811,
      "logo": "https://matcha-image-proxy.api.0x.org/images/1/0x000006c2a22ff4a44ff1f5d0f2ed65f781f55555"
    },
    {
      "address": "0x15247e6e23d3923a853ccf15940a20ccdf16e94a",
      "chainId": 56,
      "decimals": 18,
      "name": "ZK Coin",
      "symbol": "ZKC",
      "type": "ERC20",
      "hasLogo": true,
      "blockListsCount": 0,
      "exchangeListsCount": 0,
      "flagListsCount": 0,
      "importedListsCount": 1,
      "buyTax": 0,
      "sellTax": 0,
      "isInDex": true,
      "isHoneypot": false,
      "manualUnblock": false,
      "transactionsHourly": 1,
      "transactionsDaily": 3,
      "transactionsWeekly": 13,
      "transactionsMonthly": 37,
      "volumeUsdHourly": 1.78043830479415,
      "volumeUsdDaily": 466.1420952552401,
      "volumeUsdWeekly": 1442.1509019614584,
      "volumeUsdMonthly": 9386.519819989624,
      "logo": "https://matcha-image-proxy.api.0x.org/images/56/0x15247e6e23d3923a853ccf15940a20ccdf16e94a"
    },
    {
      "address": "0xdf296ea217aec7e118fafa9b2ce20d0cfccd2eaf",
      "chainId": 56,
      "decimals": 18,
      "name": "Boundless Network",
      "symbol": "BUN",
      "type": "ERC20",
      "hasLogo": true,
      "blockListsCount": 0,
      "exchangeListsCount": 0,
      "flagListsCount": 0,
      "importedListsCount": 1,
      "buyTax": 0,
      "sellTax": 0,
      "isInDex": true,
      "isHoneypot": false,
      "manualUnblock": false,
      "transactionsHourly": 3,
      "transactionsDaily": 10,
      "transactionsWeekly": 21,
      "transactionsMonthly": 63,
      "volumeUsdDaily": 84.8276887914984,
      "volumeUsdWeekly": 172.4550705208095,
      "volumeUsdMonthly": 520.9692109920776,
      "logo": "https://matcha-image-proxy.api.0x.org/images/56/0xdf296ea217aec7e118fafa9b2ce20d0cfccd2eaf"
    },
    {
      "address": "0xff62ddfa80e513114c3a0bf4d6ffff1c1d17aadf",
      "chainId": 8453,
      "decimals": 18,
      "name": "Boe",
      "symbol": "Boe",
      "type": "ERC20",
      "hasLogo": true,
      "blockListsCount": 0,
      "exchangeListsCount": 0,
      "flagListsCount": 0,
      "importedListsCount": 1,
      "buyTax": 0,
      "sellTax": 0,
      "isInDex": true,
      "isHoneypot": false,
      "manualUnblock": false,
      "transactionsHourly": 2,
      "transactionsDaily": 5,
      "transactionsWeekly": 39,
      "transactionsMonthly": 165,
      "volumeUsdHourly": 0.0000425402621460307,
      "volumeUsdDaily": 7.348974505118106,
      "volumeUsdWeekly": 98.67876246438436,
      "volumeUsdMonthly": 13869.483077441397,
      "logo": "https://matcha-image-proxy.api.0x.org/images/8453/0xff62ddfa80e513114c3a0bf4d6ffff1c1d17aadf"
    },
    {
      "address": "0x2ef1591c197369c8f4114f829825659ffd08cec2",
      "chainId": 8453,
      "decimals": 18,
      "name": "Zkc",
      "symbol": "Zkc",
      "type": "ERC20",
      "issuer": {
        "name": "zora",
        "metadata": {}
      },
      "blockListsCount": 0,
      "exchangeListsCount": 0,
      "flagListsCount": 0,
      "importedListsCount": 0,
      "buyTax": null,
      "sellTax": null,
      "isInDex": false,
      "isHoneypot": false,
      "transactionsHourly": 1,
      "transactionsDaily": 1,
      "transactionsWeekly": 2,
      "transactionsMonthly": 1,
      "volumeUsdHourly": 104.844019149493,
      "volumeUsdDaily": 104.853518291557,
      "volumeUsdWeekly": 213.680873160033,
      "volumeUsdMonthly": 104.853518291557,
      "logo": "https://matcha-image-proxy.api.0x.org/images/8453/0x2ef1591c197369c8f4114f829825659ffd08cec2"
    },
    {
      "address": "0x9c40d62b8e1e1b9720ff113ec1cd282a9c6f426b",
      "chainId": 8453,
      "decimals": 18,
      "name": "zkc zkc zkc zkc zkc",
      "symbol": "zkc zkc zkc zkc zkc",
      "type": "ERC20",
      "issuer": {
        "name": "zora",
        "metadata": {}
      },
      "blockListsCount": 0,
      "exchangeListsCount": 0,
      "flagListsCount": 0,
      "importedListsCount": 0,
      "logo": "https://matcha-image-proxy.api.0x.org/images/8453/0x9c40d62b8e1e1b9720ff113ec1cd282a9c6f426b"
    },
    {
      "address": "0xa36dcc4a3730769cc74d6ed64169bc6921436325",
      "chainId": 8453,
      "decimals": 18,
      "name": "ZKC",
      "symbol": "ZKC",
      "type": "ERC20",
      "issuer": {
        "name": "zora",
        "metadata": {}
      },
      "blockListsCount": 0,
      "exchangeListsCount": 0,
      "flagListsCount": 0,
      "importedListsCount": 0,
      "logo": "https://matcha-image-proxy.api.0x.org/images/8453/0xa36dcc4a3730769cc74d6ed64169bc6921436325"
    },
    {
      "address": "0xbfb10c75a6e8d53b931e460aabd1b1c66731abae",
      "chainId": 8453,
      "decimals": 18,
      "name": "$zkc",
      "symbol": "$zkc",
      "type": "ERC20",
      "issuer": {
        "name": "zora",
        "metadata": {}
      },
      "blockListsCount": 0,
      "exchangeListsCount": 0,
      "flagListsCount": 0,
      "importedListsCount": 0,
      "logo": "https://matcha-image-proxy.api.0x.org/images/8453/0xbfb10c75a6e8d53b931e460aabd1b1c66731abae"
    },
    {
      "address": "0xe1d52c5c482b440c7a24bca1136bb6a93174b3e2",
      "chainId": 8453,
      "decimals": 18,
      "name": "$zkc",
      "symbol": "$zkc",
      "type": "ERC20",
      "issuer": {
        "name": "zora",
        "metadata": {}
      },
      "blockListsCount": 0,
      "exchangeListsCount": 0,
      "flagListsCount": 0,
      "importedListsCount": 0,
      "logo": "https://matcha-image-proxy.api.0x.org/images/8453/0xe1d52c5c482b440c7a24bca1136bb6a93174b3e2"
    },
    {
      "address": "0x1b87732ce1e2c2f124cc1943f1fa0465c0df3347",
      "chainId": 8453,
      "decimals": 18,
      "name": "zkc",
      "symbol": "zkc",
      "type": "ERC20",
      "issuer": {
        "name": "zora",
        "metadata": {}
      },
      "blockListsCount": 0,
      "exchangeListsCount": 0,
      "flagListsCount": 0,
      "importedListsCount": 0,
      "logo": "https://matcha-image-proxy.api.0x.org/images/8453/0x1b87732ce1e2c2f124cc1943f1fa0465c0df3347"
    },
    {
      "address": "0x1460e4652594227cc8a585c1cf8028fe2e0c268a",
      "chainId": 8453,
      "decimals": 18,
      "name": "$ZKC",
      "symbol": "$ZKC",
      "type": "ERC20",
      "issuer": {
        "name": "zora",
        "metadata": {}
      },
      "blockListsCount": 0,
      "exchangeListsCount": 0,
      "flagListsCount": 0,
      "importedListsCount": 0,
      "logo": "https://matcha-image-proxy.api.0x.org/images/8453/0x1460e4652594227cc8a585c1cf8028fe2e0c268a"
    },
    {
      "address": "0x388a43c95ca1d27b9262b5adbb485b038e3e6a9e",
      "chainId": 8453,
      "decimals": 18,
      "name": "ZKC",
      "symbol": "ZKC",
      "type": "ERC20",
      "issuer": {
        "name": "zora",
        "metadata": {}
      },
      "blockListsCount": 0,
      "exchangeListsCount": 0,
      "flagListsCount": 0,
      "importedListsCount": 0,
      "logo": "https://matcha-image-proxy.api.0x.org/images/8453/0x388a43c95ca1d27b9262b5adbb485b038e3e6a9e"
    },
    {
      "address": "0x8072ce305f11deb7dec74097115c07de0a249814",
      "chainId": 8453,
      "decimals": 18,
      "name": "ZKC",
      "symbol": "ZKC",
      "type": "ERC20",
      "issuer": {
        "name": "zora",
        "metadata": {}
      },
      "blockListsCount": 0,
      "exchangeListsCount": 0,
      "flagListsCount": 0,
      "importedListsCount": 0,
      "buyTax": null,
      "sellTax": null,
      "isInDex": false,
      "isHoneypot": false,
      "logo": "https://matcha-image-proxy.api.0x.org/images/8453/0x8072ce305f11deb7dec74097115c07de0a249814"
    },
    {
      "address": "0x3d695bfeacc038ca7d9d853f18ef97383a1d650b",
      "chainId": 8453,
      "decimals": 18,
      "name": "$zkc",
      "symbol": "$zkc",
      "type": "ERC20",
      "issuer": {
        "name": "zora",
        "metadata": {}
      },
      "blockListsCount": 0,
      "exchangeListsCount": 0,
      "flagListsCount": 0,
      "importedListsCount": 0,
      "logo": "https://matcha-image-proxy.api.0x.org/images/8453/0x3d695bfeacc038ca7d9d853f18ef97383a1d650b"
    },
    {
      "address": "0xbac2f7d01de62afe3e2f270873d6f5ae8ed95932",
      "chainId": 8453,
      "decimals": 18,
      "name": "zkc",
      "symbol": "zkc",
      "type": "ERC20",
      "issuer": {
        "name": "zora",
        "metadata": {}
      },
      "blockListsCount": 0,
      "exchangeListsCount": 0,
      "flagListsCount": 0,
      "importedListsCount": 0,
      "logo": "https://matcha-image-proxy.api.0x.org/images/8453/0xbac2f7d01de62afe3e2f270873d6f5ae8ed95932"
    }
  ],
  "searchTime": "2025-12-30T01:57:59.065Z",
  "error": null
}