{
  "originalSymbol": "SOPH",
  "originalFullName": "Sophon",
  "searchedQuery": "SOPH Sophon",
  "retried": false,
  "isL1": false,
  "success": true,
  "tokenCount": 15,
  "resultCount": 1150,
  "tokens": [
    {
      "address": "0x6b7774cb12ed7573a7586e7d0e62a2a563ddd3f0",
      "chainId": 1,
      "decimals": 18,
      "name": "Sophon",
      "symbol": "SOPH",
      "type": "ERC20",
      "hasLogo": true,
      "blockListsCount": 0,
      "exchangeListsCount": 0,
      "flagListsCount": 0,
      "importedListsCount": 2,
      "buyTax": 0,
      "sellTax": 0,
      "isInDex": true,
      "isHoneypot": false,
      "manualUnblock": false,
      "transactionsHourly": 1,
      "transactionsDaily": 1,
      "transactionsWeekly": 5,
      "transactionsMonthly": 28,
      "volumeUsdHourly": 504.729722034461,
      "volumeUsdDaily": 504.649797386654,
      "volumeUsdWeekly": 1887.812178021367,
      "volumeUsdMonthly": 3118.2155719240304,
      "logo": "https://matcha-image-proxy.api.0x.org/images/1/0x6b7774cb12ed7573a7586e7d0e62a2a563ddd3f0"
    },
    {
      "address": "0x73fbd93bfda83b111ddc092aa3a4ca77fd30d380",
      "chainId": 1,
      "decimals": 18,
      "name": "SOPH AI Token",
      "symbol": "SOPH",
      "type": "ERC20",
      "hasLogo": true,
      "blockListsCount": 0,
      "exchangeListsCount": 0,
      "flagListsCount": 0,
      "importedListsCount": 2,
      "buyTax": 0,
      "sellTax": 0,
      "isInDex": true,
      "isHoneypot": false,
      "manualUnblock": false,
      "transactionsHourly": 1,
      "transactionsDaily": 1,
      "transactionsWeekly": 5,
      "transactionsMonthly": 33,
      "volumeUsdHourly": 82.2749944633079,
      "volumeUsdDaily": 82.2609847338514,
      "volumeUsdWeekly": 892.4880131853524,
      "volumeUsdMonthly": 5160.951063297184,
      "logo": "https://matcha-image-proxy.api.0x.org/images/1/0x73fbd93bfda83b111ddc092aa3a4ca77fd30d380"
    },
    {
      "address": "0x31dba3c96481fde3cd81c2aaf51f2d8bf618c742",
      "chainId": 56,
      "decimals": 18,
      "name": "Sophon",
      "symbol": "SOPH",
      "type": "ERC20",
      "hasLogo": true,
      "blockListsCount": 0,
      "exchangeListsCount": 0,
      "flagListsCount": 0,
      "importedListsCount": 1,
      "buyTax": 0,
      "sellTax": 0,
      "isInDex": true,
      "isHoneypot": false,
      "manualUnblock": false,
      "transactionsHourly": 1,
      "transactionsDaily": 1,
      "transactionsWeekly": 4,
      "transactionsMonthly": 31,
      "volumeUsdHourly": 1.50952632797395,
      "volumeUsdDaily": 1.50952632797395,
      "volumeUsdWeekly": 1019.7859832227322,
      "volumeUsdMonthly": 7980.03135583001,
      "logo": "https://matcha-image-proxy.api.0x.org/images/56/0x31dba3c96481fde3cd81c2aaf51f2d8bf618c742"
    },
    {
      "address": "0x31dba3c96481fde3cd81c2aaf51f2d8bf618c742",
      "chainId": 8453,
      "decimals": 18,
      "name": "Sophon",
      "symbol": "SOPH",
      "type": "ERC20",
      "hasLogo": true,
      "blockListsCount": 0,
      "exchangeListsCount": 0,
      "flagListsCount": 0,
      "importedListsCount": 1,
      "buyTax": 0,
      "sellTax": 0,
      "isInDex": true,
      "isHoneypot": false,
      "manualUnblock": false,
      "transactionsHourly": 1,
      "transactionsDaily": 1,
      "transactionsWeekly": 5,
      "transactionsMonthly": 57,
      "volumeUsdHourly": 4.78796716681292,
      "volumeUsdDaily": 4.78796716681292,
      "volumeUsdWeekly": 22.7456545220543,
      "volumeUsdMonthly": 407.52161945305375,
      "logo": "https://matcha-image-proxy.api.0x.org/images/8453/0x31dba3c96481fde3cd81c2aaf51f2d8bf618c742"
    },
    {
      "address": "0xeb971fd26783f32694dbb392dd7289de23109148",
      "chainId": 137,
      "decimals": 18,
      "name": "Sophon",
      "symbol": "SOPH",
      "type": "ERC20",
      "hasLogo": true,
      "blockListsCount": 0,
      "exchangeListsCount": 0,
      "flagListsCount": 0,
      "importedListsCount": 1,
      "buyTax": null,
      "sellTax": null,
      "isInDex": false,
      "isHoneypot": false,
      "manualUnblock": false,
      "logo": "https://matcha-image-proxy.api.0x.org/images/137/0xeb971fd26783f32694dbb392dd7289de23109148"
    },
    {
      "address": "0x31dba3c96481fde3cd81c2aaf51f2d8bf618c742",
      "chainId": 42161,
      "decimals": 18,
      "name": "Sophon",
      "symbol": "SOPH",
      "type": "ERC20",
      "hasLogo": true,
      "blockListsCount": 0,
      "exchangeListsCount": 0,
      "flagListsCount": 0,
      "importedListsCount": 1,
      "buyTax": 0,
      "sellTax": 0,
      "isInDex": true,
      "isHoneypot": false,
      "manualUnblock": false,
      "transactionsHourly": 1,
      "transactionsDaily": 1,
      "transactionsWeekly": 1,
      "transactionsMonthly": 21,
      "volumeUsdHourly": 3.65064558935997,
      "volumeUsdDaily": 3.69904528071927,
      "volumeUsdWeekly": 3.69904528071927,
      "volumeUsdMonthly": 61.79549994002587,
      "logo": "https://matcha-image-proxy.api.0x.org/images/42161/0x31dba3c96481fde3cd81c2aaf51f2d8bf618c742"
    },
    {
      "address": "0x128d94af6c03ea317153d557d1c17d199f8069db",
      "chainId": 8453,
      "decimals": 18,
      "name": "SOPH BABYLONG",
      "symbol": "SBOPHA",
      "type": "ERC20",
      "blockListsCount": 1,
      "exchangeListsCount": 0,
      "flagListsCount": 1,
      "importedListsCount": 0,
      "buyTax": 0,
      "sellTax": 0,
      "isInDex": true,
      "isHoneypot": false,
      "manualUnblock": false,
      "logo": "https://matcha-image-proxy.api.0x.org/images/8453/0x128d94af6c03ea317153d557d1c17d199f8069db"
    },
    {
      "address": "0xcd27b88822d25d54a12d379a965af00a1984b069",
      "chainId": 8453,
      "decimals": 18,
      "name": "SOPH",
      "symbol": "SOPH",
      "type": "ERC20",
      "issuer": {
        "name": "zora",
        "metadata": {}
      },
      "blockListsCount": 0,
      "exchangeListsCount": 0,
      "flagListsCount": 0,
      "importedListsCount": 0,
      "buyTax": null,
      "sellTax": null,
      "isInDex": false,
      "isHoneypot": false,
      "logo": "https://matcha-image-proxy.api.0x.org/images/8453/0xcd27b88822d25d54a12d379a965af00a1984b069"
    },
    {
      "address": "0x1bfbc72e0cb1d2d1ad76f68fb48fbcaae26b653c",
      "chainId": 8453,
      "decimals": 18,
      "name": "$SOPH",
      "symbol": "$SOPH",
      "type": "ERC20",
      "issuer": {
        "name": "zora",
        "metadata": {}
      },
      "blockListsCount": 0,
      "exchangeListsCount": 0,
      "flagListsCount": 0,
      "importedListsCount": 0,
      "buyTax": null,
      "sellTax": null,
      "isInDex": false,
      "isHoneypot": false,
      "logo": "https://matcha-image-proxy.api.0x.org/images/8453/0x1bfbc72e0cb1d2d1ad76f68fb48fbcaae26b653c"
    },
    {
      "address": "0x4b8a2c5d62601c21072545a6ecb47d971c9881ae",
      "chainId": 8453,
      "decimals": 18,
      "name": "Soph",
      "symbol": "Soph",
      "type": "ERC20",
      "issuer": {
        "name": "zora",
        "metadata": {}
      },
      "blockListsCount": 0,
      "exchangeListsCount": 0,
      "flagListsCount": 0,
      "importedListsCount": 0,
      "logo": "https://matcha-image-proxy.api.0x.org/images/8453/0x4b8a2c5d62601c21072545a6ecb47d971c9881ae"
    },
    {
      "address": "0x4a18c47d8fb35192582c631890f2938b53a7e8c7",
      "chainId": 8453,
      "decimals": 18,
      "name": "SOPH",
      "symbol": "SOPH",
      "type": "ERC20",
      "issuer": {
        "name": "zora",
        "metadata": {}
      },
      "blockListsCount": 0,
      "exchangeListsCount": 0,
      "flagListsCount": 0,
      "importedListsCount": 0,
      "logo": "https://matcha-image-proxy.api.0x.org/images/8453/0x4a18c47d8fb35192582c631890f2938b53a7e8c7"
    },
    {
      "address": "0x3b27df08d0bc670b3932b4746a00589fc84b013e",
      "chainId": 8453,
      "decimals": 18,
      "name": "Soph",
      "symbol": "Soph",
      "type": "ERC20",
      "issuer": {
        "name": "zora",
        "metadata": {}
      },
      "blockListsCount": 0,
      "exchangeListsCount": 0,
      "flagListsCount": 0,
      "importedListsCount": 0,
      "buyTax": null,
      "sellTax": null,
      "isInDex": false,
      "isHoneypot": false,
      "logo": "https://matcha-image-proxy.api.0x.org/images/8453/0x3b27df08d0bc670b3932b4746a00589fc84b013e"
    },
    {
      "address": "0x30d9dd8349f7ca0ba42284e4659291aa3c09a839",
      "chainId": 8453,
      "decimals": 18,
      "name": "Soph",
      "symbol": "Soph",
      "type": "ERC20",
      "issuer": {
        "name": "zora",
        "metadata": {}
      },
      "blockListsCount": 0,
      "exchangeListsCount": 0,
      "flagListsCount": 0,
      "importedListsCount": 0,
      "logo": "https://matcha-image-proxy.api.0x.org/images/8453/0x30d9dd8349f7ca0ba42284e4659291aa3c09a839"
    },
    {
      "address": "0x2d604fcba60053b44677b0022fdc24e16ab06a23",
      "chainId": 8453,
      "decimals": 18,
      "name": "$SOPH",
      "symbol": "$SOPH",
      "type": "ERC20",
      "issuer": {
        "name": "zora",
        "metadata": {}
      },
      "blockListsCount": 0,
      "exchangeListsCount": 0,
      "flagListsCount": 0,
      "importedListsCount": 0,
      "buyTax": null,
      "sellTax": null,
      "isInDex": false,
      "isHoneypot": false,
      "logo": "https://matcha-image-proxy.api.0x.org/images/8453/0x2d604fcba60053b44677b0022fdc24e16ab06a23"
    },
    {
      "address": "0x5c5b50a0abadd39c059049cbb47854d244e96c33",
      "chainId": 8453,
      "decimals": 18,
      "name": "Soph",
      "symbol": "Soph",
      "type": "ERC20",
      "issuer": {
        "name": "zora",
        "metadata": {}
      },
      "blockListsCount": 0,
      "exchangeListsCount": 0,
      "flagListsCount": 0,
      "importedListsCount": 0,
      "logo": "https://matcha-image-proxy.api.0x.org/images/8453/0x5c5b50a0abadd39c059049cbb47854d244e96c33"
    }
  ],
  "searchTime": "2025-12-30T01:58:23.301Z",
  "error": null
}