{
  "originalSymbol": "ENS",
  "originalFullName": "Ethereum Name Service",
  "searchedQuery": "ENS Ethereum Name Service",
  "retried": false,
  "isL1": false,
  "success": true,
  "tokenCount": 15,
  "resultCount": 10000,
  "tokens": [
    {
      "address": "0xeeeeeeeeeeeeeeeeeeeeeeeeeeeeeeeeeeeeeeee",
      "chainId": 8453,
      "decimals": 18,
      "name": "Ethereum",
      "symbol": "ETH",
      "type": "Native",
      "hasLogo": true,
      "blockListsCount": 0,
      "exchangeListsCount": 0,
      "flagListsCount": 0,
      "importedListsCount": 0,
      "transactionsHourly": 1256,
      "transactionsDaily": 42389,
      "transactionsWeekly": 581773,
      "transactionsMonthly": 2986961,
      "volumeUsdHourly": 136017.31704962367,
      "volumeUsdDaily": 6716085.416918305,
      "volumeUsdWeekly": 50948491.98742326,
      "volumeUsdMonthly": 284416385.80555266,
      "logo": "https://matcha-image-proxy.api.0x.org/images/8453/0xeeeeeeeeeeeeeeeeeeeeeeeeeeeeeeeeeeeeeeee"
    },
    {
      "address": "0xeeeeeeeeeeeeeeeeeeeeeeeeeeeeeeeeeeeeeeee",
      "chainId": 1,
      "decimals": 18,
      "name": "Ethereum",
      "symbol": "ETH",
      "type": "Native",
      "hasLogo": true,
      "blockListsCount": 0,
      "exchangeListsCount": 0,
      "flagListsCount": 0,
      "importedListsCount": 0,
      "transactionsHourly": 277,
      "transactionsDaily": 8103,
      "transactionsWeekly": 58854,
      "transactionsMonthly": 256541,
      "volumeUsdHourly": 232787.01188987217,
      "volumeUsdDaily": 14804088.852707256,
      "volumeUsdWeekly": 45867164.218499094,
      "volumeUsdMonthly": 297091769.97342896,
      "logo": "https://matcha-image-proxy.api.0x.org/images/1/0xeeeeeeeeeeeeeeeeeeeeeeeeeeeeeeeeeeeeeeee"
    },
    {
      "address": "0x833589fcd6edb6e08f4c7c32d4f71b54bda02913",
      "chainId": 8453,
      "decimals": 6,
      "name": "USD Coin",
      "symbol": "USDC",
      "type": "ERC20",
      "hasLogo": true,
      "issuer": {
        "name": "circle",
        "metadata": {}
      },
      "blockListsCount": 0,
      "exchangeListsCount": 0,
      "flagListsCount": 0,
      "importedListsCount": 3,
      "buyTax": 0,
      "sellTax": 0,
      "isInDex": true,
      "isHoneypot": false,
      "manualUnblock": false,
      "transactionsHourly": 2480,
      "transactionsDaily": 72410,
      "transactionsWeekly": 748173,
      "transactionsMonthly": 3410970,
      "volumeUsdHourly": 591007.6321069509,
      "volumeUsdDaily": 16256443.957940713,
      "volumeUsdWeekly": 108432873.46401526,
      "volumeUsdMonthly": 691127389.360701,
      "logo": "https://matcha-image-proxy.api.0x.org/images/8453/0x833589fcd6edb6e08f4c7c32d4f71b54bda02913",
      "isNativeUsdc": true
    },
    {
      "address": "0x2170ed0880ac9a755fd29b2688956bd959f933f8",
      "chainId": 56,
      "decimals": 18,
      "name": "Ethereum Token",
      "symbol": "ETH",
      "type": "ERC20",
      "hasLogo": true,
      "issuer": {
        "name": "binance",
        "metadata": {}
      },
      "blockListsCount": 0,
      "exchangeListsCount": 0,
      "flagListsCount": 0,
      "importedListsCount": 2,
      "buyTax": 0,
      "sellTax": 0,
      "isInDex": true,
      "isHoneypot": false,
      "manualUnblock": false,
      "transactionsHourly": 8,
      "transactionsDaily": 291,
      "transactionsWeekly": 1976,
      "transactionsMonthly": 9409,
      "volumeUsdHourly": 302.61589498260486,
      "volumeUsdDaily": 69761.94873377742,
      "volumeUsdWeekly": 706876.0285988552,
      "volumeUsdMonthly": 4792782.696221291,
      "logo": "https://matcha-image-proxy.api.0x.org/images/56/0x2170ed0880ac9a755fd29b2688956bd959f933f8"
    },
    {
      "address": "0xeeeeeeeeeeeeeeeeeeeeeeeeeeeeeeeeeeeeeeee",
      "chainId": 10,
      "decimals": 18,
      "name": "Ethereum",
      "symbol": "ETH",
      "type": "Native",
      "hasLogo": true,
      "blockListsCount": 0,
      "exchangeListsCount": 0,
      "flagListsCount": 0,
      "importedListsCount": 0,
      "transactionsHourly": 139,
      "transactionsDaily": 6018,
      "transactionsWeekly": 40685,
      "transactionsMonthly": 237467,
      "volumeUsdHourly": 1782.360822193715,
      "volumeUsdDaily": 119636.06606760908,
      "volumeUsdWeekly": 860160.409935014,
      "volumeUsdMonthly": 6752902.555188892,
      "logo": "https://matcha-image-proxy.api.0x.org/images/10/0xeeeeeeeeeeeeeeeeeeeeeeeeeeeeeeeeeeeeeeee"
    },
    {
      "address": "0xeeeeeeeeeeeeeeeeeeeeeeeeeeeeeeeeeeeeeeee",
      "chainId": 42161,
      "decimals": 18,
      "name": "Ethereum",
      "symbol": "ETH",
      "type": "Native",
      "hasLogo": true,
      "blockListsCount": 0,
      "exchangeListsCount": 0,
      "flagListsCount": 0,
      "importedListsCount": 0,
      "transactionsHourly": 61,
      "transactionsDaily": 1506,
      "transactionsWeekly": 15440,
      "transactionsMonthly": 87479,
      "volumeUsdHourly": 3397.476619716007,
      "volumeUsdDaily": 1081371.0260958087,
      "volumeUsdWeekly": 6539668.765227103,
      "volumeUsdMonthly": 37957829.30597014,
      "logo": "https://matcha-image-proxy.api.0x.org/images/42161/0xeeeeeeeeeeeeeeeeeeeeeeeeeeeeeeeeeeeeeeee"
    },
    {
      "address": "0xa0b86991c6218b36c1d19d4a2e9eb0ce3606eb48",
      "chainId": 1,
      "decimals": 6,
      "name": "USD Coin",
      "symbol": "USDC",
      "type": "ERC20",
      "hasLogo": true,
      "issuer": {
        "name": "circle",
        "metadata": {}
      },
      "blockListsCount": 0,
      "exchangeListsCount": 1,
      "flagListsCount": 0,
      "importedListsCount": 8,
      "buyTax": 0,
      "sellTax": 0,
      "isInDex": true,
      "isHoneypot": false,
      "manualUnblock": false,
      "transactionsHourly": 141,
      "transactionsDaily": 4160,
      "transactionsWeekly": 31483,
      "transactionsMonthly": 149773,
      "volumeUsdHourly": 622641.9045947444,
      "volumeUsdDaily": 18758262.16569803,
      "volumeUsdWeekly": 113595220.27101795,
      "volumeUsdMonthly": 729188376.1230068,
      "logo": "https://matcha-image-proxy.api.0x.org/images/1/0xa0b86991c6218b36c1d19d4a2e9eb0ce3606eb48",
      "isNativeUsdc": true
    },
    {
      "address": "0x754704bc059f8c67012fed69bc8a327a5aafb603",
      "chainId": 143,
      "decimals": 6,
      "name": "USDC",
      "symbol": "USDC",
      "type": "ERC20",
      "hasLogo": true,
      "issuer": {
        "name": "circle",
        "metadata": {}
      },
      "blockListsCount": 0,
      "exchangeListsCount": 0,
      "flagListsCount": 0,
      "importedListsCount": 3,
      "isHoneypot": false,
      "manualUnblock": false,
      "transactionsHourly": 55,
      "transactionsDaily": 1555,
      "transactionsWeekly": 11481,
      "transactionsMonthly": 115584,
      "volumeUsdHourly": 707356.1348688182,
      "volumeUsdDaily": 1944498.9073435904,
      "volumeUsdWeekly": 7370476.898497381,
      "volumeUsdMonthly": 64611454.54559621,
      "logo": "https://matcha-image-proxy.api.0x.org/images/143/0x754704bc059f8c67012fed69bc8a327a5aafb603",
      "isNativeUsdc": true
    },
    {
      "address": "0xeeeeeeeeeeeeeeeeeeeeeeeeeeeeeeeeeeeeeeee",
      "chainId": 56,
      "decimals": 18,
      "name": "BNB",
      "symbol": "BNB",
      "type": "Native",
      "hasLogo": true,
      "blockListsCount": 0,
      "exchangeListsCount": 0,
      "flagListsCount": 0,
      "importedListsCount": 0,
      "transactionsHourly": 287,
      "transactionsDaily": 9190,
      "transactionsWeekly": 56849,
      "transactionsMonthly": 306154,
      "volumeUsdHourly": 57227.489224341145,
      "volumeUsdDaily": 2125157.131270839,
      "volumeUsdWeekly": 11012494.516924333,
      "volumeUsdMonthly": 57247382.6367815,
      "logo": "https://matcha-image-proxy.api.0x.org/images/56/0xeeeeeeeeeeeeeeeeeeeeeeeeeeeeeeeeeeeeeeee"
    },
    {
      "address": "0xeeeeeeeeeeeeeeeeeeeeeeeeeeeeeeeeeeeeeeee",
      "chainId": 130,
      "decimals": 18,
      "name": "Ethereum",
      "symbol": "ETH",
      "type": "Native",
      "hasLogo": true,
      "blockListsCount": 0,
      "exchangeListsCount": 0,
      "flagListsCount": 0,
      "importedListsCount": 0,
      "transactionsHourly": 6,
      "transactionsDaily": 362,
      "transactionsWeekly": 5861,
      "transactionsMonthly": 28767,
      "volumeUsdHourly": 12.042022105840877,
      "volumeUsdDaily": 1963.032799713335,
      "volumeUsdWeekly": 116331.3119231748,
      "volumeUsdMonthly": 2552083.524540287,
      "logo": "https://matcha-image-proxy.api.0x.org/images/130/0xeeeeeeeeeeeeeeeeeeeeeeeeeeeeeeeeeeeeeeee"
    },
    {
      "address": "0xb97ef9ef8734c71904d8002f8b6bc66dd9c48a6e",
      "chainId": 43114,
      "decimals": 6,
      "name": "USD Coin",
      "symbol": "USDC",
      "type": "ERC20",
      "hasLogo": true,
      "issuer": {
        "name": "circle",
        "metadata": {}
      },
      "blockListsCount": 0,
      "exchangeListsCount": 0,
      "flagListsCount": 0,
      "importedListsCount": 2,
      "buyTax": null,
      "sellTax": null,
      "isInDex": true,
      "isHoneypot": false,
      "manualUnblock": false,
      "transactionsHourly": 29,
      "transactionsDaily": 723,
      "transactionsWeekly": 4983,
      "transactionsMonthly": 18742,
      "volumeUsdHourly": 1497.7161319070044,
      "volumeUsdDaily": 161774.1964680085,
      "volumeUsdWeekly": 777419.2495993831,
      "volumeUsdMonthly": 7715034.62763015,
      "logo": "https://matcha-image-proxy.api.0x.org/images/43114/0xb97ef9ef8734c71904d8002f8b6bc66dd9c48a6e",
      "isNativeUsdc": true
    },
    {
      "address": "0xc02aaa39b223fe8d0a0e5c4f27ead9083c756cc2",
      "chainId": 1,
      "decimals": 18,
      "name": "Wrapped Ether",
      "symbol": "WETH",
      "type": "ERC20",
      "hasLogo": true,
      "blockListsCount": 0,
      "exchangeListsCount": 0,
      "flagListsCount": 0,
      "importedListsCount": 7,
      "buyTax": 0,
      "sellTax": 0,
      "isInDex": true,
      "isHoneypot": false,
      "manualUnblock": false,
      "transactionsHourly": 9,
      "transactionsDaily": 573,
      "transactionsWeekly": 3724,
      "transactionsMonthly": 18414,
      "volumeUsdHourly": 294873.79454957595,
      "volumeUsdDaily": 3664248.503461464,
      "volumeUsdWeekly": 12194428.863153182,
      "volumeUsdMonthly": 142031009.69409007,
      "logo": "https://matcha-image-proxy.api.0x.org/images/1/0xc02aaa39b223fe8d0a0e5c4f27ead9083c756cc2"
    },
    {
      "address": "0xeeeeeeeeeeeeeeeeeeeeeeeeeeeeeeeeeeeeeeee",
      "chainId": 59144,
      "decimals": 18,
      "name": "Ethereum",
      "symbol": "ETH",
      "type": "Native",
      "hasLogo": true,
      "blockListsCount": 0,
      "exchangeListsCount": 0,
      "flagListsCount": 0,
      "importedListsCount": 0,
      "transactionsHourly": 4,
      "transactionsDaily": 82,
      "transactionsWeekly": 710,
      "transactionsMonthly": 3558,
      "volumeUsdHourly": 83.38318969641725,
      "volumeUsdDaily": 25369.250309397452,
      "volumeUsdWeekly": 268757.34248542105,
      "volumeUsdMonthly": 1149214.1850384504,
      "logo": "https://matcha-image-proxy.api.0x.org/images/59144/0xeeeeeeeeeeeeeeeeeeeeeeeeeeeeeeeeeeeeeeee"
    },
    {
      "address": "0x2f2a2543b76a4166549f7aab2e75bef0aefc5b0f",
      "chainId": 42161,
      "decimals": 8,
      "name": "Wrapped BTC",
      "symbol": "WBTC",
      "type": "ERC20",
      "hasLogo": true,
      "blockListsCount": 0,
      "exchangeListsCount": 0,
      "flagListsCount": 0,
      "importedListsCount": 2,
      "buyTax": 0,
      "sellTax": 0,
      "isInDex": true,
      "isHoneypot": false,
      "manualUnblock": false,
      "transactionsHourly": 8,
      "transactionsDaily": 178,
      "transactionsWeekly": 1025,
      "transactionsMonthly": 7157,
      "volumeUsdHourly": 4668.94043485208,
      "volumeUsdDaily": 1037364.292074276,
      "volumeUsdWeekly": 3748766.513084752,
      "volumeUsdMonthly": 22615258.880152155,
      "logo": "https://matcha-image-proxy.api.0x.org/images/42161/0x2f2a2543b76a4166549f7aab2e75bef0aefc5b0f"
    },
    {
      "address": "0x1af3f329e8be154074d8769d1ffa4ee058b1dbc3",
      "chainId": 56,
      "decimals": 18,
      "name": "Dai Token",
      "symbol": "DAI",
      "type": "ERC20",
      "hasLogo": true,
      "issuer": {
        "name": "binance",
        "metadata": {}
      },
      "blockListsCount": 0,
      "exchangeListsCount": 0,
      "flagListsCount": 0,
      "importedListsCount": 2,
      "buyTax": 0,
      "sellTax": 0,
      "isInDex": true,
      "isHoneypot": false,
      "manualUnblock": false,
      "transactionsHourly": 1,
      "transactionsDaily": 37,
      "transactionsWeekly": 276,
      "transactionsMonthly": 1282,
      "volumeUsdHourly": 0.282870597065549,
      "volumeUsdDaily": 42034.30310383126,
      "volumeUsdWeekly": 70140.21396442348,
      "volumeUsdMonthly": 420775.9664970556,
      "logo": "https://matcha-image-proxy.api.0x.org/images/56/0x1af3f329e8be154074d8769d1ffa4ee058b1dbc3"
    }
  ],
  "searchTime": "2025-12-30T01:58:10.493Z",
  "error": null
}