{
  "originalSymbol": "WAXP",
  "originalFullName": "WAX",
  "searchedQuery": "WAXP WAX",
  "retried": false,
  "isL1": false,
  "success": true,
  "tokenCount": 15,
  "resultCount": 1794,
  "tokens": [
    {
      "address": "0x4479d9e5816b8a77ca43b599b7f8bf8d8f927ad6",
      "chainId": 8453,
      "decimals": 18,
      "name": "WAXP WAX On Base",
      "symbol": "WAXP WAX On Base",
      "type": "ERC20",
      "blockListsCount": 0,
      "exchangeListsCount": 0,
      "flagListsCount": 0,
      "importedListsCount": 0,
      "logo": "https://matcha-image-proxy.api.0x.org/images/8453/0x4479d9e5816b8a77ca43b599b7f8bf8d8f927ad6"
    },
    {
      "address": "0x0bd975c04e99f837b35d5c9909efaf43b250a14e",
      "chainId": 56,
      "decimals": 9,
      "name": "WAXP WAX AI Presale v2",
      "symbol": "WAXP WAX AI Presale v2",
      "type": "ERC20",
      "blockListsCount": 0,
      "exchangeListsCount": 0,
      "flagListsCount": 0,
      "importedListsCount": 0,
      "logo": "https://matcha-image-proxy.api.0x.org/images/56/0x0bd975c04e99f837b35d5c9909efaf43b250a14e"
    },
    {
      "address": "0x2a79324c19ef2b89ea98b23bc669b7e7c9f8a517",
      "chainId": 1,
      "decimals": 8,
      "name": "WAXP Token",
      "symbol": "WAXP",
      "type": "ERC20",
      "hasLogo": true,
      "blockListsCount": 0,
      "exchangeListsCount": 0,
      "flagListsCount": 0,
      "importedListsCount": 2,
      "buyTax": 0,
      "sellTax": 0,
      "isInDex": true,
      "isHoneypot": false,
      "manualUnblock": false,
      "transactionsHourly": 1,
      "transactionsDaily": 1,
      "transactionsWeekly": 6,
      "transactionsMonthly": 21,
      "volumeUsdHourly": 116.138602585981,
      "volumeUsdDaily": 116.582048684504,
      "volumeUsdWeekly": 717.766043839289,
      "volumeUsdMonthly": 4762.461371287524,
      "logo": "https://matcha-image-proxy.api.0x.org/images/1/0x2a79324c19ef2b89ea98b23bc669b7e7c9f8a517"
    },
    {
      "address": "0x329d8f891b682d75792c7a25130f3230476641ec",
      "chainId": 130,
      "decimals": 18,
      "name": "Waxp 50x",
      "symbol": "Waxp 50x",
      "type": "ERC20",
      "blockListsCount": 1,
      "exchangeListsCount": 0,
      "flagListsCount": 1,
      "importedListsCount": 0,
      "manualUnblock": false,
      "logo": "https://matcha-image-proxy.api.0x.org/images/130/0x329d8f891b682d75792c7a25130f3230476641ec"
    },
    {
      "address": "0xb0624b483131fa8e6b6c2d5dc4c59c5700da7fd0",
      "chainId": 8453,
      "decimals": 18,
      "name": "WAXP WAX Perpetual",
      "symbol": "WAXPWA",
      "type": "ERC20",
      "blockListsCount": 0,
      "exchangeListsCount": 0,
      "flagListsCount": 0,
      "importedListsCount": 0,
      "logo": "https://matcha-image-proxy.api.0x.org/images/8453/0xb0624b483131fa8e6b6c2d5dc4c59c5700da7fd0"
    },
    {
      "address": "0x4d7e9c1f78be98d723555a84c28f80bcfcaff13c",
      "chainId": 8453,
      "decimals": 18,
      "name": "WAX (WAXP)",
      "symbol": "WAX (WAXP)",
      "type": "ERC20",
      "issuer": {
        "name": "zora",
        "metadata": {}
      },
      "blockListsCount": 0,
      "exchangeListsCount": 0,
      "flagListsCount": 0,
      "importedListsCount": 0,
      "logo": "https://matcha-image-proxy.api.0x.org/images/8453/0x4d7e9c1f78be98d723555a84c28f80bcfcaff13c"
    },
    {
      "address": "0x27cf096db452425c51daa356e7d9c574c75e8737",
      "chainId": 1,
      "decimals": 18,
      "name": "PATIC",
      "symbol": "PTC",
      "type": "ERC20",
      "hasLogo": true,
      "blockListsCount": 0,
      "exchangeListsCount": 0,
      "flagListsCount": 0,
      "importedListsCount": 2,
      "buyTax": 0,
      "sellTax": 0,
      "isInDex": true,
      "isHoneypot": false,
      "manualUnblock": false,
      "transactionsHourly": 1,
      "transactionsDaily": 1,
      "transactionsWeekly": 1,
      "transactionsMonthly": 15,
      "volumeUsdHourly": 210.591696227049,
      "volumeUsdDaily": 210.591696227049,
      "volumeUsdWeekly": 210.604749774667,
      "volumeUsdMonthly": 1784.0416869687274,
      "logo": "https://matcha-image-proxy.api.0x.org/images/1/0x27cf096db452425c51daa356e7d9c574c75e8737"
    },
    {
      "address": "0x4086e77c5e993fdb90a406285d00111a974f877a",
      "chainId": 1,
      "decimals": 4,
      "name": "Blockchain Brawlers Token",
      "symbol": "BRWL",
      "type": "ERC20",
      "hasLogo": true,
      "blockListsCount": 0,
      "exchangeListsCount": 0,
      "flagListsCount": 0,
      "importedListsCount": 2,
      "buyTax": 0,
      "sellTax": 0,
      "isInDex": true,
      "isHoneypot": false,
      "manualUnblock": false,
      "transactionsHourly": 1,
      "transactionsDaily": 1,
      "transactionsWeekly": 3,
      "transactionsMonthly": 7,
      "volumeUsdHourly": 59.9587384393519,
      "volumeUsdDaily": 59.9587384393519,
      "volumeUsdWeekly": 120.4939062744071,
      "volumeUsdMonthly": 259.21799890225736,
      "logo": "https://matcha-image-proxy.api.0x.org/images/1/0x4086e77c5e993fdb90a406285d00111a974f877a"
    },
    {
      "address": "0x688f11ad97d77bdd16b82b9fe902e7f914e4c8ab",
      "chainId": 10,
      "decimals": 18,
      "name": "waxp",
      "symbol": "waxp",
      "type": "ERC20",
      "blockListsCount": 0,
      "exchangeListsCount": 0,
      "flagListsCount": 0,
      "importedListsCount": 0,
      "buyTax": null,
      "sellTax": null,
      "isInDex": false,
      "isHoneypot": null,
      "logo": "https://matcha-image-proxy.api.0x.org/images/10/0x688f11ad97d77bdd16b82b9fe902e7f914e4c8ab"
    },
    {
      "address": "8tWDocXtpYrLcRFKkD26h9L5sWiigiH6vKfeLxehpump",
      "chainId": 1399811149,
      "decimals": 6,
      "name": "WAXP",
      "symbol": "WAXP",
      "type": "SPL-Token",
      "blockListsCount": 0,
      "exchangeListsCount": 0,
      "flagListsCount": 0,
      "importedListsCount": 0,
      "logo": "https://matcha-image-proxy.api.0x.org/images/1399811149/8tWDocXtpYrLcRFKkD26h9L5sWiigiH6vKfeLxehpump"
    },
    {
      "address": "0x9ebca39b1a795bb2fc7196bfb0949b92946a2ace",
      "chainId": 8453,
      "decimals": 18,
      "name": "WAXP",
      "symbol": "WAXP",
      "type": "ERC20",
      "blockListsCount": 0,
      "exchangeListsCount": 0,
      "flagListsCount": 0,
      "importedListsCount": 0,
      "logo": "https://matcha-image-proxy.api.0x.org/images/8453/0x9ebca39b1a795bb2fc7196bfb0949b92946a2ace"
    },
    {
      "address": "0x65da1dd36ab05d9d502bd073b584b64de8575087",
      "chainId": 56,
      "decimals": 18,
      "name": "WAXP",
      "symbol": "WAXP",
      "type": "ERC20",
      "blockListsCount": 0,
      "exchangeListsCount": 0,
      "flagListsCount": 0,
      "importedListsCount": 0,
      "buyTax": null,
      "sellTax": null,
      "isInDex": false,
      "isHoneypot": null,
      "logo": "https://matcha-image-proxy.api.0x.org/images/56/0x65da1dd36ab05d9d502bd073b584b64de8575087"
    },
    {
      "address": "0x3b895501635ebacd56a15d0ee2b5541bfd9e1852",
      "chainId": 56,
      "decimals": 18,
      "name": "WAXP",
      "symbol": "WAXP",
      "type": "ERC20",
      "blockListsCount": 0,
      "exchangeListsCount": 0,
      "flagListsCount": 0,
      "importedListsCount": 0,
      "buyTax": 0,
      "sellTax": 0,
      "isInDex": false,
      "isHoneypot": null,
      "logo": "https://matcha-image-proxy.api.0x.org/images/56/0x3b895501635ebacd56a15d0ee2b5541bfd9e1852"
    },
    {
      "address": "0x2e0001b04c877d27d4ff1ec726c0e2b94c01766d",
      "chainId": 56,
      "decimals": 18,
      "name": "WAXP",
      "symbol": "WAXP",
      "type": "ERC20",
      "blockListsCount": 0,
      "exchangeListsCount": 0,
      "flagListsCount": 0,
      "importedListsCount": 0,
      "buyTax": 0,
      "sellTax": 0,
      "isInDex": false,
      "isHoneypot": false,
      "logo": "https://matcha-image-proxy.api.0x.org/images/56/0x2e0001b04c877d27d4ff1ec726c0e2b94c01766d"
    },
    {
      "address": "0xe706402da2910cf1330c2637dc52127a9d903d92",
      "chainId": 56,
      "decimals": 18,
      "name": "WAXP",
      "symbol": "WAXP",
      "type": "ERC20",
      "blockListsCount": 0,
      "exchangeListsCount": 0,
      "flagListsCount": 0,
      "importedListsCount": 0,
      "buyTax": 0,
      "sellTax": 0,
      "isInDex": false,
      "isHoneypot": false,
      "logo": "https://matcha-image-proxy.api.0x.org/images/56/0xe706402da2910cf1330c2637dc52127a9d903d92"
    }
  ],
  "searchTime": "2025-12-30T01:56:34.322Z",
  "error": null
}