{
  "originalSymbol": "MVL",
  "originalFullName": "MVL",
  "searchedQuery": "MVL MVL",
  "retried": false,
  "isL1": false,
  "success": true,
  "tokenCount": 15,
  "resultCount": 760,
  "tokens": [
    {
      "address": "0xd3873dc4762480d5803f58d4296b26546eaa7489",
      "chainId": 130,
      "decimals": 18,
      "name": "MVL MVL",
      "symbol": "MVL MVL",
      "type": "ERC20",
      "blockListsCount": 0,
      "exchangeListsCount": 0,
      "flagListsCount": 0,
      "importedListsCount": 0,
      "logo": "https://matcha-image-proxy.api.0x.org/images/130/0xd3873dc4762480d5803f58d4296b26546eaa7489"
    },
    {
      "address": "0x47017fc7bbf490fd94ef4c31eb975521d1799c43",
      "chainId": 130,
      "decimals": 18,
      "name": "MVL MVL",
      "symbol": "MVL MVL",
      "type": "ERC20",
      "blockListsCount": 0,
      "exchangeListsCount": 0,
      "flagListsCount": 0,
      "importedListsCount": 0,
      "logo": "https://matcha-image-proxy.api.0x.org/images/130/0x47017fc7bbf490fd94ef4c31eb975521d1799c43"
    },
    {
      "address": "0x2f5ecc1afea5a13f76169160221989d6d8515f2a",
      "chainId": 130,
      "decimals": 18,
      "name": "MVL MVL",
      "symbol": "MVL MVL",
      "type": "ERC20",
      "blockListsCount": 0,
      "exchangeListsCount": 0,
      "flagListsCount": 0,
      "importedListsCount": 0,
      "logo": "https://matcha-image-proxy.api.0x.org/images/130/0x2f5ecc1afea5a13f76169160221989d6d8515f2a"
    },
    {
      "address": "0xc841bb9756433ae33c36fce63b4c4a121b14f44b",
      "chainId": 8453,
      "decimals": 9,
      "name": "MVL MVL - AI",
      "symbol": "MVL MVL - AI",
      "type": "ERC20",
      "blockListsCount": 0,
      "exchangeListsCount": 0,
      "flagListsCount": 0,
      "importedListsCount": 0,
      "buyTax": 0,
      "sellTax": 0,
      "isInDex": true,
      "isHoneypot": false,
      "logo": "https://matcha-image-proxy.api.0x.org/images/8453/0xc841bb9756433ae33c36fce63b4c4a121b14f44b"
    },
    {
      "address": "0xb40c0446ca63ad1f49f82b1c34e7499bc0cbedce",
      "chainId": 130,
      "decimals": 18,
      "name": "MVL MVL Unichain",
      "symbol": "MVL MVL Unichain",
      "type": "ERC20",
      "blockListsCount": 0,
      "exchangeListsCount": 0,
      "flagListsCount": 0,
      "importedListsCount": 0,
      "logo": "https://matcha-image-proxy.api.0x.org/images/130/0xb40c0446ca63ad1f49f82b1c34e7499bc0cbedce"
    },
    {
      "address": "0x6887be56362e544e23ec3f9e19edd6dadd6dc450",
      "chainId": 8453,
      "decimals": 18,
      "name": "MVL MVL Reserve",
      "symbol": "MVL MVL Reserve",
      "type": "ERC20",
      "blockListsCount": 0,
      "exchangeListsCount": 0,
      "flagListsCount": 0,
      "importedListsCount": 0,
      "logo": "https://matcha-image-proxy.api.0x.org/images/8453/0x6887be56362e544e23ec3f9e19edd6dadd6dc450"
    },
    {
      "address": "0x0438217a4457c778d86b50e773f1bd95112f5d8b",
      "chainId": 8453,
      "decimals": 18,
      "name": "MVL MVL AI",
      "symbol": "MVL MVL AI",
      "type": "ERC20",
      "blockListsCount": 0,
      "exchangeListsCount": 0,
      "flagListsCount": 0,
      "importedListsCount": 0,
      "logo": "https://matcha-image-proxy.api.0x.org/images/8453/0x0438217a4457c778d86b50e773f1bd95112f5d8b"
    },
    {
      "address": "0x6aecd270c07ad642efcdd62027d92cf2b993617c",
      "chainId": 130,
      "decimals": 18,
      "name": "MVL MVL AI",
      "symbol": "MVL MVL AI",
      "type": "ERC20",
      "blockListsCount": 0,
      "exchangeListsCount": 0,
      "flagListsCount": 0,
      "importedListsCount": 0,
      "logo": "https://matcha-image-proxy.api.0x.org/images/130/0x6aecd270c07ad642efcdd62027d92cf2b993617c"
    },
    {
      "address": "0x8b61bf3aa17cdea2d4ce5760be027140da7f62a0",
      "chainId": 130,
      "decimals": 18,
      "name": "MVL MVL V2",
      "symbol": "MVL MVL V2",
      "type": "ERC20",
      "blockListsCount": 0,
      "exchangeListsCount": 0,
      "flagListsCount": 0,
      "importedListsCount": 0,
      "logo": "https://matcha-image-proxy.api.0x.org/images/130/0x8b61bf3aa17cdea2d4ce5760be027140da7f62a0"
    },
    {
      "address": "0xe4a96278d906e8fd6fe478e221b7c70b8dbe47ef",
      "chainId": 8453,
      "decimals": 18,
      "name": "MVL MVL 2026",
      "symbol": "MVL MVL 20",
      "type": "ERC20",
      "blockListsCount": 0,
      "exchangeListsCount": 0,
      "flagListsCount": 0,
      "importedListsCount": 0,
      "logo": "https://matcha-image-proxy.api.0x.org/images/8453/0xe4a96278d906e8fd6fe478e221b7c70b8dbe47ef"
    },
    {
      "address": "0x050bf61c6ee3d7905088bfe8a83de621b398b226",
      "chainId": 8453,
      "decimals": 9,
      "name": "Trump - MVL MVL",
      "symbol": "Trump - MVL MVL",
      "type": "ERC20",
      "blockListsCount": 0,
      "exchangeListsCount": 0,
      "flagListsCount": 0,
      "importedListsCount": 0,
      "buyTax": 0,
      "sellTax": 0,
      "isInDex": true,
      "isHoneypot": false,
      "logo": "https://matcha-image-proxy.api.0x.org/images/8453/0x050bf61c6ee3d7905088bfe8a83de621b398b226"
    },
    {
      "address": "0x935602512fc758e0a066d62eaf629345b4549f50",
      "chainId": 8453,
      "decimals": 9,
      "name": "MVL MVL Red",
      "symbol": "MVL MVL Red",
      "type": "ERC20",
      "blockListsCount": 0,
      "exchangeListsCount": 0,
      "flagListsCount": 0,
      "importedListsCount": 0,
      "buyTax": 0,
      "sellTax": 0,
      "isInDex": true,
      "isHoneypot": false,
      "logo": "https://matcha-image-proxy.api.0x.org/images/8453/0x935602512fc758e0a066d62eaf629345b4549f50"
    },
    {
      "address": "0x3e11a66da976b26f048f87adcadd1981e1792e9f",
      "chainId": 8453,
      "decimals": 18,
      "name": "MVL MVL - Free",
      "symbol": "MVL MVL - Free",
      "type": "ERC20",
      "blockListsCount": 0,
      "exchangeListsCount": 0,
      "flagListsCount": 0,
      "importedListsCount": 0,
      "buyTax": 0,
      "sellTax": 0,
      "isInDex": true,
      "isHoneypot": false,
      "logo": "https://matcha-image-proxy.api.0x.org/images/8453/0x3e11a66da976b26f048f87adcadd1981e1792e9f"
    },
    {
      "address": "0x7f342b2ac473052980074993b16e5d79019362c9",
      "chainId": 8453,
      "decimals": 9,
      "name": "MVL MVL Mobile",
      "symbol": "MVL MVL Mobile",
      "type": "ERC20",
      "blockListsCount": 0,
      "exchangeListsCount": 0,
      "flagListsCount": 0,
      "importedListsCount": 0,
      "logo": "https://matcha-image-proxy.api.0x.org/images/8453/0x7f342b2ac473052980074993b16e5d79019362c9"
    },
    {
      "address": "0x0c524719b5f65600d5396365b481edf51b1c2bf6",
      "chainId": 8453,
      "decimals": 18,
      "name": "MVL MVL V3",
      "symbol": "MVL MVL V3",
      "type": "ERC20",
      "blockListsCount": 0,
      "exchangeListsCount": 0,
      "flagListsCount": 0,
      "importedListsCount": 0,
      "logo": "https://matcha-image-proxy.api.0x.org/images/8453/0x0c524719b5f65600d5396365b481edf51b1c2bf6"
    }
  ],
  "searchTime": "2025-12-30T01:57:52.330Z",
  "error": null
}