{
  "originalSymbol": "BLAST",
  "originalFullName": "Blast",
  "searchedQuery": "BLAST Blast",
  "retried": false,
  "isL1": false,
  "success": true,
  "tokenCount": 15,
  "resultCount": 10000,
  "tokens": [
    {
      "address": "0xeeeeeeeeeeeeeeeeeeeeeeeeeeeeeeeeeeeeeeee",
      "chainId": 81457,
      "decimals": 18,
      "name": "Ethereum",
      "symbol": "ETH",
      "type": "Native",
      "hasLogo": true,
      "blockListsCount": 0,
      "exchangeListsCount": 0,
      "flagListsCount": 0,
      "importedListsCount": 0,
      "transactionsHourly": 5,
      "transactionsDaily": 31,
      "transactionsWeekly": 71,
      "transactionsMonthly": 154,
      "volumeUsdHourly": 1.3069411039158696,
      "volumeUsdDaily": 22.538376958599283,
      "volumeUsdWeekly": 1701.4931738691505,
      "volumeUsdMonthly": 14835.503701791778,
      "logo": "https://matcha-image-proxy.api.0x.org/images/81457/0xeeeeeeeeeeeeeeeeeeeeeeeeeeeeeeeeeeeeeeee"
    },
    {
      "address": "0xb79dd08ea68a908a97220c76d19a6aa9cbde4376",
      "chainId": 8453,
      "decimals": 6,
      "name": "USD+",
      "symbol": "USD+",
      "type": "ERC20",
      "hasLogo": true,
      "blockListsCount": 0,
      "exchangeListsCount": 0,
      "flagListsCount": 0,
      "importedListsCount": 1,
      "buyTax": 0,
      "sellTax": 0,
      "isInDex": true,
      "isHoneypot": false,
      "manualUnblock": false,
      "transactionsHourly": 1,
      "transactionsDaily": 17,
      "transactionsWeekly": 1051,
      "transactionsMonthly": 8657,
      "volumeUsdHourly": 0.570678904397943,
      "volumeUsdDaily": 1389.165646200105,
      "volumeUsdWeekly": 42476.71276845297,
      "volumeUsdMonthly": 2430324.336427343,
      "logo": "https://matcha-image-proxy.api.0x.org/images/8453/0xb79dd08ea68a908a97220c76d19a6aa9cbde4376"
    },
    {
      "address": "0xa54942ccdeefe471ff747f738a921d3500862787",
      "chainId": 8453,
      "decimals": 18,
      "name": "Blast blast go",
      "symbol": "Blast blast go",
      "type": "ERC20",
      "issuer": {
        "name": "zora",
        "metadata": {}
      },
      "blockListsCount": 0,
      "exchangeListsCount": 0,
      "flagListsCount": 0,
      "importedListsCount": 0,
      "logo": "https://matcha-image-proxy.api.0x.org/images/8453/0xa54942ccdeefe471ff747f738a921d3500862787"
    },
    {
      "address": "0x4300000000000000000000000000000000000003",
      "chainId": 81457,
      "decimals": 18,
      "name": "USDB",
      "symbol": "USDB",
      "type": "ERC20",
      "hasLogo": true,
      "blockListsCount": 0,
      "exchangeListsCount": 0,
      "flagListsCount": 0,
      "importedListsCount": 1,
      "buyTax": null,
      "sellTax": null,
      "isInDex": false,
      "isHoneypot": false,
      "manualUnblock": false,
      "transactionsHourly": 1,
      "transactionsDaily": 1,
      "transactionsWeekly": 20,
      "transactionsMonthly": 78,
      "volumeUsdHourly": 88.1328764839355,
      "volumeUsdDaily": 89.3856957217528,
      "volumeUsdWeekly": 148.61899853708627,
      "volumeUsdMonthly": 185286.13343308403,
      "logo": "https://matcha-image-proxy.api.0x.org/images/81457/0x4300000000000000000000000000000000000003"
    },
    {
      "address": "0x37563c3c881c60b91997befde3f9d0bfbe41018b",
      "chainId": 130,
      "decimals": 18,
      "name": "Blast BLAST",
      "symbol": "Blast BLAST",
      "type": "ERC20",
      "blockListsCount": 0,
      "exchangeListsCount": 0,
      "flagListsCount": 0,
      "importedListsCount": 0,
      "logo": "https://matcha-image-proxy.api.0x.org/images/130/0x37563c3c881c60b91997befde3f9d0bfbe41018b"
    },
    {
      "address": "0xc16f1c480846420fc9b47291df9d402ac994c8da",
      "chainId": 130,
      "decimals": 18,
      "name": "Blast BLAST",
      "symbol": "Blast BLAST",
      "type": "ERC20",
      "blockListsCount": 0,
      "exchangeListsCount": 0,
      "flagListsCount": 0,
      "importedListsCount": 0,
      "logo": "https://matcha-image-proxy.api.0x.org/images/130/0xc16f1c480846420fc9b47291df9d402ac994c8da"
    },
    {
      "address": "0x1a2fc2ad4606c3a5f45275fc33971a2e4a385abb",
      "chainId": 130,
      "decimals": 18,
      "name": "Blast BLAST",
      "symbol": "Blast BLAST",
      "type": "ERC20",
      "blockListsCount": 0,
      "exchangeListsCount": 0,
      "flagListsCount": 0,
      "importedListsCount": 0,
      "logo": "https://matcha-image-proxy.api.0x.org/images/130/0x1a2fc2ad4606c3a5f45275fc33971a2e4a385abb"
    },
    {
      "address": "0x4823c57d7b08f50dd3ce80a094de6e6930734bfe",
      "chainId": 130,
      "decimals": 18,
      "name": "Blast BLAST",
      "symbol": "Blast BLAST",
      "type": "ERC20",
      "blockListsCount": 0,
      "exchangeListsCount": 0,
      "flagListsCount": 0,
      "importedListsCount": 0,
      "logo": "https://matcha-image-proxy.api.0x.org/images/130/0x4823c57d7b08f50dd3ce80a094de6e6930734bfe"
    },
    {
      "address": "0x87ef9330fa239d4ab87b4aef04363fab3d4a7d46",
      "chainId": 8453,
      "decimals": 9,
      "name": "Trump - Blast BLAST",
      "symbol": "Trump - Blast BLAST",
      "type": "ERC20",
      "blockListsCount": 0,
      "exchangeListsCount": 0,
      "flagListsCount": 0,
      "importedListsCount": 0,
      "buyTax": 0,
      "sellTax": 0,
      "isInDex": true,
      "isHoneypot": false,
      "logo": "https://matcha-image-proxy.api.0x.org/images/8453/0x87ef9330fa239d4ab87b4aef04363fab3d4a7d46"
    },
    {
      "address": "0x97412317f09874e22aa44fa746a0756c2da1c8fc",
      "chainId": 8453,
      "decimals": 9,
      "name": "Blast BLAST - AI",
      "symbol": "Blast BLAST - AI",
      "type": "ERC20",
      "blockListsCount": 0,
      "exchangeListsCount": 0,
      "flagListsCount": 0,
      "importedListsCount": 0,
      "buyTax": 0,
      "sellTax": 0,
      "isInDex": true,
      "isHoneypot": false,
      "logo": "https://matcha-image-proxy.api.0x.org/images/8453/0x97412317f09874e22aa44fa746a0756c2da1c8fc"
    },
    {
      "address": "0xa374f5e021349517dc1d87abf6468a65a6580fee",
      "chainId": 130,
      "decimals": 18,
      "name": "Blast BLAST V3",
      "symbol": "Blast BLAST V3",
      "type": "ERC20",
      "blockListsCount": 0,
      "exchangeListsCount": 0,
      "flagListsCount": 0,
      "importedListsCount": 0,
      "logo": "https://matcha-image-proxy.api.0x.org/images/130/0xa374f5e021349517dc1d87abf6468a65a6580fee"
    },
    {
      "address": "0x4961c2bdd28a62c3d53a6653137e0aae4deb6b86",
      "chainId": 8453,
      "decimals": 9,
      "name": "Blast BLAST Red",
      "symbol": "Blast BLAST Red",
      "type": "ERC20",
      "blockListsCount": 0,
      "exchangeListsCount": 0,
      "flagListsCount": 0,
      "importedListsCount": 0,
      "buyTax": 0,
      "sellTax": 0,
      "isInDex": true,
      "isHoneypot": false,
      "logo": "https://matcha-image-proxy.api.0x.org/images/8453/0x4961c2bdd28a62c3d53a6653137e0aae4deb6b86"
    },
    {
      "address": "0x0cee3cb997ae9c94428b301aafe83d84111dc00e",
      "chainId": 8453,
      "decimals": 18,
      "name": "Blast BLAST - Free",
      "symbol": "Blast BLAST - Free",
      "type": "ERC20",
      "blockListsCount": 0,
      "exchangeListsCount": 0,
      "flagListsCount": 0,
      "importedListsCount": 0,
      "buyTax": 0,
      "sellTax": 0,
      "isInDex": true,
      "isHoneypot": false,
      "logo": "https://matcha-image-proxy.api.0x.org/images/8453/0x0cee3cb997ae9c94428b301aafe83d84111dc00e"
    },
    {
      "address": "0x0d74805f20ed2edbc6ef5f1533c4b4f603402f89",
      "chainId": 130,
      "decimals": 18,
      "name": "Blast BLAST V2",
      "symbol": "Blast BLAST V2",
      "type": "ERC20",
      "blockListsCount": 0,
      "exchangeListsCount": 0,
      "flagListsCount": 0,
      "importedListsCount": 0,
      "logo": "https://matcha-image-proxy.api.0x.org/images/130/0x0d74805f20ed2edbc6ef5f1533c4b4f603402f89"
    },
    {
      "address": "0x235687b85ec38b6757e0a031ffe7d77288593953",
      "chainId": 130,
      "decimals": 18,
      "name": "Blast BLAST AI",
      "symbol": "Blast BLAST AI",
      "type": "ERC20",
      "blockListsCount": 0,
      "exchangeListsCount": 0,
      "flagListsCount": 0,
      "importedListsCount": 0,
      "logo": "https://matcha-image-proxy.api.0x.org/images/130/0x235687b85ec38b6757e0a031ffe7d77288593953"
    }
  ],
  "searchTime": "2025-12-30T01:56:52.306Z",
  "error": null
}