{
  "originalSymbol": "PENDLE",
  "originalFullName": "Pendle",
  "searchedQuery": "PENDLE Pendle",
  "retried": false,
  "isL1": false,
  "success": true,
  "tokenCount": 15,
  "resultCount": 3254,
  "tokens": [
    {
      "address": "0x0c880f6761f1af8d9aa9c466984b80dab9a8c9e8",
      "chainId": 42161,
      "decimals": 18,
      "name": "Pendle",
      "symbol": "PENDLE",
      "type": "ERC20",
      "hasLogo": true,
      "blockListsCount": 0,
      "exchangeListsCount": 0,
      "flagListsCount": 0,
      "importedListsCount": 2,
      "buyTax": 0,
      "sellTax": 0,
      "isInDex": true,
      "isHoneypot": false,
      "manualUnblock": false,
      "transactionsHourly": 2,
      "transactionsDaily": 195,
      "transactionsWeekly": 855,
      "transactionsMonthly": 2189,
      "volumeUsdHourly": 205.5659765901725,
      "volumeUsdDaily": 189054.0056429404,
      "volumeUsdWeekly": 574597.4344733419,
      "volumeUsdMonthly": 1305686.240605231,
      "logo": "https://matcha-image-proxy.api.0x.org/images/42161/0x0c880f6761f1af8d9aa9c466984b80dab9a8c9e8"
    },
    {
      "address": "0xa99f6e6785da0f5d6fb42495fe424bce029eeb3e",
      "chainId": 8453,
      "decimals": 18,
      "name": "Pendle",
      "symbol": "PENDLE",
      "type": "ERC20",
      "hasLogo": true,
      "blockListsCount": 0,
      "exchangeListsCount": 0,
      "flagListsCount": 0,
      "importedListsCount": 3,
      "buyTax": 0,
      "sellTax": 0,
      "isInDex": true,
      "isHoneypot": false,
      "manualUnblock": false,
      "transactionsHourly": 2,
      "transactionsDaily": 26,
      "transactionsWeekly": 970,
      "transactionsMonthly": 6124,
      "volumeUsdHourly": 302.6754625417401,
      "volumeUsdDaily": 1727.8962627948754,
      "volumeUsdWeekly": 30837.97276726394,
      "volumeUsdMonthly": 285099.5694968604,
      "logo": "https://matcha-image-proxy.api.0x.org/images/8453/0xa99f6e6785da0f5d6fb42495fe424bce029eeb3e"
    },
    {
      "address": "0x808507121b80c02388fad14726482e061b8da827",
      "chainId": 1,
      "decimals": 18,
      "name": "Pendle",
      "symbol": "PENDLE",
      "type": "ERC20",
      "hasLogo": true,
      "blockListsCount": 0,
      "exchangeListsCount": 1,
      "flagListsCount": 0,
      "importedListsCount": 4,
      "buyTax": 0,
      "sellTax": 0,
      "isInDex": true,
      "isHoneypot": false,
      "manualUnblock": false,
      "transactionsHourly": 1,
      "transactionsDaily": 18,
      "transactionsWeekly": 131,
      "transactionsMonthly": 563,
      "volumeUsdHourly": 87.5000544992231,
      "volumeUsdDaily": 155203.44091740146,
      "volumeUsdWeekly": 718304.8791119064,
      "volumeUsdMonthly": 1571981.2997401648,
      "logo": "https://matcha-image-proxy.api.0x.org/images/1/0x808507121b80c02388fad14726482e061b8da827"
    },
    {
      "address": "0x9d421417fa7801c026d2577dd5e3fdb03e03a304",
      "chainId": 8453,
      "decimals": 18,
      "name": "Pendle (PENDLE)",
      "symbol": "Pendle (PENDLE)",
      "type": "ERC20",
      "issuer": {
        "name": "zora",
        "metadata": {}
      },
      "blockListsCount": 0,
      "exchangeListsCount": 0,
      "flagListsCount": 0,
      "importedListsCount": 0,
      "logo": "https://matcha-image-proxy.api.0x.org/images/8453/0x9d421417fa7801c026d2577dd5e3fdb03e03a304"
    },
    {
      "address": "0xe3f165c7ab2d144b77fb1fef9ce35a0674916f8a",
      "chainId": 8453,
      "decimals": 18,
      "name": "What is Pendle (PENDLE)?...",
      "symbol": "What is Pendle (PENDLE)?...",
      "type": "ERC20",
      "issuer": {
        "name": "zora",
        "metadata": {}
      },
      "blockListsCount": 0,
      "exchangeListsCount": 0,
      "flagListsCount": 0,
      "importedListsCount": 0,
      "buyTax": 0,
      "sellTax": 0,
      "isInDex": true,
      "isHoneypot": false,
      "logo": "https://matcha-image-proxy.api.0x.org/images/8453/0xe3f165c7ab2d144b77fb1fef9ce35a0674916f8a"
    },
    {
      "address": "0xb3ed0a426155b79b898849803e3b36552f7ed507",
      "chainId": 56,
      "decimals": 18,
      "name": "Pendle",
      "symbol": "PENDLE",
      "type": "ERC20",
      "hasLogo": true,
      "blockListsCount": 0,
      "exchangeListsCount": 0,
      "flagListsCount": 0,
      "importedListsCount": 1,
      "buyTax": 0,
      "sellTax": 0,
      "isInDex": true,
      "isHoneypot": false,
      "manualUnblock": false,
      "transactionsHourly": 1,
      "transactionsDaily": 4,
      "transactionsWeekly": 36,
      "transactionsMonthly": 148,
      "volumeUsdHourly": 87.2432868541969,
      "volumeUsdDaily": 266.4341964130238,
      "volumeUsdWeekly": 2278.820424827397,
      "volumeUsdMonthly": 17819.961460015948,
      "logo": "https://matcha-image-proxy.api.0x.org/images/56/0xb3ed0a426155b79b898849803e3b36552f7ed507"
    },
    {
      "address": "0x643c4e15d7d62ad0abec4a9bd4b001aa3ef52d66",
      "chainId": 1,
      "decimals": 18,
      "name": "Syrup Token",
      "symbol": "SYRUP",
      "type": "ERC20",
      "hasLogo": true,
      "blockListsCount": 0,
      "exchangeListsCount": 0,
      "flagListsCount": 0,
      "importedListsCount": 3,
      "buyTax": 0,
      "sellTax": 0,
      "isInDex": true,
      "isHoneypot": false,
      "manualUnblock": false,
      "transactionsHourly": 1,
      "transactionsDaily": 7,
      "transactionsWeekly": 76,
      "transactionsMonthly": 420,
      "volumeUsdHourly": 1001.91629119825,
      "volumeUsdDaily": 3425.9711248136773,
      "volumeUsdWeekly": 386008.9215892959,
      "volumeUsdMonthly": 1435693.7946931496,
      "logo": "https://matcha-image-proxy.api.0x.org/images/1/0x643c4e15d7d62ad0abec4a9bd4b001aa3ef52d66"
    },
    {
      "address": "0x56e8bf47a013879c9525f12fbe49f1f0dadf1336",
      "chainId": 8453,
      "decimals": 18,
      "name": "@Here's the Analysis of #PENDLE :#PENDLE flipped the major area",
      "symbol": "@Here's the Analysis of #PENDLE :#PENDLE flipped the major area",
      "type": "ERC20",
      "issuer": {
        "name": "zora",
        "metadata": {}
      },
      "blockListsCount": 0,
      "exchangeListsCount": 0,
      "flagListsCount": 0,
      "importedListsCount": 0,
      "logo": "https://matcha-image-proxy.api.0x.org/images/8453/0x56e8bf47a013879c9525f12fbe49f1f0dadf1336"
    },
    {
      "address": "0x688aee022aa544f150678b8e5720b6b96a9e9a2f",
      "chainId": 8453,
      "decimals": 18,
      "name": "Syrup Token",
      "symbol": "SYRUP",
      "type": "ERC20",
      "hasLogo": true,
      "blockListsCount": 0,
      "exchangeListsCount": 0,
      "flagListsCount": 0,
      "importedListsCount": 1,
      "buyTax": 0,
      "sellTax": 0,
      "isInDex": true,
      "isHoneypot": false,
      "manualUnblock": false,
      "transactionsHourly": 1,
      "transactionsDaily": 7,
      "transactionsWeekly": 45,
      "transactionsMonthly": 224,
      "volumeUsdHourly": 22.823720235143,
      "volumeUsdDaily": 7177.748050055882,
      "volumeUsdWeekly": 13872.285505905656,
      "volumeUsdMonthly": 34640.00655269925,
      "logo": "https://matcha-image-proxy.api.0x.org/images/8453/0x688aee022aa544f150678b8e5720b6b96a9e9a2f"
    },
    {
      "address": "0xc43c6bfeda065fe2c4c11765bf838789bd0bb5de",
      "chainId": 1,
      "decimals": 18,
      "name": "Redstone",
      "symbol": "RED",
      "type": "ERC20",
      "hasLogo": true,
      "blockListsCount": 0,
      "exchangeListsCount": 0,
      "flagListsCount": 0,
      "importedListsCount": 3,
      "buyTax": 0,
      "sellTax": 0,
      "isInDex": true,
      "isHoneypot": false,
      "manualUnblock": false,
      "transactionsHourly": 1,
      "transactionsDaily": 16,
      "transactionsWeekly": 32,
      "transactionsMonthly": 132,
      "volumeUsdHourly": 476.726816859568,
      "volumeUsdDaily": 1522.5307918952913,
      "volumeUsdWeekly": 5373.157942959159,
      "volumeUsdMonthly": 40081.70412267077,
      "logo": "https://matcha-image-proxy.api.0x.org/images/1/0xc43c6bfeda065fe2c4c11765bf838789bd0bb5de"
    },
    {
      "address": "0x5086bf358635b81d8c47c66d1c8b9e567db70c72",
      "chainId": 1,
      "decimals": 18,
      "name": "Re Protocol Deposit Token",
      "symbol": "reUSD",
      "type": "ERC20",
      "hasLogo": true,
      "blockListsCount": 0,
      "exchangeListsCount": 0,
      "flagListsCount": 0,
      "importedListsCount": 2,
      "buyTax": 0,
      "sellTax": 0,
      "isInDex": false,
      "isHoneypot": false,
      "manualUnblock": false,
      "transactionsHourly": 2,
      "transactionsDaily": 4,
      "transactionsWeekly": 23,
      "transactionsMonthly": 55,
      "volumeUsdHourly": 319.8417168561214,
      "volumeUsdDaily": 10372.160246043242,
      "volumeUsdWeekly": 90659.19088313315,
      "volumeUsdMonthly": 241119.58528368696,
      "logo": "https://matcha-image-proxy.api.0x.org/images/1/0x5086bf358635b81d8c47c66d1c8b9e567db70c72"
    },
    {
      "address": "0x701aab8cf8da5bd6456458b479e68bde1bbe8cca",
      "chainId": 8453,
      "decimals": 9,
      "name": "Pendle PENDLE",
      "symbol": "Pendle PENDLE",
      "type": "ERC20",
      "blockListsCount": 0,
      "exchangeListsCount": 0,
      "flagListsCount": 0,
      "importedListsCount": 0,
      "buyTax": 0,
      "sellTax": 0,
      "isInDex": true,
      "isHoneypot": false,
      "logo": "https://matcha-image-proxy.api.0x.org/images/8453/0x701aab8cf8da5bd6456458b479e68bde1bbe8cca"
    },
    {
      "address": "0xf32216d8e13d8c1def7739e72db7676dddb223a4",
      "chainId": 130,
      "decimals": 18,
      "name": "Pendle PENDLE",
      "symbol": "Pendle PENDLE",
      "type": "ERC20",
      "blockListsCount": 0,
      "exchangeListsCount": 0,
      "flagListsCount": 0,
      "importedListsCount": 0,
      "logo": "https://matcha-image-proxy.api.0x.org/images/130/0xf32216d8e13d8c1def7739e72db7676dddb223a4"
    },
    {
      "address": "0x215e7fcb45ebd040da0c379ebae5e273ebe5c181",
      "chainId": 130,
      "decimals": 18,
      "name": "Pendle PENDLE",
      "symbol": "Pendle PENDLE",
      "type": "ERC20",
      "blockListsCount": 0,
      "exchangeListsCount": 0,
      "flagListsCount": 0,
      "importedListsCount": 0,
      "logo": "https://matcha-image-proxy.api.0x.org/images/130/0x215e7fcb45ebd040da0c379ebae5e273ebe5c181"
    },
    {
      "address": "0x1e0f80751c8cc47f7d113d1ddad42e3a09eddf14",
      "chainId": 130,
      "decimals": 18,
      "name": "Pendle PENDLE",
      "symbol": "Pendle PENDLE",
      "type": "ERC20",
      "blockListsCount": 0,
      "exchangeListsCount": 0,
      "flagListsCount": 0,
      "importedListsCount": 0,
      "logo": "https://matcha-image-proxy.api.0x.org/images/130/0x1e0f80751c8cc47f7d113d1ddad42e3a09eddf14"
    }
  ],
  "searchTime": "2025-12-30T01:57:35.310Z",
  "error": null
}