{
  "originalSymbol": "GRT",
  "originalFullName": "The Graph",
  "searchedQuery": "GRT The Graph",
  "retried": false,
  "isL1": false,
  "success": true,
  "tokenCount": 15,
  "resultCount": 10000,
  "tokens": [
    {
      "address": "0xc944e90c64b2c07662a292be6244bdf05cda44a7",
      "chainId": 1,
      "decimals": 18,
      "name": "Graph Token",
      "symbol": "GRT",
      "type": "ERC20",
      "hasLogo": true,
      "blockListsCount": 0,
      "exchangeListsCount": 1,
      "flagListsCount": 0,
      "importedListsCount": 5,
      "buyTax": 0,
      "sellTax": 0,
      "isInDex": true,
      "isHoneypot": false,
      "manualUnblock": false,
      "transactionsHourly": 1,
      "transactionsDaily": 11,
      "transactionsWeekly": 90,
      "transactionsMonthly": 358,
      "volumeUsdHourly": 0.445271535747494,
      "volumeUsdDaily": 2444.1873236002575,
      "volumeUsdWeekly": 27498.979387125062,
      "volumeUsdMonthly": 106961.93739176686,
      "logo": "https://matcha-image-proxy.api.0x.org/images/1/0xc944e90c64b2c07662a292be6244bdf05cda44a7"
    },
    {
      "address": "0x3ad8539cf0e010c77d276fb197061ac613511cae",
      "chainId": 8453,
      "decimals": 18,
      "name": "Lightspeed to the Moon!!!",
      "symbol": "MOON",
      "type": "ERC20",
      "hasLogo": true,
      "issuer": {
        "name": "zora",
        "metadata": {}
      },
      "blockListsCount": 0,
      "exchangeListsCount": 0,
      "flagListsCount": 0,
      "importedListsCount": 1,
      "isHoneypot": false,
      "manualUnblock": false,
      "transactionsHourly": 1,
      "transactionsDaily": 70,
      "transactionsWeekly": 291,
      "transactionsMonthly": 1478,
      "volumeUsdHourly": 1.99963875664594,
      "volumeUsdDaily": 2880.52199190406,
      "volumeUsdWeekly": 9459.407311678984,
      "volumeUsdMonthly": 158266.6338001541,
      "logo": "https://matcha-image-proxy.api.0x.org/images/8453/0x3ad8539cf0e010c77d276fb197061ac613511cae"
    },
    {
      "address": "0xb8d59c7b33054beda610b2b2d38ea38694cdfabd",
      "chainId": 8453,
      "decimals": 18,
      "name": "Midas The Minotaur",
      "symbol": "MIDAS",
      "type": "ERC20",
      "hasLogo": true,
      "blockListsCount": 0,
      "exchangeListsCount": 0,
      "flagListsCount": 0,
      "importedListsCount": 1,
      "buyTax": 0.02,
      "sellTax": 0.02,
      "isInDex": true,
      "isHoneypot": false,
      "manualUnblock": false,
      "transactionsHourly": 15,
      "transactionsDaily": 259,
      "transactionsWeekly": 962,
      "transactionsMonthly": 7434,
      "volumeUsdHourly": 1215.9201102053498,
      "volumeUsdDaily": 51543.45062798037,
      "volumeUsdWeekly": 237292.74202082257,
      "volumeUsdMonthly": 1784899.976618278,
      "logo": "https://matcha-image-proxy.api.0x.org/images/8453/0xb8d59c7b33054beda610b2b2d38ea38694cdfabd"
    },
    {
      "address": "0x9623063377ad1b27544c965ccd7342f7ea7e88c7",
      "chainId": 42161,
      "decimals": 18,
      "name": "Graph Token",
      "symbol": "GRT",
      "type": "ERC20",
      "hasLogo": true,
      "blockListsCount": 0,
      "exchangeListsCount": 0,
      "flagListsCount": 0,
      "importedListsCount": 2,
      "buyTax": 0,
      "sellTax": 0,
      "isInDex": true,
      "isHoneypot": false,
      "manualUnblock": false,
      "transactionsHourly": 1,
      "transactionsDaily": 8,
      "transactionsWeekly": 63,
      "transactionsMonthly": 392,
      "volumeUsdHourly": 27.2154409382225,
      "volumeUsdDaily": 494.23611980898346,
      "volumeUsdWeekly": 31236.057357915368,
      "volumeUsdMonthly": 183583.9449301182,
      "logo": "https://matcha-image-proxy.api.0x.org/images/42161/0x9623063377ad1b27544c965ccd7342f7ea7e88c7"
    },
    {
      "address": "0x193b345da20673e2b5fd970c73773338c912d5e5",
      "chainId": 8453,
      "decimals": 18,
      "name": "Jelly the Crab",
      "symbol": "jellythecrab",
      "type": "ERC20",
      "issuer": {
        "name": "zora",
        "metadata": {}
      },
      "blockListsCount": 0,
      "exchangeListsCount": 0,
      "flagListsCount": 0,
      "importedListsCount": 0,
      "isHoneypot": false,
      "transactionsHourly": 7,
      "transactionsDaily": 118,
      "transactionsWeekly": 2003,
      "transactionsMonthly": 2991,
      "volumeUsdHourly": 63.13529133768913,
      "volumeUsdDaily": 11426.285738503,
      "volumeUsdWeekly": 188340.171427217,
      "volumeUsdMonthly": 220912.0798944563,
      "logo": "https://matcha-image-proxy.api.0x.org/images/8453/0x193b345da20673e2b5fd970c73773338c912d5e5"
    },
    {
      "address": "0x0c03ce270b4826ec62e7dd007f0b716068639f7b",
      "chainId": 8453,
      "decimals": 18,
      "name": "The Innovation Game",
      "symbol": "TIG",
      "type": "ERC20",
      "hasLogo": true,
      "blockListsCount": 0,
      "exchangeListsCount": 0,
      "flagListsCount": 0,
      "importedListsCount": 1,
      "buyTax": 0,
      "sellTax": 0,
      "isInDex": true,
      "isHoneypot": false,
      "manualUnblock": false,
      "transactionsHourly": 1,
      "transactionsDaily": 21,
      "transactionsWeekly": 186,
      "transactionsMonthly": 1171,
      "volumeUsdHourly": 1064.30724231259,
      "volumeUsdDaily": 12294.668528842809,
      "volumeUsdWeekly": 79933.72725340759,
      "volumeUsdMonthly": 498286.3063685347,
      "logo": "https://matcha-image-proxy.api.0x.org/images/8453/0x0c03ce270b4826ec62e7dd007f0b716068639f7b"
    },
    {
      "address": "CeA852YrDzw8nafNq7SgDzCRCp96SzZKnRAqy1ueBEV1",
      "chainId": 1399811149,
      "decimals": 6,
      "name": "The Poke Kid",
      "symbol": "Avery",
      "type": "SPL-Token",
      "blockListsCount": 0,
      "exchangeListsCount": 0,
      "flagListsCount": 0,
      "importedListsCount": 0,
      "transactionsDaily": 2215,
      "transactionsWeekly": 2215,
      "transactionsMonthly": 2215,
      "volumeUsdDaily": 2254313.6374787265,
      "volumeUsdWeekly": 2254313.6374787265,
      "volumeUsdMonthly": 2254313.6374787265,
      "logo": "https://matcha-image-proxy.api.0x.org/images/1399811149/CeA852YrDzw8nafNq7SgDzCRCp96SzZKnRAqy1ueBEV1"
    },
    {
      "address": "9hsWFA1tdN4EkNUFJQ4ZFDBX9NAJ1CA1sPQwz4DV99rC",
      "chainId": 1399811149,
      "decimals": 6,
      "name": "The Poke Kid",
      "symbol": "Avery",
      "type": "SPL-Token",
      "blockListsCount": 0,
      "exchangeListsCount": 0,
      "flagListsCount": 0,
      "importedListsCount": 0,
      "transactionsDaily": 2194,
      "transactionsWeekly": 2194,
      "transactionsMonthly": 2194,
      "volumeUsdDaily": 1771896.7672194252,
      "volumeUsdWeekly": 1771896.7672194252,
      "volumeUsdMonthly": 1771896.7672194252,
      "logo": "https://matcha-image-proxy.api.0x.org/images/1399811149/9hsWFA1tdN4EkNUFJQ4ZFDBX9NAJ1CA1sPQwz4DV99rC"
    },
    {
      "address": "0x55ff51da774b8ce0ed1abaed1cb76236bc6b2f16",
      "chainId": 8453,
      "decimals": 18,
      "name": "Voice of the Gods by Virtuals",
      "symbol": "ADM",
      "type": "ERC20",
      "hasLogo": true,
      "blockListsCount": 0,
      "exchangeListsCount": 0,
      "flagListsCount": 0,
      "importedListsCount": 1,
      "buyTax": null,
      "sellTax": null,
      "isInDex": true,
      "isHoneypot": false,
      "manualUnblock": false,
      "transactionsHourly": 1,
      "transactionsDaily": 25,
      "transactionsWeekly": 171,
      "transactionsMonthly": 979,
      "volumeUsdHourly": 13.9983288371011,
      "volumeUsdDaily": 10132.043721543949,
      "volumeUsdWeekly": 46361.13013772814,
      "volumeUsdMonthly": 460318.4407578569,
      "logo": "https://matcha-image-proxy.api.0x.org/images/8453/0x55ff51da774b8ce0ed1abaed1cb76236bc6b2f16"
    },
    {
      "address": "0x0c37e7af16b89441f495cc17dffff8d7afdaeae4",
      "chainId": 8453,
      "decimals": 18,
      "name": "I AM THE CAPTAIN NOW",
      "symbol": "I AM THE CAPTAIN NOW",
      "type": "ERC20",
      "issuer": {
        "name": "zora",
        "metadata": {}
      },
      "blockListsCount": 0,
      "exchangeListsCount": 0,
      "flagListsCount": 0,
      "importedListsCount": 0,
      "isHoneypot": false,
      "transactionsHourly": 2,
      "transactionsDaily": 118,
      "transactionsWeekly": 767,
      "transactionsMonthly": 767,
      "volumeUsdHourly": 0.7519845621066911,
      "volumeUsdDaily": 2508.1020052442673,
      "volumeUsdWeekly": 24213.00618179726,
      "volumeUsdMonthly": 24213.00618179726,
      "logo": "https://matcha-image-proxy.api.0x.org/images/8453/0x0c37e7af16b89441f495cc17dffff8d7afdaeae4"
    },
    {
      "address": "0x67b725d7e342d7b611fa85e859df9697d9378b2e",
      "chainId": 56,
      "decimals": 18,
      "name": "The Sandbox",
      "symbol": "SAND",
      "type": "ERC20",
      "hasLogo": true,
      "issuer": {
        "name": "binance",
        "metadata": {}
      },
      "blockListsCount": 0,
      "exchangeListsCount": 0,
      "flagListsCount": 0,
      "importedListsCount": 0,
      "buyTax": 0,
      "sellTax": 0,
      "isInDex": true,
      "isHoneypot": false,
      "transactionsHourly": 1,
      "transactionsDaily": 6,
      "transactionsWeekly": 25,
      "transactionsMonthly": 149,
      "volumeUsdHourly": 0.542593144951243,
      "volumeUsdDaily": 110.41682652793315,
      "volumeUsdWeekly": 1121.6115181799994,
      "volumeUsdMonthly": 7419.890959740599,
      "logo": "https://matcha-image-proxy.api.0x.org/images/56/0x67b725d7e342d7b611fa85e859df9697d9378b2e"
    },
    {
      "address": "0x13687f390111a243382efe796f383dfdda2848e2",
      "chainId": 8453,
      "decimals": 18,
      "name": "WE ARE THE MEDIA",
      "symbol": "WE ARE THE MEDIA",
      "type": "ERC20",
      "issuer": {
        "name": "zora",
        "metadata": {}
      },
      "blockListsCount": 0,
      "exchangeListsCount": 0,
      "flagListsCount": 0,
      "importedListsCount": 0,
      "isHoneypot": false,
      "transactionsHourly": 2,
      "transactionsDaily": 286,
      "transactionsWeekly": 286,
      "transactionsMonthly": 286,
      "volumeUsdHourly": 0.02999472604646532,
      "volumeUsdDaily": 5530.461973885609,
      "volumeUsdWeekly": 5530.461973885609,
      "volumeUsdMonthly": 5530.461973885609,
      "logo": "https://matcha-image-proxy.api.0x.org/images/8453/0x13687f390111a243382efe796f383dfdda2848e2"
    },
    {
      "address": "0x3489256febdb1dc930dc3743617ad387cd6d3568",
      "chainId": 8453,
      "decimals": 18,
      "name": "GraphAI",
      "symbol": "GAI",
      "type": "ERC20",
      "hasLogo": true,
      "blockListsCount": 0,
      "exchangeListsCount": 0,
      "flagListsCount": 0,
      "importedListsCount": 1,
      "buyTax": 0,
      "sellTax": 0,
      "isInDex": true,
      "isHoneypot": false,
      "manualUnblock": false,
      "transactionsHourly": 7,
      "transactionsDaily": 41,
      "transactionsWeekly": 217,
      "transactionsMonthly": 2497,
      "volumeUsdHourly": 174.0489368356716,
      "volumeUsdDaily": 7133.702837530264,
      "volumeUsdWeekly": 30723.884196425024,
      "volumeUsdMonthly": 848188.0314838705,
      "logo": "https://matcha-image-proxy.api.0x.org/images/8453/0x3489256febdb1dc930dc3743617ad387cd6d3568"
    },
    {
      "address": "0x45510db2481353178db5abb87c96805fadad0724",
      "chainId": 1,
      "decimals": 18,
      "name": "FUCK THE MATRIX",
      "symbol": "FTMX",
      "type": "ERC20",
      "hasLogo": true,
      "blockListsCount": 0,
      "exchangeListsCount": 0,
      "flagListsCount": 0,
      "importedListsCount": 2,
      "buyTax": 0,
      "sellTax": 0,
      "isInDex": true,
      "isHoneypot": false,
      "manualUnblock": false,
      "transactionsHourly": 1,
      "transactionsDaily": 7,
      "transactionsWeekly": 126,
      "transactionsMonthly": 330,
      "volumeUsdHourly": 23.3840709940118,
      "volumeUsdDaily": 1662.7294031806248,
      "volumeUsdWeekly": 30136.603112669814,
      "volumeUsdMonthly": 102663.69302961872,
      "logo": "https://matcha-image-proxy.api.0x.org/images/1/0x45510db2481353178db5abb87c96805fadad0724"
    },
    {
      "address": "0xafb89a09d82fbde58f18ac6437b3fc81724e4df6",
      "chainId": 8453,
      "decimals": 18,
      "name": "The Doge NFT",
      "symbol": "DOG",
      "type": "ERC20",
      "hasLogo": true,
      "blockListsCount": 0,
      "exchangeListsCount": 0,
      "flagListsCount": 0,
      "importedListsCount": 2,
      "buyTax": 0,
      "sellTax": 0,
      "isInDex": true,
      "isHoneypot": false,
      "manualUnblock": false,
      "transactionsHourly": 1,
      "transactionsDaily": 27,
      "transactionsWeekly": 236,
      "transactionsMonthly": 811,
      "volumeUsdHourly": 0.0343761428234304,
      "volumeUsdDaily": 818.7176664207917,
      "volumeUsdWeekly": 1109.256269225211,
      "volumeUsdMonthly": 4303.449351721485,
      "logo": "https://matcha-image-proxy.api.0x.org/images/8453/0xafb89a09d82fbde58f18ac6437b3fc81724e4df6"
    }
  ],
  "searchTime": "2025-12-30T01:58:11.321Z",
  "error": null
}