{
  "originalSymbol": "SOL",
  "originalFullName": "Solana",
  "searchedQuery": "SOL Solana",
  "retried": true,
  "isL1": true,
  "success": true,
  "tokenCount": 15,
  "resultCount": 10000,
  "tokens": [
    {
      "address": "0x570a5d26f7765ecb712c0924e4de545b89fd43df",
      "chainId": 56,
      "decimals": 18,
      "name": "SOLANA",
      "symbol": "SOL",
      "type": "ERC20",
      "hasLogo": true,
      "issuer": {
        "name": "binance",
        "metadata": {}
      },
      "blockListsCount": 0,
      "exchangeListsCount": 0,
      "flagListsCount": 0,
      "importedListsCount": 1,
      "buyTax": 0,
      "sellTax": 0,
      "isInDex": true,
      "isHoneypot": false,
      "manualUnblock": false,
      "transactionsHourly": 1,
      "transactionsDaily": 43,
      "transactionsWeekly": 383,
      "transactionsMonthly": 2119,
      "volumeUsdHourly": 8.37457442721959,
      "volumeUsdDaily": 22259.56046229122,
      "volumeUsdWeekly": 129344.4119846561,
      "volumeUsdMonthly": 573505.4597891921,
      "logo": "https://matcha-image-proxy.api.0x.org/images/56/0x570a5d26f7765ecb712c0924e4de545b89fd43df"
    },
    {
      "address": "0x311935cd80b76769bf2ecc9d8ab7635b2139cf82",
      "chainId": 8453,
      "decimals": 9,
      "name": "Solana",
      "symbol": "SOL",
      "type": "ERC20",
      "hasLogo": true,
      "blockListsCount": 0,
      "exchangeListsCount": 0,
      "flagListsCount": 0,
      "importedListsCount": 1,
      "isHoneypot": false,
      "manualUnblock": false,
      "transactionsHourly": 2,
      "transactionsDaily": 242,
      "transactionsWeekly": 2069,
      "transactionsMonthly": 45199,
      "volumeUsdHourly": 5.95776057478425,
      "volumeUsdDaily": 167499.0695801238,
      "volumeUsdWeekly": 532096.617278796,
      "volumeUsdMonthly": 11410494.94516922,
      "logo": "https://matcha-image-proxy.api.0x.org/images/8453/0x311935cd80b76769bf2ecc9d8ab7635b2139cf82"
    },
    {
      "address": "0x9b8df6e244526ab5f6e6400d331db28c8fdddb55",
      "chainId": 8453,
      "decimals": 18,
      "name": "Solana (Universal)",
      "symbol": "uSOL",
      "type": "ERC20",
      "hasLogo": true,
      "blockListsCount": 0,
      "exchangeListsCount": 0,
      "flagListsCount": 0,
      "importedListsCount": 1,
      "buyTax": 0,
      "sellTax": 0,
      "isInDex": true,
      "isHoneypot": false,
      "manualUnblock": false,
      "transactionsHourly": 1,
      "transactionsDaily": 87,
      "transactionsWeekly": 461,
      "transactionsMonthly": 2286,
      "volumeUsdHourly": 14.2367093226215,
      "volumeUsdDaily": 99996.52474080712,
      "volumeUsdWeekly": 267087.188239129,
      "volumeUsdMonthly": 1354256.4531264736,
      "logo": "https://matcha-image-proxy.api.0x.org/images/8453/0x9b8df6e244526ab5f6e6400d331db28c8fdddb55"
    },
    {
      "address": "0x4a0c64af541439898448659aedcec8e8e819fc53",
      "chainId": 8453,
      "decimals": 18,
      "name": "Ponke",
      "symbol": "PONKE",
      "type": "ERC20",
      "hasLogo": true,
      "blockListsCount": 0,
      "exchangeListsCount": 0,
      "flagListsCount": 0,
      "importedListsCount": 1,
      "buyTax": 0,
      "sellTax": 0,
      "isInDex": true,
      "isHoneypot": false,
      "manualUnblock": false,
      "transactionsHourly": 8,
      "transactionsDaily": 126,
      "transactionsWeekly": 1100,
      "transactionsMonthly": 4125,
      "volumeUsdHourly": 7.987898611077407,
      "volumeUsdDaily": 12940.691129923547,
      "volumeUsdWeekly": 16876.772739692533,
      "volumeUsdMonthly": 47239.53233592334,
      "logo": "https://matcha-image-proxy.api.0x.org/images/8453/0x4a0c64af541439898448659aedcec8e8e819fc53"
    },
    {
      "address": "0x2f6c17fa9f9bc3600346ab4e48c0701e1d5962ae",
      "chainId": 8453,
      "decimals": 18,
      "name": "Based Fartcoin",
      "symbol": "Fartcoin",
      "type": "ERC20",
      "hasLogo": true,
      "blockListsCount": 0,
      "exchangeListsCount": 0,
      "flagListsCount": 0,
      "importedListsCount": 1,
      "buyTax": 0,
      "sellTax": 0,
      "isInDex": true,
      "isHoneypot": false,
      "manualUnblock": false,
      "transactionsHourly": 1,
      "transactionsDaily": 39,
      "transactionsWeekly": 375,
      "transactionsMonthly": 1999,
      "volumeUsdHourly": 49.2565846966883,
      "volumeUsdDaily": 32676.497047784807,
      "volumeUsdWeekly": 87036.27928829812,
      "volumeUsdMonthly": 501646.9448701677,
      "logo": "https://matcha-image-proxy.api.0x.org/images/8453/0x2f6c17fa9f9bc3600346ab4e48c0701e1d5962ae"
    },
    {
      "address": "0xd31a59c85ae9d8edefec411d448f90841571b89c",
      "chainId": 1,
      "decimals": 9,
      "name": "Wrapped SOL",
      "symbol": "SOL",
      "type": "ERC20",
      "hasLogo": true,
      "blockListsCount": 0,
      "exchangeListsCount": 0,
      "flagListsCount": 0,
      "importedListsCount": 4,
      "buyTax": 0,
      "sellTax": 0,
      "isInDex": true,
      "isHoneypot": false,
      "manualUnblock": false,
      "transactionsHourly": 1,
      "transactionsDaily": 30,
      "transactionsWeekly": 261,
      "transactionsMonthly": 1391,
      "volumeUsdHourly": 39.9576353851625,
      "volumeUsdDaily": 26869.4964407116,
      "volumeUsdWeekly": 104412.973729423,
      "volumeUsdMonthly": 1606872.525458009,
      "logo": "https://matcha-image-proxy.api.0x.org/images/1/0xd31a59c85ae9d8edefec411d448f90841571b89c"
    },
    {
      "address": "0xfc5a1a6eb076a2c7ad06ed22c90d7e710e35ad0a",
      "chainId": 42161,
      "decimals": 18,
      "name": "GMX",
      "symbol": "GMX",
      "type": "ERC20",
      "hasLogo": true,
      "blockListsCount": 0,
      "exchangeListsCount": 0,
      "flagListsCount": 0,
      "importedListsCount": 2,
      "buyTax": 0,
      "sellTax": 0,
      "isInDex": true,
      "isHoneypot": false,
      "manualUnblock": false,
      "transactionsHourly": 1,
      "transactionsDaily": 18,
      "transactionsWeekly": 126,
      "transactionsMonthly": 756,
      "volumeUsdHourly": 0.193442053859794,
      "volumeUsdDaily": 4200.355449725176,
      "volumeUsdWeekly": 71378.33740665877,
      "volumeUsdMonthly": 174521.9749609656,
      "logo": "https://matcha-image-proxy.api.0x.org/images/42161/0xfc5a1a6eb076a2c7ad06ed22c90d7e710e35ad0a"
    },
    {
      "address": "0x90869b3a42e399951bd5f5ff278b8cc5ee1dc0fe",
      "chainId": 56,
      "decimals": 18,
      "name": "REX",
      "symbol": "REX",
      "type": "ERC20",
      "hasLogo": true,
      "blockListsCount": 0,
      "exchangeListsCount": 0,
      "flagListsCount": 0,
      "importedListsCount": 1,
      "buyTax": 0,
      "sellTax": 0,
      "isInDex": true,
      "isHoneypot": false,
      "manualUnblock": false,
      "transactionsHourly": 1,
      "transactionsDaily": 29,
      "transactionsWeekly": 111,
      "transactionsMonthly": 528,
      "volumeUsdHourly": 3.37814053096815,
      "volumeUsdDaily": 1553.6364633048536,
      "volumeUsdWeekly": 5966.1879923773195,
      "volumeUsdMonthly": 25960.128446769737,
      "logo": "https://matcha-image-proxy.api.0x.org/images/56/0x90869b3a42e399951bd5f5ff278b8cc5ee1dc0fe"
    },
    {
      "address": "0x72499bddb67f4ca150e1f522ca82c87bc9fb18c8",
      "chainId": 8453,
      "decimals": 18,
      "name": "Bonk",
      "symbol": "BONK",
      "type": "ERC20",
      "hasLogo": true,
      "blockListsCount": 0,
      "exchangeListsCount": 0,
      "flagListsCount": 0,
      "importedListsCount": 1,
      "buyTax": 0,
      "sellTax": 0,
      "isInDex": true,
      "isHoneypot": false,
      "manualUnblock": false,
      "transactionsHourly": 3,
      "transactionsDaily": 12,
      "transactionsWeekly": 178,
      "transactionsMonthly": 5764,
      "volumeUsdHourly": 0.565649812924978,
      "volumeUsdDaily": 222.1996280437024,
      "volumeUsdWeekly": 5662.841161241236,
      "volumeUsdMonthly": 72429.33097596365,
      "logo": "https://matcha-image-proxy.api.0x.org/images/8453/0x72499bddb67f4ca150e1f522ca82c87bc9fb18c8"
    },
    {
      "address": "0x3212dc0f8c834e4de893532d27cc9b6001684db0",
      "chainId": 42161,
      "decimals": 18,
      "name": "Pear",
      "symbol": "PEAR",
      "type": "ERC20",
      "hasLogo": true,
      "blockListsCount": 0,
      "exchangeListsCount": 0,
      "flagListsCount": 0,
      "importedListsCount": 1,
      "buyTax": null,
      "sellTax": null,
      "isInDex": true,
      "isHoneypot": false,
      "manualUnblock": false,
      "transactionsHourly": 1,
      "transactionsDaily": 10,
      "transactionsWeekly": 97,
      "transactionsMonthly": 274,
      "volumeUsdHourly": 586.922367201723,
      "volumeUsdDaily": 1608.4170559556687,
      "volumeUsdWeekly": 55749.03264080087,
      "volumeUsdMonthly": 161157.93304035594,
      "logo": "https://matcha-image-proxy.api.0x.org/images/42161/0x3212dc0f8c834e4de893532d27cc9b6001684db0"
    },
    {
      "address": "0x714db550b574b3e927af3d93e26127d15721d4c2",
      "chainId": 137,
      "decimals": 8,
      "name": "GreenMetaverseToken",
      "symbol": "GMT",
      "type": "ERC20",
      "hasLogo": true,
      "blockListsCount": 0,
      "exchangeListsCount": 0,
      "flagListsCount": 0,
      "importedListsCount": 1,
      "buyTax": 0,
      "sellTax": 0,
      "isInDex": true,
      "isHoneypot": false,
      "manualUnblock": false,
      "transactionsHourly": 1,
      "transactionsDaily": 17,
      "transactionsWeekly": 89,
      "transactionsMonthly": 459,
      "volumeUsdHourly": 11.5876196801,
      "volumeUsdDaily": 1271.2435452797056,
      "volumeUsdWeekly": 8258.01454916977,
      "volumeUsdMonthly": 42725.57018646372,
      "logo": "https://matcha-image-proxy.api.0x.org/images/137/0x714db550b574b3e927af3d93e26127d15721d4c2"
    },
    {
      "address": "0x3019bf2a2ef8040c242c9a4c5c4bd4c81678b2a1",
      "chainId": 56,
      "decimals": 8,
      "name": "Green Metaverse Token",
      "symbol": "GMT",
      "type": "ERC20",
      "hasLogo": true,
      "issuer": {
        "name": "binance",
        "metadata": {}
      },
      "blockListsCount": 0,
      "exchangeListsCount": 0,
      "flagListsCount": 0,
      "importedListsCount": 1,
      "buyTax": 0,
      "sellTax": 0,
      "isInDex": true,
      "isHoneypot": false,
      "manualUnblock": false,
      "transactionsHourly": 1,
      "transactionsDaily": 7,
      "transactionsWeekly": 29,
      "transactionsMonthly": 107,
      "volumeUsdHourly": 0.610497030502026,
      "volumeUsdDaily": 135.53187867506597,
      "volumeUsdWeekly": 341.9824147514337,
      "volumeUsdMonthly": 1428.3751981425687,
      "logo": "https://matcha-image-proxy.api.0x.org/images/56/0x3019bf2a2ef8040c242c9a4c5c4bd4c81678b2a1"
    },
    {
      "address": "0x1151cb3d861920e07a38e03eead12c32178567f6",
      "chainId": 1,
      "decimals": 5,
      "name": "Bonk",
      "symbol": "Bonk",
      "type": "ERC20",
      "hasLogo": true,
      "blockListsCount": 0,
      "exchangeListsCount": 0,
      "flagListsCount": 0,
      "importedListsCount": 2,
      "buyTax": 0,
      "sellTax": 0,
      "isInDex": true,
      "isHoneypot": false,
      "manualUnblock": false,
      "transactionsHourly": 2,
      "transactionsDaily": 9,
      "transactionsWeekly": 47,
      "transactionsMonthly": 251,
      "volumeUsdHourly": 74.4874058451029,
      "volumeUsdDaily": 3201.4045437424948,
      "volumeUsdWeekly": 13984.981351308696,
      "volumeUsdMonthly": 74478.67978958624,
      "logo": "https://matcha-image-proxy.api.0x.org/images/1/0x1151cb3d861920e07a38e03eead12c32178567f6"
    },
    {
      "address": "0xa697e272a73744b343528c3bc4702f2565b2f422",
      "chainId": 56,
      "decimals": 5,
      "name": "Bonk",
      "symbol": "Bonk",
      "type": "ERC20",
      "hasLogo": true,
      "blockListsCount": 0,
      "exchangeListsCount": 0,
      "flagListsCount": 0,
      "importedListsCount": 1,
      "buyTax": 0,
      "sellTax": 0,
      "isInDex": true,
      "isHoneypot": false,
      "manualUnblock": false,
      "transactionsHourly": 1,
      "transactionsDaily": 8,
      "transactionsWeekly": 77,
      "transactionsMonthly": 540,
      "volumeUsdHourly": 1.30376226477356,
      "volumeUsdDaily": 400.2620831991729,
      "volumeUsdWeekly": 11083.2772167275,
      "volumeUsdMonthly": 37236.781972028555,
      "logo": "https://matcha-image-proxy.api.0x.org/images/56/0xa697e272a73744b343528c3bc4702f2565b2f422"
    },
    {
      "address": "0xad13bce42394add02e6c215a40e582309b7975c7",
      "chainId": 8453,
      "decimals": 6,
      "name": "KYVE Network",
      "symbol": "KYVE",
      "type": "ERC20",
      "hasLogo": true,
      "blockListsCount": 0,
      "exchangeListsCount": 0,
      "flagListsCount": 0,
      "importedListsCount": 1,
      "buyTax": 0,
      "sellTax": 0,
      "isInDex": true,
      "isHoneypot": false,
      "manualUnblock": false,
      "transactionsHourly": 2,
      "transactionsDaily": 12,
      "transactionsWeekly": 113,
      "transactionsMonthly": 184,
      "volumeUsdHourly": 342.8685014210879,
      "volumeUsdDaily": 851.5110330858887,
      "volumeUsdWeekly": 6596.248592950536,
      "volumeUsdMonthly": 9827.615962860713,
      "logo": "https://matcha-image-proxy.api.0x.org/images/8453/0xad13bce42394add02e6c215a40e582309b7975c7"
    }
  ],
  "searchTime": "2025-12-30T01:58:33.270Z",
  "error": null
}