{
  "originalSymbol": "GAS",
  "originalFullName": "Gas",
  "searchedQuery": "GAS Gas",
  "retried": false,
  "isL1": false,
  "success": true,
  "tokenCount": 15,
  "resultCount": 10000,
  "tokens": [
    {
      "address": "0xeeeeeeeeeeeeeeeeeeeeeeeeeeeeeeeeeeeeeeee",
      "chainId": 8453,
      "decimals": 18,
      "name": "Ethereum",
      "symbol": "ETH",
      "type": "Native",
      "hasLogo": true,
      "blockListsCount": 0,
      "exchangeListsCount": 0,
      "flagListsCount": 0,
      "importedListsCount": 0,
      "transactionsHourly": 1256,
      "transactionsDaily": 42389,
      "transactionsWeekly": 581773,
      "transactionsMonthly": 2986961,
      "volumeUsdHourly": 136017.31704962367,
      "volumeUsdDaily": 6716085.416918305,
      "volumeUsdWeekly": 50948491.98742326,
      "volumeUsdMonthly": 284416385.80555266,
      "logo": "https://matcha-image-proxy.api.0x.org/images/8453/0xeeeeeeeeeeeeeeeeeeeeeeeeeeeeeeeeeeeeeeee"
    },
    {
      "address": "0xeeeeeeeeeeeeeeeeeeeeeeeeeeeeeeeeeeeeeeee",
      "chainId": 1,
      "decimals": 18,
      "name": "Ethereum",
      "symbol": "ETH",
      "type": "Native",
      "hasLogo": true,
      "blockListsCount": 0,
      "exchangeListsCount": 0,
      "flagListsCount": 0,
      "importedListsCount": 0,
      "transactionsHourly": 277,
      "transactionsDaily": 8103,
      "transactionsWeekly": 58854,
      "transactionsMonthly": 256541,
      "volumeUsdHourly": 232787.01188987217,
      "volumeUsdDaily": 14804088.852707256,
      "volumeUsdWeekly": 45867164.218499094,
      "volumeUsdMonthly": 297091769.97342896,
      "logo": "https://matcha-image-proxy.api.0x.org/images/1/0xeeeeeeeeeeeeeeeeeeeeeeeeeeeeeeeeeeeeeeee"
    },
    {
      "address": "0xeeeeeeeeeeeeeeeeeeeeeeeeeeeeeeeeeeeeeeee",
      "chainId": 10,
      "decimals": 18,
      "name": "Ethereum",
      "symbol": "ETH",
      "type": "Native",
      "hasLogo": true,
      "blockListsCount": 0,
      "exchangeListsCount": 0,
      "flagListsCount": 0,
      "importedListsCount": 0,
      "transactionsHourly": 139,
      "transactionsDaily": 6018,
      "transactionsWeekly": 40685,
      "transactionsMonthly": 237467,
      "volumeUsdHourly": 1782.360822193715,
      "volumeUsdDaily": 119636.06606760908,
      "volumeUsdWeekly": 860160.409935014,
      "volumeUsdMonthly": 6752902.555188892,
      "logo": "https://matcha-image-proxy.api.0x.org/images/10/0xeeeeeeeeeeeeeeeeeeeeeeeeeeeeeeeeeeeeeeee"
    },
    {
      "address": "0xeeeeeeeeeeeeeeeeeeeeeeeeeeeeeeeeeeeeeeee",
      "chainId": 42161,
      "decimals": 18,
      "name": "Ethereum",
      "symbol": "ETH",
      "type": "Native",
      "hasLogo": true,
      "blockListsCount": 0,
      "exchangeListsCount": 0,
      "flagListsCount": 0,
      "importedListsCount": 0,
      "transactionsHourly": 61,
      "transactionsDaily": 1506,
      "transactionsWeekly": 15440,
      "transactionsMonthly": 87479,
      "volumeUsdHourly": 3397.476619716007,
      "volumeUsdDaily": 1081371.0260958087,
      "volumeUsdWeekly": 6539668.765227103,
      "volumeUsdMonthly": 37957829.30597014,
      "logo": "https://matcha-image-proxy.api.0x.org/images/42161/0xeeeeeeeeeeeeeeeeeeeeeeeeeeeeeeeeeeeeeeee"
    },
    {
      "address": "0x2791bca1f2de4661ed88a30c99a7a9449aa84174",
      "chainId": 137,
      "decimals": 6,
      "name": "USD Coin (PoS)",
      "symbol": "USDC",
      "type": "ERC20",
      "hasLogo": true,
      "blockListsCount": 0,
      "exchangeListsCount": 0,
      "flagListsCount": 0,
      "importedListsCount": 2,
      "buyTax": 0,
      "sellTax": 0,
      "isInDex": true,
      "isHoneypot": false,
      "manualUnblock": false,
      "transactionsHourly": 269,
      "transactionsDaily": 6564,
      "transactionsWeekly": 34954,
      "transactionsMonthly": 181899,
      "volumeUsdHourly": 1290318.7966205028,
      "volumeUsdDaily": 18795541.2835983,
      "volumeUsdWeekly": 91179636.03456952,
      "volumeUsdMonthly": 397585129.6000752,
      "logo": "https://matcha-image-proxy.api.0x.org/images/137/0x2791bca1f2de4661ed88a30c99a7a9449aa84174"
    },
    {
      "address": "0xeeeeeeeeeeeeeeeeeeeeeeeeeeeeeeeeeeeeeeee",
      "chainId": 137,
      "decimals": 18,
      "name": "Matic Token",
      "symbol": "MATIC",
      "type": "Native",
      "hasLogo": true,
      "blockListsCount": 0,
      "exchangeListsCount": 0,
      "flagListsCount": 0,
      "importedListsCount": 0,
      "transactionsHourly": 85,
      "transactionsDaily": 2465,
      "transactionsWeekly": 22773,
      "transactionsMonthly": 97263,
      "volumeUsdHourly": 1744.1066573951427,
      "volumeUsdDaily": 131869.39046438082,
      "volumeUsdWeekly": 1349242.204438686,
      "volumeUsdMonthly": 8059210.475300197,
      "logo": "https://matcha-image-proxy.api.0x.org/images/137/0xeeeeeeeeeeeeeeeeeeeeeeeeeeeeeeeeeeeeeeee"
    },
    {
      "address": "0xeeeeeeeeeeeeeeeeeeeeeeeeeeeeeeeeeeeeeeee",
      "chainId": 56,
      "decimals": 18,
      "name": "BNB",
      "symbol": "BNB",
      "type": "Native",
      "hasLogo": true,
      "blockListsCount": 0,
      "exchangeListsCount": 0,
      "flagListsCount": 0,
      "importedListsCount": 0,
      "transactionsHourly": 287,
      "transactionsDaily": 9190,
      "transactionsWeekly": 56849,
      "transactionsMonthly": 306154,
      "volumeUsdHourly": 57227.489224341145,
      "volumeUsdDaily": 2125157.131270839,
      "volumeUsdWeekly": 11012494.516924333,
      "volumeUsdMonthly": 57247382.6367815,
      "logo": "https://matcha-image-proxy.api.0x.org/images/56/0xeeeeeeeeeeeeeeeeeeeeeeeeeeeeeeeeeeeeeeee"
    },
    {
      "address": "0xeeeeeeeeeeeeeeeeeeeeeeeeeeeeeeeeeeeeeeee",
      "chainId": 130,
      "decimals": 18,
      "name": "Ethereum",
      "symbol": "ETH",
      "type": "Native",
      "hasLogo": true,
      "blockListsCount": 0,
      "exchangeListsCount": 0,
      "flagListsCount": 0,
      "importedListsCount": 0,
      "transactionsHourly": 6,
      "transactionsDaily": 362,
      "transactionsWeekly": 5861,
      "transactionsMonthly": 28767,
      "volumeUsdHourly": 12.042022105840877,
      "volumeUsdDaily": 1963.032799713335,
      "volumeUsdWeekly": 116331.3119231748,
      "volumeUsdMonthly": 2552083.524540287,
      "logo": "https://matcha-image-proxy.api.0x.org/images/130/0xeeeeeeeeeeeeeeeeeeeeeeeeeeeeeeeeeeeeeeee"
    },
    {
      "address": "0xeeeeeeeeeeeeeeeeeeeeeeeeeeeeeeeeeeeeeeee",
      "chainId": 59144,
      "decimals": 18,
      "name": "Ethereum",
      "symbol": "ETH",
      "type": "Native",
      "hasLogo": true,
      "blockListsCount": 0,
      "exchangeListsCount": 0,
      "flagListsCount": 0,
      "importedListsCount": 0,
      "transactionsHourly": 4,
      "transactionsDaily": 82,
      "transactionsWeekly": 710,
      "transactionsMonthly": 3558,
      "volumeUsdHourly": 83.38318969641725,
      "volumeUsdDaily": 25369.250309397452,
      "volumeUsdWeekly": 268757.34248542105,
      "volumeUsdMonthly": 1149214.1850384504,
      "logo": "https://matcha-image-proxy.api.0x.org/images/59144/0xeeeeeeeeeeeeeeeeeeeeeeeeeeeeeeeeeeeeeeee"
    },
    {
      "address": "0xff970a61a04b1ca14834a43f5de4533ebddb5cc8",
      "chainId": 42161,
      "decimals": 6,
      "name": "USD Coin (Arb1)",
      "symbol": "USDC",
      "type": "ERC20",
      "hasLogo": true,
      "blockListsCount": 0,
      "exchangeListsCount": 0,
      "flagListsCount": 0,
      "importedListsCount": 2,
      "buyTax": 0,
      "sellTax": 0,
      "isInDex": true,
      "isHoneypot": false,
      "manualUnblock": false,
      "transactionsHourly": 2,
      "transactionsDaily": 208,
      "transactionsWeekly": 1602,
      "transactionsMonthly": 15468,
      "volumeUsdHourly": 2102.77261236448,
      "volumeUsdDaily": 57706.6486581127,
      "volumeUsdWeekly": 14012994.061242172,
      "volumeUsdMonthly": 82746617.59441073,
      "logo": "https://matcha-image-proxy.api.0x.org/images/42161/0xff970a61a04b1ca14834a43f5de4533ebddb5cc8"
    },
    {
      "address": "0x0eb3a705fc54725037cc9e008bdede697f62f335",
      "chainId": 56,
      "decimals": 18,
      "name": "Cosmos Token",
      "symbol": "ATOM",
      "type": "ERC20",
      "hasLogo": true,
      "issuer": {
        "name": "binance",
        "metadata": {}
      },
      "blockListsCount": 0,
      "exchangeListsCount": 0,
      "flagListsCount": 0,
      "importedListsCount": 1,
      "buyTax": 0,
      "sellTax": 0,
      "isInDex": true,
      "isHoneypot": false,
      "manualUnblock": false,
      "transactionsHourly": 1,
      "transactionsDaily": 7,
      "transactionsWeekly": 59,
      "transactionsMonthly": 319,
      "volumeUsdHourly": 3.4646837233204,
      "volumeUsdDaily": 1420.551392127992,
      "volumeUsdWeekly": 4786.11929518259,
      "volumeUsdMonthly": 17551.813092400767,
      "logo": "https://matcha-image-proxy.api.0x.org/images/56/0x0eb3a705fc54725037cc9e008bdede697f62f335"
    },
    {
      "address": "0xb8c77482e45f1f44de1745f52c74426c631bdd52",
      "chainId": 1,
      "decimals": 18,
      "name": "BNB",
      "symbol": "BNB",
      "type": "ERC20",
      "hasLogo": true,
      "blockListsCount": 0,
      "exchangeListsCount": 0,
      "flagListsCount": 0,
      "importedListsCount": 2,
      "buyTax": 0,
      "sellTax": 0,
      "isInDex": true,
      "isHoneypot": false,
      "manualUnblock": false,
      "transactionsHourly": 1,
      "transactionsDaily": 27,
      "transactionsWeekly": 243,
      "transactionsMonthly": 674,
      "volumeUsdHourly": 3.00016072140891,
      "volumeUsdDaily": 8555.833824543613,
      "volumeUsdWeekly": 76067.71258349542,
      "volumeUsdMonthly": 114305.00168281552,
      "logo": "https://matcha-image-proxy.api.0x.org/images/1/0xb8c77482e45f1f44de1745f52c74426c631bdd52"
    },
    {
      "address": "0x912ce59144191c1204e64559fe8253a0e49e6548",
      "chainId": 42161,
      "decimals": 18,
      "name": "Arbitrum",
      "symbol": "ARB",
      "type": "ERC20",
      "hasLogo": true,
      "blockListsCount": 0,
      "exchangeListsCount": 1,
      "flagListsCount": 0,
      "importedListsCount": 2,
      "buyTax": 0,
      "sellTax": 0,
      "isInDex": true,
      "isHoneypot": false,
      "manualUnblock": false,
      "transactionsHourly": 4,
      "transactionsDaily": 162,
      "transactionsWeekly": 1222,
      "transactionsMonthly": 7173,
      "volumeUsdHourly": 87.90373115355268,
      "volumeUsdDaily": 21903.97191647126,
      "volumeUsdWeekly": 301558.7807484356,
      "volumeUsdMonthly": 2223108.550428171,
      "logo": "https://matcha-image-proxy.api.0x.org/images/42161/0x912ce59144191c1204e64559fe8253a0e49e6548"
    },
    {
      "address": "0x2b591e99afe9f32eaa6214f7b7629768c40eeb39",
      "chainId": 1,
      "decimals": 8,
      "name": "HEX",
      "symbol": "HEX",
      "type": "ERC20",
      "hasLogo": true,
      "blockListsCount": 0,
      "exchangeListsCount": 0,
      "flagListsCount": 0,
      "importedListsCount": 3,
      "buyTax": 0,
      "sellTax": 0,
      "isInDex": true,
      "isHoneypot": false,
      "manualUnblock": false,
      "transactionsHourly": 2,
      "transactionsDaily": 42,
      "transactionsWeekly": 284,
      "transactionsMonthly": 1036,
      "volumeUsdHourly": 1305.2637007576786,
      "volumeUsdDaily": 24498.33730492869,
      "volumeUsdWeekly": 206184.78085172328,
      "volumeUsdMonthly": 700976.954638017,
      "logo": "https://matcha-image-proxy.api.0x.org/images/1/0x2b591e99afe9f32eaa6214f7b7629768c40eeb39"
    },
    {
      "address": "0x7f5c764cbc14f9669b88837ca1490cca17c31607",
      "chainId": 10,
      "decimals": 6,
      "name": "USD Coin",
      "symbol": "USDC",
      "type": "ERC20",
      "hasLogo": true,
      "blockListsCount": 0,
      "exchangeListsCount": 1,
      "flagListsCount": 0,
      "importedListsCount": 3,
      "buyTax": null,
      "sellTax": null,
      "isInDex": true,
      "isHoneypot": false,
      "manualUnblock": false,
      "transactionsHourly": 4,
      "transactionsDaily": 28,
      "transactionsWeekly": 539,
      "transactionsMonthly": 5026,
      "volumeUsdHourly": 240.4899665793222,
      "volumeUsdDaily": 3253.268406580367,
      "volumeUsdWeekly": 173530.85072906272,
      "volumeUsdMonthly": 1049570.9241263922,
      "logo": "https://matcha-image-proxy.api.0x.org/images/10/0x7f5c764cbc14f9669b88837ca1490cca17c31607"
    }
  ],
  "searchTime": "2025-12-30T01:58:39.987Z",
  "error": null
}