{
  "originalSymbol": "ALGO",
  "originalFullName": "Algorand",
  "searchedQuery": "ALGO Algorand",
  "retried": true,
  "isL1": true,
  "success": true,
  "tokenCount": 15,
  "resultCount": 1289,
  "tokens": [
    {
      "address": "0x18ec0a6e18e5bc3784fdd3a3634b31245ab704f6",
      "chainId": 137,
      "decimals": 18,
      "name": "Monerium EUR emoney",
      "symbol": "EURe",
      "type": "ERC20",
      "hasLogo": true,
      "blockListsCount": 0,
      "exchangeListsCount": 0,
      "flagListsCount": 0,
      "importedListsCount": 1,
      "buyTax": 0,
      "sellTax": 0,
      "isInDex": true,
      "isHoneypot": false,
      "manualUnblock": false,
      "transactionsHourly": 1,
      "transactionsDaily": 1,
      "transactionsWeekly": 13,
      "transactionsMonthly": 95,
      "volumeUsdHourly": 24.7432407643118,
      "volumeUsdDaily": 24.7492615262875,
      "volumeUsdWeekly": 7515.101356597375,
      "volumeUsdMonthly": 83699.41942240071,
      "logo": "https://matcha-image-proxy.api.0x.org/images/137/0x18ec0a6e18e5bc3784fdd3a3634b31245ab704f6"
    },
    {
      "address": "0x817bbdbc3e8a1204f3691d14bb44992841e3db35",
      "chainId": 1,
      "decimals": 18,
      "name": "CudosToken",
      "symbol": "CUDOS",
      "type": "ERC20",
      "hasLogo": true,
      "blockListsCount": 0,
      "exchangeListsCount": 0,
      "flagListsCount": 0,
      "importedListsCount": 2,
      "buyTax": 0,
      "sellTax": 0,
      "isInDex": true,
      "isHoneypot": false,
      "manualUnblock": false,
      "transactionsHourly": 1,
      "transactionsDaily": 1,
      "transactionsWeekly": 6,
      "transactionsMonthly": 19,
      "volumeUsdHourly": 83.3760884649427,
      "volumeUsdDaily": 83.4046429947997,
      "volumeUsdWeekly": 215.29738877906888,
      "volumeUsdMonthly": 1163.04414072006,
      "logo": "https://matcha-image-proxy.api.0x.org/images/1/0x817bbdbc3e8a1204f3691d14bb44992841e3db35"
    },
    {
      "address": "0xeefcfdd7feeb3f35d72e325de354eb6c7df967f5",
      "chainId": 56,
      "decimals": 8,
      "name": "wAlgo",
      "symbol": "wALGO",
      "type": "ERC20",
      "blockListsCount": 0,
      "exchangeListsCount": 0,
      "flagListsCount": 0,
      "importedListsCount": 0,
      "buyTax": 0,
      "sellTax": 0,
      "isInDex": true,
      "isHoneypot": false,
      "logo": "https://matcha-image-proxy.api.0x.org/images/56/0xeefcfdd7feeb3f35d72e325de354eb6c7df967f5"
    },
    {
      "address": "0xd7fcf48ef8d1440f12b46d2782e672c367126284",
      "chainId": 43114,
      "decimals": 18,
      "name": "Volatile Pair - wALGO/USDC",
      "symbol": "vAMM-wALGO/USDC",
      "type": "ERC20",
      "blockListsCount": 0,
      "exchangeListsCount": 0,
      "flagListsCount": 0,
      "importedListsCount": 0,
      "buyTax": null,
      "sellTax": null,
      "isInDex": false,
      "isHoneypot": null,
      "logo": "https://matcha-image-proxy.api.0x.org/images/43114/0xd7fcf48ef8d1440f12b46d2782e672c367126284"
    },
    {
      "address": "0x584936357d68f5143f12e2e64f0089db93814dad",
      "chainId": 1,
      "decimals": 18,
      "name": "3X Long Algorand Token",
      "symbol": "ALGOBULL",
      "type": "ERC20",
      "blockListsCount": 1,
      "exchangeListsCount": 0,
      "flagListsCount": 1,
      "importedListsCount": 0,
      "buyTax": 0,
      "sellTax": 0,
      "isInDex": false,
      "isHoneypot": false,
      "manualUnblock": false,
      "logo": "https://matcha-image-proxy.api.0x.org/images/1/0x584936357d68f5143f12e2e64f0089db93814dad"
    },
    {
      "address": "0x9281c548c6d107aea807b87a776da045f71fa193",
      "chainId": 1,
      "decimals": 18,
      "name": "10X Short Algorand Token",
      "symbol": "ALGODOOM",
      "type": "ERC20",
      "blockListsCount": 1,
      "exchangeListsCount": 0,
      "flagListsCount": 1,
      "importedListsCount": 0,
      "buyTax": 0,
      "sellTax": 0,
      "isInDex": false,
      "isHoneypot": false,
      "manualUnblock": false,
      "logo": "https://matcha-image-proxy.api.0x.org/images/1/0x9281c548c6d107aea807b87a776da045f71fa193"
    },
    {
      "address": "0xa386e04f0fb641869accd582c1b76eaa7d7087fe",
      "chainId": 1,
      "decimals": 18,
      "name": "10X Long Algorand Token",
      "symbol": "ALGOMOON",
      "type": "ERC20",
      "blockListsCount": 1,
      "exchangeListsCount": 0,
      "flagListsCount": 1,
      "importedListsCount": 0,
      "buyTax": 0,
      "sellTax": 0,
      "isInDex": false,
      "isHoneypot": false,
      "manualUnblock": false,
      "logo": "https://matcha-image-proxy.api.0x.org/images/1/0xa386e04f0fb641869accd582c1b76eaa7d7087fe"
    },
    {
      "address": "0x057fb10e3fec001a40e6b75d3a30b99e23e54107",
      "chainId": 1,
      "decimals": 18,
      "name": "3X Short Algorand Token",
      "symbol": "ALGOBEAR",
      "type": "ERC20",
      "blockListsCount": 1,
      "exchangeListsCount": 0,
      "flagListsCount": 1,
      "importedListsCount": 0,
      "buyTax": 0,
      "sellTax": 0,
      "isInDex": false,
      "isHoneypot": false,
      "manualUnblock": false,
      "logo": "https://matcha-image-proxy.api.0x.org/images/1/0x057fb10e3fec001a40e6b75d3a30b99e23e54107"
    },
    {
      "address": "0x3b9b5ad79cbb7649143decd5afc749a75f8e6c7f",
      "chainId": 1,
      "decimals": 18,
      "name": "GoraToken",
      "symbol": "GORA",
      "type": "ERC20",
      "hasLogo": true,
      "blockListsCount": 0,
      "exchangeListsCount": 0,
      "flagListsCount": 0,
      "importedListsCount": 2,
      "buyTax": 0,
      "sellTax": 0,
      "isInDex": true,
      "isHoneypot": false,
      "manualUnblock": false,
      "transactionsHourly": 1,
      "transactionsDaily": 1,
      "transactionsWeekly": 1,
      "transactionsMonthly": 4,
      "volumeUsdHourly": 16.0899743761006,
      "volumeUsdDaily": 16.0899743761006,
      "volumeUsdWeekly": 16.0925364157511,
      "volumeUsdMonthly": 234.0682505058547,
      "logo": "https://matcha-image-proxy.api.0x.org/images/1/0x3b9b5ad79cbb7649143decd5afc749a75f8e6c7f"
    },
    {
      "address": "0x3231cb76718cdef2155fc47b5286d82e6eda273f",
      "chainId": 1,
      "decimals": 18,
      "name": "Monerium EUR emoney",
      "symbol": "EURe",
      "type": "ERC20",
      "hasLogo": true,
      "blockListsCount": 0,
      "exchangeListsCount": 0,
      "flagListsCount": 0,
      "importedListsCount": 2,
      "buyTax": 0,
      "sellTax": 0,
      "isInDex": true,
      "isHoneypot": false,
      "manualUnblock": false,
      "transactionsHourly": 1,
      "transactionsDaily": 1,
      "transactionsWeekly": 2,
      "transactionsMonthly": 25,
      "volumeUsdHourly": 0.41148933681263,
      "volumeUsdDaily": 0.41148933681263,
      "volumeUsdWeekly": 29.64742272901643,
      "volumeUsdMonthly": 2579.728535468009,
      "logo": "https://matcha-image-proxy.api.0x.org/images/1/0x3231cb76718cdef2155fc47b5286d82e6eda273f"
    },
    {
      "address": "0xb50cfe10fe1bb02426e12d1a61940cbe5130cb57",
      "chainId": 1,
      "decimals": 6,
      "name": "Wrapped Algorand",
      "symbol": "wALGO",
      "type": "ERC20",
      "blockListsCount": 0,
      "exchangeListsCount": 0,
      "flagListsCount": 0,
      "importedListsCount": 0,
      "buyTax": 0,
      "sellTax": 0,
      "isInDex": false,
      "isHoneypot": null,
      "logo": "https://matcha-image-proxy.api.0x.org/images/1/0xb50cfe10fe1bb02426e12d1a61940cbe5130cb57"
    },
    {
      "address": "0xe9ff88efac12f664d9fe31793907e00d9b040756",
      "chainId": 8453,
      "decimals": 18,
      "name": "algorandd",
      "symbol": "algorandd",
      "type": "ERC20",
      "issuer": {
        "name": "zora",
        "metadata": {}
      },
      "blockListsCount": 0,
      "exchangeListsCount": 0,
      "flagListsCount": 0,
      "importedListsCount": 0,
      "logo": "https://matcha-image-proxy.api.0x.org/images/8453/0xe9ff88efac12f664d9fe31793907e00d9b040756"
    },
    {
      "address": "0x4a511ac69276c1415cd1b4c76d7a004cdcd3b9fa",
      "chainId": 8453,
      "decimals": 18,
      "name": "Soon. On Algorand. MONSTRS",
      "symbol": "Soon. On Algorand. MONSTRS",
      "type": "ERC20",
      "issuer": {
        "name": "zora",
        "metadata": {}
      },
      "blockListsCount": 0,
      "exchangeListsCount": 0,
      "flagListsCount": 0,
      "importedListsCount": 0,
      "logo": "https://matcha-image-proxy.api.0x.org/images/8453/0x4a511ac69276c1415cd1b4c76d7a004cdcd3b9fa"
    },
    {
      "address": "0x83d7effaeb9347568797e39f85b43a3ab262b0c6",
      "chainId": 8453,
      "decimals": 18,
      "name": "I, Algorand: Protocol Awakening",
      "symbol": "I, Algorand: Protocol Awakening",
      "type": "ERC20",
      "issuer": {
        "name": "zora",
        "metadata": {}
      },
      "blockListsCount": 0,
      "exchangeListsCount": 0,
      "flagListsCount": 0,
      "importedListsCount": 0,
      "buyTax": null,
      "sellTax": null,
      "isInDex": false,
      "isHoneypot": false,
      "logo": "https://matcha-image-proxy.api.0x.org/images/8453/0x83d7effaeb9347568797e39f85b43a3ab262b0c6"
    },
    {
      "address": "0xa7acadde2be9075c6e670e4c8141ce2c4a1b6940",
      "chainId": 8453,
      "decimals": 18,
      "name": "@ just won a bag of 15000 MONKO On Algorand and 333333333 PHIL On",
      "symbol": "?just won a bag of 15000 MONKO On Algorand and 333333333 PHIL On",
      "type": "ERC20",
      "issuer": {
        "name": "zora",
        "metadata": {}
      },
      "blockListsCount": 0,
      "exchangeListsCount": 0,
      "flagListsCount": 0,
      "importedListsCount": 0,
      "logo": "https://matcha-image-proxy.api.0x.org/images/8453/0xa7acadde2be9075c6e670e4c8141ce2c4a1b6940"
    }
  ],
  "searchTime": "2025-12-30T01:56:55.213Z",
  "error": null
}