{
  "originalSymbol": "XLM",
  "originalFullName": "Stellar",
  "searchedQuery": "XLM Stellar",
  "retried": true,
  "isL1": true,
  "success": true,
  "tokenCount": 15,
  "resultCount": 6985,
  "tokens": [
    {
      "address": "0xf486ad071f3bee968384d2e39e2d8af0fcf6fd46",
      "chainId": 56,
      "decimals": 18,
      "name": "VELO",
      "symbol": "VELO",
      "type": "ERC20",
      "hasLogo": true,
      "blockListsCount": 0,
      "exchangeListsCount": 0,
      "flagListsCount": 0,
      "importedListsCount": 1,
      "buyTax": 0,
      "sellTax": 0,
      "isInDex": true,
      "isHoneypot": false,
      "manualUnblock": false,
      "transactionsHourly": 1,
      "transactionsDaily": 29,
      "transactionsWeekly": 203,
      "transactionsMonthly": 614,
      "volumeUsdHourly": 22.9225172274352,
      "volumeUsdDaily": 13127.518410593586,
      "volumeUsdWeekly": 82527.24268078445,
      "volumeUsdMonthly": 248350.3255422444,
      "logo": "https://matcha-image-proxy.api.0x.org/images/56/0xf486ad071f3bee968384d2e39e2d8af0fcf6fd46"
    },
    {
      "address": "0x43c934a845205f0b514417d757d7235b8f53f1b9",
      "chainId": 56,
      "decimals": 18,
      "name": "Stellar",
      "symbol": "XLM",
      "type": "ERC20",
      "issuer": {
        "name": "binance",
        "metadata": {}
      },
      "blockListsCount": 0,
      "exchangeListsCount": 0,
      "flagListsCount": 0,
      "importedListsCount": 0,
      "buyTax": 0,
      "sellTax": 0,
      "isInDex": true,
      "isHoneypot": false,
      "transactionsHourly": 1,
      "transactionsDaily": 3,
      "transactionsWeekly": 23,
      "transactionsMonthly": 144,
      "volumeUsdHourly": 2.12690474753939,
      "volumeUsdDaily": 102.0434684699494,
      "volumeUsdWeekly": 1653.7963441967852,
      "volumeUsdMonthly": 11073.675831805172,
      "logo": "https://matcha-image-proxy.api.0x.org/images/56/0x43c934a845205f0b514417d757d7235b8f53f1b9"
    },
    {
      "address": "0xa02120696c7b8fe16c09c749e4598819b2b0e915",
      "chainId": 1,
      "decimals": 18,
      "name": "Wirex Token",
      "symbol": "WXT",
      "type": "ERC20",
      "hasLogo": true,
      "blockListsCount": 0,
      "exchangeListsCount": 0,
      "flagListsCount": 0,
      "importedListsCount": 2,
      "buyTax": 0,
      "sellTax": 0,
      "isInDex": true,
      "isHoneypot": false,
      "manualUnblock": false,
      "transactionsHourly": 3,
      "transactionsDaily": 3,
      "transactionsWeekly": 6,
      "transactionsMonthly": 25,
      "volumeUsdHourly": 859.122316553966,
      "volumeUsdDaily": 859.122316553966,
      "volumeUsdWeekly": 1371.2503087866698,
      "volumeUsdMonthly": 4936.105119605896,
      "logo": "https://matcha-image-proxy.api.0x.org/images/1/0xa02120696c7b8fe16c09c749e4598819b2b0e915"
    },
    {
      "address": "0xfcde4a87b8b6fa58326bb462882f1778158b02f1",
      "chainId": 43114,
      "decimals": 18,
      "name": "Wirex Token",
      "symbol": "WXT",
      "type": "ERC20",
      "hasLogo": true,
      "blockListsCount": 0,
      "exchangeListsCount": 0,
      "flagListsCount": 0,
      "importedListsCount": 1,
      "buyTax": 0,
      "sellTax": 0,
      "isInDex": true,
      "isHoneypot": false,
      "manualUnblock": false,
      "transactionsHourly": 1,
      "transactionsDaily": 1,
      "transactionsWeekly": 26,
      "transactionsMonthly": 62,
      "volumeUsdWeekly": 24291.862449927896,
      "volumeUsdMonthly": 53973.02884584013,
      "logo": "https://matcha-image-proxy.api.0x.org/images/43114/0xfcde4a87b8b6fa58326bb462882f1778158b02f1"
    },
    {
      "address": "0x269cae7dc59803e5c596c95756faeebb6030e0af",
      "chainId": 8453,
      "decimals": 6,
      "name": "Real MXN",
      "symbol": "MXNe",
      "type": "ERC20",
      "hasLogo": true,
      "blockListsCount": 0,
      "exchangeListsCount": 0,
      "flagListsCount": 0,
      "importedListsCount": 1,
      "buyTax": null,
      "sellTax": null,
      "isInDex": false,
      "isHoneypot": false,
      "manualUnblock": false,
      "transactionsHourly": 1,
      "transactionsDaily": 2,
      "transactionsWeekly": 8,
      "transactionsMonthly": 14,
      "volumeUsdHourly": 47.6003777357766,
      "volumeUsdDaily": 193.4508600554786,
      "volumeUsdWeekly": 219.79757605622208,
      "volumeUsdMonthly": 222.7624892543136,
      "logo": "https://matcha-image-proxy.api.0x.org/images/8453/0x269cae7dc59803e5c596c95756faeebb6030e0af"
    },
    {
      "address": "0x132bbda4a40d4d6288be49b637ec2c113b5d7600",
      "chainId": 8453,
      "decimals": 18,
      "name": "DeFido",
      "symbol": "DEFIDO",
      "type": "ERC20",
      "hasLogo": true,
      "blockListsCount": 0,
      "exchangeListsCount": 0,
      "flagListsCount": 0,
      "importedListsCount": 1,
      "buyTax": 0,
      "sellTax": 0,
      "isInDex": true,
      "isHoneypot": false,
      "manualUnblock": false,
      "transactionsHourly": 3,
      "transactionsDaily": 2,
      "transactionsWeekly": 2,
      "transactionsMonthly": 49,
      "volumeUsdHourly": 91.4210068075404,
      "volumeUsdDaily": 35.3561110877918,
      "volumeUsdWeekly": 35.3561110877918,
      "volumeUsdMonthly": 7601.978342653043,
      "logo": "https://matcha-image-proxy.api.0x.org/images/8453/0x132bbda4a40d4d6288be49b637ec2c113b5d7600"
    },
    {
      "address": "0x3ddc84940ab509c11b20b76b466933f40b750dc9",
      "chainId": 1,
      "decimals": 18,
      "name": "+Franklin OnChain U.S. Government Money Fund",
      "symbol": "BENJI",
      "type": "ERC20",
      "hasLogo": true,
      "blockListsCount": 1,
      "exchangeListsCount": 0,
      "flagListsCount": 1,
      "importedListsCount": 2,
      "buyTax": null,
      "sellTax": null,
      "isInDex": false,
      "isHoneypot": null,
      "manualUnblock": false,
      "logo": "https://matcha-image-proxy.api.0x.org/images/1/0x3ddc84940ab509c11b20b76b466933f40b750dc9"
    },
    {
      "address": "0x5f2f8818002dc64753daedf4a6cb2ccb757cd220",
      "chainId": 137,
      "decimals": 6,
      "name": "Wisdomise",
      "symbol": "WSDM",
      "type": "ERC20",
      "hasLogo": true,
      "blockListsCount": 0,
      "exchangeListsCount": 0,
      "flagListsCount": 0,
      "importedListsCount": 1,
      "buyTax": null,
      "sellTax": 0,
      "isInDex": true,
      "isHoneypot": false,
      "manualUnblock": false,
      "transactionsHourly": 1,
      "transactionsDaily": 1,
      "transactionsWeekly": 5,
      "transactionsMonthly": 31,
      "volumeUsdHourly": 11.3006054417061,
      "volumeUsdDaily": 11.5742221852848,
      "volumeUsdWeekly": 120.9363672927817,
      "volumeUsdMonthly": 421.6601374408049,
      "logo": "https://matcha-image-proxy.api.0x.org/images/137/0x5f2f8818002dc64753daedf4a6cb2ccb757cd220"
    },
    {
      "address": "0x5377a0becd4bed0289f426827b41ca1c372eddcc",
      "chainId": 137,
      "decimals": 18,
      "name": "wxlm",
      "symbol": "WXLM",
      "type": "ERC20",
      "blockListsCount": 0,
      "exchangeListsCount": 0,
      "flagListsCount": 0,
      "importedListsCount": 0,
      "logo": "https://matcha-image-proxy.api.0x.org/images/137/0x5377a0becd4bed0289f426827b41ca1c372eddcc"
    },
    {
      "address": "0x21583371425dabdc81a19614b8dc6e4317ebac07",
      "chainId": 137,
      "decimals": 18,
      "name": "wxlm",
      "symbol": "WXLM",
      "type": "ERC20",
      "blockListsCount": 0,
      "exchangeListsCount": 0,
      "flagListsCount": 0,
      "importedListsCount": 0,
      "logo": "https://matcha-image-proxy.api.0x.org/images/137/0x21583371425dabdc81a19614b8dc6e4317ebac07"
    },
    {
      "address": "0x5582a479f0c403e207d2578963ccef5d03ba636f",
      "chainId": 1,
      "decimals": 18,
      "name": "Salad",
      "symbol": "SALD",
      "type": "ERC20",
      "hasLogo": true,
      "blockListsCount": 0,
      "exchangeListsCount": 0,
      "flagListsCount": 0,
      "importedListsCount": 3,
      "buyTax": 0,
      "sellTax": 0,
      "isInDex": true,
      "isHoneypot": false,
      "manualUnblock": false,
      "transactionsHourly": 1,
      "transactionsDaily": 1,
      "transactionsWeekly": 1,
      "transactionsMonthly": 6,
      "volumeUsdHourly": 55.6146648543644,
      "volumeUsdDaily": 55.6146648543644,
      "volumeUsdWeekly": 55.6260574287018,
      "volumeUsdMonthly": 352.4531360143459,
      "logo": "https://matcha-image-proxy.api.0x.org/images/1/0x5582a479f0c403e207d2578963ccef5d03ba636f"
    },
    {
      "address": "0x7607b17f7012b6e5cbdd353aa8d4aae5578f3ef7",
      "chainId": 137,
      "decimals": 18,
      "name": "KyberSwap LP FSN-wXLM",
      "symbol": "KS-LP FSN-wXLM",
      "type": "ERC20",
      "blockListsCount": 0,
      "exchangeListsCount": 0,
      "flagListsCount": 0,
      "importedListsCount": 0,
      "buyTax": null,
      "sellTax": null,
      "isInDex": false,
      "isHoneypot": false,
      "logo": "https://matcha-image-proxy.api.0x.org/images/137/0x7607b17f7012b6e5cbdd353aa8d4aae5578f3ef7"
    },
    {
      "address": "0xfde57fee4bcca80485714bd640d6e5afe8ac4d66",
      "chainId": 1,
      "decimals": 9,
      "name": "StellarInu",
      "symbol": "StellarInu",
      "type": "ERC20",
      "hasLogo": true,
      "blockListsCount": 0,
      "exchangeListsCount": 0,
      "flagListsCount": 0,
      "importedListsCount": 0,
      "buyTax": 0.1,
      "sellTax": null,
      "isInDex": true,
      "isHoneypot": false,
      "logo": "https://matcha-image-proxy.api.0x.org/images/1/0xfde57fee4bcca80485714bd640d6e5afe8ac4d66"
    },
    {
      "address": "0xb0a139a45d6e9418db92d5dc51c7b7b8ad702b07",
      "chainId": 8453,
      "decimals": 18,
      "name": "StellarEdge29",
      "symbol": "JPM",
      "type": "ERC20",
      "blockListsCount": 1,
      "exchangeListsCount": 0,
      "flagListsCount": 1,
      "importedListsCount": 0,
      "manualUnblock": false,
      "logo": "https://matcha-image-proxy.api.0x.org/images/8453/0xb0a139a45d6e9418db92d5dc51c7b7b8ad702b07"
    },
    {
      "address": "0xd4181604206b1521444a44c541bc0dee3ff61e86",
      "chainId": 8453,
      "decimals": 18,
      "name": "StellarBridge Holdings",
      "symbol": "WLC",
      "type": "ERC20",
      "blockListsCount": 1,
      "exchangeListsCount": 0,
      "flagListsCount": 1,
      "importedListsCount": 0,
      "buyTax": null,
      "sellTax": null,
      "isInDex": true,
      "isHoneypot": false,
      "manualUnblock": false,
      "logo": "https://matcha-image-proxy.api.0x.org/images/8453/0xd4181604206b1521444a44c541bc0dee3ff61e86"
    }
  ],
  "searchTime": "2025-12-30T01:57:54.770Z",
  "error": null
}