{
  "originalSymbol": "MON",
  "originalFullName": "Monad",
  "searchedQuery": "MON Monad",
  "retried": false,
  "isL1": false,
  "success": true,
  "tokenCount": 15,
  "resultCount": 10000,
  "tokens": [
    {
      "address": "0xeeeeeeeeeeeeeeeeeeeeeeeeeeeeeeeeeeeeeeee",
      "chainId": 143,
      "decimals": 18,
      "name": "MON",
      "symbol": "MON",
      "type": "Native",
      "hasLogo": true,
      "blockListsCount": 0,
      "exchangeListsCount": 0,
      "flagListsCount": 0,
      "importedListsCount": 0,
      "transactionsHourly": 69,
      "transactionsDaily": 5084,
      "transactionsWeekly": 44890,
      "transactionsMonthly": 267082,
      "volumeUsdHourly": 4908.420734057385,
      "volumeUsdDaily": 182425.22794259724,
      "volumeUsdWeekly": 2356422.5426081982,
      "volumeUsdMonthly": 32207870.52207672,
      "logo": "https://matcha-image-proxy.api.0x.org/images/143/0xeeeeeeeeeeeeeeeeeeeeeeeeeeeeeeeeeeeeeeee"
    },
    {
      "address": "0x3bd359c1119da7da1d913d1c4d2b7c461115433a",
      "chainId": 143,
      "decimals": 18,
      "name": "Wrapped MON",
      "symbol": "WMON",
      "type": "ERC20",
      "hasLogo": true,
      "blockListsCount": 0,
      "exchangeListsCount": 0,
      "flagListsCount": 0,
      "importedListsCount": 2,
      "isHoneypot": false,
      "manualUnblock": false,
      "transactionsHourly": 9,
      "transactionsDaily": 399,
      "transactionsWeekly": 3497,
      "transactionsMonthly": 17391,
      "volumeUsdHourly": 709.8717364479759,
      "volumeUsdDaily": 103299.49168474117,
      "volumeUsdWeekly": 1006048.1914934876,
      "volumeUsdMonthly": 5952502.35286004,
      "logo": "https://matcha-image-proxy.api.0x.org/images/143/0x3bd359c1119da7da1d913d1c4d2b7c461115433a"
    },
    {
      "address": "0xec97b7820f541a9bca1d90eb908220f0b7077af8",
      "chainId": 8453,
      "decimals": 18,
      "name": "Mon monad",
      "symbol": "Mon monad",
      "type": "ERC20",
      "issuer": {
        "name": "zora",
        "metadata": {}
      },
      "blockListsCount": 0,
      "exchangeListsCount": 0,
      "flagListsCount": 0,
      "importedListsCount": 0,
      "logo": "https://matcha-image-proxy.api.0x.org/images/8453/0xec97b7820f541a9bca1d90eb908220f0b7077af8"
    },
    {
      "address": "0x91b81bfbe3a747230f0529aa28d8b2bc898e6d56",
      "chainId": 143,
      "decimals": 18,
      "name": "LeverUp MON",
      "symbol": "LVMON",
      "type": "ERC20",
      "hasLogo": true,
      "blockListsCount": 0,
      "exchangeListsCount": 0,
      "flagListsCount": 0,
      "importedListsCount": 1,
      "isHoneypot": false,
      "manualUnblock": false,
      "transactionsHourly": 1,
      "transactionsDaily": 9,
      "transactionsWeekly": 141,
      "transactionsMonthly": 1710,
      "volumeUsdHourly": 15.6059386663946,
      "volumeUsdDaily": 103.01887668302348,
      "volumeUsdWeekly": 1619.8119450786503,
      "volumeUsdMonthly": 25125.27302689507,
      "logo": "https://matcha-image-proxy.api.0x.org/images/143/0x91b81bfbe3a747230f0529aa28d8b2bc898e6d56"
    },
    {
      "address": "0xa3227c5969757783154c60bf0bc1944180ed81b9",
      "chainId": 143,
      "decimals": 18,
      "name": "Kintsu Staked Monad",
      "symbol": "sMON",
      "type": "ERC20",
      "hasLogo": true,
      "blockListsCount": 0,
      "exchangeListsCount": 0,
      "flagListsCount": 0,
      "importedListsCount": 2,
      "isHoneypot": false,
      "manualUnblock": false,
      "transactionsHourly": 1,
      "transactionsDaily": 26,
      "transactionsWeekly": 463,
      "transactionsMonthly": 1153,
      "volumeUsdHourly": 8.6989577992966,
      "volumeUsdDaily": 34947.13756747361,
      "volumeUsdWeekly": 86240.35087309245,
      "volumeUsdMonthly": 284538.5654457383,
      "logo": "https://matcha-image-proxy.api.0x.org/images/143/0xa3227c5969757783154c60bf0bc1944180ed81b9"
    },
    {
      "address": "0xc555d625828c4527d477e595ff1dd5801b4a600e",
      "chainId": 1,
      "decimals": 18,
      "name": "MON",
      "symbol": "MON",
      "type": "ERC20",
      "hasLogo": true,
      "blockListsCount": 0,
      "exchangeListsCount": 0,
      "flagListsCount": 0,
      "importedListsCount": 2,
      "buyTax": 0,
      "sellTax": 0,
      "isInDex": true,
      "isHoneypot": false,
      "manualUnblock": false,
      "transactionsHourly": 1,
      "transactionsDaily": 3,
      "transactionsWeekly": 15,
      "transactionsMonthly": 115,
      "volumeUsdHourly": 0.454202992730446,
      "volumeUsdDaily": 984.6228694378904,
      "volumeUsdWeekly": 2503.502216332802,
      "volumeUsdMonthly": 13672.225018670322,
      "logo": "https://matcha-image-proxy.api.0x.org/images/1/0xc555d625828c4527d477e595ff1dd5801b4a600e"
    },
    {
      "address": "0x24970508c1e0c6d36517f77bdfa6ac74863d7023",
      "chainId": 8453,
      "decimals": 18,
      "name": "@MON MON MON@monad is liveLet's start a new journey posting ab",
      "symbol": "@MON MON MON@monad is liveLet's start a new journey posting ab",
      "type": "ERC20",
      "issuer": {
        "name": "zora",
        "metadata": {}
      },
      "blockListsCount": 0,
      "exchangeListsCount": 0,
      "flagListsCount": 0,
      "importedListsCount": 0,
      "logo": "https://matcha-image-proxy.api.0x.org/images/8453/0x24970508c1e0c6d36517f77bdfa6ac74863d7023"
    },
    {
      "address": "0xfc94b57d14e3ef825869ca2a263fe4c71e07b4d9",
      "chainId": 8453,
      "decimals": 18,
      "name": "another shitshow $mon monad",
      "symbol": "another shitshow $mon monad",
      "type": "ERC20",
      "issuer": {
        "name": "zora",
        "metadata": {}
      },
      "blockListsCount": 0,
      "exchangeListsCount": 0,
      "flagListsCount": 0,
      "importedListsCount": 0,
      "logo": "https://matcha-image-proxy.api.0x.org/images/8453/0xfc94b57d14e3ef825869ca2a263fe4c71e07b4d9"
    },
    {
      "address": "0x2d2d9dcdb010fc468408192b5a80572586b46de6",
      "chainId": 8453,
      "decimals": 18,
      "name": "%🚨 Exposing $MON @monad Tokenomics",
      "symbol": "%🚨 Exposing $MON @monad Tokenomics",
      "type": "ERC20",
      "issuer": {
        "name": "zora",
        "metadata": {}
      },
      "blockListsCount": 0,
      "exchangeListsCount": 0,
      "flagListsCount": 0,
      "importedListsCount": 0,
      "logo": "https://matcha-image-proxy.api.0x.org/images/8453/0x2d2d9dcdb010fc468408192b5a80572586b46de6"
    },
    {
      "address": "0xa26a549c48ec0df81253c5fdb7fe1688c2d3e2d8",
      "chainId": 8453,
      "decimals": 18,
      "name": "@Almost time, are you ready for $MON Portal check?#Mon #Monad",
      "symbol": "?Almost time, are you ready for $MON Portal check?#Mon #Monad",
      "type": "ERC20",
      "issuer": {
        "name": "zora",
        "metadata": {}
      },
      "blockListsCount": 0,
      "exchangeListsCount": 0,
      "flagListsCount": 0,
      "importedListsCount": 0,
      "logo": "https://matcha-image-proxy.api.0x.org/images/8453/0xa26a549c48ec0df81253c5fdb7fe1688c2d3e2d8"
    },
    {
      "address": "0xe506a1173cf102215753b98c0c44f2ca8258d990",
      "chainId": 8453,
      "decimals": 18,
      "name": "B🔹 Quick Tapping Summary (MON / Monad on Solana)MON token wil",
      "symbol": "A🔹 Quick Tapping Summary (MON / Monad on Solana)MON token wil",
      "type": "ERC20",
      "issuer": {
        "name": "zora",
        "metadata": {}
      },
      "blockListsCount": 0,
      "exchangeListsCount": 0,
      "flagListsCount": 0,
      "importedListsCount": 0,
      "logo": "https://matcha-image-proxy.api.0x.org/images/8453/0xe506a1173cf102215753b98c0c44f2ca8258d990"
    },
    {
      "address": "0x0555e30da8f98308edb960aa94c0db47230d2b9c",
      "chainId": 143,
      "decimals": 8,
      "name": "Wrapped BTC",
      "symbol": "WBTC",
      "type": "ERC20",
      "hasLogo": true,
      "blockListsCount": 0,
      "exchangeListsCount": 0,
      "flagListsCount": 0,
      "importedListsCount": 3,
      "isHoneypot": false,
      "manualUnblock": false,
      "transactionsHourly": 3,
      "transactionsDaily": 34,
      "transactionsWeekly": 790,
      "transactionsMonthly": 4703,
      "volumeUsdHourly": 795.8777931888106,
      "volumeUsdDaily": 14903.837454427445,
      "volumeUsdWeekly": 411214.0128495419,
      "volumeUsdMonthly": 2681353.6095742863,
      "logo": "https://matcha-image-proxy.api.0x.org/images/143/0x0555e30da8f98308edb960aa94c0db47230d2b9c"
    },
    {
      "address": "0xa9e794dea23ff192a66486fb4fb519b0e0897cf1",
      "chainId": 8453,
      "decimals": 18,
      "name": "$MON monad Project Is Bad 😔",
      "symbol": "$MON monad Project Is Bad 😔",
      "type": "ERC20",
      "issuer": {
        "name": "zora",
        "metadata": {}
      },
      "blockListsCount": 0,
      "exchangeListsCount": 0,
      "flagListsCount": 0,
      "importedListsCount": 0,
      "logo": "https://matcha-image-proxy.api.0x.org/images/8453/0xa9e794dea23ff192a66486fb4fb519b0e0897cf1"
    },
    {
      "address": "0xc4e2388c29d6b9647339def72eae51c7fc649d9b",
      "chainId": 8453,
      "decimals": 18,
      "name": "%$MON monad Token Price pump good 😊",
      "symbol": "%$MON monad Token Price pump good 😊",
      "type": "ERC20",
      "issuer": {
        "name": "zora",
        "metadata": {}
      },
      "blockListsCount": 0,
      "exchangeListsCount": 0,
      "flagListsCount": 0,
      "importedListsCount": 0,
      "logo": "https://matcha-image-proxy.api.0x.org/images/8453/0xc4e2388c29d6b9647339def72eae51c7fc649d9b"
    },
    {
      "address": "0x42b089df2adb10722cb0673d53f949c6d9d09f06",
      "chainId": 8453,
      "decimals": 18,
      "name": "&Presale $MON MONAD On the ways 2x 🔥",
      "symbol": "&Presale $MON MONAD On the ways 2x 🔥",
      "type": "ERC20",
      "issuer": {
        "name": "zora",
        "metadata": {}
      },
      "blockListsCount": 0,
      "exchangeListsCount": 0,
      "flagListsCount": 0,
      "importedListsCount": 0,
      "logo": "https://matcha-image-proxy.api.0x.org/images/8453/0x42b089df2adb10722cb0673d53f949c6d9d09f06"
    }
  ],
  "searchTime": "2025-12-30T01:58:43.316Z",
  "error": null
}