{
  "originalSymbol": "FIL",
  "originalFullName": "Filecoin",
  "searchedQuery": "FIL Filecoin",
  "retried": false,
  "isL1": false,
  "success": true,
  "tokenCount": 15,
  "resultCount": 4139,
  "tokens": [
    {
      "address": "0x0d8ce2a99bb6e3b7db580ed848240e4a0f9ae153",
      "chainId": 56,
      "decimals": 18,
      "name": "Filecoin",
      "symbol": "FIL",
      "type": "ERC20",
      "hasLogo": true,
      "issuer": {
        "name": "binance",
        "metadata": {}
      },
      "blockListsCount": 0,
      "exchangeListsCount": 0,
      "flagListsCount": 0,
      "importedListsCount": 1,
      "buyTax": 0,
      "sellTax": 0,
      "isInDex": true,
      "isHoneypot": false,
      "manualUnblock": false,
      "transactionsHourly": 1,
      "transactionsDaily": 7,
      "transactionsWeekly": 61,
      "transactionsMonthly": 366,
      "volumeUsdHourly": 380.41732177125,
      "volumeUsdDaily": 1911.3425877109528,
      "volumeUsdWeekly": 22288.429240038313,
      "volumeUsdMonthly": 112175.3868049126,
      "logo": "https://matcha-image-proxy.api.0x.org/images/56/0x0d8ce2a99bb6e3b7db580ed848240e4a0f9ae153"
    },
    {
      "address": "0x68448b7d75b8cc53ead7b91d192097223b1806df",
      "chainId": 56,
      "decimals": 18,
      "name": "FIL Filecoin TOKEN",
      "symbol": "FIL Filecoin TOKEN",
      "type": "ERC20",
      "blockListsCount": 0,
      "exchangeListsCount": 0,
      "flagListsCount": 0,
      "importedListsCount": 0,
      "logo": "https://matcha-image-proxy.api.0x.org/images/56/0x68448b7d75b8cc53ead7b91d192097223b1806df"
    },
    {
      "address": "0x4c3a2d6e78d1dddf43d829371285d5911cad4984",
      "chainId": 56,
      "decimals": 18,
      "name": "FIL Filecoin PRESALE",
      "symbol": "FIL Filecoin PRESALE",
      "type": "ERC20",
      "blockListsCount": 0,
      "exchangeListsCount": 0,
      "flagListsCount": 0,
      "importedListsCount": 0,
      "logo": "https://matcha-image-proxy.api.0x.org/images/56/0x4c3a2d6e78d1dddf43d829371285d5911cad4984"
    },
    {
      "address": "0xb009c597c258db4f48b790b2c7ab9bcf2c922ae1",
      "chainId": 56,
      "decimals": 18,
      "name": "FIL Filecoin PRESALE",
      "symbol": "FIL Filecoin PRESALE",
      "type": "ERC20",
      "blockListsCount": 0,
      "exchangeListsCount": 0,
      "flagListsCount": 0,
      "importedListsCount": 0,
      "logo": "https://matcha-image-proxy.api.0x.org/images/56/0xb009c597c258db4f48b790b2c7ab9bcf2c922ae1"
    },
    {
      "address": "0x3af9086d5cee55fe6bde3b34e2f5f914ed9beb0e",
      "chainId": 56,
      "decimals": 18,
      "name": "FIL Filecoin V2",
      "symbol": "FIL Filecoin V2",
      "type": "ERC20",
      "blockListsCount": 0,
      "exchangeListsCount": 0,
      "flagListsCount": 0,
      "importedListsCount": 0,
      "logo": "https://matcha-image-proxy.api.0x.org/images/56/0x3af9086d5cee55fe6bde3b34e2f5f914ed9beb0e"
    },
    {
      "address": "0x3f2b68ea90bf9922b6e7470f490f07c89785118b",
      "chainId": 56,
      "decimals": 18,
      "name": "FIL Filecoin AI Agents",
      "symbol": "FIL Filecoin AI Agents",
      "type": "ERC20",
      "blockListsCount": 0,
      "exchangeListsCount": 0,
      "flagListsCount": 0,
      "importedListsCount": 0,
      "logo": "https://matcha-image-proxy.api.0x.org/images/56/0x3f2b68ea90bf9922b6e7470f490f07c89785118b"
    },
    {
      "address": "0xe1c6b3edf0e5b7f19a36bde1a9910fc5baba9517",
      "chainId": 56,
      "decimals": 18,
      "name": "FIL Filecoin AI Agents",
      "symbol": "FIL Filecoin AI Agents",
      "type": "ERC20",
      "blockListsCount": 0,
      "exchangeListsCount": 0,
      "flagListsCount": 0,
      "importedListsCount": 0,
      "logo": "https://matcha-image-proxy.api.0x.org/images/56/0xe1c6b3edf0e5b7f19a36bde1a9910fc5baba9517"
    },
    {
      "address": "0x7d32da70b3bafdea012ea18c7570854a2cda26df",
      "chainId": 8453,
      "decimals": 18,
      "name": "FIL Filecoin On Base",
      "symbol": "FIL Filecoin On Base",
      "type": "ERC20",
      "blockListsCount": 0,
      "exchangeListsCount": 0,
      "flagListsCount": 0,
      "importedListsCount": 0,
      "logo": "https://matcha-image-proxy.api.0x.org/images/8453/0x7d32da70b3bafdea012ea18c7570854a2cda26df"
    },
    {
      "address": "0xd8ba5e7a5f8aed753695b4fe167c2790a41161bb",
      "chainId": 56,
      "decimals": 18,
      "name": "FIL Filecoin On Binance Alpha",
      "symbol": "FIL Filecoin On Binance Alpha",
      "type": "ERC20",
      "blockListsCount": 0,
      "exchangeListsCount": 0,
      "flagListsCount": 0,
      "importedListsCount": 0,
      "logo": "https://matcha-image-proxy.api.0x.org/images/56/0xd8ba5e7a5f8aed753695b4fe167c2790a41161bb"
    },
    {
      "address": "0x4dd83a5914d80434aee37ffe5bcb6d54131086de",
      "chainId": 56,
      "decimals": 18,
      "name": "FIL Filecoin AI Presale v2",
      "symbol": "FIL Filecoin AI Presale v2",
      "type": "ERC20",
      "blockListsCount": 0,
      "exchangeListsCount": 0,
      "flagListsCount": 0,
      "importedListsCount": 0,
      "logo": "https://matcha-image-proxy.api.0x.org/images/56/0x4dd83a5914d80434aee37ffe5bcb6d54131086de"
    },
    {
      "address": "0xbb50daa7e27502efbf65cbfab53a85a0b32588d4",
      "chainId": 56,
      "decimals": 9,
      "name": "FIL Filecoin AI Presale v2",
      "symbol": "FIL Filecoin AI Presale v2",
      "type": "ERC20",
      "blockListsCount": 0,
      "exchangeListsCount": 0,
      "flagListsCount": 0,
      "importedListsCount": 0,
      "logo": "https://matcha-image-proxy.api.0x.org/images/56/0xbb50daa7e27502efbf65cbfab53a85a0b32588d4"
    },
    {
      "address": "0x8e16bf47065fe843a82f4399baf5abac4e0822b7",
      "chainId": 1,
      "decimals": 18,
      "name": "Binance Wrapped FIL",
      "symbol": "BFIL",
      "type": "ERC20",
      "hasLogo": true,
      "issuer": {
        "name": "binance",
        "metadata": {}
      },
      "blockListsCount": 0,
      "exchangeListsCount": 0,
      "flagListsCount": 0,
      "importedListsCount": 1,
      "buyTax": 0,
      "sellTax": 0,
      "isInDex": false,
      "isHoneypot": false,
      "manualUnblock": false,
      "logo": "https://matcha-image-proxy.api.0x.org/images/1/0x8e16bf47065fe843a82f4399baf5abac4e0822b7"
    },
    {
      "address": "0x6fb3e0a217407efff7ca062d46c26e5d60a14d69",
      "chainId": 1,
      "decimals": 18,
      "name": "IoTeX Network",
      "symbol": "IOTX",
      "type": "ERC20",
      "hasLogo": true,
      "blockListsCount": 0,
      "exchangeListsCount": 1,
      "flagListsCount": 0,
      "importedListsCount": 5,
      "buyTax": 0,
      "sellTax": 0,
      "isInDex": true,
      "isHoneypot": false,
      "manualUnblock": false,
      "transactionsHourly": 3,
      "transactionsDaily": 4,
      "transactionsWeekly": 11,
      "transactionsMonthly": 38,
      "volumeUsdHourly": 392.028548028612,
      "volumeUsdDaily": 667.592784250679,
      "volumeUsdWeekly": 1339.025239508587,
      "volumeUsdMonthly": 10263.425105615654,
      "logo": "https://matcha-image-proxy.api.0x.org/images/1/0x6fb3e0a217407efff7ca062d46c26e5d60a14d69"
    },
    {
      "address": "0x11e969e9b3f89cb16d686a03cd8508c9fc0361af",
      "chainId": 42161,
      "decimals": 6,
      "name": "Axelar Wrapped LAVA",
      "symbol": "LAVA",
      "type": "ERC20",
      "hasLogo": true,
      "blockListsCount": 0,
      "exchangeListsCount": 0,
      "flagListsCount": 0,
      "importedListsCount": 1,
      "buyTax": 0,
      "sellTax": 0,
      "isInDex": true,
      "isHoneypot": false,
      "manualUnblock": false,
      "transactionsHourly": 1,
      "transactionsDaily": 2,
      "transactionsWeekly": 114,
      "transactionsMonthly": 1144,
      "volumeUsdHourly": 834.837563850337,
      "volumeUsdDaily": 1238.96161266144,
      "volumeUsdWeekly": 71668.52099484867,
      "volumeUsdMonthly": 383922.8893457463,
      "logo": "https://matcha-image-proxy.api.0x.org/images/42161/0x11e969e9b3f89cb16d686a03cd8508c9fc0361af"
    },
    {
      "address": "0x11e969e9b3f89cb16d686a03cd8508c9fc0361af",
      "chainId": 8453,
      "decimals": 6,
      "name": "Axelar Wrapped LAVA",
      "symbol": "LAVA",
      "type": "ERC20",
      "hasLogo": true,
      "blockListsCount": 0,
      "exchangeListsCount": 0,
      "flagListsCount": 0,
      "importedListsCount": 1,
      "buyTax": 0,
      "sellTax": 0,
      "isInDex": true,
      "isHoneypot": false,
      "manualUnblock": false,
      "transactionsHourly": 1,
      "transactionsDaily": 2,
      "transactionsWeekly": 104,
      "transactionsMonthly": 452,
      "volumeUsdHourly": 0.0101243967719139,
      "volumeUsdDaily": 49.32600714606861,
      "volumeUsdWeekly": 11343.811837825026,
      "volumeUsdMonthly": 76478.6884713469,
      "logo": "https://matcha-image-proxy.api.0x.org/images/8453/0x11e969e9b3f89cb16d686a03cd8508c9fc0361af"
    }
  ],
  "searchTime": "2025-12-30T01:56:40.472Z",
  "error": null
}