{
  "originalSymbol": "AHT",
  "originalFullName": "AhaToken",
  "searchedQuery": "AHT AhaToken",
  "retried": false,
  "isL1": false,
  "success": true,
  "tokenCount": 15,
  "resultCount": 603,
  "tokens": [
    {
      "address": "0x0b7137f1af7e6847716d82adb1d1c2917c8c05f8",
      "chainId": 130,
      "decimals": 18,
      "name": "Aht H2o Securities",
      "symbol": "Aht H2o Securities",
      "type": "ERC20",
      "blockListsCount": 1,
      "exchangeListsCount": 0,
      "flagListsCount": 1,
      "importedListsCount": 0,
      "manualUnblock": false,
      "logo": "https://matcha-image-proxy.api.0x.org/images/130/0x0b7137f1af7e6847716d82adb1d1c2917c8c05f8"
    },
    {
      "address": "0xd7315a8a09688d49725f6318ad1ee9f643722522",
      "chainId": 8453,
      "decimals": 18,
      "name": "AHT AhaToken Perpetual",
      "symbol": "AHTAHA",
      "type": "ERC20",
      "blockListsCount": 0,
      "exchangeListsCount": 0,
      "flagListsCount": 0,
      "importedListsCount": 0,
      "logo": "https://matcha-image-proxy.api.0x.org/images/8453/0xd7315a8a09688d49725f6318ad1ee9f643722522"
    },
    {
      "address": "0xded089fa166c539695961930bb0f0d258cb665c3",
      "chainId": 8453,
      "decimals": 18,
      "name": "AHT",
      "symbol": "AHT",
      "type": "ERC20",
      "issuer": {
        "name": "zora",
        "metadata": {}
      },
      "blockListsCount": 0,
      "exchangeListsCount": 0,
      "flagListsCount": 0,
      "importedListsCount": 0,
      "logo": "https://matcha-image-proxy.api.0x.org/images/8453/0xded089fa166c539695961930bb0f0d258cb665c3"
    },
    {
      "address": "0xd99ffad7836a2343eea62664dd4825f1665e2989",
      "chainId": 8453,
      "decimals": 18,
      "name": "AHT",
      "symbol": "AHT",
      "type": "ERC20",
      "issuer": {
        "name": "zora",
        "metadata": {}
      },
      "blockListsCount": 0,
      "exchangeListsCount": 0,
      "flagListsCount": 0,
      "importedListsCount": 0,
      "buyTax": 0,
      "sellTax": 0,
      "isInDex": true,
      "isHoneypot": false,
      "logo": "https://matcha-image-proxy.api.0x.org/images/8453/0xd99ffad7836a2343eea62664dd4825f1665e2989"
    },
    {
      "address": "0xf82cf8e6fa999dc73f4fc48ef03c99f1bdee565a",
      "chainId": 8453,
      "decimals": 18,
      "name": "AHT",
      "symbol": "AHT",
      "type": "ERC20",
      "issuer": {
        "name": "zora",
        "metadata": {}
      },
      "blockListsCount": 0,
      "exchangeListsCount": 0,
      "flagListsCount": 0,
      "importedListsCount": 0,
      "logo": "https://matcha-image-proxy.api.0x.org/images/8453/0xf82cf8e6fa999dc73f4fc48ef03c99f1bdee565a"
    },
    {
      "address": "0x9fe98548e6cdea0f171c2b2a5ca6312e5c732c65",
      "chainId": 8453,
      "decimals": 18,
      "name": "AhaToken",
      "symbol": "AHT",
      "type": "ERC20",
      "issuer": {
        "name": "zora",
        "metadata": {}
      },
      "blockListsCount": 0,
      "exchangeListsCount": 0,
      "flagListsCount": 0,
      "importedListsCount": 0,
      "logo": "https://matcha-image-proxy.api.0x.org/images/8453/0x9fe98548e6cdea0f171c2b2a5ca6312e5c732c65"
    },
    {
      "address": "0x74f4d46fb18aca5f0b6c954c66c3755077c5229d",
      "chainId": 8453,
      "decimals": 18,
      "name": "AhaToken",
      "symbol": "AHT",
      "type": "ERC20",
      "issuer": {
        "name": "zora",
        "metadata": {}
      },
      "blockListsCount": 0,
      "exchangeListsCount": 0,
      "flagListsCount": 0,
      "importedListsCount": 0,
      "logo": "https://matcha-image-proxy.api.0x.org/images/8453/0x74f4d46fb18aca5f0b6c954c66c3755077c5229d"
    },
    {
      "address": "0x9613017a0d096644c23ba2817be1e0d603f4ab02",
      "chainId": 8453,
      "decimals": 18,
      "name": "AhaToken",
      "symbol": "AHT",
      "type": "ERC20",
      "issuer": {
        "name": "zora",
        "metadata": {}
      },
      "blockListsCount": 0,
      "exchangeListsCount": 0,
      "flagListsCount": 0,
      "importedListsCount": 0,
      "logo": "https://matcha-image-proxy.api.0x.org/images/8453/0x9613017a0d096644c23ba2817be1e0d603f4ab02"
    },
    {
      "address": "0x030cec186a3f81ee5e412ca9135bc04b10e2d854",
      "chainId": 8453,
      "decimals": 18,
      "name": "AhaToken",
      "symbol": "AHT",
      "type": "ERC20",
      "issuer": {
        "name": "zora",
        "metadata": {}
      },
      "blockListsCount": 0,
      "exchangeListsCount": 0,
      "flagListsCount": 0,
      "importedListsCount": 0,
      "logo": "https://matcha-image-proxy.api.0x.org/images/8453/0x030cec186a3f81ee5e412ca9135bc04b10e2d854"
    },
    {
      "address": "Hf7Prgk2KZJzADBDJPrLs7YCiHGkR3bW2hvShbwBpump",
      "chainId": 1399811149,
      "decimals": 6,
      "name": "AHT AHT AHT",
      "symbol": "AHT",
      "type": "SPL-Token",
      "blockListsCount": 0,
      "exchangeListsCount": 0,
      "flagListsCount": 0,
      "importedListsCount": 0,
      "logo": "https://matcha-image-proxy.api.0x.org/images/1399811149/Hf7Prgk2KZJzADBDJPrLs7YCiHGkR3bW2hvShbwBpump"
    },
    {
      "address": "0xcf78a19899e1cf00d7c8248206521f8c04f8ac5c",
      "chainId": 8453,
      "decimals": 18,
      "name": "not selling my creator coin",
      "symbol": "aht",
      "type": "ERC20",
      "issuer": {
        "name": "zora",
        "metadata": {}
      },
      "blockListsCount": 0,
      "exchangeListsCount": 0,
      "flagListsCount": 0,
      "importedListsCount": 0,
      "logo": "https://matcha-image-proxy.api.0x.org/images/8453/0xcf78a19899e1cf00d7c8248206521f8c04f8ac5c"
    },
    {
      "address": "0x1b8d8208ef216deee742ae5abe54eb81c96d6b07",
      "chainId": 143,
      "decimals": 18,
      "name": "AHT",
      "symbol": "AHT",
      "type": "ERC20",
      "blockListsCount": 0,
      "exchangeListsCount": 0,
      "flagListsCount": 0,
      "importedListsCount": 0,
      "logo": "https://matcha-image-proxy.api.0x.org/images/143/0x1b8d8208ef216deee742ae5abe54eb81c96d6b07"
    },
    {
      "address": "0x6793cb4754ce7604504947bc68f5ade48ed9cbdb",
      "chainId": 56,
      "decimals": 18,
      "name": "AHT",
      "symbol": "AHT",
      "type": "ERC20",
      "blockListsCount": 0,
      "exchangeListsCount": 0,
      "flagListsCount": 0,
      "importedListsCount": 0,
      "logo": "https://matcha-image-proxy.api.0x.org/images/56/0x6793cb4754ce7604504947bc68f5ade48ed9cbdb"
    },
    {
      "address": "0x77d2c293a71c78f76930a5f11043b9baec0f066c",
      "chainId": 56,
      "decimals": 18,
      "name": "AHT",
      "symbol": "AHT",
      "type": "ERC20",
      "blockListsCount": 0,
      "exchangeListsCount": 0,
      "flagListsCount": 0,
      "importedListsCount": 0,
      "logo": "https://matcha-image-proxy.api.0x.org/images/56/0x77d2c293a71c78f76930a5f11043b9baec0f066c"
    },
    {
      "address": "0x73d402750cb511755c124656ea80d8d69b964707",
      "chainId": 56,
      "decimals": 18,
      "name": "AHT",
      "symbol": "AHT",
      "type": "ERC20",
      "blockListsCount": 0,
      "exchangeListsCount": 0,
      "flagListsCount": 0,
      "importedListsCount": 0,
      "logo": "https://matcha-image-proxy.api.0x.org/images/56/0x73d402750cb511755c124656ea80d8d69b964707"
    }
  ],
  "searchTime": "2025-12-30T01:57:23.177Z",
  "error": null
}