{
  "originalSymbol": "AXS",
  "originalFullName": "Axie Infinity",
  "searchedQuery": "AXS Axie Infinity",
  "retried": false,
  "isL1": false,
  "success": true,
  "tokenCount": 15,
  "resultCount": 10000,
  "tokens": [
    {
      "address": "0x715d400f88c167884bbcc41c5fea407ed4d2f8a0",
      "chainId": 56,
      "decimals": 18,
      "name": "Axie Infinity Shard",
      "symbol": "AXS",
      "type": "ERC20",
      "hasLogo": true,
      "issuer": {
        "name": "binance",
        "metadata": {}
      },
      "blockListsCount": 0,
      "exchangeListsCount": 0,
      "flagListsCount": 0,
      "importedListsCount": 2,
      "buyTax": 0,
      "sellTax": 0,
      "isInDex": true,
      "isHoneypot": false,
      "manualUnblock": false,
      "transactionsHourly": 1,
      "transactionsDaily": 6,
      "transactionsWeekly": 35,
      "transactionsMonthly": 119,
      "volumeUsdHourly": 12.6757676831034,
      "volumeUsdDaily": 41.3475566579641,
      "volumeUsdWeekly": 597.347658575177,
      "volumeUsdMonthly": 3206.1369877263674,
      "logo": "https://matcha-image-proxy.api.0x.org/images/56/0x715d400f88c167884bbcc41c5fea407ed4d2f8a0"
    },
    {
      "address": "0x1e0604f429a3554f20932a3adf61bc3489008515",
      "chainId": 8453,
      "decimals": 18,
      "name": "AXS (Axie Infinity) NFT",
      "symbol": "AXS (Axie Infinity) NFT",
      "type": "ERC20",
      "issuer": {
        "name": "zora",
        "metadata": {}
      },
      "blockListsCount": 0,
      "exchangeListsCount": 0,
      "flagListsCount": 0,
      "importedListsCount": 0,
      "logo": "https://matcha-image-proxy.api.0x.org/images/8453/0x1e0604f429a3554f20932a3adf61bc3489008515"
    },
    {
      "address": "0x0566c506477cd2d8df4e0123512dbc344bd9d111",
      "chainId": 137,
      "decimals": 18,
      "name": "MyLovelyCoin",
      "symbol": "MLC",
      "type": "ERC20",
      "hasLogo": true,
      "blockListsCount": 0,
      "exchangeListsCount": 0,
      "flagListsCount": 0,
      "importedListsCount": 1,
      "buyTax": 0,
      "sellTax": 0,
      "isInDex": true,
      "isHoneypot": false,
      "manualUnblock": false,
      "transactionsHourly": 1,
      "transactionsDaily": 17,
      "transactionsWeekly": 80,
      "transactionsMonthly": 786,
      "volumeUsdHourly": 39.3296349320524,
      "volumeUsdDaily": 5745.319982453224,
      "volumeUsdWeekly": 15541.298815701355,
      "volumeUsdMonthly": 149538.27066714194,
      "logo": "https://matcha-image-proxy.api.0x.org/images/137/0x0566c506477cd2d8df4e0123512dbc344bd9d111"
    },
    {
      "address": "0xbb0e17ef65f82ab018d8edd776e8dd940327b28b",
      "chainId": 1,
      "decimals": 18,
      "name": "Axie Infinity Shard",
      "symbol": "AXS",
      "type": "ERC20",
      "hasLogo": true,
      "blockListsCount": 0,
      "exchangeListsCount": 1,
      "flagListsCount": 0,
      "importedListsCount": 5,
      "buyTax": 0,
      "sellTax": 0,
      "isInDex": true,
      "isHoneypot": false,
      "manualUnblock": false,
      "transactionsHourly": 1,
      "transactionsDaily": 2,
      "transactionsWeekly": 23,
      "transactionsMonthly": 77,
      "volumeUsdHourly": 211.872223370291,
      "volumeUsdDaily": 214.31595830213388,
      "volumeUsdWeekly": 770.0339840733074,
      "volumeUsdMonthly": 11132.731354836833,
      "logo": "https://matcha-image-proxy.api.0x.org/images/1/0xbb0e17ef65f82ab018d8edd776e8dd940327b28b"
    },
    {
      "address": "0xa97bad932aee0213c253e817276f7b1f9052c391",
      "chainId": 8453,
      "decimals": 18,
      "name": "AXS Axie Infinity On Base",
      "symbol": "AXS Axie Infinity On Base",
      "type": "ERC20",
      "blockListsCount": 0,
      "exchangeListsCount": 0,
      "flagListsCount": 0,
      "importedListsCount": 0,
      "logo": "https://matcha-image-proxy.api.0x.org/images/8453/0xa97bad932aee0213c253e817276f7b1f9052c391"
    },
    {
      "address": "0xabde486480310784fab17b0f402a11f721cfabb7",
      "chainId": 56,
      "decimals": 9,
      "name": "AXS Axie Infinity AI Presale v2",
      "symbol": "AXS Axie Infinity AI Presale v2",
      "type": "ERC20",
      "blockListsCount": 0,
      "exchangeListsCount": 0,
      "flagListsCount": 0,
      "importedListsCount": 0,
      "logo": "https://matcha-image-proxy.api.0x.org/images/56/0xabde486480310784fab17b0f402a11f721cfabb7"
    },
    {
      "address": "0x8248270620aa532e4d64316017be5e873e37cc09",
      "chainId": 1,
      "decimals": 18,
      "name": "DevvE",
      "symbol": "DEVVE",
      "type": "ERC20",
      "hasLogo": true,
      "blockListsCount": 0,
      "exchangeListsCount": 0,
      "flagListsCount": 0,
      "importedListsCount": 2,
      "buyTax": 0,
      "sellTax": 0,
      "isInDex": true,
      "isHoneypot": false,
      "manualUnblock": false,
      "transactionsHourly": 2,
      "transactionsDaily": 8,
      "transactionsWeekly": 58,
      "transactionsMonthly": 339,
      "volumeUsdHourly": 4897.427385083382,
      "volumeUsdDaily": 11496.405027268316,
      "volumeUsdWeekly": 44318.79202327439,
      "volumeUsdMonthly": 290110.88397854875,
      "logo": "https://matcha-image-proxy.api.0x.org/images/1/0x8248270620aa532e4d64316017be5e873e37cc09"
    },
    {
      "address": "0xf25620f89d0e23a8ba7b11ab3235b66268794196",
      "chainId": 8453,
      "decimals": 18,
      "name": "Infinity Rising",
      "symbol": "RISE",
      "type": "ERC20",
      "hasLogo": true,
      "blockListsCount": 0,
      "exchangeListsCount": 0,
      "flagListsCount": 0,
      "importedListsCount": 1,
      "buyTax": null,
      "sellTax": null,
      "isInDex": false,
      "isHoneypot": false,
      "manualUnblock": false,
      "transactionsHourly": 1,
      "transactionsDaily": 8,
      "transactionsWeekly": 21,
      "transactionsMonthly": 205,
      "volumeUsdHourly": 1806.82894002226,
      "volumeUsdDaily": 3681.1355283855783,
      "volumeUsdWeekly": 6276.314110887854,
      "volumeUsdMonthly": 77381.59999782669,
      "logo": "https://matcha-image-proxy.api.0x.org/images/8453/0xf25620f89d0e23a8ba7b11ab3235b66268794196"
    },
    {
      "address": "0xeec468333ccc16d4bf1cef497a56cf8c0aae4ca3",
      "chainId": 8453,
      "decimals": 18,
      "name": "Anzen Token",
      "symbol": "ANZ",
      "type": "ERC20",
      "hasLogo": true,
      "blockListsCount": 0,
      "exchangeListsCount": 0,
      "flagListsCount": 0,
      "importedListsCount": 1,
      "buyTax": 0,
      "sellTax": 0,
      "isInDex": true,
      "isHoneypot": false,
      "manualUnblock": false,
      "transactionsHourly": 4,
      "transactionsDaily": 10,
      "transactionsWeekly": 85,
      "transactionsMonthly": 1204,
      "volumeUsdHourly": 33.832512568575126,
      "volumeUsdDaily": 49.41172229232771,
      "volumeUsdWeekly": 6218.746086862568,
      "volumeUsdMonthly": 77960.09606351114,
      "logo": "https://matcha-image-proxy.api.0x.org/images/8453/0xeec468333ccc16d4bf1cef497a56cf8c0aae4ca3"
    },
    {
      "address": "0x33c527361ab68b46a6669f82d25b704423cae568",
      "chainId": 8453,
      "decimals": 18,
      "name": "Zenith by Virtuals",
      "symbol": "ZENITH",
      "type": "ERC20",
      "hasLogo": true,
      "blockListsCount": 0,
      "exchangeListsCount": 0,
      "flagListsCount": 0,
      "importedListsCount": 1,
      "buyTax": null,
      "sellTax": null,
      "isInDex": false,
      "isHoneypot": false,
      "manualUnblock": false,
      "transactionsHourly": 1,
      "transactionsDaily": 11,
      "transactionsWeekly": 95,
      "transactionsMonthly": 107,
      "volumeUsdHourly": 17.3264059495547,
      "volumeUsdDaily": 645.256906037615,
      "volumeUsdWeekly": 11377.962877003576,
      "volumeUsdMonthly": 11493.287552401922,
      "logo": "https://matcha-image-proxy.api.0x.org/images/8453/0x33c527361ab68b46a6669f82d25b704423cae568"
    },
    {
      "address": "0xc438b0c0e80a8fa1b36898d1b36a3fc2ec371c54",
      "chainId": 8453,
      "decimals": 18,
      "name": "Blep Super Meme",
      "symbol": "BLEP",
      "type": "ERC20",
      "hasLogo": true,
      "blockListsCount": 0,
      "exchangeListsCount": 0,
      "flagListsCount": 0,
      "importedListsCount": 1,
      "buyTax": 0,
      "sellTax": 0,
      "isInDex": true,
      "isHoneypot": false,
      "manualUnblock": false,
      "transactionsHourly": 2,
      "transactionsDaily": 13,
      "transactionsWeekly": 75,
      "transactionsMonthly": 315,
      "volumeUsdHourly": 103.66567793568012,
      "volumeUsdDaily": 130.2631429192839,
      "volumeUsdWeekly": 3074.2959841089505,
      "volumeUsdMonthly": 25213.202921209384,
      "logo": "https://matcha-image-proxy.api.0x.org/images/8453/0xc438b0c0e80a8fa1b36898d1b36a3fc2ec371c54"
    },
    {
      "address": "0x16cda4028e9e872a38acb903176719299beaed87",
      "chainId": 1,
      "decimals": 18,
      "name": "MARS4",
      "symbol": "MARS4",
      "type": "ERC20",
      "hasLogo": true,
      "blockListsCount": 0,
      "exchangeListsCount": 0,
      "flagListsCount": 0,
      "importedListsCount": 2,
      "buyTax": 0,
      "sellTax": 0,
      "isInDex": true,
      "isHoneypot": false,
      "manualUnblock": false,
      "transactionsHourly": 1,
      "transactionsDaily": 1,
      "transactionsWeekly": 35,
      "transactionsMonthly": 95,
      "volumeUsdHourly": 17.5321972376969,
      "volumeUsdDaily": 17.5321972376969,
      "volumeUsdWeekly": 7163.09629350446,
      "volumeUsdMonthly": 17058.555508024627,
      "logo": "https://matcha-image-proxy.api.0x.org/images/1/0x16cda4028e9e872a38acb903176719299beaed87"
    },
    {
      "address": "0x8e4f1ce473b292d56934c36976356e3e22c35585",
      "chainId": 1,
      "decimals": 18,
      "name": "Fias",
      "symbol": "FIAS",
      "type": "ERC20",
      "hasLogo": true,
      "blockListsCount": 0,
      "exchangeListsCount": 0,
      "flagListsCount": 0,
      "importedListsCount": 2,
      "buyTax": 0,
      "sellTax": 0,
      "isInDex": true,
      "isHoneypot": false,
      "manualUnblock": false,
      "transactionsHourly": 1,
      "transactionsDaily": 2,
      "transactionsWeekly": 24,
      "transactionsMonthly": 59,
      "volumeUsdHourly": 1070.54639530658,
      "volumeUsdDaily": 3335.51404955941,
      "volumeUsdWeekly": 22931.356593203767,
      "volumeUsdMonthly": 39510.97660959575,
      "logo": "https://matcha-image-proxy.api.0x.org/images/1/0x8e4f1ce473b292d56934c36976356e3e22c35585"
    },
    {
      "address": "0x653a143b8d15c565c6623d1f168cfbec1056d872",
      "chainId": 8453,
      "decimals": 9,
      "name": "kurbi",
      "symbol": "kurbi",
      "type": "ERC20",
      "hasLogo": true,
      "blockListsCount": 0,
      "exchangeListsCount": 0,
      "flagListsCount": 0,
      "importedListsCount": 1,
      "buyTax": 0,
      "sellTax": 0,
      "isInDex": true,
      "isHoneypot": false,
      "manualUnblock": false,
      "transactionsHourly": 1,
      "transactionsDaily": 3,
      "transactionsWeekly": 17,
      "transactionsMonthly": 908,
      "volumeUsdHourly": 136.443882268378,
      "volumeUsdDaily": 281.4439967371518,
      "volumeUsdWeekly": 463.4722823432881,
      "volumeUsdMonthly": 124307.00820547256,
      "logo": "https://matcha-image-proxy.api.0x.org/images/8453/0x653a143b8d15c565c6623d1f168cfbec1056d872"
    },
    {
      "address": "0x749e5334752466cda899b302ed4176b8573dc877",
      "chainId": 8453,
      "decimals": 18,
      "name": "Assimilate",
      "symbol": "SIM",
      "type": "ERC20",
      "hasLogo": true,
      "blockListsCount": 0,
      "exchangeListsCount": 0,
      "flagListsCount": 0,
      "importedListsCount": 1,
      "buyTax": 0,
      "sellTax": 0,
      "isInDex": true,
      "isHoneypot": false,
      "manualUnblock": false,
      "transactionsHourly": 1,
      "transactionsDaily": 2,
      "transactionsWeekly": 138,
      "transactionsMonthly": 193,
      "volumeUsdHourly": 25.184633159255,
      "volumeUsdDaily": 26.174830557973156,
      "volumeUsdWeekly": 31365.13644897538,
      "volumeUsdMonthly": 39285.27245861715,
      "logo": "https://matcha-image-proxy.api.0x.org/images/8453/0x749e5334752466cda899b302ed4176b8573dc877"
    }
  ],
  "searchTime": "2025-12-30T01:57:40.502Z",
  "error": null
}