{
  "originalSymbol": "TT",
  "originalFullName": "ThunderCore",
  "searchedQuery": "TT ThunderCore",
  "retried": true,
  "isL1": true,
  "success": true,
  "tokenCount": 15,
  "resultCount": 588,
  "tokens": [
    {
      "address": "0x5a880139880eabc6cf8093e5aeb6a34dae9c68ae",
      "chainId": 56,
      "decimals": 6,
      "name": "WTT Share",
      "symbol": "WTTS",
      "type": "ERC20",
      "blockListsCount": 1,
      "exchangeListsCount": 0,
      "flagListsCount": 1,
      "importedListsCount": 0,
      "buyTax": 0,
      "sellTax": 0,
      "isInDex": false,
      "isHoneypot": false,
      "manualUnblock": false,
      "logo": "https://matcha-image-proxy.api.0x.org/images/56/0x5a880139880eabc6cf8093e5aeb6a34dae9c68ae"
    },
    {
      "address": "0x96119977a8aa58f4d24b50cd92d554d377ec8f09",
      "chainId": 56,
      "decimals": 18,
      "name": "WTT Share",
      "symbol": "WTTS",
      "type": "ERC20",
      "blockListsCount": 1,
      "exchangeListsCount": 0,
      "flagListsCount": 1,
      "importedListsCount": 0,
      "buyTax": 0,
      "sellTax": null,
      "isInDex": false,
      "isHoneypot": false,
      "manualUnblock": false,
      "logo": "https://matcha-image-proxy.api.0x.org/images/56/0x96119977a8aa58f4d24b50cd92d554d377ec8f09"
    },
    {
      "address": "0x304d7f1bfc8e87754bf1392a8b4212e1205040f3",
      "chainId": 8453,
      "decimals": 18,
      "name": "Wtt",
      "symbol": "Wtt",
      "type": "ERC20",
      "issuer": {
        "name": "zora",
        "metadata": {}
      },
      "blockListsCount": 0,
      "exchangeListsCount": 0,
      "flagListsCount": 0,
      "importedListsCount": 0,
      "logo": "https://matcha-image-proxy.api.0x.org/images/8453/0x304d7f1bfc8e87754bf1392a8b4212e1205040f3"
    },
    {
      "address": "0x4886a14202a0bc21fab95b093dd7b1fbcf7fe4bc",
      "chainId": 8453,
      "decimals": 18,
      "name": "wtt",
      "symbol": "wtt",
      "type": "ERC20",
      "issuer": {
        "name": "zora",
        "metadata": {}
      },
      "blockListsCount": 0,
      "exchangeListsCount": 0,
      "flagListsCount": 0,
      "importedListsCount": 0,
      "logo": "https://matcha-image-proxy.api.0x.org/images/8453/0x4886a14202a0bc21fab95b093dd7b1fbcf7fe4bc"
    },
    {
      "address": "0xbfac083010702484505c2ff3d641e0951903d580",
      "chainId": 8453,
      "decimals": 18,
      "name": "Wtt",
      "symbol": "Wtt",
      "type": "ERC20",
      "issuer": {
        "name": "zora",
        "metadata": {}
      },
      "blockListsCount": 0,
      "exchangeListsCount": 0,
      "flagListsCount": 0,
      "importedListsCount": 0,
      "logo": "https://matcha-image-proxy.api.0x.org/images/8453/0xbfac083010702484505c2ff3d641e0951903d580"
    },
    {
      "address": "0x6a0fdc94e7d53c4e77ff0475a7c67adc51a15035",
      "chainId": 8453,
      "decimals": 18,
      "name": "WTT flow",
      "symbol": "WTTFLOW",
      "type": "ERC20",
      "issuer": {
        "name": "zora",
        "metadata": {}
      },
      "blockListsCount": 0,
      "exchangeListsCount": 0,
      "flagListsCount": 0,
      "importedListsCount": 0,
      "logo": "https://matcha-image-proxy.api.0x.org/images/8453/0x6a0fdc94e7d53c4e77ff0475a7c67adc51a15035"
    },
    {
      "address": "0x3864892bda1d431fd29562186fbf36d2e7b937d4",
      "chainId": 8453,
      "decimals": 18,
      "name": "WTT morph",
      "symbol": "WTTMORPH",
      "type": "ERC20",
      "issuer": {
        "name": "zora",
        "metadata": {}
      },
      "blockListsCount": 0,
      "exchangeListsCount": 0,
      "flagListsCount": 0,
      "importedListsCount": 0,
      "logo": "https://matcha-image-proxy.api.0x.org/images/8453/0x3864892bda1d431fd29562186fbf36d2e7b937d4"
    },
    {
      "address": "0xf23a6f388394ddcd00d02edbd04a7d130ea1eea9",
      "chainId": 8453,
      "decimals": 18,
      "name": "EDM WTT",
      "symbol": "EDMWTT",
      "type": "ERC20",
      "issuer": {
        "name": "zora",
        "metadata": {}
      },
      "blockListsCount": 0,
      "exchangeListsCount": 0,
      "flagListsCount": 0,
      "importedListsCount": 0,
      "logo": "https://matcha-image-proxy.api.0x.org/images/8453/0xf23a6f388394ddcd00d02edbd04a7d130ea1eea9"
    },
    {
      "address": "0x241c423c08af3b2d4e5602f7b501f5cf27ddc49f",
      "chainId": 8453,
      "decimals": 18,
      "name": "1000002620",
      "symbol": "WTT",
      "type": "ERC20",
      "issuer": {
        "name": "zora",
        "metadata": {}
      },
      "blockListsCount": 0,
      "exchangeListsCount": 0,
      "flagListsCount": 0,
      "importedListsCount": 0,
      "logo": "https://matcha-image-proxy.api.0x.org/images/8453/0x241c423c08af3b2d4e5602f7b501f5cf27ddc49f"
    },
    {
      "address": "0x840e1daeca2fd0cc8b60078515c658b9b34bbbc2",
      "chainId": 56,
      "decimals": 18,
      "name": "WTT",
      "symbol": "WTT",
      "type": "ERC20",
      "blockListsCount": 0,
      "exchangeListsCount": 0,
      "flagListsCount": 0,
      "importedListsCount": 0,
      "buyTax": 0,
      "sellTax": 0,
      "isInDex": false,
      "isHoneypot": false,
      "logo": "https://matcha-image-proxy.api.0x.org/images/56/0x840e1daeca2fd0cc8b60078515c658b9b34bbbc2"
    },
    {
      "address": "0x136227c8027627fead45357353543dd5e492c74a",
      "chainId": 137,
      "decimals": 18,
      "name": "WTT",
      "symbol": "WTT",
      "type": "ERC20",
      "blockListsCount": 0,
      "exchangeListsCount": 0,
      "flagListsCount": 0,
      "importedListsCount": 0,
      "buyTax": null,
      "sellTax": null,
      "isInDex": false,
      "isHoneypot": false,
      "logo": "https://matcha-image-proxy.api.0x.org/images/137/0x136227c8027627fead45357353543dd5e492c74a"
    },
    {
      "address": "9cvu5ErAB1qjvfanYvF8PFh1nfaCJyCg7mTZijAhYXyW",
      "chainId": 1399811149,
      "decimals": 9,
      "name": "WTT",
      "symbol": "WTT",
      "type": "SPL-Token",
      "blockListsCount": 0,
      "exchangeListsCount": 0,
      "flagListsCount": 0,
      "importedListsCount": 0,
      "logo": "https://matcha-image-proxy.api.0x.org/images/1399811149/9cvu5ErAB1qjvfanYvF8PFh1nfaCJyCg7mTZijAhYXyW"
    },
    {
      "address": "0xf45510e4a162c9f90906bb91a96ad78152d04444",
      "chainId": 56,
      "decimals": 18,
      "name": "WTT",
      "symbol": "WTT",
      "type": "ERC20",
      "blockListsCount": 0,
      "exchangeListsCount": 0,
      "flagListsCount": 0,
      "importedListsCount": 0,
      "logo": "https://matcha-image-proxy.api.0x.org/images/56/0xf45510e4a162c9f90906bb91a96ad78152d04444"
    },
    {
      "address": "0x8b4440f9ff5af0bfd139b73730cc43e70efebf5f",
      "chainId": 8453,
      "decimals": 18,
      "name": "Welcome to texas",
      "symbol": "WTT",
      "type": "ERC20",
      "issuer": {
        "name": "zora",
        "metadata": {}
      },
      "blockListsCount": 0,
      "exchangeListsCount": 0,
      "flagListsCount": 0,
      "importedListsCount": 0,
      "logo": "https://matcha-image-proxy.api.0x.org/images/8453/0x8b4440f9ff5af0bfd139b73730cc43e70efebf5f"
    },
    {
      "address": "0x3d617b0377d20d0e6d7dc5df80d607ee30c5c472",
      "chainId": 8453,
      "decimals": 18,
      "name": "What’s the ticker?",
      "symbol": "WTT",
      "type": "ERC20",
      "issuer": {
        "name": "zora",
        "metadata": {}
      },
      "blockListsCount": 0,
      "exchangeListsCount": 0,
      "flagListsCount": 0,
      "importedListsCount": 0,
      "logo": "https://matcha-image-proxy.api.0x.org/images/8453/0x3d617b0377d20d0e6d7dc5df80d607ee30c5c472"
    }
  ],
  "searchTime": "2025-12-30T01:58:04.631Z",
  "error": null
}