{
  "originalSymbol": "SNT",
  "originalFullName": "Status",
  "searchedQuery": "SNT Status",
  "retried": false,
  "isL1": false,
  "success": true,
  "tokenCount": 15,
  "resultCount": 5265,
  "tokens": [
    {
      "address": "0xa4a2e2ca3fbfe21aed83471d28b6f65a233c6e00",
      "chainId": 8453,
      "decimals": 18,
      "name": "Ribbita by Virtuals",
      "symbol": "TIBBIR",
      "type": "ERC20",
      "hasLogo": true,
      "blockListsCount": 0,
      "exchangeListsCount": 0,
      "flagListsCount": 0,
      "importedListsCount": 1,
      "buyTax": 0,
      "sellTax": 0,
      "isInDex": true,
      "isHoneypot": false,
      "manualUnblock": false,
      "transactionsHourly": 7,
      "transactionsDaily": 232,
      "transactionsWeekly": 1825,
      "transactionsMonthly": 9640,
      "volumeUsdHourly": 1156.146006662641,
      "volumeUsdDaily": 124696.5376654578,
      "volumeUsdWeekly": 619175.9826713396,
      "volumeUsdMonthly": 8106412.210166246,
      "logo": "https://matcha-image-proxy.api.0x.org/images/8453/0xa4a2e2ca3fbfe21aed83471d28b6f65a233c6e00"
    },
    {
      "address": "0x57d20e4725f09318c08fdc2fb1c7c38220292a7c",
      "chainId": 8453,
      "decimals": 18,
      "name": "SNT Status On Base",
      "symbol": "SNT Status On Base",
      "type": "ERC20",
      "blockListsCount": 0,
      "exchangeListsCount": 0,
      "flagListsCount": 0,
      "importedListsCount": 0,
      "logo": "https://matcha-image-proxy.api.0x.org/images/8453/0x57d20e4725f09318c08fdc2fb1c7c38220292a7c"
    },
    {
      "address": "0x744d70fdbe2ba4cf95131626614a1763df805b9e",
      "chainId": 1,
      "decimals": 18,
      "name": "Status Network Token",
      "symbol": "SNT",
      "type": "ERC20",
      "hasLogo": true,
      "blockListsCount": 0,
      "exchangeListsCount": 0,
      "flagListsCount": 0,
      "importedListsCount": 4,
      "buyTax": 0,
      "sellTax": 0,
      "isInDex": true,
      "isHoneypot": false,
      "manualUnblock": false,
      "transactionsHourly": 1,
      "transactionsDaily": 3,
      "transactionsWeekly": 6,
      "transactionsMonthly": 35,
      "volumeUsdHourly": 213.104718857103,
      "volumeUsdDaily": 953.5071422576428,
      "volumeUsdWeekly": 2186.295605404879,
      "volumeUsdMonthly": 23865.678413866233,
      "logo": "https://matcha-image-proxy.api.0x.org/images/1/0x744d70fdbe2ba4cf95131626614a1763df805b9e"
    },
    {
      "address": "0x9147b45496188dc6e0abbc8c3dece326607471e2",
      "chainId": 56,
      "decimals": 9,
      "name": "SNT Status AI Presale v2",
      "symbol": "SNT Status AI Presale v2",
      "type": "ERC20",
      "blockListsCount": 0,
      "exchangeListsCount": 0,
      "flagListsCount": 0,
      "importedListsCount": 0,
      "logo": "https://matcha-image-proxy.api.0x.org/images/56/0x9147b45496188dc6e0abbc8c3dece326607471e2"
    },
    {
      "address": "0xafb89a09d82fbde58f18ac6437b3fc81724e4df6",
      "chainId": 8453,
      "decimals": 18,
      "name": "The Doge NFT",
      "symbol": "DOG",
      "type": "ERC20",
      "hasLogo": true,
      "blockListsCount": 0,
      "exchangeListsCount": 0,
      "flagListsCount": 0,
      "importedListsCount": 2,
      "buyTax": 0,
      "sellTax": 0,
      "isInDex": true,
      "isHoneypot": false,
      "manualUnblock": false,
      "transactionsHourly": 1,
      "transactionsDaily": 27,
      "transactionsWeekly": 236,
      "transactionsMonthly": 811,
      "volumeUsdHourly": 0.0343761428234304,
      "volumeUsdDaily": 818.7176664207917,
      "volumeUsdWeekly": 1109.256269225211,
      "volumeUsdMonthly": 4303.449351721485,
      "logo": "https://matcha-image-proxy.api.0x.org/images/8453/0xafb89a09d82fbde58f18ac6437b3fc81724e4df6"
    },
    {
      "address": "0xe9732d4b1e7d3789004ff029f032ba3034db059c",
      "chainId": 1,
      "decimals": 18,
      "name": "Patriot",
      "symbol": "PATRIOT",
      "type": "ERC20",
      "hasLogo": true,
      "blockListsCount": 0,
      "exchangeListsCount": 0,
      "flagListsCount": 0,
      "importedListsCount": 2,
      "buyTax": 0,
      "sellTax": 0,
      "isInDex": true,
      "isHoneypot": false,
      "manualUnblock": false,
      "transactionsHourly": 1,
      "transactionsDaily": 6,
      "transactionsWeekly": 45,
      "transactionsMonthly": 296,
      "volumeUsdHourly": 734.785654971311,
      "volumeUsdDaily": 10419.01968368449,
      "volumeUsdWeekly": 37283.007900307435,
      "volumeUsdMonthly": 228528.38417630343,
      "logo": "https://matcha-image-proxy.api.0x.org/images/1/0xe9732d4b1e7d3789004ff029f032ba3034db059c"
    },
    {
      "address": "0xa02c49da76a085e4e1ee60a6b920ddbc8db599f4",
      "chainId": 1,
      "decimals": 18,
      "name": "Shiba Inu Treat",
      "symbol": "TREAT",
      "type": "ERC20",
      "hasLogo": true,
      "blockListsCount": 0,
      "exchangeListsCount": 0,
      "flagListsCount": 0,
      "importedListsCount": 2,
      "buyTax": 0,
      "sellTax": 0,
      "isInDex": true,
      "isHoneypot": false,
      "manualUnblock": false,
      "transactionsHourly": 1,
      "transactionsDaily": 13,
      "transactionsWeekly": 49,
      "transactionsMonthly": 255,
      "volumeUsdHourly": 565.831979962357,
      "volumeUsdDaily": 1783.8840773489003,
      "volumeUsdWeekly": 7032.309180823061,
      "volumeUsdMonthly": 50819.69552130248,
      "logo": "https://matcha-image-proxy.api.0x.org/images/1/0xa02c49da76a085e4e1ee60a6b920ddbc8db599f4"
    },
    {
      "address": "0x24fcfc492c1393274b6bcd568ac9e225bec93584",
      "chainId": 8453,
      "decimals": 18,
      "name": "Heroes of Mavia",
      "symbol": "MAVIA",
      "type": "ERC20",
      "hasLogo": true,
      "blockListsCount": 0,
      "exchangeListsCount": 0,
      "flagListsCount": 0,
      "importedListsCount": 2,
      "buyTax": 0,
      "sellTax": 0,
      "isInDex": true,
      "isHoneypot": false,
      "manualUnblock": false,
      "transactionsHourly": 1,
      "transactionsDaily": 14,
      "transactionsWeekly": 46,
      "transactionsMonthly": 199,
      "volumeUsdHourly": 22.6958998879315,
      "volumeUsdDaily": 1500.6787288286955,
      "volumeUsdWeekly": 3352.8362649087853,
      "volumeUsdMonthly": 34463.8930757266,
      "logo": "https://matcha-image-proxy.api.0x.org/images/8453/0x24fcfc492c1393274b6bcd568ac9e225bec93584"
    },
    {
      "address": "0xc438b0c0e80a8fa1b36898d1b36a3fc2ec371c54",
      "chainId": 8453,
      "decimals": 18,
      "name": "Blep Super Meme",
      "symbol": "BLEP",
      "type": "ERC20",
      "hasLogo": true,
      "blockListsCount": 0,
      "exchangeListsCount": 0,
      "flagListsCount": 0,
      "importedListsCount": 1,
      "buyTax": 0,
      "sellTax": 0,
      "isInDex": true,
      "isHoneypot": false,
      "manualUnblock": false,
      "transactionsHourly": 2,
      "transactionsDaily": 13,
      "transactionsWeekly": 75,
      "transactionsMonthly": 315,
      "volumeUsdHourly": 103.66567793568012,
      "volumeUsdDaily": 130.2631429192839,
      "volumeUsdWeekly": 3074.2959841089505,
      "volumeUsdMonthly": 25213.202921209384,
      "logo": "https://matcha-image-proxy.api.0x.org/images/8453/0xc438b0c0e80a8fa1b36898d1b36a3fc2ec371c54"
    },
    {
      "address": "0xf750a26eb0acf95556e8529e72ed530f3b60f348",
      "chainId": 56,
      "decimals": 18,
      "name": "GreenTrust",
      "symbol": "GNT",
      "type": "ERC20",
      "hasLogo": true,
      "blockListsCount": 1,
      "exchangeListsCount": 0,
      "flagListsCount": 1,
      "importedListsCount": 1,
      "buyTax": 0,
      "sellTax": 0,
      "isInDex": true,
      "isHoneypot": false,
      "manualUnblock": false,
      "transactionsHourly": 1,
      "transactionsDaily": 10,
      "transactionsWeekly": 47,
      "transactionsMonthly": 131,
      "volumeUsdHourly": 0.596740640501484,
      "volumeUsdDaily": 3.3794564365880473,
      "volumeUsdWeekly": 30.233291346418223,
      "volumeUsdMonthly": 248.61466772845543,
      "logo": "https://matcha-image-proxy.api.0x.org/images/56/0xf750a26eb0acf95556e8529e72ed530f3b60f348"
    },
    {
      "address": "sntLL7KKTK7EzLv2N2A791d3SE1sMBzrTrvAVGNFHgt",
      "chainId": 1399811149,
      "decimals": 9,
      "name": "Sentium",
      "symbol": "SNT",
      "type": "SPL-Token",
      "blockListsCount": 0,
      "exchangeListsCount": 0,
      "flagListsCount": 0,
      "importedListsCount": 0,
      "transactionsDaily": 29,
      "transactionsWeekly": 29,
      "transactionsMonthly": 29,
      "volumeUsdDaily": 3287.04991048786,
      "volumeUsdWeekly": 3287.04991048786,
      "volumeUsdMonthly": 3287.04991048786,
      "logo": "https://matcha-image-proxy.api.0x.org/images/1399811149/sntLL7KKTK7EzLv2N2A791d3SE1sMBzrTrvAVGNFHgt"
    },
    {
      "address": "0xf0268c5f9aa95baf5c25d646aabb900ac12f0800",
      "chainId": 8453,
      "decimals": 8,
      "name": "RealGOAT",
      "symbol": "RGOAT",
      "type": "ERC20",
      "hasLogo": true,
      "blockListsCount": 0,
      "exchangeListsCount": 0,
      "flagListsCount": 0,
      "importedListsCount": 1,
      "buyTax": 0.0002,
      "sellTax": 0.0002,
      "isInDex": true,
      "isHoneypot": false,
      "manualUnblock": false,
      "transactionsHourly": 4,
      "transactionsDaily": 4,
      "transactionsWeekly": 47,
      "transactionsMonthly": 183,
      "volumeUsdHourly": 153.9629214712534,
      "volumeUsdDaily": 153.9629214712534,
      "volumeUsdWeekly": 2315.433187428238,
      "volumeUsdMonthly": 12228.17176268934,
      "logo": "https://matcha-image-proxy.api.0x.org/images/8453/0xf0268c5f9aa95baf5c25d646aabb900ac12f0800"
    },
    {
      "address": "0x24fcfc492c1393274b6bcd568ac9e225bec93584",
      "chainId": 1,
      "decimals": 18,
      "name": "Heroes of Mavia",
      "symbol": "MAVIA",
      "type": "ERC20",
      "hasLogo": true,
      "blockListsCount": 0,
      "exchangeListsCount": 0,
      "flagListsCount": 0,
      "importedListsCount": 3,
      "buyTax": 0,
      "sellTax": 0,
      "isInDex": true,
      "isHoneypot": false,
      "manualUnblock": false,
      "transactionsHourly": 1,
      "transactionsDaily": 5,
      "transactionsWeekly": 24,
      "transactionsMonthly": 120,
      "volumeUsdHourly": 9.42577283887297,
      "volumeUsdDaily": 121.98548643602716,
      "volumeUsdWeekly": 4198.246871891153,
      "volumeUsdMonthly": 21228.832222147088,
      "logo": "https://matcha-image-proxy.api.0x.org/images/1/0x24fcfc492c1393274b6bcd568ac9e225bec93584"
    },
    {
      "address": "0xae3013789c836345dfd63a9df713e3c23fb3a664",
      "chainId": 1,
      "decimals": 18,
      "name": "GEOFF COIN",
      "symbol": "GEOFF",
      "type": "ERC20",
      "hasLogo": true,
      "blockListsCount": 0,
      "exchangeListsCount": 0,
      "flagListsCount": 0,
      "importedListsCount": 2,
      "buyTax": 0,
      "sellTax": 0,
      "isInDex": true,
      "isHoneypot": false,
      "manualUnblock": false,
      "transactionsHourly": 1,
      "transactionsDaily": 4,
      "transactionsWeekly": 28,
      "transactionsMonthly": 83,
      "volumeUsdHourly": 218.443146847575,
      "volumeUsdDaily": 607.579367058877,
      "volumeUsdWeekly": 2547.2287937379588,
      "volumeUsdMonthly": 8243.691646027572,
      "logo": "https://matcha-image-proxy.api.0x.org/images/1/0xae3013789c836345dfd63a9df713e3c23fb3a664"
    },
    {
      "address": "0x0000000000085d4780b73119b644ae5ecd22b376",
      "chainId": 1,
      "decimals": 18,
      "name": "TrueUSD",
      "symbol": "TUSD",
      "type": "ERC20",
      "hasLogo": true,
      "blockListsCount": 0,
      "exchangeListsCount": 0,
      "flagListsCount": 0,
      "importedListsCount": 5,
      "buyTax": 0,
      "sellTax": 0,
      "isInDex": true,
      "isHoneypot": false,
      "manualUnblock": false,
      "transactionsHourly": 1,
      "transactionsDaily": 1,
      "transactionsWeekly": 5,
      "transactionsMonthly": 28,
      "volumeUsdHourly": 1.93340532368557,
      "volumeUsdDaily": 1.94071478035026,
      "volumeUsdWeekly": 452.30197768292226,
      "volumeUsdMonthly": 15123.164096436383,
      "logo": "https://matcha-image-proxy.api.0x.org/images/1/0x0000000000085d4780b73119b644ae5ecd22b376"
    }
  ],
  "searchTime": "2025-12-30T01:58:32.759Z",
  "error": null
}