{
  "originalSymbol": "DOGE",
  "originalFullName": "Dogecoin",
  "searchedQuery": "DOGE Dogecoin",
  "retried": false,
  "isL1": false,
  "success": true,
  "tokenCount": 15,
  "resultCount": 10000,
  "tokens": [
    {
      "address": "0xba2ae424d960c26247dd6c32edc70b295c744c43",
      "chainId": 56,
      "decimals": 8,
      "name": "Dogecoin",
      "symbol": "DOGE",
      "type": "ERC20",
      "hasLogo": true,
      "issuer": {
        "name": "binance",
        "metadata": {}
      },
      "blockListsCount": 0,
      "exchangeListsCount": 0,
      "flagListsCount": 0,
      "importedListsCount": 1,
      "buyTax": 0,
      "sellTax": 0,
      "isInDex": true,
      "isHoneypot": false,
      "manualUnblock": false,
      "transactionsHourly": 2,
      "transactionsDaily": 26,
      "transactionsWeekly": 160,
      "transactionsMonthly": 838,
      "volumeUsdHourly": 392.5186016844012,
      "volumeUsdDaily": 1805.7711776609383,
      "volumeUsdWeekly": 18961.305198460235,
      "volumeUsdMonthly": 216582.35331249412,
      "logo": "https://matcha-image-proxy.api.0x.org/images/56/0xba2ae424d960c26247dd6c32edc70b295c744c43"
    },
    {
      "address": "0xcbd06e5a2b0c65597161de254aa074e489deb510",
      "chainId": 8453,
      "decimals": 8,
      "name": "Coinbase Wrapped DOGE",
      "symbol": "cbDOGE",
      "type": "ERC20",
      "hasLogo": true,
      "issuer": {
        "name": "coinbase",
        "metadata": {}
      },
      "blockListsCount": 0,
      "exchangeListsCount": 0,
      "flagListsCount": 0,
      "importedListsCount": 2,
      "buyTax": 0,
      "sellTax": 0,
      "isInDex": true,
      "isHoneypot": false,
      "manualUnblock": false,
      "transactionsHourly": 1,
      "transactionsDaily": 25,
      "transactionsWeekly": 214,
      "transactionsMonthly": 587,
      "volumeUsdHourly": 0.216231233690476,
      "volumeUsdDaily": 3513.241897492849,
      "volumeUsdWeekly": 20915.184793964672,
      "volumeUsdMonthly": 64412.12360335413,
      "logo": "https://matcha-image-proxy.api.0x.org/images/8453/0xcbd06e5a2b0c65597161de254aa074e489deb510"
    },
    {
      "address": "0xc748673057861a797275cd8a068abb95a902e8de",
      "chainId": 56,
      "decimals": 9,
      "name": "Baby Doge Coin",
      "symbol": "BabyDoge",
      "type": "ERC20",
      "hasLogo": true,
      "blockListsCount": 0,
      "exchangeListsCount": 0,
      "flagListsCount": 0,
      "importedListsCount": 1,
      "buyTax": 0,
      "sellTax": 0,
      "isInDex": true,
      "isHoneypot": false,
      "manualUnblock": false,
      "transactionsHourly": 4,
      "transactionsDaily": 137,
      "transactionsWeekly": 748,
      "transactionsMonthly": 3540,
      "volumeUsdHourly": 1506.6200680499326,
      "volumeUsdDaily": 10530.313993507512,
      "volumeUsdWeekly": 36705.17634754533,
      "volumeUsdMonthly": 183705.334209656,
      "logo": "https://matcha-image-proxy.api.0x.org/images/56/0xc748673057861a797275cd8a068abb95a902e8de"
    },
    {
      "address": "0x27c70cd1946795b66be9d954418546998b546634",
      "chainId": 1,
      "decimals": 18,
      "name": "DOGE KILLER",
      "symbol": "LEASH",
      "type": "ERC20",
      "hasLogo": true,
      "blockListsCount": 0,
      "exchangeListsCount": 0,
      "flagListsCount": 0,
      "importedListsCount": 2,
      "buyTax": 0,
      "sellTax": 0,
      "isInDex": true,
      "isHoneypot": false,
      "manualUnblock": false,
      "transactionsHourly": 1,
      "transactionsDaily": 38,
      "transactionsWeekly": 205,
      "transactionsMonthly": 790,
      "volumeUsdHourly": 8.37387482208214,
      "volumeUsdDaily": 4815.342666243363,
      "volumeUsdWeekly": 35053.28503634951,
      "volumeUsdMonthly": 119694.92112941456,
      "logo": "https://matcha-image-proxy.api.0x.org/images/1/0x27c70cd1946795b66be9d954418546998b546634"
    },
    {
      "address": "0xb34457736aa191ff423f84f5d669f68b231e6c4e",
      "chainId": 8453,
      "decimals": 18,
      "name": "AGENT DOGE by Virtuals",
      "symbol": "AIDOGE",
      "type": "ERC20",
      "hasLogo": true,
      "blockListsCount": 0,
      "exchangeListsCount": 0,
      "flagListsCount": 0,
      "importedListsCount": 1,
      "buyTax": null,
      "sellTax": null,
      "isInDex": false,
      "isHoneypot": false,
      "manualUnblock": false,
      "transactionsHourly": 1,
      "transactionsDaily": 45,
      "transactionsWeekly": 157,
      "transactionsMonthly": 167,
      "volumeUsdHourly": 13.1820061584332,
      "volumeUsdDaily": 3036.9498063280753,
      "volumeUsdWeekly": 15324.834352235166,
      "volumeUsdMonthly": 15944.202165112489,
      "logo": "https://matcha-image-proxy.api.0x.org/images/8453/0xb34457736aa191ff423f84f5d669f68b231e6c4e"
    },
    {
      "address": "0xafb89a09d82fbde58f18ac6437b3fc81724e4df6",
      "chainId": 8453,
      "decimals": 18,
      "name": "The Doge NFT",
      "symbol": "DOG",
      "type": "ERC20",
      "hasLogo": true,
      "blockListsCount": 0,
      "exchangeListsCount": 0,
      "flagListsCount": 0,
      "importedListsCount": 2,
      "buyTax": 0,
      "sellTax": 0,
      "isInDex": true,
      "isHoneypot": false,
      "manualUnblock": false,
      "transactionsHourly": 1,
      "transactionsDaily": 27,
      "transactionsWeekly": 236,
      "transactionsMonthly": 811,
      "volumeUsdHourly": 0.0343761428234304,
      "volumeUsdDaily": 818.7176664207917,
      "volumeUsdWeekly": 1109.256269225211,
      "volumeUsdMonthly": 4303.449351721485,
      "logo": "https://matcha-image-proxy.api.0x.org/images/8453/0xafb89a09d82fbde58f18ac6437b3fc81724e4df6"
    },
    {
      "address": "0xac57de9c1a09fec648e93eb98875b212db0d460b",
      "chainId": 1,
      "decimals": 9,
      "name": "Baby Doge Coin",
      "symbol": "BabyDoge",
      "type": "ERC20",
      "hasLogo": true,
      "blockListsCount": 0,
      "exchangeListsCount": 0,
      "flagListsCount": 0,
      "importedListsCount": 2,
      "buyTax": 0,
      "sellTax": 0,
      "isInDex": true,
      "isHoneypot": false,
      "manualUnblock": false,
      "transactionsHourly": 1,
      "transactionsDaily": 4,
      "transactionsWeekly": 28,
      "transactionsMonthly": 227,
      "volumeUsdHourly": 3087.45077824473,
      "volumeUsdDaily": 3109.2925486983395,
      "volumeUsdWeekly": 6878.352450713619,
      "volumeUsdMonthly": 25055.512958033454,
      "logo": "https://matcha-image-proxy.api.0x.org/images/1/0xac57de9c1a09fec648e93eb98875b212db0d460b"
    },
    {
      "address": "0x86f117765adf0c7089b540b6b0a84806b2902e50",
      "chainId": 8453,
      "decimals": 18,
      "name": "DOGE (Dogecoin)",
      "symbol": "DOGE (Dogecoin)",
      "type": "ERC20",
      "issuer": {
        "name": "zora",
        "metadata": {}
      },
      "blockListsCount": 0,
      "exchangeListsCount": 0,
      "flagListsCount": 0,
      "importedListsCount": 0,
      "logo": "https://matcha-image-proxy.api.0x.org/images/8453/0x86f117765adf0c7089b540b6b0a84806b2902e50"
    },
    {
      "address": "0x812ba41e071c7b7fa4ebcfb62df5f45f6fa853ee",
      "chainId": 1,
      "decimals": 9,
      "name": "Neiro",
      "symbol": "Neiro",
      "type": "ERC20",
      "hasLogo": true,
      "blockListsCount": 0,
      "exchangeListsCount": 0,
      "flagListsCount": 0,
      "importedListsCount": 3,
      "buyTax": 0,
      "sellTax": 0,
      "isInDex": true,
      "isHoneypot": false,
      "manualUnblock": false,
      "transactionsHourly": 1,
      "transactionsDaily": 9,
      "transactionsWeekly": 82,
      "transactionsMonthly": 385,
      "volumeUsdHourly": 3.67619578220003,
      "volumeUsdDaily": 5730.792489213254,
      "volumeUsdWeekly": 84657.65222953056,
      "volumeUsdMonthly": 182655.56045223612,
      "logo": "https://matcha-image-proxy.api.0x.org/images/1/0x812ba41e071c7b7fa4ebcfb62df5f45f6fa853ee"
    },
    {
      "address": "0x1121acc14c63f3c872bfca497d10926a6098aac5",
      "chainId": 1,
      "decimals": 18,
      "name": "#Department Of Government Efficiency",
      "symbol": "DOGE",
      "type": "ERC20",
      "hasLogo": true,
      "blockListsCount": 0,
      "exchangeListsCount": 0,
      "flagListsCount": 0,
      "importedListsCount": 2,
      "buyTax": 0,
      "sellTax": 0,
      "isInDex": true,
      "isHoneypot": false,
      "manualUnblock": false,
      "transactionsHourly": 1,
      "transactionsDaily": 6,
      "transactionsWeekly": 45,
      "transactionsMonthly": 292,
      "volumeUsdHourly": 8.65781593577501,
      "volumeUsdDaily": 205.25976646977503,
      "volumeUsdWeekly": 8601.634112179681,
      "volumeUsdMonthly": 94413.26123002188,
      "logo": "https://matcha-image-proxy.api.0x.org/images/1/0x1121acc14c63f3c872bfca497d10926a6098aac5"
    },
    {
      "address": "0x16bacad9a39f2dce63940613b7243095032fafc2",
      "chainId": 8453,
      "decimals": 18,
      "name": "@About Dogecoin (DOGE)Dogecoin is a cryptocurrency created in 20",
      "symbol": "@About Dogecoin (DOGE)Dogecoin is a cryptocurrency created in 20",
      "type": "ERC20",
      "issuer": {
        "name": "zora",
        "metadata": {}
      },
      "blockListsCount": 0,
      "exchangeListsCount": 0,
      "flagListsCount": 0,
      "importedListsCount": 0,
      "logo": "https://matcha-image-proxy.api.0x.org/images/8453/0x16bacad9a39f2dce63940613b7243095032fafc2"
    },
    {
      "address": "0x58599ed20fa0d5acc9ebc063849c25656f3e0d82",
      "chainId": 8453,
      "decimals": 18,
      "name": "@$DOGE (Dogecoin) Price on New Year's Day:2015: $0.0002 2016: $",
      "symbol": "@$DOGE (Dogecoin) Price on New Year's Day:2015: $0.0002 2016: $",
      "type": "ERC20",
      "issuer": {
        "name": "zora",
        "metadata": {}
      },
      "blockListsCount": 0,
      "exchangeListsCount": 0,
      "flagListsCount": 0,
      "importedListsCount": 0,
      "logo": "https://matcha-image-proxy.api.0x.org/images/8453/0x58599ed20fa0d5acc9ebc063849c25656f3e0d82"
    },
    {
      "address": "0xf7f64eff4bc5dfcc9e05ef2a7b6c70f2ab65026c",
      "chainId": 8453,
      "decimals": 18,
      "name": "DBREAKING: 🇦🇷 Buenos Aires now accepts $DOGE (Dogecoin) for tax",
      "symbol": "DBREAKING: 🇦🇷 Buenos Aires now accepts $DOGE (Dogecoin) for tax",
      "type": "ERC20",
      "issuer": {
        "name": "zora",
        "metadata": {}
      },
      "blockListsCount": 0,
      "exchangeListsCount": 0,
      "flagListsCount": 0,
      "importedListsCount": 0,
      "logo": "https://matcha-image-proxy.api.0x.org/images/8453/0xf7f64eff4bc5dfcc9e05ef2a7b6c70f2ab65026c"
    },
    {
      "address": "0x9bb7bcc727f3b170471d82aa87386f3d9c98ddd6",
      "chainId": 8453,
      "decimals": 18,
      "name": ">DOGE (Dogecoin) is up 10.06% in the past 24h. Now at $0.24685.",
      "symbol": ">DOGE (Dogecoin) is up 10.06% in the past 24h. Now at $0.24685.",
      "type": "ERC20",
      "issuer": {
        "name": "zora",
        "metadata": {}
      },
      "blockListsCount": 0,
      "exchangeListsCount": 0,
      "flagListsCount": 0,
      "importedListsCount": 0,
      "logo": "https://matcha-image-proxy.api.0x.org/images/8453/0x9bb7bcc727f3b170471d82aa87386f3d9c98ddd6"
    },
    {
      "address": "0x0df0587216a4a1bb7d5082fdc491d93d2dd4b413",
      "chainId": 56,
      "decimals": 18,
      "name": "Cheems",
      "symbol": "Cheems",
      "type": "ERC20",
      "hasLogo": true,
      "blockListsCount": 0,
      "exchangeListsCount": 0,
      "flagListsCount": 0,
      "importedListsCount": 1,
      "buyTax": 0,
      "sellTax": 0,
      "isInDex": true,
      "isHoneypot": false,
      "manualUnblock": false,
      "transactionsHourly": 1,
      "transactionsDaily": 12,
      "transactionsWeekly": 74,
      "transactionsMonthly": 556,
      "volumeUsdHourly": 0.265472583456603,
      "volumeUsdDaily": 561.6225282729584,
      "volumeUsdWeekly": 1275.9609744648412,
      "volumeUsdMonthly": 61554.14705530129,
      "logo": "https://matcha-image-proxy.api.0x.org/images/56/0x0df0587216a4a1bb7d5082fdc491d93d2dd4b413"
    }
  ],
  "searchTime": "2025-12-30T01:57:01.943Z",
  "error": null
}