{
  "originalSymbol": "HYPER",
  "originalFullName": "Hyperlane",
  "searchedQuery": "HYPER Hyperlane",
  "retried": false,
  "isL1": false,
  "success": true,
  "tokenCount": 15,
  "resultCount": 10000,
  "tokens": [
    {
      "address": "0xc9d23ed2adb0f551369946bd377f8644ce1ca5c4",
      "chainId": 8453,
      "decimals": 18,
      "name": "Hyperlane",
      "symbol": "HYPER",
      "type": "ERC20",
      "hasLogo": true,
      "blockListsCount": 0,
      "exchangeListsCount": 0,
      "flagListsCount": 0,
      "importedListsCount": 2,
      "buyTax": 0,
      "sellTax": 0,
      "isInDex": true,
      "isHoneypot": false,
      "manualUnblock": false,
      "transactionsHourly": 1,
      "transactionsDaily": 11,
      "transactionsWeekly": 65,
      "transactionsMonthly": 307,
      "volumeUsdHourly": 5.63546192952986,
      "volumeUsdDaily": 120.3000097168932,
      "volumeUsdWeekly": 1706.977878129863,
      "volumeUsdMonthly": 36298.21871288924,
      "logo": "https://matcha-image-proxy.api.0x.org/images/8453/0xc9d23ed2adb0f551369946bd377f8644ce1ca5c4"
    },
    {
      "address": "0xc9d23ed2adb0f551369946bd377f8644ce1ca5c4",
      "chainId": 56,
      "decimals": 18,
      "name": "Hyperlane",
      "symbol": "HYPER",
      "type": "ERC20",
      "hasLogo": true,
      "blockListsCount": 0,
      "exchangeListsCount": 0,
      "flagListsCount": 0,
      "importedListsCount": 1,
      "buyTax": 0,
      "sellTax": 0,
      "isInDex": true,
      "isHoneypot": false,
      "manualUnblock": false,
      "transactionsHourly": 1,
      "transactionsDaily": 3,
      "transactionsWeekly": 15,
      "transactionsMonthly": 77,
      "volumeUsdHourly": 24.0628769122078,
      "volumeUsdDaily": 37.64082542308131,
      "volumeUsdWeekly": 371.6123447524557,
      "volumeUsdMonthly": 14702.127762905857,
      "logo": "https://matcha-image-proxy.api.0x.org/images/56/0xc9d23ed2adb0f551369946bd377f8644ce1ca5c4"
    },
    {
      "address": "0x6e1fc91562d61dba37debf378b5af1552ab923be",
      "chainId": 8453,
      "decimals": 18,
      "name": "$HYPER HYPERLANE BASE",
      "symbol": "$HYPER HYPERLANE BASE",
      "type": "ERC20",
      "issuer": {
        "name": "zora",
        "metadata": {}
      },
      "blockListsCount": 0,
      "exchangeListsCount": 0,
      "flagListsCount": 0,
      "importedListsCount": 0,
      "buyTax": null,
      "sellTax": null,
      "isInDex": false,
      "isHoneypot": false,
      "logo": "https://matcha-image-proxy.api.0x.org/images/8453/0x6e1fc91562d61dba37debf378b5af1552ab923be"
    },
    {
      "address": "0x93a2db22b7c736b341c32ff666307f4a9ed910f5",
      "chainId": 1,
      "decimals": 18,
      "name": "Hyperlane",
      "symbol": "HYPER",
      "type": "ERC20",
      "hasLogo": true,
      "blockListsCount": 0,
      "exchangeListsCount": 0,
      "flagListsCount": 0,
      "importedListsCount": 2,
      "buyTax": null,
      "sellTax": null,
      "isInDex": true,
      "isHoneypot": false,
      "manualUnblock": false,
      "transactionsHourly": 1,
      "transactionsDaily": 1,
      "transactionsWeekly": 31,
      "transactionsMonthly": 213,
      "volumeUsdDaily": 2.04033767184457,
      "volumeUsdWeekly": 891.2882831446955,
      "volumeUsdMonthly": 17185.771035377165,
      "logo": "https://matcha-image-proxy.api.0x.org/images/1/0x93a2db22b7c736b341c32ff666307f4a9ed910f5"
    },
    {
      "address": "0x1d0ac23f03870f768ca005c84cbb6fb82aa884fd",
      "chainId": 56,
      "decimals": 18,
      "name": "Galeon",
      "symbol": "GALEON",
      "type": "ERC20",
      "hasLogo": true,
      "blockListsCount": 0,
      "exchangeListsCount": 0,
      "flagListsCount": 0,
      "importedListsCount": 1,
      "buyTax": 0,
      "sellTax": 0,
      "isInDex": true,
      "isHoneypot": false,
      "manualUnblock": false,
      "transactionsHourly": 1,
      "transactionsDaily": 8,
      "transactionsWeekly": 29,
      "transactionsMonthly": 121,
      "volumeUsdHourly": 3.39656764692595,
      "volumeUsdDaily": 1182.9906891901508,
      "volumeUsdWeekly": 3343.5464144773196,
      "volumeUsdMonthly": 13181.380971427992,
      "logo": "https://matcha-image-proxy.api.0x.org/images/56/0x1d0ac23f03870f768ca005c84cbb6fb82aa884fd"
    },
    {
      "address": "0xc9d23ed2adb0f551369946bd377f8644ce1ca5c4",
      "chainId": 42161,
      "decimals": 18,
      "name": "Hyperlane",
      "symbol": "HYPER",
      "type": "ERC20",
      "hasLogo": true,
      "blockListsCount": 0,
      "exchangeListsCount": 0,
      "flagListsCount": 0,
      "importedListsCount": 1,
      "buyTax": 0,
      "sellTax": 0,
      "isInDex": true,
      "isHoneypot": false,
      "manualUnblock": false,
      "transactionsHourly": 1,
      "transactionsDaily": 1,
      "transactionsWeekly": 6,
      "transactionsMonthly": 24,
      "volumeUsdHourly": 22.3026348137975,
      "volumeUsdDaily": 22.3053838557824,
      "volumeUsdWeekly": 93.19109044078182,
      "volumeUsdMonthly": 213.52529249775228,
      "logo": "https://matcha-image-proxy.api.0x.org/images/42161/0xc9d23ed2adb0f551369946bd377f8644ce1ca5c4"
    },
    {
      "address": "0xfc2543141d5dbf9dfeddb4e1535e7ff3d7d495c4",
      "chainId": 8453,
      "decimals": 18,
      "name": "Hyper Hub",
      "symbol": "HYHU",
      "type": "ERC20",
      "blockListsCount": 0,
      "exchangeListsCount": 0,
      "flagListsCount": 0,
      "importedListsCount": 0,
      "buyTax": null,
      "sellTax": null,
      "isInDex": false,
      "isHoneypot": null,
      "transactionsHourly": 44,
      "transactionsDaily": 44,
      "transactionsWeekly": 44,
      "transactionsMonthly": 44,
      "volumeUsdHourly": 31175.513756618173,
      "volumeUsdDaily": 31175.513756618173,
      "volumeUsdWeekly": 29395.132588753942,
      "volumeUsdMonthly": 29395.132588753942,
      "logo": "https://matcha-image-proxy.api.0x.org/images/8453/0xfc2543141d5dbf9dfeddb4e1535e7ff3d7d495c4"
    },
    {
      "address": "0xb568caa0ef384f6248ce95a12da53b8d8b1547cd",
      "chainId": 8453,
      "decimals": 18,
      "name": "Bitcoin Hyper",
      "symbol": "Bitcoin Hyper",
      "type": "ERC20",
      "blockListsCount": 0,
      "exchangeListsCount": 0,
      "flagListsCount": 0,
      "importedListsCount": 0,
      "buyTax": 0,
      "sellTax": 0,
      "isInDex": true,
      "isHoneypot": false,
      "transactionsHourly": 1,
      "transactionsDaily": 6,
      "transactionsWeekly": 78,
      "transactionsMonthly": 486,
      "volumeUsdHourly": 389.990705498439,
      "volumeUsdDaily": 429.1255186646525,
      "volumeUsdWeekly": 2063.6527301996493,
      "volumeUsdMonthly": 9649.299872598232,
      "logo": "https://matcha-image-proxy.api.0x.org/images/8453/0xb568caa0ef384f6248ce95a12da53b8d8b1547cd"
    },
    {
      "address": "0x9923db8d7fbacc2e69e87fad19b886c81cd74979",
      "chainId": 10,
      "decimals": 18,
      "name": "Hyperlane",
      "symbol": "HYPER",
      "type": "ERC20",
      "hasLogo": true,
      "blockListsCount": 0,
      "exchangeListsCount": 0,
      "flagListsCount": 0,
      "importedListsCount": 1,
      "buyTax": null,
      "sellTax": null,
      "isInDex": false,
      "isHoneypot": false,
      "manualUnblock": false,
      "transactionsHourly": 1,
      "transactionsDaily": 2,
      "transactionsWeekly": 12,
      "transactionsMonthly": 69,
      "volumeUsdHourly": 0.0142308801013256,
      "volumeUsdDaily": 1.2790255003234556,
      "volumeUsdWeekly": 13.149604476121814,
      "volumeUsdMonthly": 82.5848620092926,
      "logo": "https://matcha-image-proxy.api.0x.org/images/10/0x9923db8d7fbacc2e69e87fad19b886c81cd74979"
    },
    {
      "address": "0x6948de89f535ed4a3b07122be0fe1ae65d527c03",
      "chainId": 8453,
      "decimals": 18,
      "name": "Actual by Virtuals",
      "symbol": "ACTUAL",
      "type": "ERC20",
      "hasLogo": true,
      "blockListsCount": 0,
      "exchangeListsCount": 0,
      "flagListsCount": 0,
      "importedListsCount": 1,
      "buyTax": null,
      "sellTax": null,
      "isInDex": false,
      "isHoneypot": false,
      "manualUnblock": false,
      "transactionsHourly": 2,
      "transactionsDaily": 2,
      "transactionsWeekly": 28,
      "transactionsMonthly": 114,
      "volumeUsdHourly": 8.17786474759475,
      "volumeUsdDaily": 7.38475360609132,
      "volumeUsdWeekly": 2450.449127869088,
      "volumeUsdMonthly": 6704.187863805009,
      "logo": "https://matcha-image-proxy.api.0x.org/images/8453/0x6948de89f535ed4a3b07122be0fe1ae65d527c03"
    },
    {
      "address": "0xec9333e7dadeebf82d290d6cb12e66cc30ce46b0",
      "chainId": 1,
      "decimals": 18,
      "name": "LushAI",
      "symbol": "LUSH",
      "type": "ERC20",
      "hasLogo": true,
      "blockListsCount": 0,
      "exchangeListsCount": 0,
      "flagListsCount": 0,
      "importedListsCount": 2,
      "buyTax": 0,
      "sellTax": 0,
      "isInDex": true,
      "isHoneypot": false,
      "manualUnblock": false,
      "transactionsHourly": 1,
      "transactionsDaily": 1,
      "transactionsWeekly": 5,
      "transactionsMonthly": 14,
      "volumeUsdHourly": 446.519384615584,
      "volumeUsdDaily": 448.207501458861,
      "volumeUsdWeekly": 2948.3328407357444,
      "volumeUsdMonthly": 5442.853598894143,
      "logo": "https://matcha-image-proxy.api.0x.org/images/1/0xec9333e7dadeebf82d290d6cb12e66cc30ce46b0"
    },
    {
      "address": "0x9d1d4de9cd93203147fac3bc0262a78e3a0e96bb",
      "chainId": 56,
      "decimals": 18,
      "name": "Playbux",
      "symbol": "PBUX",
      "type": "ERC20",
      "hasLogo": true,
      "blockListsCount": 0,
      "exchangeListsCount": 0,
      "flagListsCount": 0,
      "importedListsCount": 1,
      "buyTax": 0,
      "sellTax": 0,
      "isInDex": true,
      "isHoneypot": false,
      "manualUnblock": false,
      "transactionsHourly": 1,
      "transactionsDaily": 1,
      "transactionsWeekly": 22,
      "transactionsMonthly": 127,
      "volumeUsdHourly": 41.3337450169912,
      "volumeUsdDaily": 41.3337450169912,
      "volumeUsdWeekly": 80.52494082730368,
      "volumeUsdMonthly": 1182.492549626134,
      "logo": "https://matcha-image-proxy.api.0x.org/images/56/0x9d1d4de9cd93203147fac3bc0262a78e3a0e96bb"
    },
    {
      "address": "0x9ef1139e6b420cc929dd912a5a7adeced6f12e91",
      "chainId": 8453,
      "decimals": 18,
      "name": "Force",
      "symbol": "FORCE",
      "type": "ERC20",
      "hasLogo": true,
      "blockListsCount": 0,
      "exchangeListsCount": 0,
      "flagListsCount": 0,
      "importedListsCount": 1,
      "buyTax": 0.03,
      "sellTax": 0.03,
      "isInDex": true,
      "isHoneypot": false,
      "manualUnblock": false,
      "transactionsHourly": 4,
      "transactionsDaily": 4,
      "transactionsWeekly": 4,
      "transactionsMonthly": 7,
      "volumeUsdHourly": 1849.870467350782,
      "volumeUsdDaily": 1849.870467350782,
      "volumeUsdWeekly": 1849.870467350782,
      "volumeUsdMonthly": 1950.5542964920512,
      "logo": "https://matcha-image-proxy.api.0x.org/images/8453/0x9ef1139e6b420cc929dd912a5a7adeced6f12e91"
    },
    {
      "address": "Cd27HT7G8d3J1BrWUcucqiT65ow8v4SavXffy8Kxpump",
      "chainId": 1399811149,
      "decimals": 6,
      "name": "Bitcoin Hyper",
      "symbol": "HYPER",
      "type": "Token2022",
      "blockListsCount": 0,
      "exchangeListsCount": 0,
      "flagListsCount": 0,
      "importedListsCount": 0,
      "transactionsDaily": 4,
      "transactionsWeekly": 4,
      "transactionsMonthly": 4,
      "volumeUsdDaily": 27341.36944,
      "volumeUsdWeekly": 27341.36944,
      "volumeUsdMonthly": 27341.36944,
      "logo": "https://matcha-image-proxy.api.0x.org/images/1399811149/Cd27HT7G8d3J1BrWUcucqiT65ow8v4SavXffy8Kxpump"
    },
    {
      "address": "0x803b629c339941e2b77d2dc499dac9e1fd9eac66",
      "chainId": 8453,
      "decimals": 18,
      "name": "HOLD",
      "symbol": "EARN",
      "type": "ERC20",
      "hasLogo": true,
      "blockListsCount": 0,
      "exchangeListsCount": 0,
      "flagListsCount": 0,
      "importedListsCount": 1,
      "buyTax": 0,
      "sellTax": 0,
      "isInDex": true,
      "isHoneypot": false,
      "manualUnblock": false,
      "transactionsHourly": 2,
      "transactionsDaily": 4,
      "transactionsWeekly": 5,
      "transactionsMonthly": 19,
      "volumeUsdHourly": 35.4956817688455,
      "volumeUsdDaily": 70.9957734594717,
      "volumeUsdWeekly": 72.89598068688667,
      "volumeUsdMonthly": 155.74250581746892,
      "logo": "https://matcha-image-proxy.api.0x.org/images/8453/0x803b629c339941e2b77d2dc499dac9e1fd9eac66"
    }
  ],
  "searchTime": "2025-12-30T01:57:48.072Z",
  "error": null
}