{
  "originalSymbol": "MNT",
  "originalFullName": "Mantle",
  "searchedQuery": "MNT Mantle",
  "retried": false,
  "isL1": false,
  "success": true,
  "tokenCount": 15,
  "resultCount": 5277,
  "tokens": [
    {
      "address": "0x28ed87d2330e1a5c65a6d62f0c77b5e7b5d27f7d",
      "chainId": 8453,
      "decimals": 18,
      "name": "MNT (Mantle)",
      "symbol": "MNT (Mantle)",
      "type": "ERC20",
      "issuer": {
        "name": "zora",
        "metadata": {}
      },
      "blockListsCount": 0,
      "exchangeListsCount": 0,
      "flagListsCount": 0,
      "importedListsCount": 0,
      "logo": "https://matcha-image-proxy.api.0x.org/images/8453/0x28ed87d2330e1a5c65a6d62f0c77b5e7b5d27f7d"
    },
    {
      "address": "0x78c1b0c915c4faa5fffa6cabf0219da63d7f4cb8",
      "chainId": 5000,
      "decimals": 18,
      "name": "Wrapped Mantle",
      "symbol": "WMNT",
      "type": "ERC20",
      "hasLogo": true,
      "blockListsCount": 0,
      "exchangeListsCount": 0,
      "flagListsCount": 0,
      "importedListsCount": 1,
      "buyTax": null,
      "sellTax": null,
      "isInDex": false,
      "isHoneypot": false,
      "manualUnblock": false,
      "transactionsHourly": 1,
      "transactionsDaily": 4,
      "transactionsWeekly": 91,
      "transactionsMonthly": 432,
      "volumeUsdHourly": 90.9754088051489,
      "volumeUsdDaily": 1015.103874325098,
      "volumeUsdWeekly": 21347.08108758923,
      "volumeUsdMonthly": 106231.61416202456,
      "logo": "https://matcha-image-proxy.api.0x.org/images/5000/0x78c1b0c915c4faa5fffa6cabf0219da63d7f4cb8"
    },
    {
      "address": "0x3c3a81e81dc49a522a592e7622a7e711c06bf354",
      "chainId": 1,
      "decimals": 18,
      "name": "Mantle",
      "symbol": "MNT",
      "type": "ERC20",
      "hasLogo": true,
      "blockListsCount": 0,
      "exchangeListsCount": 1,
      "flagListsCount": 0,
      "importedListsCount": 3,
      "buyTax": 0,
      "sellTax": 0,
      "isInDex": true,
      "isHoneypot": false,
      "manualUnblock": false,
      "transactionsHourly": 1,
      "transactionsDaily": 5,
      "transactionsWeekly": 53,
      "transactionsMonthly": 365,
      "volumeUsdHourly": 15.7484959703618,
      "volumeUsdDaily": 3200.647983855655,
      "volumeUsdWeekly": 32887.26561379514,
      "volumeUsdMonthly": 264106.6122655139,
      "logo": "https://matcha-image-proxy.api.0x.org/images/1/0x3c3a81e81dc49a522a592e7622a7e711c06bf354"
    },
    {
      "address": "0xab0c70c42b99c430be863844925678ee564c805b",
      "chainId": 8453,
      "decimals": 18,
      "name": "H⬜️ MNT (Mantle) Analysis✔️ Mantle is one of the important Ethe",
      "symbol": "H⬜️ MNT (Mantle) Analysis✔️ Mantle is one of the important Ethe",
      "type": "ERC20",
      "issuer": {
        "name": "zora",
        "metadata": {}
      },
      "blockListsCount": 0,
      "exchangeListsCount": 0,
      "flagListsCount": 0,
      "importedListsCount": 0,
      "logo": "https://matcha-image-proxy.api.0x.org/images/8453/0xab0c70c42b99c430be863844925678ee564c805b"
    },
    {
      "address": "0x1c444eed13d403842c144c590d52ff9cbf5734ca",
      "chainId": 56,
      "decimals": 18,
      "name": "MNT Mantle 2026",
      "symbol": "MNT Mantle 2026",
      "type": "ERC20",
      "blockListsCount": 0,
      "exchangeListsCount": 0,
      "flagListsCount": 0,
      "importedListsCount": 0,
      "logo": "https://matcha-image-proxy.api.0x.org/images/56/0x1c444eed13d403842c144c590d52ff9cbf5734ca"
    },
    {
      "address": "0x411a987224ba349ec1963beef3b12b9837e556af",
      "chainId": 8453,
      "decimals": 18,
      "name": "MNT Mantle On Base",
      "symbol": "MNT Mantle On Base",
      "type": "ERC20",
      "blockListsCount": 0,
      "exchangeListsCount": 0,
      "flagListsCount": 0,
      "importedListsCount": 0,
      "logo": "https://matcha-image-proxy.api.0x.org/images/8453/0x411a987224ba349ec1963beef3b12b9837e556af"
    },
    {
      "address": "0xf6106592c4e9a4e0d86e497539cbb86a300844b3",
      "chainId": 56,
      "decimals": 18,
      "name": "MNT Mantle AI Presale v2",
      "symbol": "MNT Mantle AI Presale v2",
      "type": "ERC20",
      "blockListsCount": 0,
      "exchangeListsCount": 0,
      "flagListsCount": 0,
      "importedListsCount": 0,
      "logo": "https://matcha-image-proxy.api.0x.org/images/56/0xf6106592c4e9a4e0d86e497539cbb86a300844b3"
    },
    {
      "address": "0xdeaddeaddeaddeaddeaddeaddeaddeaddead1111",
      "chainId": 5000,
      "decimals": 18,
      "name": "Ether",
      "symbol": "WETH",
      "type": "ERC20",
      "hasLogo": true,
      "blockListsCount": 0,
      "exchangeListsCount": 0,
      "flagListsCount": 0,
      "importedListsCount": 1,
      "buyTax": null,
      "sellTax": null,
      "isInDex": false,
      "isHoneypot": false,
      "manualUnblock": false,
      "transactionsHourly": 1,
      "transactionsDaily": 1,
      "transactionsWeekly": 10,
      "transactionsMonthly": 120,
      "volumeUsdDaily": 23513.1138090161,
      "volumeUsdWeekly": 55852.43991291437,
      "volumeUsdMonthly": 2777942.443082182,
      "logo": "https://matcha-image-proxy.api.0x.org/images/5000/0xdeaddeaddeaddeaddeaddeaddeaddeaddead1111"
    },
    {
      "address": "0xabd4c63d2616a5201454168269031355f4764337",
      "chainId": 1,
      "decimals": 18,
      "name": "Orderly Network",
      "symbol": "ORDER",
      "type": "ERC20",
      "hasLogo": true,
      "blockListsCount": 0,
      "exchangeListsCount": 0,
      "flagListsCount": 0,
      "importedListsCount": 2,
      "buyTax": 0,
      "sellTax": 0,
      "isInDex": true,
      "isHoneypot": false,
      "manualUnblock": false,
      "transactionsHourly": 1,
      "transactionsDaily": 1,
      "transactionsWeekly": 16,
      "transactionsMonthly": 110,
      "volumeUsdHourly": 1188.40853861831,
      "volumeUsdDaily": 1188.40853861831,
      "volumeUsdWeekly": 15229.40316972186,
      "volumeUsdMonthly": 104873.5540540096,
      "logo": "https://matcha-image-proxy.api.0x.org/images/1/0xabd4c63d2616a5201454168269031355f4764337"
    },
    {
      "address": "0xdeaddeaddeaddeaddeaddeaddeaddeaddead0000",
      "chainId": 5000,
      "decimals": 18,
      "name": "Mantle Token",
      "symbol": "MNT",
      "type": "Native",
      "hasLogo": true,
      "blockListsCount": 0,
      "exchangeListsCount": 0,
      "flagListsCount": 0,
      "importedListsCount": 1,
      "buyTax": null,
      "sellTax": null,
      "isInDex": false,
      "isHoneypot": false,
      "manualUnblock": false,
      "transactionsHourly": 1,
      "transactionsDaily": 1,
      "transactionsWeekly": 1,
      "transactionsMonthly": 8,
      "volumeUsdWeekly": 1.27381569850864,
      "volumeUsdMonthly": 5955.82277105425,
      "logo": "https://matcha-image-proxy.api.0x.org/images/5000/0xdeaddeaddeaddeaddeaddeaddeaddeaddead0000"
    },
    {
      "address": "0xe6829d9a7ee3040e1276fa75293bde931859e8fa",
      "chainId": 5000,
      "decimals": 18,
      "name": "cmETH",
      "symbol": "cmETH",
      "type": "ERC20",
      "hasLogo": true,
      "blockListsCount": 0,
      "exchangeListsCount": 0,
      "flagListsCount": 0,
      "importedListsCount": 1,
      "buyTax": null,
      "sellTax": null,
      "isInDex": false,
      "isHoneypot": false,
      "manualUnblock": false,
      "transactionsHourly": 1,
      "transactionsDaily": 1,
      "transactionsWeekly": 15,
      "transactionsMonthly": 130,
      "volumeUsdHourly": 230.252803765086,
      "volumeUsdDaily": 230.252803765086,
      "volumeUsdWeekly": 2682.2889389557467,
      "volumeUsdMonthly": 2680951.9456689837,
      "logo": "https://matcha-image-proxy.api.0x.org/images/5000/0xe6829d9a7ee3040e1276fa75293bde931859e8fa"
    },
    {
      "address": "0xcda86a272531e8640cd7f1a92c01839911b90bb0",
      "chainId": 5000,
      "decimals": 18,
      "name": "mETH",
      "symbol": "mETH",
      "type": "ERC20",
      "hasLogo": true,
      "blockListsCount": 0,
      "exchangeListsCount": 0,
      "flagListsCount": 0,
      "importedListsCount": 1,
      "buyTax": null,
      "sellTax": null,
      "isInDex": false,
      "isHoneypot": false,
      "manualUnblock": false,
      "transactionsHourly": 1,
      "transactionsDaily": 1,
      "transactionsWeekly": 2,
      "transactionsMonthly": 20,
      "volumeUsdDaily": 23513.1138090161,
      "volumeUsdWeekly": 53077.8430680745,
      "volumeUsdMonthly": 101934.5343745386,
      "logo": "https://matcha-image-proxy.api.0x.org/images/5000/0xcda86a272531e8640cd7f1a92c01839911b90bb0"
    },
    {
      "address": "0xd5f7838f5c461feff7fe49ea5ebaf7728bb0adfa",
      "chainId": 1,
      "decimals": 18,
      "name": "mETH",
      "symbol": "mETH",
      "type": "ERC20",
      "hasLogo": true,
      "blockListsCount": 0,
      "exchangeListsCount": 0,
      "flagListsCount": 0,
      "importedListsCount": 2,
      "buyTax": 0,
      "sellTax": 0,
      "isInDex": true,
      "isHoneypot": false,
      "manualUnblock": false,
      "transactionsHourly": 1,
      "transactionsDaily": 1,
      "transactionsWeekly": 5,
      "transactionsMonthly": 31,
      "volumeUsdHourly": 60.122510202556,
      "volumeUsdDaily": 60.122510202556,
      "volumeUsdWeekly": 2068.36107588856,
      "volumeUsdMonthly": 270840.87120431673,
      "logo": "https://matcha-image-proxy.api.0x.org/images/1/0xd5f7838f5c461feff7fe49ea5ebaf7728bb0adfa"
    },
    {
      "address": "0x10b80bea64ac357dd2ad0243a3b8478e511781fe",
      "chainId": 8453,
      "decimals": 18,
      "name": "BASE-MNT",
      "symbol": "BASE-MNT",
      "type": "ERC20",
      "issuer": {
        "name": "zora",
        "metadata": {}
      },
      "blockListsCount": 0,
      "exchangeListsCount": 0,
      "flagListsCount": 0,
      "importedListsCount": 0,
      "isHoneypot": false,
      "transactionsHourly": 2,
      "transactionsDaily": 2,
      "transactionsWeekly": 16,
      "transactionsMonthly": 18,
      "volumeUsdWeekly": 5.068047778720609,
      "volumeUsdMonthly": 7.919637392436009,
      "logo": "https://matcha-image-proxy.api.0x.org/images/8453/0x10b80bea64ac357dd2ad0243a3b8478e511781fe"
    },
    {
      "address": "0x4e200fe2f3efb977d5fd9c430a41531fb04d97b8",
      "chainId": 42161,
      "decimals": 18,
      "name": "Orderly Network",
      "symbol": "ORDER",
      "type": "ERC20",
      "hasLogo": true,
      "blockListsCount": 0,
      "exchangeListsCount": 0,
      "flagListsCount": 0,
      "importedListsCount": 1,
      "buyTax": null,
      "sellTax": null,
      "isInDex": true,
      "isHoneypot": false,
      "manualUnblock": false,
      "transactionsHourly": 1,
      "transactionsDaily": 1,
      "transactionsWeekly": 2,
      "transactionsMonthly": 37,
      "volumeUsdHourly": 1397.96971926795,
      "volumeUsdDaily": 1397.9654184468,
      "volumeUsdWeekly": 1407.9131191903955,
      "volumeUsdMonthly": 6179.570333012919,
      "logo": "https://matcha-image-proxy.api.0x.org/images/42161/0x4e200fe2f3efb977d5fd9c430a41531fb04d97b8"
    }
  ],
  "searchTime": "2025-12-30T01:58:40.869Z",
  "error": null
}