{
  "originalSymbol": "TFUEL",
  "originalFullName": "Theta Fuel",
  "searchedQuery": "TFUEL Theta Fuel",
  "retried": false,
  "isL1": false,
  "success": true,
  "tokenCount": 15,
  "resultCount": 8608,
  "tokens": [
    {
      "address": "0x40c10c16b58848a6b6cfeb7da2a2866c4e723f2d",
      "chainId": 8453,
      "decimals": 18,
      "name": "TFUEL (Theta Fuel) NFT",
      "symbol": "TFUEL (Theta Fuel) NFT",
      "type": "ERC20",
      "issuer": {
        "name": "zora",
        "metadata": {}
      },
      "blockListsCount": 0,
      "exchangeListsCount": 0,
      "flagListsCount": 0,
      "importedListsCount": 0,
      "logo": "https://matcha-image-proxy.api.0x.org/images/8453/0x40c10c16b58848a6b6cfeb7da2a2866c4e723f2d"
    },
    {
      "address": "0xc08cd26474722ce93f4d0c34d16201461c10aa8c",
      "chainId": 8453,
      "decimals": 18,
      "name": "CARV",
      "symbol": "CARV",
      "type": "ERC20",
      "hasLogo": true,
      "blockListsCount": 0,
      "exchangeListsCount": 0,
      "flagListsCount": 0,
      "importedListsCount": 1,
      "buyTax": 0,
      "sellTax": 0,
      "isInDex": true,
      "isHoneypot": false,
      "manualUnblock": false,
      "transactionsHourly": 2,
      "transactionsDaily": 41,
      "transactionsWeekly": 4325,
      "transactionsMonthly": 10275,
      "volumeUsdHourly": 1.04370555108511,
      "volumeUsdDaily": 1737.0648242410596,
      "volumeUsdWeekly": 82188.72562361164,
      "volumeUsdMonthly": 293088.0772420752,
      "logo": "https://matcha-image-proxy.api.0x.org/images/8453/0xc08cd26474722ce93f4d0c34d16201461c10aa8c"
    },
    {
      "address": "0x6982508145454ce325ddbe47a25d4ec3d2311933",
      "chainId": 1,
      "decimals": 18,
      "name": "Pepe",
      "symbol": "PEPE",
      "type": "ERC20",
      "hasLogo": true,
      "blockListsCount": 0,
      "exchangeListsCount": 1,
      "flagListsCount": 0,
      "importedListsCount": 4,
      "buyTax": 0,
      "sellTax": 0,
      "isInDex": true,
      "isHoneypot": false,
      "manualUnblock": false,
      "transactionsHourly": 4,
      "transactionsDaily": 86,
      "transactionsWeekly": 589,
      "transactionsMonthly": 2960,
      "volumeUsdHourly": 61411.95048582388,
      "volumeUsdDaily": 131830.81438667828,
      "volumeUsdWeekly": 482100.0144582259,
      "volumeUsdMonthly": 3343308.2768236026,
      "logo": "https://matcha-image-proxy.api.0x.org/images/1/0x6982508145454ce325ddbe47a25d4ec3d2311933"
    },
    {
      "address": "0x6921b130d297cc43754afba22e5eac0fbf8db75b",
      "chainId": 8453,
      "decimals": 18,
      "name": "doginme",
      "symbol": "doginme",
      "type": "ERC20",
      "hasLogo": true,
      "blockListsCount": 0,
      "exchangeListsCount": 1,
      "flagListsCount": 0,
      "importedListsCount": 2,
      "buyTax": 0,
      "sellTax": 0,
      "isInDex": true,
      "isHoneypot": false,
      "manualUnblock": false,
      "transactionsHourly": 11,
      "transactionsDaily": 160,
      "transactionsWeekly": 1219,
      "transactionsMonthly": 4989,
      "volumeUsdHourly": 318.57914153242797,
      "volumeUsdDaily": 9681.45772974179,
      "volumeUsdWeekly": 27661.40970223301,
      "volumeUsdMonthly": 180216.0449428073,
      "logo": "https://matcha-image-proxy.api.0x.org/images/8453/0x6921b130d297cc43754afba22e5eac0fbf8db75b"
    },
    {
      "address": "0x88d7e9b65dc24cf54f5edef929225fc3e1580c25",
      "chainId": 56,
      "decimals": 18,
      "name": "JumpToken",
      "symbol": "JMPT",
      "type": "ERC20",
      "hasLogo": true,
      "blockListsCount": 0,
      "exchangeListsCount": 0,
      "flagListsCount": 0,
      "importedListsCount": 1,
      "buyTax": 0,
      "sellTax": 0,
      "isInDex": true,
      "isHoneypot": false,
      "manualUnblock": false,
      "transactionsHourly": 2,
      "transactionsDaily": 174,
      "transactionsWeekly": 1199,
      "transactionsMonthly": 4425,
      "volumeUsdHourly": 3.507185396397577,
      "volumeUsdDaily": 598.276252313212,
      "volumeUsdWeekly": 5315.032571699458,
      "volumeUsdMonthly": 19275.772281687936,
      "logo": "https://matcha-image-proxy.api.0x.org/images/56/0x88d7e9b65dc24cf54f5edef929225fc3e1580c25"
    },
    {
      "address": "0xbc465f10adafdb7cb163badd862ad54657ef385b",
      "chainId": 8453,
      "decimals": 18,
      "name": "TFUEL Theta Fuel On Base",
      "symbol": "TFUEL Theta Fuel On Base",
      "type": "ERC20",
      "blockListsCount": 0,
      "exchangeListsCount": 0,
      "flagListsCount": 0,
      "importedListsCount": 0,
      "logo": "https://matcha-image-proxy.api.0x.org/images/8453/0xbc465f10adafdb7cb163badd862ad54657ef385b"
    },
    {
      "address": "0xe58bdd464235ce255b5d64dce8fb6fb759db0565",
      "chainId": 56,
      "decimals": 9,
      "name": "TFUEL Theta Fuel AI Presale v2",
      "symbol": "TFUEL Theta Fuel AI Presale v2",
      "type": "ERC20",
      "blockListsCount": 0,
      "exchangeListsCount": 0,
      "flagListsCount": 0,
      "importedListsCount": 0,
      "logo": "https://matcha-image-proxy.api.0x.org/images/56/0xe58bdd464235ce255b5d64dce8fb6fb759db0565"
    },
    {
      "address": "0x2d060ef4d6bf7f9e5edde373ab735513c0e4f944",
      "chainId": 56,
      "decimals": 18,
      "name": "AITECH",
      "symbol": "AITECH",
      "type": "ERC20",
      "hasLogo": true,
      "blockListsCount": 0,
      "exchangeListsCount": 0,
      "flagListsCount": 0,
      "importedListsCount": 1,
      "buyTax": 0,
      "sellTax": 0,
      "isInDex": true,
      "isHoneypot": false,
      "manualUnblock": false,
      "transactionsHourly": 2,
      "transactionsDaily": 14,
      "transactionsWeekly": 97,
      "transactionsMonthly": 480,
      "volumeUsdHourly": 6.775611374387274,
      "volumeUsdDaily": 1672.87634303798,
      "volumeUsdWeekly": 12197.094542045232,
      "volumeUsdMonthly": 88107.16568286966,
      "logo": "https://matcha-image-proxy.api.0x.org/images/56/0x2d060ef4d6bf7f9e5edde373ab735513c0e4f944"
    },
    {
      "address": "0x25d887ce7a35172c62febfd67a1856f20faebb00",
      "chainId": 56,
      "decimals": 18,
      "name": "Pepe",
      "symbol": "PEPE",
      "type": "ERC20",
      "hasLogo": true,
      "blockListsCount": 0,
      "exchangeListsCount": 0,
      "flagListsCount": 0,
      "importedListsCount": 1,
      "buyTax": 0,
      "sellTax": 0,
      "isInDex": true,
      "isHoneypot": false,
      "manualUnblock": false,
      "transactionsHourly": 2,
      "transactionsDaily": 16,
      "transactionsWeekly": 121,
      "transactionsMonthly": 585,
      "volumeUsdHourly": 1.6893371034607954,
      "volumeUsdDaily": 455.3015727170836,
      "volumeUsdWeekly": 2651.4215262580256,
      "volumeUsdMonthly": 19024.08614582584,
      "logo": "https://matcha-image-proxy.api.0x.org/images/56/0x25d887ce7a35172c62febfd67a1856f20faebb00"
    },
    {
      "address": "0x2ce1340f1d402ae75afeb55003d7491645db1857",
      "chainId": 8453,
      "decimals": 18,
      "name": "WAGMI by Virtuals",
      "symbol": "WAGMI",
      "type": "ERC20",
      "hasLogo": true,
      "blockListsCount": 0,
      "exchangeListsCount": 0,
      "flagListsCount": 0,
      "importedListsCount": 1,
      "buyTax": null,
      "sellTax": null,
      "isInDex": false,
      "isHoneypot": false,
      "manualUnblock": false,
      "transactionsHourly": 1,
      "transactionsDaily": 29,
      "transactionsWeekly": 51,
      "transactionsMonthly": 67,
      "volumeUsdHourly": 5.85894155697262,
      "volumeUsdDaily": 4470.502623897924,
      "volumeUsdWeekly": 5698.013864544579,
      "volumeUsdMonthly": 5957.42483916408,
      "logo": "https://matcha-image-proxy.api.0x.org/images/8453/0x2ce1340f1d402ae75afeb55003d7491645db1857"
    },
    {
      "address": "0x799a290f9cc4085a0ce5b42b5f2c30193a7a872b",
      "chainId": 56,
      "decimals": 18,
      "name": "Elderglade",
      "symbol": "ELDE",
      "type": "ERC20",
      "hasLogo": true,
      "blockListsCount": 0,
      "exchangeListsCount": 0,
      "flagListsCount": 0,
      "importedListsCount": 1,
      "buyTax": 0,
      "sellTax": 0,
      "isInDex": true,
      "isHoneypot": false,
      "manualUnblock": false,
      "transactionsHourly": 3,
      "transactionsDaily": 7,
      "transactionsWeekly": 126,
      "transactionsMonthly": 760,
      "volumeUsdHourly": 67.9728933106478,
      "volumeUsdDaily": 99.2983845674517,
      "volumeUsdWeekly": 6765.955329439174,
      "volumeUsdMonthly": 36602.869903859566,
      "logo": "https://matcha-image-proxy.api.0x.org/images/56/0x799a290f9cc4085a0ce5b42b5f2c30193a7a872b"
    },
    {
      "address": "0xc08cd26474722ce93f4d0c34d16201461c10aa8c",
      "chainId": 42161,
      "decimals": 18,
      "name": "CARV",
      "symbol": "CARV",
      "type": "ERC20",
      "hasLogo": true,
      "blockListsCount": 0,
      "exchangeListsCount": 0,
      "flagListsCount": 0,
      "importedListsCount": 1,
      "buyTax": 0,
      "sellTax": 0,
      "isInDex": true,
      "isHoneypot": false,
      "manualUnblock": false,
      "transactionsHourly": 1,
      "transactionsDaily": 11,
      "transactionsWeekly": 77,
      "transactionsMonthly": 549,
      "volumeUsdHourly": -0.00734973018928232,
      "volumeUsdDaily": 95.36738044094082,
      "volumeUsdWeekly": 6122.064883141812,
      "volumeUsdMonthly": 33273.934779729425,
      "logo": "https://matcha-image-proxy.api.0x.org/images/42161/0xc08cd26474722ce93f4d0c34d16201461c10aa8c"
    },
    {
      "address": "0x45e4e92f5a94f4b741c9cb553ff8be7b25eb7df5",
      "chainId": 8453,
      "decimals": 18,
      "name": "AITV",
      "symbol": "AITV",
      "type": "ERC20",
      "hasLogo": true,
      "blockListsCount": 0,
      "exchangeListsCount": 0,
      "flagListsCount": 0,
      "importedListsCount": 1,
      "buyTax": 0,
      "sellTax": 0,
      "isInDex": true,
      "isHoneypot": false,
      "manualUnblock": false,
      "transactionsHourly": 1,
      "transactionsDaily": 7,
      "transactionsWeekly": 113,
      "transactionsMonthly": 717,
      "volumeUsdHourly": 5.5714483324445,
      "volumeUsdDaily": 132.64792411964578,
      "volumeUsdWeekly": 1400.0935786167272,
      "volumeUsdMonthly": 20440.01284845558,
      "logo": "https://matcha-image-proxy.api.0x.org/images/8453/0x45e4e92f5a94f4b741c9cb553ff8be7b25eb7df5"
    },
    {
      "address": "0x38e68a37e401f7271568cecaac63c6b1e19130b4",
      "chainId": 1,
      "decimals": 18,
      "name": "Banana",
      "symbol": "BANANA",
      "type": "ERC20",
      "hasLogo": true,
      "blockListsCount": 0,
      "exchangeListsCount": 0,
      "flagListsCount": 0,
      "importedListsCount": 2,
      "buyTax": 0,
      "sellTax": 0,
      "isInDex": true,
      "isHoneypot": false,
      "manualUnblock": false,
      "transactionsHourly": 1,
      "transactionsDaily": 2,
      "transactionsWeekly": 55,
      "transactionsMonthly": 185,
      "volumeUsdHourly": 1062.52107776066,
      "volumeUsdDaily": 1105.3653355211788,
      "volumeUsdWeekly": 40165.87695197953,
      "volumeUsdMonthly": 134602.02006854143,
      "logo": "https://matcha-image-proxy.api.0x.org/images/1/0x38e68a37e401f7271568cecaac63c6b1e19130b4"
    },
    {
      "address": "0x22b1458e780f8fa71e2f84502cee8b5a3cc731fa",
      "chainId": 56,
      "decimals": 18,
      "name": "MemeCore",
      "symbol": "M",
      "type": "ERC20",
      "hasLogo": true,
      "blockListsCount": 0,
      "exchangeListsCount": 0,
      "flagListsCount": 0,
      "importedListsCount": 1,
      "buyTax": null,
      "sellTax": null,
      "isInDex": true,
      "isHoneypot": false,
      "manualUnblock": false,
      "transactionsHourly": 1,
      "transactionsDaily": 5,
      "transactionsWeekly": 79,
      "transactionsMonthly": 577,
      "volumeUsdHourly": 0.0277635495198956,
      "volumeUsdDaily": 45.40909591192055,
      "volumeUsdWeekly": 3973.802873262193,
      "volumeUsdMonthly": 83197.15656238052,
      "logo": "https://matcha-image-proxy.api.0x.org/images/56/0x22b1458e780f8fa71e2f84502cee8b5a3cc731fa"
    }
  ],
  "searchTime": "2025-12-30T01:58:17.999Z",
  "error": null
}