{
  "originalSymbol": "META",
  "originalFullName": "Metadium",
  "searchedQuery": "META Metadium",
  "retried": false,
  "isL1": false,
  "success": true,
  "tokenCount": 15,
  "resultCount": 10000,
  "tokens": [
    {
      "address": "0x75ca521892de7f2ecfb070cab545c250d0ceb7e3",
      "chainId": 56,
      "decimals": 9,
      "name": "PVC META",
      "symbol": "PVC",
      "type": "ERC20",
      "hasLogo": true,
      "blockListsCount": 0,
      "exchangeListsCount": 0,
      "flagListsCount": 0,
      "importedListsCount": 1,
      "buyTax": 0,
      "sellTax": 0,
      "isInDex": true,
      "isHoneypot": false,
      "manualUnblock": false,
      "transactionsHourly": 1,
      "transactionsDaily": 39,
      "transactionsWeekly": 305,
      "transactionsMonthly": 1694,
      "volumeUsdHourly": 9.40213043733762,
      "volumeUsdDaily": 1579.7205625808656,
      "volumeUsdWeekly": 18406.793987710873,
      "volumeUsdMonthly": 80314.19457814467,
      "logo": "https://matcha-image-proxy.api.0x.org/images/56/0x75ca521892de7f2ecfb070cab545c250d0ceb7e3"
    },
    {
      "address": "0xbb73bb2505ac4643d5c0a99c2a1f34b3dfd09d11",
      "chainId": 56,
      "decimals": 9,
      "name": "Meta Games Coin",
      "symbol": "MGC",
      "type": "ERC20",
      "hasLogo": true,
      "blockListsCount": 0,
      "exchangeListsCount": 0,
      "flagListsCount": 0,
      "importedListsCount": 1,
      "buyTax": 0,
      "sellTax": 0,
      "isInDex": true,
      "isHoneypot": false,
      "manualUnblock": false,
      "transactionsHourly": 1,
      "transactionsDaily": 17,
      "transactionsWeekly": 207,
      "transactionsMonthly": 673,
      "volumeUsdHourly": 0.221074062580353,
      "volumeUsdDaily": 2685.1786162605654,
      "volumeUsdWeekly": 212071.59637278333,
      "volumeUsdMonthly": 1469269.2779416789,
      "logo": "https://matcha-image-proxy.api.0x.org/images/56/0xbb73bb2505ac4643d5c0a99c2a1f34b3dfd09d11"
    },
    {
      "address": "0x1bdf71ede1a4777db1eebe7232bcda20d6fc1610",
      "chainId": 137,
      "decimals": 18,
      "name": "WhaleBit",
      "symbol": "CES",
      "type": "ERC20",
      "hasLogo": true,
      "blockListsCount": 0,
      "exchangeListsCount": 0,
      "flagListsCount": 0,
      "importedListsCount": 1,
      "buyTax": 0,
      "sellTax": 0,
      "isInDex": true,
      "isHoneypot": false,
      "manualUnblock": false,
      "transactionsHourly": 1,
      "transactionsDaily": 69,
      "transactionsWeekly": 406,
      "transactionsMonthly": 2200,
      "volumeUsdHourly": 0.559248984425178,
      "volumeUsdDaily": 1958.0341416413416,
      "volumeUsdWeekly": 16392.526102165433,
      "volumeUsdMonthly": 126164.84177017874,
      "logo": "https://matcha-image-proxy.api.0x.org/images/137/0x1bdf71ede1a4777db1eebe7232bcda20d6fc1610"
    },
    {
      "address": "0x18b6f6049a0af4ed2bbe0090319174eeef89f53a",
      "chainId": 8453,
      "decimals": 18,
      "name": "RUNNER",
      "symbol": "RUNNER",
      "type": "ERC20",
      "hasLogo": true,
      "blockListsCount": 0,
      "exchangeListsCount": 0,
      "flagListsCount": 0,
      "importedListsCount": 1,
      "buyTax": 0,
      "sellTax": 0,
      "isInDex": true,
      "isHoneypot": false,
      "manualUnblock": false,
      "transactionsHourly": 4,
      "transactionsDaily": 114,
      "transactionsWeekly": 995,
      "transactionsMonthly": 4326,
      "volumeUsdHourly": 4.355966453331559,
      "volumeUsdDaily": 217.4684143353238,
      "volumeUsdWeekly": 3389.5670698858007,
      "volumeUsdMonthly": 39989.731358193545,
      "logo": "https://matcha-image-proxy.api.0x.org/images/8453/0x18b6f6049a0af4ed2bbe0090319174eeef89f53a"
    },
    {
      "address": "0xfbb75a59193a3525a8825bebe7d4b56899e2f7e1",
      "chainId": 8453,
      "decimals": 18,
      "name": "ResearchCoin",
      "symbol": "RSC",
      "type": "ERC20",
      "hasLogo": true,
      "blockListsCount": 0,
      "exchangeListsCount": 1,
      "flagListsCount": 0,
      "importedListsCount": 3,
      "buyTax": 0,
      "sellTax": 0,
      "isInDex": true,
      "isHoneypot": false,
      "manualUnblock": false,
      "transactionsHourly": 1,
      "transactionsDaily": 23,
      "transactionsWeekly": 153,
      "transactionsMonthly": 531,
      "volumeUsdHourly": 427.611738097741,
      "volumeUsdDaily": 9431.721236475,
      "volumeUsdWeekly": 44111.00504026845,
      "volumeUsdMonthly": 137688.7478378718,
      "logo": "https://matcha-image-proxy.api.0x.org/images/8453/0xfbb75a59193a3525a8825bebe7d4b56899e2f7e1"
    },
    {
      "address": "0xd101dcc414f310268c37eeb4cd376ccfa507f571",
      "chainId": 1,
      "decimals": 18,
      "name": "ResearchCoin",
      "symbol": "RSC",
      "type": "ERC20",
      "hasLogo": true,
      "blockListsCount": 0,
      "exchangeListsCount": 0,
      "flagListsCount": 0,
      "importedListsCount": 3,
      "buyTax": 0,
      "sellTax": 0,
      "isInDex": true,
      "isHoneypot": false,
      "manualUnblock": false,
      "transactionsHourly": 2,
      "transactionsDaily": 8,
      "transactionsWeekly": 176,
      "transactionsMonthly": 373,
      "volumeUsdHourly": 426.3053412780542,
      "volumeUsdDaily": 1124.673278592055,
      "volumeUsdWeekly": 22091.79575062109,
      "volumeUsdMonthly": 104833.36658688956,
      "logo": "https://matcha-image-proxy.api.0x.org/images/1/0xd101dcc414f310268c37eeb4cd376ccfa507f571"
    },
    {
      "address": "0x0bf852ebb243b963652b71103a2b97cf446f22c3",
      "chainId": 8453,
      "decimals": 18,
      "name": "AI ROCKET by Virtuals",
      "symbol": "ROCKET",
      "type": "ERC20",
      "hasLogo": true,
      "blockListsCount": 0,
      "exchangeListsCount": 0,
      "flagListsCount": 0,
      "importedListsCount": 1,
      "buyTax": 0,
      "sellTax": 0,
      "isInDex": true,
      "isHoneypot": false,
      "manualUnblock": false,
      "transactionsHourly": 1,
      "transactionsDaily": 11,
      "transactionsWeekly": 72,
      "transactionsMonthly": 258,
      "volumeUsdHourly": 49.791005040484,
      "volumeUsdDaily": 2336.228359596395,
      "volumeUsdWeekly": 10238.974799940725,
      "volumeUsdMonthly": 28647.775166212938,
      "logo": "https://matcha-image-proxy.api.0x.org/images/8453/0x0bf852ebb243b963652b71103a2b97cf446f22c3"
    },
    {
      "address": "0x1aca6687a9665fb84deb7e3801e8e7ecba6ec6de",
      "chainId": 8453,
      "decimals": 18,
      "name": "Rain by Virtuals",
      "symbol": "RAIN",
      "type": "ERC20",
      "hasLogo": true,
      "blockListsCount": 0,
      "exchangeListsCount": 0,
      "flagListsCount": 0,
      "importedListsCount": 1,
      "buyTax": 0,
      "sellTax": 0,
      "isInDex": true,
      "isHoneypot": false,
      "manualUnblock": false,
      "transactionsHourly": 2,
      "transactionsDaily": 7,
      "transactionsWeekly": 47,
      "transactionsMonthly": 60,
      "volumeUsdHourly": 105.82854617689648,
      "volumeUsdDaily": 403.3272321471091,
      "volumeUsdWeekly": 4829.083251431833,
      "volumeUsdMonthly": 5129.80455660237,
      "logo": "https://matcha-image-proxy.api.0x.org/images/8453/0x1aca6687a9665fb84deb7e3801e8e7ecba6ec6de"
    },
    {
      "address": "0x1329f999af42b608741a2b9e74144cdd95be4444",
      "chainId": 56,
      "decimals": 18,
      "name": "Meta Mask Meme Army",
      "symbol": "MMMA",
      "type": "ERC20",
      "blockListsCount": 0,
      "exchangeListsCount": 0,
      "flagListsCount": 0,
      "importedListsCount": 0,
      "isHoneypot": false,
      "transactionsHourly": 1,
      "transactionsDaily": 25,
      "transactionsWeekly": 99,
      "transactionsMonthly": 677,
      "volumeUsdHourly": 3.88173525927443,
      "volumeUsdDaily": 5902.655724171558,
      "volumeUsdWeekly": 20157.55241109353,
      "volumeUsdMonthly": 41461.85870365717,
      "logo": "https://matcha-image-proxy.api.0x.org/images/56/0x1329f999af42b608741a2b9e74144cdd95be4444"
    },
    {
      "address": "0x1c6c8d735ec6a112e87a7d1cd19618505b372885",
      "chainId": 8453,
      "decimals": 18,
      "name": "META Metadium On Base",
      "symbol": "META Metadium On Base",
      "type": "ERC20",
      "blockListsCount": 0,
      "exchangeListsCount": 0,
      "flagListsCount": 0,
      "importedListsCount": 0,
      "logo": "https://matcha-image-proxy.api.0x.org/images/8453/0x1c6c8d735ec6a112e87a7d1cd19618505b372885"
    },
    {
      "address": "0x96702be57cd9777f835117a809c7124fe4ec989a",
      "chainId": 1,
      "decimals": 18,
      "name": "Meta xStock",
      "symbol": "METAx",
      "type": "ERC20",
      "hasLogo": true,
      "issuer": {
        "name": "xstocks",
        "metadata": {}
      },
      "blockListsCount": 0,
      "exchangeListsCount": 0,
      "flagListsCount": 0,
      "importedListsCount": 2,
      "buyTax": 0,
      "sellTax": 0,
      "isInDex": false,
      "isHoneypot": false,
      "manualUnblock": false,
      "logo": "https://matcha-image-proxy.api.0x.org/images/1/0x96702be57cd9777f835117a809c7124fe4ec989a"
    },
    {
      "address": "0x45e57907058c707a068100de358ba4535b18e2f3",
      "chainId": 56,
      "decimals": 18,
      "name": "META FINANCIAL AI",
      "symbol": "MEFAI",
      "type": "ERC20",
      "hasLogo": true,
      "blockListsCount": 0,
      "exchangeListsCount": 0,
      "flagListsCount": 0,
      "importedListsCount": 1,
      "buyTax": 0.01,
      "sellTax": 0.01,
      "isInDex": true,
      "isHoneypot": false,
      "manualUnblock": false,
      "transactionsHourly": 1,
      "transactionsDaily": 1,
      "transactionsWeekly": 13,
      "transactionsMonthly": 576,
      "volumeUsdHourly": 17.378141658934,
      "volumeUsdDaily": 17.378141658934,
      "volumeUsdWeekly": 5790.18293289494,
      "volumeUsdMonthly": 96876.22864787142,
      "logo": "https://matcha-image-proxy.api.0x.org/images/56/0x45e57907058c707a068100de358ba4535b18e2f3"
    },
    {
      "address": "Xsa62P5mvPszXL1krVUnU5ar38bBSVcWAB6fmPCo5Zu",
      "chainId": 1399811149,
      "decimals": 8,
      "name": "Meta xStock",
      "symbol": "METAx",
      "type": "Token2022",
      "issuer": {
        "name": "xstocks",
        "metadata": {}
      },
      "blockListsCount": 0,
      "exchangeListsCount": 0,
      "flagListsCount": 0,
      "importedListsCount": 0,
      "isHoneypot": false,
      "transactionsDaily": 2,
      "transactionsWeekly": 2,
      "transactionsMonthly": 2,
      "volumeUsdDaily": 373.555425624298,
      "volumeUsdWeekly": 373.555425624298,
      "volumeUsdMonthly": 373.555425624298,
      "logo": "https://matcha-image-proxy.api.0x.org/images/1399811149/Xsa62P5mvPszXL1krVUnU5ar38bBSVcWAB6fmPCo5Zu"
    },
    {
      "address": "METAwkXcqyXKy1AtsSgJ8JiUHwGCafnZL38n3vYmeta",
      "chainId": 1399811149,
      "decimals": 6,
      "name": "MetaDAO",
      "symbol": "META",
      "type": "SPL-Token",
      "blockListsCount": 0,
      "exchangeListsCount": 0,
      "flagListsCount": 0,
      "importedListsCount": 0,
      "isHoneypot": false,
      "transactionsDaily": 90,
      "transactionsWeekly": 90,
      "transactionsMonthly": 90,
      "volumeUsdDaily": 14118.103732159205,
      "volumeUsdWeekly": 14118.103732159205,
      "volumeUsdMonthly": 14118.103732159205,
      "logo": "https://matcha-image-proxy.api.0x.org/images/1399811149/METAwkXcqyXKy1AtsSgJ8JiUHwGCafnZL38n3vYmeta"
    },
    {
      "address": "0xd3f68c6e8aee820569d58adf8d85d94489315192",
      "chainId": 8453,
      "decimals": 18,
      "name": "Redacted Coin",
      "symbol": "$RDAC",
      "type": "ERC20",
      "hasLogo": true,
      "blockListsCount": 0,
      "exchangeListsCount": 0,
      "flagListsCount": 0,
      "importedListsCount": 1,
      "buyTax": 0,
      "sellTax": 0,
      "isInDex": true,
      "isHoneypot": false,
      "manualUnblock": false,
      "transactionsHourly": 1,
      "transactionsDaily": 1,
      "transactionsWeekly": 39,
      "transactionsMonthly": 472,
      "volumeUsdHourly": 26.1084302245902,
      "volumeUsdDaily": 26.1084302245902,
      "volumeUsdWeekly": 1494.390291789631,
      "volumeUsdMonthly": 36146.612391222,
      "logo": "https://matcha-image-proxy.api.0x.org/images/8453/0xd3f68c6e8aee820569d58adf8d85d94489315192"
    }
  ],
  "searchTime": "2025-12-30T01:58:34.324Z",
  "error": null
}