{
  "originalSymbol": "QTUM",
  "originalFullName": "Qtum",
  "searchedQuery": "QTUM Qtum",
  "retried": true,
  "isL1": true,
  "success": true,
  "tokenCount": 15,
  "resultCount": 874,
  "tokens": [
    {
      "address": "0x8e373fb89233b8a622264db2e24d3b44037bc555",
      "chainId": 130,
      "decimals": 18,
      "name": "WQtum",
      "symbol": "WQTUM",
      "type": "ERC20",
      "blockListsCount": 0,
      "exchangeListsCount": 0,
      "flagListsCount": 0,
      "importedListsCount": 0,
      "logo": "https://matcha-image-proxy.api.0x.org/images/130/0x8e373fb89233b8a622264db2e24d3b44037bc555"
    },
    {
      "address": "0xe0dcf93ce98542a1e3c811646d6fdbcdf421fd5c",
      "chainId": 8453,
      "decimals": 18,
      "name": "WQtum",
      "symbol": "WQTUM",
      "type": "ERC20",
      "blockListsCount": 0,
      "exchangeListsCount": 0,
      "flagListsCount": 0,
      "importedListsCount": 0,
      "buyTax": 0,
      "sellTax": 0,
      "isInDex": true,
      "isHoneypot": null,
      "logo": "https://matcha-image-proxy.api.0x.org/images/8453/0xe0dcf93ce98542a1e3c811646d6fdbcdf421fd5c"
    },
    {
      "address": "0x3103df8f05c4d8af16fd22ae63e406b97fec6938",
      "chainId": 1,
      "decimals": 18,
      "name": "WQtum",
      "symbol": "WQTUM",
      "type": "ERC20",
      "blockListsCount": 0,
      "exchangeListsCount": 0,
      "flagListsCount": 0,
      "importedListsCount": 0,
      "buyTax": -27950.9683,
      "sellTax": 0,
      "isInDex": false,
      "isHoneypot": false,
      "logo": "https://matcha-image-proxy.api.0x.org/images/1/0x3103df8f05c4d8af16fd22ae63e406b97fec6938"
    },
    {
      "address": "0xc998c403252cea44e97845bb8e3f8f3c7dde932b",
      "chainId": 130,
      "decimals": 18,
      "name": "WQtum",
      "symbol": "WQTUM",
      "type": "ERC20",
      "blockListsCount": 0,
      "exchangeListsCount": 0,
      "flagListsCount": 0,
      "importedListsCount": 0,
      "logo": "https://matcha-image-proxy.api.0x.org/images/130/0xc998c403252cea44e97845bb8e3f8f3c7dde932b"
    },
    {
      "address": "0x920bcba1caf7f977aa7fd2d501b79dde49150e3d",
      "chainId": 8453,
      "decimals": 18,
      "name": "WQtum",
      "symbol": "WQTUM",
      "type": "ERC20",
      "blockListsCount": 0,
      "exchangeListsCount": 0,
      "flagListsCount": 0,
      "importedListsCount": 0,
      "buyTax": 0,
      "sellTax": 0,
      "isInDex": true,
      "isHoneypot": null,
      "logo": "https://matcha-image-proxy.api.0x.org/images/8453/0x920bcba1caf7f977aa7fd2d501b79dde49150e3d"
    },
    {
      "address": "0xc8f36e23b4a1d492462d1198727acdb023e0f006",
      "chainId": 8453,
      "decimals": 18,
      "name": "QTUM Nikola Tesla Token",
      "symbol": "QTUMNI",
      "type": "ERC20",
      "blockListsCount": 1,
      "exchangeListsCount": 0,
      "flagListsCount": 1,
      "importedListsCount": 0,
      "buyTax": 0,
      "sellTax": 0,
      "isInDex": true,
      "isHoneypot": false,
      "manualUnblock": false,
      "logo": "https://matcha-image-proxy.api.0x.org/images/8453/0xc8f36e23b4a1d492462d1198727acdb023e0f006"
    },
    {
      "address": "0x0e0405b1fec8e7c48f93cd33063c4e80a2f4c251",
      "chainId": 130,
      "decimals": 18,
      "name": "Output Qtum",
      "symbol": "Output Qtum",
      "type": "ERC20",
      "blockListsCount": 1,
      "exchangeListsCount": 0,
      "flagListsCount": 1,
      "importedListsCount": 0,
      "manualUnblock": false,
      "logo": "https://matcha-image-proxy.api.0x.org/images/130/0x0e0405b1fec8e7c48f93cd33063c4e80a2f4c251"
    },
    {
      "address": "0x11173a249c5c005c490bba7695c04356917da4b0",
      "chainId": 130,
      "decimals": 18,
      "name": "Qtum Long",
      "symbol": "Qtum Long",
      "type": "ERC20",
      "blockListsCount": 1,
      "exchangeListsCount": 0,
      "flagListsCount": 1,
      "importedListsCount": 0,
      "manualUnblock": false,
      "logo": "https://matcha-image-proxy.api.0x.org/images/130/0x11173a249c5c005c490bba7695c04356917da4b0"
    },
    {
      "address": "0x995e065b69cace0f10dd6fb9c84bf8e17928b641",
      "chainId": 8453,
      "decimals": 18,
      "name": "qtum",
      "symbol": "qtum",
      "type": "ERC20",
      "issuer": {
        "name": "zora",
        "metadata": {}
      },
      "blockListsCount": 0,
      "exchangeListsCount": 0,
      "flagListsCount": 0,
      "importedListsCount": 0,
      "buyTax": null,
      "sellTax": null,
      "isInDex": false,
      "isHoneypot": false,
      "logo": "https://matcha-image-proxy.api.0x.org/images/8453/0x995e065b69cace0f10dd6fb9c84bf8e17928b641"
    },
    {
      "address": "0x3f167906790d18a4778386afcde4ec8b4de88080",
      "chainId": 8453,
      "decimals": 18,
      "name": "QTUM NFT",
      "symbol": "QTUM NFT",
      "type": "ERC20",
      "issuer": {
        "name": "zora",
        "metadata": {}
      },
      "blockListsCount": 0,
      "exchangeListsCount": 0,
      "flagListsCount": 0,
      "importedListsCount": 0,
      "logo": "https://matcha-image-proxy.api.0x.org/images/8453/0x3f167906790d18a4778386afcde4ec8b4de88080"
    },
    {
      "address": "0x08afb3eb39aa9e11462b74776e95281d75f1a21e",
      "chainId": 8453,
      "decimals": 18,
      "name": "B🚨 QTUM/USDT: Short SetupEntry: $2.353 (Order Block)Stop Loss",
      "symbol": "B🚨 QTUM/USDT: Short SetupEntry: $2.353 (Order Block)Stop Loss",
      "type": "ERC20",
      "issuer": {
        "name": "zora",
        "metadata": {}
      },
      "blockListsCount": 0,
      "exchangeListsCount": 0,
      "flagListsCount": 0,
      "importedListsCount": 0,
      "logo": "https://matcha-image-proxy.api.0x.org/images/8453/0x08afb3eb39aa9e11462b74776e95281d75f1a21e"
    },
    {
      "address": "0x113eaa15c513ae6e255c8da099fcb7e559e42e77",
      "chainId": 8453,
      "decimals": 18,
      "name": "BGm, degens! Growth gainers over the past few days 👉$qtum, $ne",
      "symbol": "BGm, degens! Growth gainers over the past few days 👉$qtum, $ne",
      "type": "ERC20",
      "issuer": {
        "name": "zora",
        "metadata": {}
      },
      "blockListsCount": 0,
      "exchangeListsCount": 0,
      "flagListsCount": 0,
      "importedListsCount": 0,
      "logo": "https://matcha-image-proxy.api.0x.org/images/8453/0x113eaa15c513ae6e255c8da099fcb7e559e42e77"
    },
    {
      "address": "0x63aaced9b2097d89031018eff18907f38d13fed6",
      "chainId": 8453,
      "decimals": 18,
      "name": "Crypto Pug QTUM",
      "symbol": "QTUM",
      "type": "ERC20",
      "issuer": {
        "name": "zora",
        "metadata": {}
      },
      "blockListsCount": 0,
      "exchangeListsCount": 0,
      "flagListsCount": 0,
      "importedListsCount": 0,
      "logo": "https://matcha-image-proxy.api.0x.org/images/8453/0x63aaced9b2097d89031018eff18907f38d13fed6"
    },
    {
      "address": "0xca8c5ecdcff4196f898e1fb98d97faad2ca206a2",
      "chainId": 8453,
      "decimals": 18,
      "name": "Qtum",
      "symbol": "QTUM",
      "type": "ERC20",
      "issuer": {
        "name": "zora",
        "metadata": {}
      },
      "blockListsCount": 0,
      "exchangeListsCount": 0,
      "flagListsCount": 0,
      "importedListsCount": 0,
      "logo": "https://matcha-image-proxy.api.0x.org/images/8453/0xca8c5ecdcff4196f898e1fb98d97faad2ca206a2"
    },
    {
      "address": "0x3275b7c304bb18836e014b916a96f5976e74b430",
      "chainId": 8453,
      "decimals": 18,
      "name": "#QTUM ON VERGE OF FALLING WEDGE",
      "symbol": "#QTUM ON VERGE OF FALLING WEDGE",
      "type": "ERC20",
      "issuer": {
        "name": "zora",
        "metadata": {}
      },
      "blockListsCount": 0,
      "exchangeListsCount": 0,
      "flagListsCount": 0,
      "importedListsCount": 0,
      "logo": "https://matcha-image-proxy.api.0x.org/images/8453/0x3275b7c304bb18836e014b916a96f5976e74b430"
    }
  ],
  "searchTime": "2025-12-30T01:58:04.092Z",
  "error": null
}