{
  "originalSymbol": "KAITO",
  "originalFullName": "KAITO",
  "searchedQuery": "KAITO KAITO",
  "retried": false,
  "isL1": false,
  "success": true,
  "tokenCount": 15,
  "resultCount": 6879,
  "tokens": [
    {
      "address": "0x98d0baa52b2d063e780de12f615f963fe8537553",
      "chainId": 8453,
      "decimals": 18,
      "name": "KAITO",
      "symbol": "KAITO",
      "type": "ERC20",
      "hasLogo": true,
      "blockListsCount": 0,
      "exchangeListsCount": 0,
      "flagListsCount": 0,
      "importedListsCount": 2,
      "buyTax": 0,
      "sellTax": 0,
      "isInDex": true,
      "isHoneypot": false,
      "manualUnblock": false,
      "transactionsHourly": 21,
      "transactionsDaily": 211,
      "transactionsWeekly": 1268,
      "transactionsMonthly": 5884,
      "volumeUsdHourly": 107.1246539122804,
      "volumeUsdDaily": 1273.5035904556366,
      "volumeUsdWeekly": 39148.77520889303,
      "volumeUsdMonthly": 176198.29649808246,
      "logo": "https://matcha-image-proxy.api.0x.org/images/8453/0x98d0baa52b2d063e780de12f615f963fe8537553"
    },
    {
      "address": "0xf4daa42741f99a83a64b7947d1acd7c0e0e0bb1f",
      "chainId": 8453,
      "decimals": 18,
      "name": "@There is strong evidence suggesting **Kaito (KAITO)** is deeply",
      "symbol": "?There is strong evidence suggesting **Kaito (KAITO)** is deeply",
      "type": "ERC20",
      "issuer": {
        "name": "zora",
        "metadata": {}
      },
      "blockListsCount": 0,
      "exchangeListsCount": 0,
      "flagListsCount": 0,
      "importedListsCount": 0,
      "logo": "https://matcha-image-proxy.api.0x.org/images/8453/0xf4daa42741f99a83a64b7947d1acd7c0e0e0bb1f"
    },
    {
      "address": "0x5aee30e925f11cfad81a9fa77dbe1cbfec0ea6ce",
      "chainId": 8453,
      "decimals": 18,
      "name": "@Are you currently yapping base on kaito kaito rn? If yes, are yo",
      "symbol": "@Are you currently yapping base on kaito kaito rn? If yes, are yo",
      "type": "ERC20",
      "issuer": {
        "name": "zora",
        "metadata": {}
      },
      "blockListsCount": 0,
      "exchangeListsCount": 0,
      "flagListsCount": 0,
      "importedListsCount": 0,
      "logo": "https://matcha-image-proxy.api.0x.org/images/8453/0x5aee30e925f11cfad81a9fa77dbe1cbfec0ea6ce"
    },
    {
      "address": "0xef3c9353fe22f759b6b7fbf8c518134cc10af4d1",
      "chainId": 130,
      "decimals": 18,
      "name": "KAITO KAITO",
      "symbol": "KAITO KAITO",
      "type": "ERC20",
      "blockListsCount": 0,
      "exchangeListsCount": 0,
      "flagListsCount": 0,
      "importedListsCount": 0,
      "logo": "https://matcha-image-proxy.api.0x.org/images/130/0xef3c9353fe22f759b6b7fbf8c518134cc10af4d1"
    },
    {
      "address": "0xfeed1f1d5d82ecb4e1f6b7a083dd31e7bf81940f",
      "chainId": 8453,
      "decimals": 9,
      "name": "KAITO KAITO",
      "symbol": "KAITO KAITO",
      "type": "ERC20",
      "blockListsCount": 0,
      "exchangeListsCount": 0,
      "flagListsCount": 0,
      "importedListsCount": 0,
      "buyTax": 0,
      "sellTax": 0,
      "isInDex": true,
      "isHoneypot": false,
      "logo": "https://matcha-image-proxy.api.0x.org/images/8453/0xfeed1f1d5d82ecb4e1f6b7a083dd31e7bf81940f"
    },
    {
      "address": "0xcd35f8babe7f05fac00981352ab10211397f1574",
      "chainId": 130,
      "decimals": 18,
      "name": "KAITO KAITO",
      "symbol": "KAITO KAITO",
      "type": "ERC20",
      "blockListsCount": 0,
      "exchangeListsCount": 0,
      "flagListsCount": 0,
      "importedListsCount": 0,
      "logo": "https://matcha-image-proxy.api.0x.org/images/130/0xcd35f8babe7f05fac00981352ab10211397f1574"
    },
    {
      "address": "0x6bc89959fb96293783aa7da5affd7832e99b2923",
      "chainId": 8453,
      "decimals": 9,
      "name": "KAITO KAITO",
      "symbol": "KAITO KAITO",
      "type": "ERC20",
      "blockListsCount": 0,
      "exchangeListsCount": 0,
      "flagListsCount": 0,
      "importedListsCount": 0,
      "buyTax": 0,
      "sellTax": 0,
      "isInDex": true,
      "isHoneypot": false,
      "logo": "https://matcha-image-proxy.api.0x.org/images/8453/0x6bc89959fb96293783aa7da5affd7832e99b2923"
    },
    {
      "address": "0x55995ed092706d1be40a9b14c1de93f2a1d5711b",
      "chainId": 8453,
      "decimals": 9,
      "name": "STAR10 KAITO KAITO",
      "symbol": "STAR10 KAITO KAITO",
      "type": "ERC20",
      "blockListsCount": 0,
      "exchangeListsCount": 0,
      "flagListsCount": 0,
      "importedListsCount": 0,
      "buyTax": 0,
      "sellTax": 0,
      "isInDex": true,
      "isHoneypot": false,
      "logo": "https://matcha-image-proxy.api.0x.org/images/8453/0x55995ed092706d1be40a9b14c1de93f2a1d5711b"
    },
    {
      "address": "0x74c1574aa6318ddcd2f98f4fb2623576b69bda5c",
      "chainId": 8453,
      "decimals": 18,
      "name": "KAITO KAITO coin",
      "symbol": "KAITO KAITO coin",
      "type": "ERC20",
      "blockListsCount": 0,
      "exchangeListsCount": 0,
      "flagListsCount": 0,
      "importedListsCount": 0,
      "buyTax": 0,
      "sellTax": 0,
      "isInDex": true,
      "isHoneypot": false,
      "logo": "https://matcha-image-proxy.api.0x.org/images/8453/0x74c1574aa6318ddcd2f98f4fb2623576b69bda5c"
    },
    {
      "address": "0x9b4cc643ede621f8616273e30fedefeaa9b50f07",
      "chainId": 8453,
      "decimals": 18,
      "name": "KAITO KAITO finance",
      "symbol": "KAITO KAITO finance",
      "type": "ERC20",
      "blockListsCount": 0,
      "exchangeListsCount": 0,
      "flagListsCount": 0,
      "importedListsCount": 0,
      "buyTax": 0,
      "sellTax": 0,
      "isInDex": true,
      "isHoneypot": false,
      "logo": "https://matcha-image-proxy.api.0x.org/images/8453/0x9b4cc643ede621f8616273e30fedefeaa9b50f07"
    },
    {
      "address": "0x84cb90bddd93b8b91a9cdd6159bb608c2f776107",
      "chainId": 8453,
      "decimals": 18,
      "name": "KAITO KAITO CAT",
      "symbol": "KAITO KAITO CAT",
      "type": "ERC20",
      "blockListsCount": 0,
      "exchangeListsCount": 0,
      "flagListsCount": 0,
      "importedListsCount": 0,
      "buyTax": 0,
      "sellTax": 0,
      "isInDex": true,
      "isHoneypot": false,
      "logo": "https://matcha-image-proxy.api.0x.org/images/8453/0x84cb90bddd93b8b91a9cdd6159bb608c2f776107"
    },
    {
      "address": "0x2f26ed61b159fa076db3298af03c28e17e07fb4e",
      "chainId": 130,
      "decimals": 18,
      "name": "KAITO KAITO V2",
      "symbol": "KAITO KAITO V2",
      "type": "ERC20",
      "blockListsCount": 0,
      "exchangeListsCount": 0,
      "flagListsCount": 0,
      "importedListsCount": 0,
      "logo": "https://matcha-image-proxy.api.0x.org/images/130/0x2f26ed61b159fa076db3298af03c28e17e07fb4e"
    },
    {
      "address": "0xf2c8fd50ecc226588fa80a2098ca97db04b1c10c",
      "chainId": 130,
      "decimals": 18,
      "name": "KAITO KAITO Token",
      "symbol": "KAITO KAITO Token",
      "type": "ERC20",
      "blockListsCount": 0,
      "exchangeListsCount": 0,
      "flagListsCount": 0,
      "importedListsCount": 0,
      "logo": "https://matcha-image-proxy.api.0x.org/images/130/0xf2c8fd50ecc226588fa80a2098ca97db04b1c10c"
    },
    {
      "address": "0xaef110fb51853f26c792f93d0289d34c39d642b8",
      "chainId": 8453,
      "decimals": 18,
      "name": "KAITO KAITO Reserve",
      "symbol": "KAITO KAITO Reserve",
      "type": "ERC20",
      "blockListsCount": 0,
      "exchangeListsCount": 0,
      "flagListsCount": 0,
      "importedListsCount": 0,
      "logo": "https://matcha-image-proxy.api.0x.org/images/8453/0xaef110fb51853f26c792f93d0289d34c39d642b8"
    },
    {
      "address": "0xa43d549bfeca2a18468034c01b6183df548f4885",
      "chainId": 130,
      "decimals": 18,
      "name": "KAITO KAITO AI",
      "symbol": "KAITO KAITO AI",
      "type": "ERC20",
      "blockListsCount": 0,
      "exchangeListsCount": 0,
      "flagListsCount": 0,
      "importedListsCount": 0,
      "logo": "https://matcha-image-proxy.api.0x.org/images/130/0xa43d549bfeca2a18468034c01b6183df548f4885"
    }
  ],
  "searchTime": "2025-12-30T01:56:50.191Z",
  "error": null
}