{
  "originalSymbol": "BTC",
  "originalFullName": "Bitcoin",
  "searchedQuery": "BTC Bitcoin",
  "retried": true,
  "isL1": true,
  "success": true,
  "tokenCount": 15,
  "resultCount": 10000,
  "tokens": [
    {
      "address": "0x2f2a2543b76a4166549f7aab2e75bef0aefc5b0f",
      "chainId": 42161,
      "decimals": 8,
      "name": "Wrapped BTC",
      "symbol": "WBTC",
      "type": "ERC20",
      "hasLogo": true,
      "blockListsCount": 0,
      "exchangeListsCount": 0,
      "flagListsCount": 0,
      "importedListsCount": 2,
      "buyTax": 0,
      "sellTax": 0,
      "isInDex": true,
      "isHoneypot": false,
      "manualUnblock": false,
      "transactionsHourly": 8,
      "transactionsDaily": 178,
      "transactionsWeekly": 1025,
      "transactionsMonthly": 7157,
      "volumeUsdHourly": 4668.94043485208,
      "volumeUsdDaily": 1037364.292074276,
      "volumeUsdWeekly": 3748766.513084752,
      "volumeUsdMonthly": 22615258.880152155,
      "logo": "https://matcha-image-proxy.api.0x.org/images/42161/0x2f2a2543b76a4166549f7aab2e75bef0aefc5b0f"
    },
    {
      "address": "0x2260fac5e5542a773aa44fbcfedf7c193bc2c599",
      "chainId": 1,
      "decimals": 8,
      "name": "Wrapped BTC",
      "symbol": "WBTC",
      "type": "ERC20",
      "hasLogo": true,
      "blockListsCount": 0,
      "exchangeListsCount": 0,
      "flagListsCount": 0,
      "importedListsCount": 8,
      "buyTax": 0,
      "sellTax": 0,
      "isInDex": true,
      "isHoneypot": false,
      "manualUnblock": false,
      "transactionsHourly": 3,
      "transactionsDaily": 77,
      "transactionsWeekly": 572,
      "transactionsMonthly": 3228,
      "volumeUsdHourly": 104050.4563555211,
      "volumeUsdDaily": 1501331.785251822,
      "volumeUsdWeekly": 3625987.409246139,
      "volumeUsdMonthly": 53323961.30774907,
      "logo": "https://matcha-image-proxy.api.0x.org/images/1/0x2260fac5e5542a773aa44fbcfedf7c193bc2c599"
    },
    {
      "address": "0x1bfd67037b42cf73acf2047067bd4f2c47d9bfd6",
      "chainId": 137,
      "decimals": 8,
      "name": "(PoS) Wrapped BTC",
      "symbol": "WBTC",
      "type": "ERC20",
      "hasLogo": true,
      "blockListsCount": 0,
      "exchangeListsCount": 0,
      "flagListsCount": 0,
      "importedListsCount": 2,
      "buyTax": 0,
      "sellTax": 0,
      "isInDex": true,
      "isHoneypot": false,
      "manualUnblock": false,
      "transactionsHourly": 7,
      "transactionsDaily": 108,
      "transactionsWeekly": 641,
      "transactionsMonthly": 3559,
      "volumeUsdHourly": 764.4236514408296,
      "volumeUsdDaily": 131415.80316798532,
      "volumeUsdWeekly": 449068.2865556001,
      "volumeUsdMonthly": 4299672.638985025,
      "logo": "https://matcha-image-proxy.api.0x.org/images/137/0x1bfd67037b42cf73acf2047067bd4f2c47d9bfd6"
    },
    {
      "address": "0x7130d2a12b9bcbfae4f2634d864a1ee1ce3ead9c",
      "chainId": 56,
      "decimals": 18,
      "name": "BTCB Token",
      "symbol": "BTCB",
      "type": "ERC20",
      "hasLogo": true,
      "issuer": {
        "name": "binance",
        "metadata": {}
      },
      "blockListsCount": 0,
      "exchangeListsCount": 0,
      "flagListsCount": 0,
      "importedListsCount": 1,
      "buyTax": 0,
      "sellTax": 0,
      "isInDex": true,
      "isHoneypot": false,
      "manualUnblock": false,
      "transactionsHourly": 4,
      "transactionsDaily": 85,
      "transactionsWeekly": 604,
      "transactionsMonthly": 2704,
      "volumeUsdHourly": 564.0561374621116,
      "volumeUsdDaily": 26376.906030643557,
      "volumeUsdWeekly": 387430.811149126,
      "volumeUsdMonthly": 2842833.8137540175,
      "logo": "https://matcha-image-proxy.api.0x.org/images/56/0x7130d2a12b9bcbfae4f2634d864a1ee1ce3ead9c"
    },
    {
      "address": "0xcbb7c0000ab88b473b1f5afd9ef808440eed33bf",
      "chainId": 8453,
      "decimals": 8,
      "name": "Coinbase Wrapped BTC",
      "symbol": "cbBTC",
      "type": "ERC20",
      "hasLogo": true,
      "issuer": {
        "name": "coinbase",
        "metadata": {}
      },
      "blockListsCount": 0,
      "exchangeListsCount": 0,
      "flagListsCount": 0,
      "importedListsCount": 2,
      "buyTax": 0,
      "sellTax": 0,
      "isInDex": true,
      "isHoneypot": false,
      "manualUnblock": false,
      "transactionsHourly": 112,
      "transactionsDaily": 2949,
      "transactionsWeekly": 30765,
      "transactionsMonthly": 187921,
      "volumeUsdHourly": 7461.10805178151,
      "volumeUsdDaily": 824356.653393966,
      "volumeUsdWeekly": 7390120.833027703,
      "volumeUsdMonthly": 158142392.61206442,
      "logo": "https://matcha-image-proxy.api.0x.org/images/8453/0xcbb7c0000ab88b473b1f5afd9ef808440eed33bf"
    },
    {
      "address": "3NZ9JMVBmGAqocybic2c7LQCJScmgsAZ6vQqTDzcqmJh",
      "chainId": 1399811149,
      "decimals": 8,
      "name": "Wrapped BTC (Portal)",
      "symbol": "WBTC",
      "type": "SPL-Token",
      "blockListsCount": 0,
      "exchangeListsCount": 0,
      "flagListsCount": 0,
      "importedListsCount": 0,
      "isHoneypot": false,
      "transactionsDaily": 2587,
      "transactionsWeekly": 2587,
      "transactionsMonthly": 2587,
      "volumeUsdDaily": 527543.2447206179,
      "volumeUsdWeekly": 527543.2447206179,
      "volumeUsdMonthly": 527543.2447206179,
      "logo": "https://matcha-image-proxy.api.0x.org/images/1399811149/3NZ9JMVBmGAqocybic2c7LQCJScmgsAZ6vQqTDzcqmJh"
    },
    {
      "address": "0x8ff795a6f4d97e7887c79bea79aba5cc76444adf",
      "chainId": 56,
      "decimals": 18,
      "name": "Bitcoin Cash Token",
      "symbol": "BCH",
      "type": "ERC20",
      "hasLogo": true,
      "issuer": {
        "name": "binance",
        "metadata": {}
      },
      "blockListsCount": 0,
      "exchangeListsCount": 0,
      "flagListsCount": 0,
      "importedListsCount": 1,
      "buyTax": 0,
      "sellTax": 0,
      "isInDex": true,
      "isHoneypot": false,
      "manualUnblock": false,
      "transactionsHourly": 1,
      "transactionsDaily": 8,
      "transactionsWeekly": 87,
      "transactionsMonthly": 423,
      "volumeUsdHourly": 14.9826271341881,
      "volumeUsdDaily": 713.3916910975483,
      "volumeUsdWeekly": 40214.15291411759,
      "volumeUsdMonthly": 177334.74766572315,
      "logo": "https://matcha-image-proxy.api.0x.org/images/56/0x8ff795a6f4d97e7887c79bea79aba5cc76444adf"
    },
    {
      "address": "0x0555e30da8f98308edb960aa94c0db47230d2b9c",
      "chainId": 143,
      "decimals": 8,
      "name": "Wrapped BTC",
      "symbol": "WBTC",
      "type": "ERC20",
      "hasLogo": true,
      "blockListsCount": 0,
      "exchangeListsCount": 0,
      "flagListsCount": 0,
      "importedListsCount": 3,
      "isHoneypot": false,
      "manualUnblock": false,
      "transactionsHourly": 3,
      "transactionsDaily": 34,
      "transactionsWeekly": 790,
      "transactionsMonthly": 4703,
      "volumeUsdHourly": 795.8777931888106,
      "volumeUsdDaily": 14903.837454427445,
      "volumeUsdWeekly": 411214.0128495419,
      "volumeUsdMonthly": 2681353.6095742863,
      "logo": "https://matcha-image-proxy.api.0x.org/images/143/0x0555e30da8f98308edb960aa94c0db47230d2b9c"
    },
    {
      "address": "0x0555e30da8f98308edb960aa94c0db47230d2b9c",
      "chainId": 8453,
      "decimals": 8,
      "name": "Wrapped BTC",
      "symbol": "WBTC",
      "type": "ERC20",
      "hasLogo": true,
      "blockListsCount": 0,
      "exchangeListsCount": 0,
      "flagListsCount": 0,
      "importedListsCount": 0,
      "buyTax": 0,
      "sellTax": 0,
      "isInDex": true,
      "isHoneypot": false,
      "transactionsHourly": 2,
      "transactionsDaily": 84,
      "transactionsWeekly": 3847,
      "transactionsMonthly": 19300,
      "volumeUsdHourly": 12.4204923531789,
      "volumeUsdDaily": 12895.20385926812,
      "volumeUsdWeekly": 337922.0693565532,
      "volumeUsdMonthly": 2580801.2596184965,
      "logo": "https://matcha-image-proxy.api.0x.org/images/8453/0x0555e30da8f98308edb960aa94c0db47230d2b9c"
    },
    {
      "address": "0x0eb3a705fc54725037cc9e008bdede697f62f335",
      "chainId": 56,
      "decimals": 18,
      "name": "Cosmos Token",
      "symbol": "ATOM",
      "type": "ERC20",
      "hasLogo": true,
      "issuer": {
        "name": "binance",
        "metadata": {}
      },
      "blockListsCount": 0,
      "exchangeListsCount": 0,
      "flagListsCount": 0,
      "importedListsCount": 1,
      "buyTax": 0,
      "sellTax": 0,
      "isInDex": true,
      "isHoneypot": false,
      "manualUnblock": false,
      "transactionsHourly": 1,
      "transactionsDaily": 7,
      "transactionsWeekly": 59,
      "transactionsMonthly": 319,
      "volumeUsdHourly": 3.4646837233204,
      "volumeUsdDaily": 1420.551392127992,
      "volumeUsdWeekly": 4786.11929518259,
      "volumeUsdMonthly": 17551.813092400767,
      "logo": "https://matcha-image-proxy.api.0x.org/images/56/0x0eb3a705fc54725037cc9e008bdede697f62f335"
    },
    {
      "address": "0x68f180fcce6836688e9084f035309e29bf0a2095",
      "chainId": 10,
      "decimals": 8,
      "name": "Wrapped BTC",
      "symbol": "WBTC",
      "type": "ERC20",
      "hasLogo": true,
      "blockListsCount": 0,
      "exchangeListsCount": 0,
      "flagListsCount": 0,
      "importedListsCount": 3,
      "buyTax": null,
      "sellTax": null,
      "isInDex": true,
      "isHoneypot": false,
      "manualUnblock": false,
      "transactionsHourly": 1,
      "transactionsDaily": 13,
      "transactionsWeekly": 134,
      "transactionsMonthly": 859,
      "volumeUsdHourly": 465.803334973866,
      "volumeUsdDaily": 28754.88325559814,
      "volumeUsdWeekly": 111583.17831787432,
      "volumeUsdMonthly": 1285058.2687692048,
      "logo": "https://matcha-image-proxy.api.0x.org/images/10/0x68f180fcce6836688e9084f035309e29bf0a2095"
    },
    {
      "address": "0xcbb7c0000ab88b473b1f5afd9ef808440eed33bf",
      "chainId": 1,
      "decimals": 8,
      "name": "Coinbase Wrapped BTC",
      "symbol": "cbBTC",
      "type": "ERC20",
      "hasLogo": true,
      "issuer": {
        "name": "coinbase",
        "metadata": {}
      },
      "blockListsCount": 0,
      "exchangeListsCount": 0,
      "flagListsCount": 0,
      "importedListsCount": 3,
      "buyTax": 0,
      "sellTax": 0,
      "isInDex": true,
      "isHoneypot": false,
      "manualUnblock": false,
      "transactionsHourly": 5,
      "transactionsDaily": 27,
      "transactionsWeekly": 162,
      "transactionsMonthly": 961,
      "volumeUsdHourly": 72412.51109425756,
      "volumeUsdDaily": 396393.6016269184,
      "volumeUsdWeekly": 2106719.5438023023,
      "volumeUsdMonthly": 12415669.756677864,
      "logo": "https://matcha-image-proxy.api.0x.org/images/1/0xcbb7c0000ab88b473b1f5afd9ef808440eed33bf"
    },
    {
      "address": "0x45d9831d8751b2325f3dbf48db748723726e1c8c",
      "chainId": 42161,
      "decimals": 18,
      "name": "EverValueCoin",
      "symbol": "EVA",
      "type": "ERC20",
      "hasLogo": true,
      "blockListsCount": 0,
      "exchangeListsCount": 0,
      "flagListsCount": 0,
      "importedListsCount": 1,
      "buyTax": 0,
      "sellTax": 0,
      "isInDex": true,
      "isHoneypot": false,
      "manualUnblock": false,
      "transactionsHourly": 1,
      "transactionsDaily": 18,
      "transactionsWeekly": 138,
      "transactionsMonthly": 517,
      "volumeUsdHourly": 0.937788240376607,
      "volumeUsdDaily": 125154.78311155572,
      "volumeUsdWeekly": 1073344.3498602298,
      "volumeUsdMonthly": 3639610.3365530754,
      "logo": "https://matcha-image-proxy.api.0x.org/images/42161/0x45d9831d8751b2325f3dbf48db748723726e1c8c"
    },
    {
      "address": "0x111111111117dc0aa78b770fa6a738034120c302",
      "chainId": 1,
      "decimals": 18,
      "name": "1INCH Token",
      "symbol": "1INCH",
      "type": "ERC20",
      "hasLogo": true,
      "blockListsCount": 0,
      "exchangeListsCount": 1,
      "flagListsCount": 0,
      "importedListsCount": 5,
      "buyTax": 0,
      "sellTax": 0,
      "isInDex": true,
      "isHoneypot": false,
      "manualUnblock": false,
      "transactionsHourly": 1,
      "transactionsDaily": 10,
      "transactionsWeekly": 73,
      "transactionsMonthly": 334,
      "volumeUsdHourly": 20.5341568251105,
      "volumeUsdDaily": 267.84173402592444,
      "volumeUsdWeekly": 7438.301515135045,
      "volumeUsdMonthly": 88864.61493805263,
      "logo": "https://matcha-image-proxy.api.0x.org/images/1/0x111111111117dc0aa78b770fa6a738034120c302"
    },
    {
      "address": "0x0c41f1fc9022feb69af6dc666abfe73c9ffda7ce",
      "chainId": 8453,
      "decimals": 18,
      "name": "Bitcoin on Base",
      "symbol": "BTCB",
      "type": "ERC20",
      "hasLogo": true,
      "blockListsCount": 0,
      "exchangeListsCount": 0,
      "flagListsCount": 0,
      "importedListsCount": 1,
      "buyTax": 0,
      "sellTax": 0,
      "isInDex": true,
      "isHoneypot": false,
      "manualUnblock": false,
      "transactionsHourly": 4,
      "transactionsDaily": 96,
      "transactionsWeekly": 422,
      "transactionsMonthly": 2314,
      "volumeUsdHourly": 30.46524531100282,
      "volumeUsdDaily": 4950.332981230852,
      "volumeUsdWeekly": 80354.25990967918,
      "volumeUsdMonthly": 289870.00543502567,
      "logo": "https://matcha-image-proxy.api.0x.org/images/8453/0x0c41f1fc9022feb69af6dc666abfe73c9ffda7ce"
    }
  ],
  "searchTime": "2025-12-30T01:58:48.088Z",
  "error": null
}