{
  "originalSymbol": "KITE",
  "originalFullName": "Kite",
  "searchedQuery": "KITE Kite",
  "retried": false,
  "isL1": false,
  "success": true,
  "tokenCount": 15,
  "resultCount": 3178,
  "tokens": [
    {
      "address": "0x0b3e2caa8bc250b1d13a80466b435b6a8aadbdba",
      "chainId": 8453,
      "decimals": 18,
      "name": "quota kite kite",
      "symbol": "quota kite kite",
      "type": "ERC20",
      "issuer": {
        "name": "zora",
        "metadata": {}
      },
      "blockListsCount": 0,
      "exchangeListsCount": 0,
      "flagListsCount": 0,
      "importedListsCount": 0,
      "logo": "https://matcha-image-proxy.api.0x.org/images/8453/0x0b3e2caa8bc250b1d13a80466b435b6a8aadbdba"
    },
    {
      "address": "0x92fe13132f3cabf6956688ba565afbc8b3b00c29",
      "chainId": 8453,
      "decimals": 18,
      "name": "#KITE $KITE @GOKITEAI I, COINTAG",
      "symbol": "#KITE $KITE @GOKITEAI I, COINTAG",
      "type": "ERC20",
      "issuer": {
        "name": "zora",
        "metadata": {}
      },
      "blockListsCount": 0,
      "exchangeListsCount": 0,
      "flagListsCount": 0,
      "importedListsCount": 0,
      "logo": "https://matcha-image-proxy.api.0x.org/images/8453/0x92fe13132f3cabf6956688ba565afbc8b3b00c29"
    },
    {
      "address": "0x77b8aae85f5e38875fe91033d0d2b514e973ec4a",
      "chainId": 8453,
      "decimals": 18,
      "name": "@Introducing Kite (KITE) on Binance Launchpool! Farm KITE by Lock",
      "symbol": "@Introducing Kite (KITE) on Binance Launchpool! Farm KITE by Lock",
      "type": "ERC20",
      "issuer": {
        "name": "zora",
        "metadata": {}
      },
      "blockListsCount": 0,
      "exchangeListsCount": 0,
      "flagListsCount": 0,
      "importedListsCount": 0,
      "logo": "https://matcha-image-proxy.api.0x.org/images/8453/0x77b8aae85f5e38875fe91033d0d2b514e973ec4a"
    },
    {
      "address": "0x24e5f2fbe383629d458859ab93016d0e25e5231b",
      "chainId": 8453,
      "decimals": 18,
      "name": "9Kite AI Update Introducing Kite (KITE) on Binance Launch",
      "symbol": "9Kite AI Update Introducing Kite (KITE) on Binance Launch",
      "type": "ERC20",
      "issuer": {
        "name": "zora",
        "metadata": {}
      },
      "blockListsCount": 0,
      "exchangeListsCount": 0,
      "flagListsCount": 0,
      "importedListsCount": 0,
      "logo": "https://matcha-image-proxy.api.0x.org/images/8453/0x24e5f2fbe383629d458859ab93016d0e25e5231b"
    },
    {
      "address": "0x904567252d8f48555b7447c67dca23f0372e16be",
      "chainId": 1,
      "decimals": 18,
      "name": "Kite",
      "symbol": "KITE",
      "type": "ERC20",
      "hasLogo": true,
      "blockListsCount": 0,
      "exchangeListsCount": 0,
      "flagListsCount": 0,
      "importedListsCount": 3,
      "buyTax": 0,
      "sellTax": 0,
      "isInDex": true,
      "isHoneypot": false,
      "manualUnblock": false,
      "transactionsHourly": 1,
      "transactionsDaily": 3,
      "transactionsWeekly": 32,
      "transactionsMonthly": 292,
      "volumeUsdHourly": 3.28337772011221,
      "volumeUsdDaily": 175.79663406813378,
      "volumeUsdWeekly": 1664.715880260626,
      "volumeUsdMonthly": 100062.337508445,
      "logo": "https://matcha-image-proxy.api.0x.org/images/1/0x904567252d8f48555b7447c67dca23f0372e16be"
    },
    {
      "address": "0x16897bf557374a40b5e43cfc3023cfcb66abb9e1",
      "chainId": 8453,
      "decimals": 18,
      "name": "@Binance Alpha will be the first platform to feature Kite (KITE)",
      "symbol": "?Binance Alpha will be the first platform to feature Kite (KITE)",
      "type": "ERC20",
      "issuer": {
        "name": "zora",
        "metadata": {}
      },
      "blockListsCount": 0,
      "exchangeListsCount": 0,
      "flagListsCount": 0,
      "importedListsCount": 0,
      "logo": "https://matcha-image-proxy.api.0x.org/images/8453/0x16897bf557374a40b5e43cfc3023cfcb66abb9e1"
    },
    {
      "address": "0xeeb8c07a9cfad5aa9b763dc8bbd4b5549684ff25",
      "chainId": 8453,
      "decimals": 18,
      "name": "H⚠️ Airdrop Starting Soon!📛 Name: Kite (KITE)🧩 Phase: Round",
      "symbol": "G⚠️ Airdrop Starting Soon!📛 Name: Kite (KITE)🧩 Phase: Round",
      "type": "ERC20",
      "issuer": {
        "name": "zora",
        "metadata": {}
      },
      "blockListsCount": 0,
      "exchangeListsCount": 0,
      "flagListsCount": 0,
      "importedListsCount": 0,
      "logo": "https://matcha-image-proxy.api.0x.org/images/8453/0xeeb8c07a9cfad5aa9b763dc8bbd4b5549684ff25"
    },
    {
      "address": "0x266cc2fc835de72c69a5e7cba74ee33a150349a7",
      "chainId": 8453,
      "decimals": 18,
      "name": "F🚀 New Airdrop Alert!📛 Name: Kite (KITE)📅 Date: 2025-11-03",
      "symbol": "E🚀 New Airdrop Alert!📛 Name: Kite (KITE)📅 Date: 2025-11-03",
      "type": "ERC20",
      "issuer": {
        "name": "zora",
        "metadata": {}
      },
      "blockListsCount": 0,
      "exchangeListsCount": 0,
      "flagListsCount": 0,
      "importedListsCount": 0,
      "logo": "https://matcha-image-proxy.api.0x.org/images/8453/0x266cc2fc835de72c69a5e7cba74ee33a150349a7"
    },
    {
      "address": "0xf490a7b582fadb833e48e716bc04902721c1ee3d",
      "chainId": 56,
      "decimals": 18,
      "name": "KITE-KITE",
      "symbol": "KITE-KITE",
      "type": "ERC20",
      "blockListsCount": 0,
      "exchangeListsCount": 0,
      "flagListsCount": 0,
      "importedListsCount": 0,
      "buyTax": 0,
      "sellTax": 0,
      "isInDex": false,
      "isHoneypot": null,
      "logo": "https://matcha-image-proxy.api.0x.org/images/56/0xf490a7b582fadb833e48e716bc04902721c1ee3d"
    },
    {
      "address": "0x6932daea0dec6c758bceec2798a70bdb2b46e9db",
      "chainId": 56,
      "decimals": 18,
      "name": "kite-KITE-BNB-K",
      "symbol": "kite-KITE-BNB-K",
      "type": "ERC20",
      "blockListsCount": 0,
      "exchangeListsCount": 0,
      "flagListsCount": 0,
      "importedListsCount": 0,
      "buyTax": 0,
      "sellTax": 0,
      "isInDex": false,
      "isHoneypot": false,
      "logo": "https://matcha-image-proxy.api.0x.org/images/56/0x6932daea0dec6c758bceec2798a70bdb2b46e9db"
    },
    {
      "address": "0x16805a74f0e27869b2da7fc43f8732bd4e4916dd",
      "chainId": 56,
      "decimals": 18,
      "name": "kite-KITE-BUSD-K",
      "symbol": "kite-KITE-BUSD-K",
      "type": "ERC20",
      "blockListsCount": 0,
      "exchangeListsCount": 0,
      "flagListsCount": 0,
      "importedListsCount": 0,
      "buyTax": 0,
      "sellTax": 0,
      "isInDex": false,
      "isHoneypot": false,
      "logo": "https://matcha-image-proxy.api.0x.org/images/56/0x16805a74f0e27869b2da7fc43f8732bd4e4916dd"
    },
    {
      "address": "0x904567252d8f48555b7447c67dca23f0372e16be",
      "chainId": 56,
      "decimals": 18,
      "name": "Kite",
      "symbol": "KITE",
      "type": "ERC20",
      "hasLogo": true,
      "blockListsCount": 0,
      "exchangeListsCount": 0,
      "flagListsCount": 0,
      "importedListsCount": 1,
      "buyTax": 0,
      "sellTax": 0,
      "isInDex": true,
      "isHoneypot": false,
      "manualUnblock": false,
      "transactionsHourly": 1,
      "transactionsDaily": 2,
      "transactionsWeekly": 6,
      "transactionsMonthly": 38,
      "volumeUsdDaily": 5.59041868245095,
      "volumeUsdWeekly": 14.71500509302077,
      "volumeUsdMonthly": 891.8676160376504,
      "logo": "https://matcha-image-proxy.api.0x.org/images/56/0x904567252d8f48555b7447c67dca23f0372e16be"
    },
    {
      "address": "0x2303a0b8aef1c63c488e6898d0d1e09e67f94581",
      "chainId": 8453,
      "decimals": 18,
      "name": "Kite-kite",
      "symbol": "Kite",
      "type": "ERC20",
      "issuer": {
        "name": "zora",
        "metadata": {}
      },
      "blockListsCount": 0,
      "exchangeListsCount": 0,
      "flagListsCount": 0,
      "importedListsCount": 0,
      "buyTax": null,
      "sellTax": null,
      "isInDex": false,
      "isHoneypot": false,
      "logo": "https://matcha-image-proxy.api.0x.org/images/8453/0x2303a0b8aef1c63c488e6898d0d1e09e67f94581"
    },
    {
      "address": "0x623a7fd253b9f76a622dedcdd2531f47f7f3837f",
      "chainId": 8453,
      "decimals": 18,
      "name": "Kite AI",
      "symbol": "KITE",
      "type": "ERC20",
      "blockListsCount": 0,
      "exchangeListsCount": 0,
      "flagListsCount": 0,
      "importedListsCount": 0,
      "buyTax": null,
      "sellTax": null,
      "isInDex": false,
      "isHoneypot": false,
      "transactionsHourly": 6,
      "transactionsDaily": 6,
      "transactionsWeekly": 6,
      "transactionsMonthly": 11,
      "volumeUsdHourly": 176.3945496011212,
      "volumeUsdDaily": 176.3945496011212,
      "volumeUsdWeekly": 176.3925621907135,
      "volumeUsdMonthly": 213.60729059449855,
      "logo": "https://matcha-image-proxy.api.0x.org/images/8453/0x623a7fd253b9f76a622dedcdd2531f47f7f3837f"
    },
    {
      "address": "7jZDabw38hsY8tuhfuw4aZRCXGgXtkxXGujQumbppoBY",
      "chainId": 1399811149,
      "decimals": 6,
      "name": "KITE- AI 💥💰💰💰",
      "symbol": "KITE",
      "type": "SPL-Token",
      "blockListsCount": 0,
      "exchangeListsCount": 0,
      "flagListsCount": 0,
      "importedListsCount": 0,
      "transactionsMonthly": 4730,
      "volumeUsdMonthly": 725157.2756279864,
      "logo": "https://matcha-image-proxy.api.0x.org/images/1399811149/7jZDabw38hsY8tuhfuw4aZRCXGgXtkxXGujQumbppoBY"
    }
  ],
  "searchTime": "2025-12-30T01:58:37.270Z",
  "error": null
}