{
  "originalSymbol": "OPEN",
  "originalFullName": "OpenLedger",
  "searchedQuery": "OPEN OpenLedger",
  "retried": false,
  "isL1": false,
  "success": true,
  "tokenCount": 15,
  "resultCount": 10000,
  "tokens": [
    {
      "address": "0x2f2a2543b76a4166549f7aab2e75bef0aefc5b0f",
      "chainId": 42161,
      "decimals": 8,
      "name": "Wrapped BTC",
      "symbol": "WBTC",
      "type": "ERC20",
      "hasLogo": true,
      "blockListsCount": 0,
      "exchangeListsCount": 0,
      "flagListsCount": 0,
      "importedListsCount": 2,
      "buyTax": 0,
      "sellTax": 0,
      "isInDex": true,
      "isHoneypot": false,
      "manualUnblock": false,
      "transactionsHourly": 8,
      "transactionsDaily": 178,
      "transactionsWeekly": 1025,
      "transactionsMonthly": 7157,
      "volumeUsdHourly": 4668.94043485208,
      "volumeUsdDaily": 1037364.292074276,
      "volumeUsdWeekly": 3748766.513084752,
      "volumeUsdMonthly": 22615258.880152155,
      "logo": "https://matcha-image-proxy.api.0x.org/images/42161/0x2f2a2543b76a4166549f7aab2e75bef0aefc5b0f"
    },
    {
      "address": "0x2260fac5e5542a773aa44fbcfedf7c193bc2c599",
      "chainId": 1,
      "decimals": 8,
      "name": "Wrapped BTC",
      "symbol": "WBTC",
      "type": "ERC20",
      "hasLogo": true,
      "blockListsCount": 0,
      "exchangeListsCount": 0,
      "flagListsCount": 0,
      "importedListsCount": 8,
      "buyTax": 0,
      "sellTax": 0,
      "isInDex": true,
      "isHoneypot": false,
      "manualUnblock": false,
      "transactionsHourly": 3,
      "transactionsDaily": 77,
      "transactionsWeekly": 572,
      "transactionsMonthly": 3228,
      "volumeUsdHourly": 104050.4563555211,
      "volumeUsdDaily": 1501331.785251822,
      "volumeUsdWeekly": 3625987.409246139,
      "volumeUsdMonthly": 53323961.30774907,
      "logo": "https://matcha-image-proxy.api.0x.org/images/1/0x2260fac5e5542a773aa44fbcfedf7c193bc2c599"
    },
    {
      "address": "0x1bfd67037b42cf73acf2047067bd4f2c47d9bfd6",
      "chainId": 137,
      "decimals": 8,
      "name": "(PoS) Wrapped BTC",
      "symbol": "WBTC",
      "type": "ERC20",
      "hasLogo": true,
      "blockListsCount": 0,
      "exchangeListsCount": 0,
      "flagListsCount": 0,
      "importedListsCount": 2,
      "buyTax": 0,
      "sellTax": 0,
      "isInDex": true,
      "isHoneypot": false,
      "manualUnblock": false,
      "transactionsHourly": 7,
      "transactionsDaily": 108,
      "transactionsWeekly": 641,
      "transactionsMonthly": 3559,
      "volumeUsdHourly": 764.4236514408296,
      "volumeUsdDaily": 131415.80316798532,
      "volumeUsdWeekly": 449068.2865556001,
      "volumeUsdMonthly": 4299672.638985025,
      "logo": "https://matcha-image-proxy.api.0x.org/images/137/0x1bfd67037b42cf73acf2047067bd4f2c47d9bfd6"
    },
    {
      "address": "0xb3b32f9f8827d4634fe7d973fa1034ec9fddb3b3",
      "chainId": 8453,
      "decimals": 18,
      "name": "B3",
      "symbol": "B3",
      "type": "ERC20",
      "hasLogo": true,
      "blockListsCount": 0,
      "exchangeListsCount": 0,
      "flagListsCount": 0,
      "importedListsCount": 2,
      "buyTax": 0,
      "sellTax": 0,
      "isInDex": true,
      "isHoneypot": false,
      "manualUnblock": false,
      "transactionsHourly": 77,
      "transactionsDaily": 968,
      "transactionsWeekly": 5501,
      "transactionsMonthly": 16431,
      "volumeUsdHourly": 1753.4323144581583,
      "volumeUsdDaily": 49845.347512374574,
      "volumeUsdWeekly": 305989.14442326484,
      "volumeUsdMonthly": 901463.234547315,
      "logo": "https://matcha-image-proxy.api.0x.org/images/8453/0xb3b32f9f8827d4634fe7d973fa1034ec9fddb3b3"
    },
    {
      "address": "0x7d1afa7b718fb893db30a3abc0cfc608aacfebb0",
      "chainId": 1,
      "decimals": 18,
      "name": "Matic Token",
      "symbol": "MATIC",
      "type": "ERC20",
      "hasLogo": true,
      "blockListsCount": 0,
      "exchangeListsCount": 0,
      "flagListsCount": 0,
      "importedListsCount": 2,
      "buyTax": 0,
      "sellTax": 0,
      "isInDex": true,
      "isHoneypot": false,
      "manualUnblock": false,
      "transactionsHourly": 1,
      "transactionsDaily": 27,
      "transactionsWeekly": 136,
      "transactionsMonthly": 516,
      "volumeUsdHourly": 47.9814557446969,
      "volumeUsdDaily": 885.4950630403181,
      "volumeUsdWeekly": 5418.002255760821,
      "volumeUsdMonthly": 71188.94383567675,
      "logo": "https://matcha-image-proxy.api.0x.org/images/1/0x7d1afa7b718fb893db30a3abc0cfc608aacfebb0"
    },
    {
      "address": "0xe41d2489571d322189246dafa5ebde1f4699f498",
      "chainId": 1,
      "decimals": 18,
      "name": "0x Protocol Token",
      "symbol": "ZRX",
      "type": "ERC20",
      "hasLogo": true,
      "blockListsCount": 0,
      "exchangeListsCount": 1,
      "flagListsCount": 0,
      "importedListsCount": 8,
      "buyTax": 0,
      "sellTax": 0,
      "isInDex": true,
      "isHoneypot": false,
      "manualUnblock": false,
      "transactionsHourly": 1,
      "transactionsDaily": 15,
      "transactionsWeekly": 50,
      "transactionsMonthly": 171,
      "volumeUsdHourly": 195.955607312158,
      "volumeUsdDaily": 5521.337984204706,
      "volumeUsdWeekly": 29546.59536587416,
      "volumeUsdMonthly": 217166.26521040456,
      "logo": "https://matcha-image-proxy.api.0x.org/images/1/0xe41d2489571d322189246dafa5ebde1f4699f498"
    },
    {
      "address": "0xacfe6019ed1a7dc6f7b508c02d1b04ec88cc21bf",
      "chainId": 8453,
      "decimals": 18,
      "name": "Venice Token",
      "symbol": "VVV",
      "type": "ERC20",
      "hasLogo": true,
      "blockListsCount": 0,
      "exchangeListsCount": 0,
      "flagListsCount": 0,
      "importedListsCount": 2,
      "buyTax": 0,
      "sellTax": 0,
      "isInDex": true,
      "isHoneypot": false,
      "manualUnblock": false,
      "transactionsHourly": 3,
      "transactionsDaily": 300,
      "transactionsWeekly": 1752,
      "transactionsMonthly": 5028,
      "volumeUsdHourly": 505.1143590630168,
      "volumeUsdDaily": 75638.1038942548,
      "volumeUsdWeekly": 294441.97089246876,
      "volumeUsdMonthly": 1135252.66026129,
      "logo": "https://matcha-image-proxy.api.0x.org/images/8453/0xacfe6019ed1a7dc6f7b508c02d1b04ec88cc21bf"
    },
    {
      "address": "0x9ac9468e7e3e1d194080827226b45d0b892c77fd",
      "chainId": 1,
      "decimals": 9,
      "name": "Yee Token",
      "symbol": "Yee",
      "type": "ERC20",
      "hasLogo": true,
      "blockListsCount": 0,
      "exchangeListsCount": 0,
      "flagListsCount": 0,
      "importedListsCount": 2,
      "buyTax": 0,
      "sellTax": 0,
      "isInDex": true,
      "isHoneypot": false,
      "manualUnblock": false,
      "transactionsHourly": 5,
      "transactionsDaily": 89,
      "transactionsWeekly": 786,
      "transactionsMonthly": 3589,
      "volumeUsdHourly": 3740.573705113945,
      "volumeUsdDaily": 177402.02779978924,
      "volumeUsdWeekly": 700915.0858314718,
      "volumeUsdMonthly": 2246020.24007648,
      "logo": "https://matcha-image-proxy.api.0x.org/images/1/0x9ac9468e7e3e1d194080827226b45d0b892c77fd"
    },
    {
      "address": "0xc9d23ed2adb0f551369946bd377f8644ce1ca5c4",
      "chainId": 8453,
      "decimals": 18,
      "name": "Hyperlane",
      "symbol": "HYPER",
      "type": "ERC20",
      "hasLogo": true,
      "blockListsCount": 0,
      "exchangeListsCount": 0,
      "flagListsCount": 0,
      "importedListsCount": 2,
      "buyTax": 0,
      "sellTax": 0,
      "isInDex": true,
      "isHoneypot": false,
      "manualUnblock": false,
      "transactionsHourly": 1,
      "transactionsDaily": 11,
      "transactionsWeekly": 65,
      "transactionsMonthly": 307,
      "volumeUsdHourly": 5.63546192952986,
      "volumeUsdDaily": 120.3000097168932,
      "volumeUsdWeekly": 1706.977878129863,
      "volumeUsdMonthly": 36298.21871288924,
      "logo": "https://matcha-image-proxy.api.0x.org/images/8453/0xc9d23ed2adb0f551369946bd377f8644ce1ca5c4"
    },
    {
      "address": "0x0d8775f648430679a709e98d2b0cb6250d2887ef",
      "chainId": 1,
      "decimals": 18,
      "name": "Basic Attention Token",
      "symbol": "BAT",
      "type": "ERC20",
      "hasLogo": true,
      "blockListsCount": 0,
      "exchangeListsCount": 1,
      "flagListsCount": 0,
      "importedListsCount": 6,
      "buyTax": 0,
      "sellTax": 0,
      "isInDex": true,
      "isHoneypot": false,
      "manualUnblock": false,
      "transactionsHourly": 1,
      "transactionsDaily": 4,
      "transactionsWeekly": 47,
      "transactionsMonthly": 352,
      "volumeUsdHourly": 2478.45411464031,
      "volumeUsdDaily": 4187.44841344956,
      "volumeUsdWeekly": 26186.77204307648,
      "volumeUsdMonthly": 638091.7822146413,
      "logo": "https://matcha-image-proxy.api.0x.org/images/1/0x0d8775f648430679a709e98d2b0cb6250d2887ef"
    },
    {
      "address": "0xc18360217d8f7ab5e7c516566761ea12ce7f9d72",
      "chainId": 1,
      "decimals": 18,
      "name": "Ethereum Name Service",
      "symbol": "ENS",
      "type": "ERC20",
      "hasLogo": true,
      "blockListsCount": 0,
      "exchangeListsCount": 0,
      "flagListsCount": 0,
      "importedListsCount": 5,
      "buyTax": 0,
      "sellTax": 0,
      "isInDex": true,
      "isHoneypot": false,
      "manualUnblock": false,
      "transactionsHourly": 1,
      "transactionsDaily": 6,
      "transactionsWeekly": 36,
      "transactionsMonthly": 179,
      "volumeUsdHourly": 114.631700607677,
      "volumeUsdDaily": 1824.9392431392023,
      "volumeUsdWeekly": 15405.17703631651,
      "volumeUsdMonthly": 252557.33383086455,
      "logo": "https://matcha-image-proxy.api.0x.org/images/1/0xc18360217d8f7ab5e7c516566761ea12ce7f9d72"
    },
    {
      "address": "0xbaa5cc21fd487b8fcc2f632f3f4e8d37262a0842",
      "chainId": 8453,
      "decimals": 18,
      "name": "Morpho Token",
      "symbol": "MORPHO",
      "type": "ERC20",
      "hasLogo": true,
      "blockListsCount": 0,
      "exchangeListsCount": 1,
      "flagListsCount": 0,
      "importedListsCount": 2,
      "buyTax": 0,
      "sellTax": 0,
      "isInDex": true,
      "isHoneypot": false,
      "manualUnblock": false,
      "transactionsHourly": 5,
      "transactionsDaily": 306,
      "transactionsWeekly": 2720,
      "transactionsMonthly": 12694,
      "volumeUsdHourly": 9.408910933413528,
      "volumeUsdDaily": 5953.142384084943,
      "volumeUsdWeekly": 90616.6920953274,
      "volumeUsdMonthly": 1300816.046785039,
      "logo": "https://matcha-image-proxy.api.0x.org/images/8453/0xbaa5cc21fd487b8fcc2f632f3f4e8d37262a0842"
    },
    {
      "address": "0xaea46a60368a7bd060eec7df8cba43b7ef41ad85",
      "chainId": 1,
      "decimals": 18,
      "name": "Fetch",
      "symbol": "FET",
      "type": "ERC20",
      "hasLogo": true,
      "blockListsCount": 0,
      "exchangeListsCount": 0,
      "flagListsCount": 0,
      "importedListsCount": 5,
      "buyTax": 0,
      "sellTax": 0,
      "isInDex": true,
      "isHoneypot": false,
      "manualUnblock": false,
      "transactionsHourly": 1,
      "transactionsDaily": 29,
      "transactionsWeekly": 174,
      "transactionsMonthly": 881,
      "volumeUsdHourly": 39.9576353851625,
      "volumeUsdDaily": 9564.709143405697,
      "volumeUsdWeekly": 101220.04841026771,
      "volumeUsdMonthly": 1267584.4812228405,
      "logo": "https://matcha-image-proxy.api.0x.org/images/1/0xaea46a60368a7bd060eec7df8cba43b7ef41ad85"
    },
    {
      "address": "0x0c03ce270b4826ec62e7dd007f0b716068639f7b",
      "chainId": 8453,
      "decimals": 18,
      "name": "The Innovation Game",
      "symbol": "TIG",
      "type": "ERC20",
      "hasLogo": true,
      "blockListsCount": 0,
      "exchangeListsCount": 0,
      "flagListsCount": 0,
      "importedListsCount": 1,
      "buyTax": 0,
      "sellTax": 0,
      "isInDex": true,
      "isHoneypot": false,
      "manualUnblock": false,
      "transactionsHourly": 1,
      "transactionsDaily": 21,
      "transactionsWeekly": 186,
      "transactionsMonthly": 1171,
      "volumeUsdHourly": 1064.30724231259,
      "volumeUsdDaily": 12294.668528842809,
      "volumeUsdWeekly": 79933.72725340759,
      "volumeUsdMonthly": 498286.3063685347,
      "logo": "https://matcha-image-proxy.api.0x.org/images/8453/0x0c03ce270b4826ec62e7dd007f0b716068639f7b"
    },
    {
      "address": "0x1f573d6fb3f13d689ff844b4ce37794d79a7ff1c",
      "chainId": 1,
      "decimals": 18,
      "name": "Bancor Network Token",
      "symbol": "BNT",
      "type": "ERC20",
      "hasLogo": true,
      "blockListsCount": 0,
      "exchangeListsCount": 1,
      "flagListsCount": 0,
      "importedListsCount": 5,
      "buyTax": 0,
      "sellTax": 0,
      "isInDex": true,
      "isHoneypot": false,
      "manualUnblock": false,
      "transactionsHourly": 2,
      "transactionsDaily": 5,
      "transactionsWeekly": 22,
      "transactionsMonthly": 86,
      "volumeUsdHourly": 1612.2575835494022,
      "volumeUsdDaily": 2004.8292325472385,
      "volumeUsdWeekly": 8370.663358781574,
      "volumeUsdMonthly": 122241.87947640152,
      "logo": "https://matcha-image-proxy.api.0x.org/images/1/0x1f573d6fb3f13d689ff844b4ce37794d79a7ff1c"
    }
  ],
  "searchTime": "2025-12-30T01:58:08.825Z",
  "error": null
}