{
  "originalSymbol": "BEAM",
  "originalFullName": "Beam",
  "searchedQuery": "BEAM Beam",
  "retried": false,
  "isL1": false,
  "success": true,
  "tokenCount": 15,
  "resultCount": 4426,
  "tokens": [
    {
      "address": "0x62d0a8458ed7719fdaf978fe5929c6d342b0bfce",
      "chainId": 1,
      "decimals": 18,
      "name": "Beam",
      "symbol": "BEAM",
      "type": "ERC20",
      "hasLogo": true,
      "blockListsCount": 0,
      "exchangeListsCount": 0,
      "flagListsCount": 0,
      "importedListsCount": 3,
      "buyTax": 0,
      "sellTax": 0,
      "isInDex": true,
      "isHoneypot": false,
      "manualUnblock": false,
      "transactionsHourly": 1,
      "transactionsDaily": 11,
      "transactionsWeekly": 83,
      "transactionsMonthly": 280,
      "volumeUsdHourly": 414.343698394198,
      "volumeUsdDaily": 2986.663214454568,
      "volumeUsdWeekly": 21387.06053993536,
      "volumeUsdMonthly": 162861.15884562806,
      "logo": "https://matcha-image-proxy.api.0x.org/images/1/0x62d0a8458ed7719fdaf978fe5929c6d342b0bfce"
    },
    {
      "address": "0x8108225cf035a9e573cdab2d8f3a3fd09e4689cb",
      "chainId": 8453,
      "decimals": 18,
      "name": "What is Beam (BEAM)?...",
      "symbol": "What is Beam (BEAM)?...",
      "type": "ERC20",
      "issuer": {
        "name": "zora",
        "metadata": {}
      },
      "blockListsCount": 0,
      "exchangeListsCount": 0,
      "flagListsCount": 0,
      "importedListsCount": 0,
      "buyTax": 0,
      "sellTax": 0,
      "isInDex": true,
      "isHoneypot": false,
      "logo": "https://matcha-image-proxy.api.0x.org/images/8453/0x8108225cf035a9e573cdab2d8f3a3fd09e4689cb"
    },
    {
      "address": "0x62d0a8458ed7719fdaf978fe5929c6d342b0bfce",
      "chainId": 56,
      "decimals": 18,
      "name": "Beam",
      "symbol": "BEAM",
      "type": "ERC20",
      "hasLogo": true,
      "blockListsCount": 0,
      "exchangeListsCount": 0,
      "flagListsCount": 0,
      "importedListsCount": 1,
      "buyTax": 0,
      "sellTax": 0,
      "isInDex": true,
      "isHoneypot": false,
      "manualUnblock": false,
      "transactionsHourly": 1,
      "transactionsDaily": 3,
      "transactionsWeekly": 32,
      "transactionsMonthly": 118,
      "volumeUsdHourly": 806.38559482356,
      "volumeUsdDaily": 1225.0808130830972,
      "volumeUsdWeekly": 2676.825334922999,
      "volumeUsdMonthly": 8521.043566006725,
      "logo": "https://matcha-image-proxy.api.0x.org/images/56/0x62d0a8458ed7719fdaf978fe5929c6d342b0bfce"
    },
    {
      "address": "0xb7bcde1943e91bd39d9ad73d2c82dfaf6ba561ab",
      "chainId": 130,
      "decimals": 18,
      "name": "Beam BEAM",
      "symbol": "Beam BEAM",
      "type": "ERC20",
      "blockListsCount": 0,
      "exchangeListsCount": 0,
      "flagListsCount": 0,
      "importedListsCount": 0,
      "logo": "https://matcha-image-proxy.api.0x.org/images/130/0xb7bcde1943e91bd39d9ad73d2c82dfaf6ba561ab"
    },
    {
      "address": "0x2f3e108bd0b327b302a5a0d904a555d68e0d158d",
      "chainId": 130,
      "decimals": 18,
      "name": "Beam BEAM",
      "symbol": "Beam BEAM",
      "type": "ERC20",
      "blockListsCount": 0,
      "exchangeListsCount": 0,
      "flagListsCount": 0,
      "importedListsCount": 0,
      "logo": "https://matcha-image-proxy.api.0x.org/images/130/0x2f3e108bd0b327b302a5a0d904a555d68e0d158d"
    },
    {
      "address": "0xf695d1d4de6e018cf73b2006e9f8b8cdd0e12a0c",
      "chainId": 130,
      "decimals": 18,
      "name": "Beam BEAM",
      "symbol": "Beam BEAM",
      "type": "ERC20",
      "blockListsCount": 0,
      "exchangeListsCount": 0,
      "flagListsCount": 0,
      "importedListsCount": 0,
      "logo": "https://matcha-image-proxy.api.0x.org/images/130/0xf695d1d4de6e018cf73b2006e9f8b8cdd0e12a0c"
    },
    {
      "address": "0x7fda6f7e11b6fc102d7c194249172f51e4d19885",
      "chainId": 130,
      "decimals": 18,
      "name": "Beam BEAM",
      "symbol": "Beam BEAM",
      "type": "ERC20",
      "blockListsCount": 0,
      "exchangeListsCount": 0,
      "flagListsCount": 0,
      "importedListsCount": 0,
      "logo": "https://matcha-image-proxy.api.0x.org/images/130/0x7fda6f7e11b6fc102d7c194249172f51e4d19885"
    },
    {
      "address": "0xc952097aed8d4fd82e43dc4b08d7d67745f2dce7",
      "chainId": 130,
      "decimals": 18,
      "name": "Beam BEAM",
      "symbol": "Beam BEAM",
      "type": "ERC20",
      "blockListsCount": 0,
      "exchangeListsCount": 0,
      "flagListsCount": 0,
      "importedListsCount": 0,
      "logo": "https://matcha-image-proxy.api.0x.org/images/130/0xc952097aed8d4fd82e43dc4b08d7d67745f2dce7"
    },
    {
      "address": "0xced1ab99a1f75fac1adfeba578952afd7aedf939",
      "chainId": 8453,
      "decimals": 18,
      "name": "Beam BEAM",
      "symbol": "Beam BEAM",
      "type": "ERC20",
      "blockListsCount": 0,
      "exchangeListsCount": 0,
      "flagListsCount": 0,
      "importedListsCount": 0,
      "buyTax": 0,
      "sellTax": 0,
      "isInDex": true,
      "isHoneypot": false,
      "logo": "https://matcha-image-proxy.api.0x.org/images/8453/0xced1ab99a1f75fac1adfeba578952afd7aedf939"
    },
    {
      "address": "0x3332ac951eaea54fa8eda5fd15f1190f3a541573",
      "chainId": 8453,
      "decimals": 18,
      "name": "Beam BEAM 2026",
      "symbol": "Beam BEAM",
      "type": "ERC20",
      "blockListsCount": 0,
      "exchangeListsCount": 0,
      "flagListsCount": 0,
      "importedListsCount": 0,
      "logo": "https://matcha-image-proxy.api.0x.org/images/8453/0x3332ac951eaea54fa8eda5fd15f1190f3a541573"
    },
    {
      "address": "0xea762fec1ee9c13b4bfeeb1162ef7d81ee50a789",
      "chainId": 1,
      "decimals": 18,
      "name": "Beam BEAM v5",
      "symbol": "Beam BEAM",
      "type": "ERC20",
      "blockListsCount": 0,
      "exchangeListsCount": 0,
      "flagListsCount": 0,
      "importedListsCount": 0,
      "logo": "https://matcha-image-proxy.api.0x.org/images/1/0xea762fec1ee9c13b4bfeeb1162ef7d81ee50a789"
    },
    {
      "address": "0xc05b14ece09b1e5b8175738a12ce7fb7271cc975",
      "chainId": 8453,
      "decimals": 18,
      "name": "Beam BEAM 2026",
      "symbol": "Beam BEAM",
      "type": "ERC20",
      "blockListsCount": 0,
      "exchangeListsCount": 0,
      "flagListsCount": 0,
      "importedListsCount": 0,
      "logo": "https://matcha-image-proxy.api.0x.org/images/8453/0xc05b14ece09b1e5b8175738a12ce7fb7271cc975"
    },
    {
      "address": "0x4f0bc5e378b382347cadeba3c094095fe67851e2",
      "chainId": 8453,
      "decimals": 18,
      "name": "Uni Beam BEAM",
      "symbol": "Uni Beam BEAM",
      "type": "ERC20",
      "blockListsCount": 0,
      "exchangeListsCount": 0,
      "flagListsCount": 0,
      "importedListsCount": 0,
      "buyTax": 0,
      "sellTax": 0,
      "isInDex": true,
      "isHoneypot": false,
      "logo": "https://matcha-image-proxy.api.0x.org/images/8453/0x4f0bc5e378b382347cadeba3c094095fe67851e2"
    },
    {
      "address": "0x7f8b9f98e13714fec2ee74f2137e2c4bdffc3af9",
      "chainId": 130,
      "decimals": 18,
      "name": "Beam BEAM AI",
      "symbol": "Beam BEAM AI",
      "type": "ERC20",
      "blockListsCount": 0,
      "exchangeListsCount": 0,
      "flagListsCount": 0,
      "importedListsCount": 0,
      "logo": "https://matcha-image-proxy.api.0x.org/images/130/0x7f8b9f98e13714fec2ee74f2137e2c4bdffc3af9"
    },
    {
      "address": "0xe44fb96f0be8f6e499c162bd452f6ef815ee0ee7",
      "chainId": 8453,
      "decimals": 18,
      "name": "Beam BEAM 2028",
      "symbol": "Beam BEAM 2028",
      "type": "ERC20",
      "blockListsCount": 0,
      "exchangeListsCount": 0,
      "flagListsCount": 0,
      "importedListsCount": 0,
      "buyTax": 0,
      "sellTax": 0,
      "isInDex": true,
      "isHoneypot": false,
      "logo": "https://matcha-image-proxy.api.0x.org/images/8453/0xe44fb96f0be8f6e499c162bd452f6ef815ee0ee7"
    }
  ],
  "searchTime": "2025-12-30T01:56:41.145Z",
  "error": null
}