{
  "originalSymbol": "OP",
  "originalFullName": "Optimism",
  "searchedQuery": "OP Optimism",
  "retried": false,
  "isL1": false,
  "success": true,
  "tokenCount": 15,
  "resultCount": 10000,
  "tokens": [
    {
      "address": "0xeeeeeeeeeeeeeeeeeeeeeeeeeeeeeeeeeeeeeeee",
      "chainId": 10,
      "decimals": 18,
      "name": "Ethereum",
      "symbol": "ETH",
      "type": "Native",
      "hasLogo": true,
      "blockListsCount": 0,
      "exchangeListsCount": 0,
      "flagListsCount": 0,
      "importedListsCount": 0,
      "transactionsHourly": 139,
      "transactionsDaily": 6018,
      "transactionsWeekly": 40685,
      "transactionsMonthly": 237467,
      "volumeUsdHourly": 1782.360822193715,
      "volumeUsdDaily": 119636.06606760908,
      "volumeUsdWeekly": 860160.409935014,
      "volumeUsdMonthly": 6752902.555188892,
      "logo": "https://matcha-image-proxy.api.0x.org/images/10/0xeeeeeeeeeeeeeeeeeeeeeeeeeeeeeeeeeeeeeeee"
    },
    {
      "address": "0xd9aaec86b65d86f6a7b5b1b0c42ffa531710b6ca",
      "chainId": 8453,
      "decimals": 6,
      "name": "USD Base Coin",
      "symbol": "USDbC",
      "type": "ERC20",
      "hasLogo": true,
      "blockListsCount": 0,
      "exchangeListsCount": 0,
      "flagListsCount": 0,
      "importedListsCount": 3,
      "buyTax": 0,
      "sellTax": 0,
      "isInDex": true,
      "isHoneypot": false,
      "manualUnblock": false,
      "transactionsHourly": 198,
      "transactionsDaily": 2009,
      "transactionsWeekly": 14368,
      "transactionsMonthly": 86329,
      "volumeUsdHourly": 5623.7357873560895,
      "volumeUsdDaily": 150384.2770527056,
      "volumeUsdWeekly": 1762122.8848556892,
      "volumeUsdMonthly": 19057333.83775555,
      "logo": "https://matcha-image-proxy.api.0x.org/images/8453/0xd9aaec86b65d86f6a7b5b1b0c42ffa531710b6ca"
    },
    {
      "address": "0x7f5c764cbc14f9669b88837ca1490cca17c31607",
      "chainId": 10,
      "decimals": 6,
      "name": "USD Coin",
      "symbol": "USDC",
      "type": "ERC20",
      "hasLogo": true,
      "blockListsCount": 0,
      "exchangeListsCount": 1,
      "flagListsCount": 0,
      "importedListsCount": 3,
      "buyTax": null,
      "sellTax": null,
      "isInDex": true,
      "isHoneypot": false,
      "manualUnblock": false,
      "transactionsHourly": 4,
      "transactionsDaily": 28,
      "transactionsWeekly": 539,
      "transactionsMonthly": 5026,
      "volumeUsdHourly": 240.4899665793222,
      "volumeUsdDaily": 3253.268406580367,
      "volumeUsdWeekly": 173530.85072906272,
      "volumeUsdMonthly": 1049570.9241263922,
      "logo": "https://matcha-image-proxy.api.0x.org/images/10/0x7f5c764cbc14f9669b88837ca1490cca17c31607"
    },
    {
      "address": "0x912ce59144191c1204e64559fe8253a0e49e6548",
      "chainId": 42161,
      "decimals": 18,
      "name": "Arbitrum",
      "symbol": "ARB",
      "type": "ERC20",
      "hasLogo": true,
      "blockListsCount": 0,
      "exchangeListsCount": 1,
      "flagListsCount": 0,
      "importedListsCount": 2,
      "buyTax": 0,
      "sellTax": 0,
      "isInDex": true,
      "isHoneypot": false,
      "manualUnblock": false,
      "transactionsHourly": 4,
      "transactionsDaily": 162,
      "transactionsWeekly": 1222,
      "transactionsMonthly": 7173,
      "volumeUsdHourly": 87.90373115355268,
      "volumeUsdDaily": 21903.97191647126,
      "volumeUsdWeekly": 301558.7807484356,
      "volumeUsdMonthly": 2223108.550428171,
      "logo": "https://matcha-image-proxy.api.0x.org/images/42161/0x912ce59144191c1204e64559fe8253a0e49e6548"
    },
    {
      "address": "0x4200000000000000000000000000000000000042",
      "chainId": 10,
      "decimals": 18,
      "name": "Optimism",
      "symbol": "OP",
      "type": "ERC20",
      "hasLogo": true,
      "blockListsCount": 0,
      "exchangeListsCount": 1,
      "flagListsCount": 0,
      "importedListsCount": 3,
      "buyTax": 0,
      "sellTax": 0,
      "isInDex": true,
      "isHoneypot": false,
      "manualUnblock": false,
      "transactionsHourly": 4,
      "transactionsDaily": 155,
      "transactionsWeekly": 1158,
      "transactionsMonthly": 6566,
      "volumeUsdHourly": 208.41303819244237,
      "volumeUsdDaily": 17816.489110973227,
      "volumeUsdWeekly": 72353.39290305796,
      "volumeUsdMonthly": 454075.6284214493,
      "logo": "https://matcha-image-proxy.api.0x.org/images/10/0x4200000000000000000000000000000000000042"
    },
    {
      "address": "0x4200000000000000000000000000000000000006",
      "chainId": 10,
      "decimals": 18,
      "name": "Wrapped Ether",
      "symbol": "WETH",
      "type": "ERC20",
      "hasLogo": true,
      "blockListsCount": 0,
      "exchangeListsCount": 0,
      "flagListsCount": 0,
      "importedListsCount": 3,
      "buyTax": null,
      "sellTax": null,
      "isInDex": true,
      "isHoneypot": false,
      "manualUnblock": false,
      "transactionsHourly": 2,
      "transactionsDaily": 108,
      "transactionsWeekly": 648,
      "transactionsMonthly": 3216,
      "volumeUsdHourly": 54.28272290598134,
      "volumeUsdDaily": 7142.023180224213,
      "volumeUsdWeekly": 140814.98519783164,
      "volumeUsdMonthly": 1730469.3030840263,
      "logo": "https://matcha-image-proxy.api.0x.org/images/10/0x4200000000000000000000000000000000000006"
    },
    {
      "address": "0xdcf5130274753c8050ab061b1a1dcbf583f5bfd0",
      "chainId": 8453,
      "decimals": 18,
      "name": "ViciCoin",
      "symbol": "VCNT",
      "type": "ERC20",
      "hasLogo": true,
      "blockListsCount": 0,
      "exchangeListsCount": 0,
      "flagListsCount": 0,
      "importedListsCount": 1,
      "buyTax": 0,
      "sellTax": 0,
      "isInDex": true,
      "isHoneypot": false,
      "manualUnblock": false,
      "transactionsHourly": 4,
      "transactionsDaily": 1368,
      "transactionsWeekly": 36087,
      "transactionsMonthly": 108017,
      "volumeUsdHourly": 59.16789232592332,
      "volumeUsdDaily": 23271.088289215233,
      "volumeUsdWeekly": 556510.4641030937,
      "volumeUsdMonthly": 1710487.0671687557,
      "logo": "https://matcha-image-proxy.api.0x.org/images/8453/0xdcf5130274753c8050ab061b1a1dcbf583f5bfd0"
    },
    {
      "address": "0x7d1afa7b718fb893db30a3abc0cfc608aacfebb0",
      "chainId": 1,
      "decimals": 18,
      "name": "Matic Token",
      "symbol": "MATIC",
      "type": "ERC20",
      "hasLogo": true,
      "blockListsCount": 0,
      "exchangeListsCount": 0,
      "flagListsCount": 0,
      "importedListsCount": 2,
      "buyTax": 0,
      "sellTax": 0,
      "isInDex": true,
      "isHoneypot": false,
      "manualUnblock": false,
      "transactionsHourly": 1,
      "transactionsDaily": 27,
      "transactionsWeekly": 136,
      "transactionsMonthly": 516,
      "volumeUsdHourly": 47.9814557446969,
      "volumeUsdDaily": 885.4950630403181,
      "volumeUsdWeekly": 5418.002255760821,
      "volumeUsdMonthly": 71188.94383567675,
      "logo": "https://matcha-image-proxy.api.0x.org/images/1/0x7d1afa7b718fb893db30a3abc0cfc608aacfebb0"
    },
    {
      "address": "0x9d0e8f5b25384c7310cb8c6ae32c8fbeb645d083",
      "chainId": 8453,
      "decimals": 18,
      "name": "Derive",
      "symbol": "DRV",
      "type": "ERC20",
      "hasLogo": true,
      "blockListsCount": 0,
      "exchangeListsCount": 0,
      "flagListsCount": 0,
      "importedListsCount": 2,
      "buyTax": 0,
      "sellTax": 0,
      "isInDex": true,
      "isHoneypot": false,
      "manualUnblock": false,
      "transactionsHourly": 1,
      "transactionsDaily": 18,
      "transactionsWeekly": 98,
      "transactionsMonthly": 454,
      "volumeUsdHourly": 1404.84044752235,
      "volumeUsdDaily": 19364.00677216282,
      "volumeUsdWeekly": 71930.2605731424,
      "volumeUsdMonthly": 248679.8940375719,
      "logo": "https://matcha-image-proxy.api.0x.org/images/8453/0x9d0e8f5b25384c7310cb8c6ae32c8fbeb645d083"
    },
    {
      "address": "0x68f180fcce6836688e9084f035309e29bf0a2095",
      "chainId": 10,
      "decimals": 8,
      "name": "Wrapped BTC",
      "symbol": "WBTC",
      "type": "ERC20",
      "hasLogo": true,
      "blockListsCount": 0,
      "exchangeListsCount": 0,
      "flagListsCount": 0,
      "importedListsCount": 3,
      "buyTax": null,
      "sellTax": null,
      "isInDex": true,
      "isHoneypot": false,
      "manualUnblock": false,
      "transactionsHourly": 1,
      "transactionsDaily": 13,
      "transactionsWeekly": 134,
      "transactionsMonthly": 859,
      "volumeUsdHourly": 465.803334973866,
      "volumeUsdDaily": 28754.88325559814,
      "volumeUsdWeekly": 111583.17831787432,
      "volumeUsdMonthly": 1285058.2687692048,
      "logo": "https://matcha-image-proxy.api.0x.org/images/10/0x68f180fcce6836688e9084f035309e29bf0a2095"
    },
    {
      "address": "0xe5d7c2a44ffddf6b295a15c148167daaaf5cf34f",
      "chainId": 59144,
      "decimals": 18,
      "name": "Wrapped Ether",
      "symbol": "WETH",
      "type": "ERC20",
      "hasLogo": true,
      "blockListsCount": 0,
      "exchangeListsCount": 0,
      "flagListsCount": 0,
      "importedListsCount": 1,
      "buyTax": null,
      "sellTax": null,
      "isInDex": false,
      "isHoneypot": false,
      "manualUnblock": false,
      "transactionsHourly": 1,
      "transactionsDaily": 14,
      "transactionsWeekly": 131,
      "transactionsMonthly": 1157,
      "volumeUsdHourly": 347.395278860726,
      "volumeUsdDaily": 911.7785312633516,
      "volumeUsdWeekly": 30215.37257564608,
      "volumeUsdMonthly": 191006.01311179576,
      "logo": "https://matcha-image-proxy.api.0x.org/images/59144/0xe5d7c2a44ffddf6b295a15c148167daaaf5cf34f"
    },
    {
      "address": "0x111111111117dc0aa78b770fa6a738034120c302",
      "chainId": 1,
      "decimals": 18,
      "name": "1INCH Token",
      "symbol": "1INCH",
      "type": "ERC20",
      "hasLogo": true,
      "blockListsCount": 0,
      "exchangeListsCount": 1,
      "flagListsCount": 0,
      "importedListsCount": 5,
      "buyTax": 0,
      "sellTax": 0,
      "isInDex": true,
      "isHoneypot": false,
      "manualUnblock": false,
      "transactionsHourly": 1,
      "transactionsDaily": 10,
      "transactionsWeekly": 73,
      "transactionsMonthly": 334,
      "volumeUsdHourly": 20.5341568251105,
      "volumeUsdDaily": 267.84173402592444,
      "volumeUsdWeekly": 7438.301515135045,
      "volumeUsdMonthly": 88864.61493805263,
      "logo": "https://matcha-image-proxy.api.0x.org/images/1/0x111111111117dc0aa78b770fa6a738034120c302"
    },
    {
      "address": "0xbaa5cc21fd487b8fcc2f632f3f4e8d37262a0842",
      "chainId": 8453,
      "decimals": 18,
      "name": "Morpho Token",
      "symbol": "MORPHO",
      "type": "ERC20",
      "hasLogo": true,
      "blockListsCount": 0,
      "exchangeListsCount": 1,
      "flagListsCount": 0,
      "importedListsCount": 2,
      "buyTax": 0,
      "sellTax": 0,
      "isInDex": true,
      "isHoneypot": false,
      "manualUnblock": false,
      "transactionsHourly": 5,
      "transactionsDaily": 306,
      "transactionsWeekly": 2720,
      "transactionsMonthly": 12694,
      "volumeUsdHourly": 9.408910933413528,
      "volumeUsdDaily": 5953.142384084943,
      "volumeUsdWeekly": 90616.6920953274,
      "volumeUsdMonthly": 1300816.046785039,
      "logo": "https://matcha-image-proxy.api.0x.org/images/8453/0xbaa5cc21fd487b8fcc2f632f3f4e8d37262a0842"
    },
    {
      "address": "0x686b328cf7dea349af6b6a833e340c17d3fd28db",
      "chainId": 8453,
      "decimals": 18,
      "name": "B$OP (Optimism) live price: ≈ $0.41 USD (CoinMarketCap). Built",
      "symbol": "A$OP (Optimism) live price: ≈ $0.41 USD (CoinMarketCap). Built",
      "type": "ERC20",
      "issuer": {
        "name": "zora",
        "metadata": {}
      },
      "blockListsCount": 0,
      "exchangeListsCount": 0,
      "flagListsCount": 0,
      "importedListsCount": 0,
      "logo": "https://matcha-image-proxy.api.0x.org/images/8453/0x686b328cf7dea349af6b6a833e340c17d3fd28db"
    },
    {
      "address": "0xef4461891dfb3ac8572ccf7c794664a8dd927945",
      "chainId": 10,
      "decimals": 18,
      "name": "WalletConnect",
      "symbol": "WCT",
      "type": "ERC20",
      "hasLogo": true,
      "blockListsCount": 0,
      "exchangeListsCount": 0,
      "flagListsCount": 0,
      "importedListsCount": 3,
      "buyTax": null,
      "sellTax": null,
      "isInDex": true,
      "isHoneypot": false,
      "manualUnblock": false,
      "transactionsHourly": 2,
      "transactionsDaily": 20,
      "transactionsWeekly": 133,
      "transactionsMonthly": 1448,
      "volumeUsdHourly": 3.308533986624312,
      "volumeUsdDaily": 413.9431324882002,
      "volumeUsdWeekly": 2119.1698147135453,
      "volumeUsdMonthly": 8487.45438335054,
      "logo": "https://matcha-image-proxy.api.0x.org/images/10/0xef4461891dfb3ac8572ccf7c794664a8dd927945"
    }
  ],
  "searchTime": "2025-12-30T01:57:55.310Z",
  "error": null
}