{
  "originalSymbol": "ZKP",
  "originalFullName": "zkPass",
  "searchedQuery": "ZKP zkPass",
  "retried": false,
  "isL1": false,
  "success": true,
  "tokenCount": 15,
  "resultCount": 955,
  "tokens": [
    {
      "address": "0x9a06db14d639796b25a6cec6a1bf614fd98815ec",
      "chainId": 137,
      "decimals": 18,
      "name": "$ZKP Token",
      "symbol": "$ZKP",
      "type": "ERC20",
      "hasLogo": true,
      "blockListsCount": 0,
      "exchangeListsCount": 0,
      "flagListsCount": 0,
      "importedListsCount": 1,
      "buyTax": 0,
      "sellTax": 0,
      "isInDex": true,
      "isHoneypot": false,
      "manualUnblock": false,
      "transactionsHourly": 1,
      "transactionsDaily": 22,
      "transactionsWeekly": 78,
      "transactionsMonthly": 528,
      "volumeUsdHourly": 30.0693200640602,
      "volumeUsdDaily": 596.2758899653138,
      "volumeUsdWeekly": 2060.630296149418,
      "volumeUsdMonthly": 13801.453472462324,
      "logo": "https://matcha-image-proxy.api.0x.org/images/137/0x9a06db14d639796b25a6cec6a1bf614fd98815ec"
    },
    {
      "address": "0xe1be424f442d0687129128c6c38aace44f8c8dbc",
      "chainId": 1,
      "decimals": 18,
      "name": "zkPass",
      "symbol": "ZKP",
      "type": "ERC20",
      "hasLogo": true,
      "blockListsCount": 0,
      "exchangeListsCount": 0,
      "flagListsCount": 0,
      "importedListsCount": 2,
      "isHoneypot": false,
      "manualUnblock": false,
      "transactionsHourly": 1,
      "transactionsDaily": 29,
      "transactionsWeekly": 533,
      "transactionsMonthly": 2249,
      "volumeUsdHourly": 0.612281829791259,
      "volumeUsdDaily": 780.104607670312,
      "volumeUsdWeekly": 32182.04698109635,
      "volumeUsdMonthly": 292499.2163042389,
      "logo": "https://matcha-image-proxy.api.0x.org/images/1/0xe1be424f442d0687129128c6c38aace44f8c8dbc"
    },
    {
      "address": "0xf4602c8f2bc2a8cc54ba4ed5ef79393c1f7a2751",
      "chainId": 8453,
      "decimals": 18,
      "name": "LATEGM-$ZKP(ZKPASS)LISTINGTODAY-",
      "symbol": "LATEGM-$ZKP(ZKPASS)LISTINGTODAY-",
      "type": "ERC20",
      "issuer": {
        "name": "zora",
        "metadata": {}
      },
      "blockListsCount": 0,
      "exchangeListsCount": 0,
      "flagListsCount": 0,
      "importedListsCount": 0,
      "logo": "https://matcha-image-proxy.api.0x.org/images/8453/0xf4602c8f2bc2a8cc54ba4ed5ef79393c1f7a2751"
    },
    {
      "address": "0xb45ffb51984d626ee758b336c61cf20990c6bf13",
      "chainId": 1,
      "decimals": 18,
      "name": "Wrapped RBNT",
      "symbol": "WRBNT",
      "type": "ERC20",
      "hasLogo": true,
      "blockListsCount": 0,
      "exchangeListsCount": 0,
      "flagListsCount": 0,
      "importedListsCount": 2,
      "buyTax": 0,
      "sellTax": 0,
      "isInDex": true,
      "isHoneypot": false,
      "manualUnblock": false,
      "transactionsHourly": 1,
      "transactionsDaily": 9,
      "transactionsWeekly": 48,
      "transactionsMonthly": 237,
      "volumeUsdHourly": 446.267643527138,
      "volumeUsdDaily": 2530.790509148625,
      "volumeUsdWeekly": 16380.096994232024,
      "volumeUsdMonthly": 73959.79585255607,
      "logo": "https://matcha-image-proxy.api.0x.org/images/1/0xb45ffb51984d626ee758b336c61cf20990c6bf13"
    },
    {
      "address": "0xd89b7dd376e671c124352267516bef1c2cc231a3",
      "chainId": 56,
      "decimals": 18,
      "name": "zkPass",
      "symbol": "ZKP",
      "type": "ERC20",
      "hasLogo": true,
      "blockListsCount": 0,
      "exchangeListsCount": 0,
      "flagListsCount": 0,
      "importedListsCount": 1,
      "isHoneypot": false,
      "manualUnblock": false,
      "transactionsHourly": 1,
      "transactionsDaily": 4,
      "transactionsWeekly": 60,
      "transactionsMonthly": 247,
      "volumeUsdHourly": 0.704878707111089,
      "volumeUsdDaily": 135.6394259664753,
      "volumeUsdWeekly": 9232.07055159552,
      "volumeUsdMonthly": 62298.2647327225,
      "logo": "https://matcha-image-proxy.api.0x.org/images/56/0xd89b7dd376e671c124352267516bef1c2cc231a3"
    },
    {
      "address": "0x909e34d3f6124c324ac83dcca84b74398a6fa173",
      "chainId": 1,
      "decimals": 18,
      "name": "$ZKP Token",
      "symbol": "$ZKP",
      "type": "ERC20",
      "hasLogo": true,
      "blockListsCount": 0,
      "exchangeListsCount": 0,
      "flagListsCount": 0,
      "importedListsCount": 2,
      "buyTax": 0,
      "sellTax": 0,
      "isInDex": true,
      "isHoneypot": false,
      "manualUnblock": false,
      "transactionsHourly": 1,
      "transactionsDaily": 1,
      "transactionsWeekly": 16,
      "transactionsMonthly": 68,
      "volumeUsdHourly": 178.728217370709,
      "volumeUsdDaily": 178.728217370709,
      "volumeUsdWeekly": 1117.703831629115,
      "volumeUsdMonthly": 8506.243286873263,
      "logo": "https://matcha-image-proxy.api.0x.org/images/1/0x909e34d3f6124c324ac83dcca84b74398a6fa173"
    },
    {
      "address": "0xc95e16f99267d6112eadaa46140bea095c8c7ba5",
      "chainId": 8453,
      "decimals": 18,
      "name": "Exmplr.ai by Virtuals",
      "symbol": "EXMPLR",
      "type": "ERC20",
      "hasLogo": true,
      "blockListsCount": 0,
      "exchangeListsCount": 0,
      "flagListsCount": 0,
      "importedListsCount": 1,
      "buyTax": 0,
      "sellTax": 0,
      "isInDex": true,
      "isHoneypot": false,
      "manualUnblock": false,
      "transactionsHourly": 1,
      "transactionsDaily": 1,
      "transactionsWeekly": 7,
      "transactionsMonthly": 33,
      "volumeUsdHourly": 15.1138827205526,
      "volumeUsdDaily": 15.1138827205526,
      "volumeUsdWeekly": 120.65882563632344,
      "volumeUsdMonthly": 4048.997511992872,
      "logo": "https://matcha-image-proxy.api.0x.org/images/8453/0xc95e16f99267d6112eadaa46140bea095c8c7ba5"
    },
    {
      "address": "0xe4ec4a3fcd307e9b97a8746fa501078863501371",
      "chainId": 8453,
      "decimals": 18,
      "name": "zkp",
      "symbol": "zkp",
      "type": "ERC20",
      "issuer": {
        "name": "zora",
        "metadata": {}
      },
      "blockListsCount": 0,
      "exchangeListsCount": 0,
      "flagListsCount": 0,
      "importedListsCount": 0,
      "buyTax": null,
      "sellTax": null,
      "isInDex": false,
      "isHoneypot": false,
      "logo": "https://matcha-image-proxy.api.0x.org/images/8453/0xe4ec4a3fcd307e9b97a8746fa501078863501371"
    },
    {
      "address": "0x937169e0c0ae02e6c6a11eac624d57eef75daa0e",
      "chainId": 8453,
      "decimals": 18,
      "name": "$ZKP",
      "symbol": "$ZKP",
      "type": "ERC20",
      "issuer": {
        "name": "zora",
        "metadata": {}
      },
      "blockListsCount": 0,
      "exchangeListsCount": 0,
      "flagListsCount": 0,
      "importedListsCount": 0,
      "logo": "https://matcha-image-proxy.api.0x.org/images/8453/0x937169e0c0ae02e6c6a11eac624d57eef75daa0e"
    },
    {
      "address": "0xdee10186dccd66638b15fdd94fd4a6d62368e3ea",
      "chainId": 8453,
      "decimals": 18,
      "name": "ZKP",
      "symbol": "ZKP",
      "type": "ERC20",
      "issuer": {
        "name": "zora",
        "metadata": {}
      },
      "blockListsCount": 0,
      "exchangeListsCount": 0,
      "flagListsCount": 0,
      "importedListsCount": 0,
      "logo": "https://matcha-image-proxy.api.0x.org/images/8453/0xdee10186dccd66638b15fdd94fd4a6d62368e3ea"
    },
    {
      "address": "0x65db06951f2f06a4c3d9697f7467e8381913a6f8",
      "chainId": 8453,
      "decimals": 18,
      "name": "ZKP",
      "symbol": "ZKP",
      "type": "ERC20",
      "issuer": {
        "name": "zora",
        "metadata": {}
      },
      "blockListsCount": 0,
      "exchangeListsCount": 0,
      "flagListsCount": 0,
      "importedListsCount": 0,
      "logo": "https://matcha-image-proxy.api.0x.org/images/8453/0x65db06951f2f06a4c3d9697f7467e8381913a6f8"
    },
    {
      "address": "0x3682792fbc87d98dfcdf0440dce2215cad531384",
      "chainId": 8453,
      "decimals": 18,
      "name": "ZKP",
      "symbol": "ZKP",
      "type": "ERC20",
      "issuer": {
        "name": "zora",
        "metadata": {}
      },
      "blockListsCount": 0,
      "exchangeListsCount": 0,
      "flagListsCount": 0,
      "importedListsCount": 0,
      "logo": "https://matcha-image-proxy.api.0x.org/images/8453/0x3682792fbc87d98dfcdf0440dce2215cad531384"
    },
    {
      "address": "0xb1ffea609e509ae2ca43190f1156b9767037d37c",
      "chainId": 8453,
      "decimals": 18,
      "name": "Benchmarking ZKP Systems",
      "symbol": "ZKPBENCH",
      "type": "ERC20",
      "blockListsCount": 0,
      "exchangeListsCount": 0,
      "flagListsCount": 0,
      "importedListsCount": 0,
      "buyTax": null,
      "sellTax": null,
      "isInDex": false,
      "isHoneypot": false,
      "transactionsHourly": 4,
      "transactionsDaily": 4,
      "transactionsWeekly": 4,
      "transactionsMonthly": 4,
      "volumeUsdHourly": 59.70290733435646,
      "volumeUsdDaily": 59.79934979876937,
      "volumeUsdWeekly": 59.79934979876937,
      "volumeUsdMonthly": 59.79934979876937,
      "logo": "https://matcha-image-proxy.api.0x.org/images/8453/0xb1ffea609e509ae2ca43190f1156b9767037d37c"
    },
    {
      "address": "0x1e873457f6d52c634c27004acfc3bf9305d2f1bb",
      "chainId": 8453,
      "decimals": 18,
      "name": "zkp",
      "symbol": "zkp",
      "type": "ERC20",
      "issuer": {
        "name": "zora",
        "metadata": {}
      },
      "blockListsCount": 0,
      "exchangeListsCount": 0,
      "flagListsCount": 0,
      "importedListsCount": 0,
      "logo": "https://matcha-image-proxy.api.0x.org/images/8453/0x1e873457f6d52c634c27004acfc3bf9305d2f1bb"
    },
    {
      "address": "0xd174f5d75bacc97d7ec73a3404303e1d4123b9bf",
      "chainId": 8453,
      "decimals": 18,
      "name": "ZKP",
      "symbol": "ZKP",
      "type": "ERC20",
      "issuer": {
        "name": "zora",
        "metadata": {}
      },
      "blockListsCount": 0,
      "exchangeListsCount": 0,
      "flagListsCount": 0,
      "importedListsCount": 0,
      "logo": "https://matcha-image-proxy.api.0x.org/images/8453/0xd174f5d75bacc97d7ec73a3404303e1d4123b9bf"
    }
  ],
  "searchTime": "2025-12-30T01:58:00.201Z",
  "error": null
}