{
  "originalSymbol": "AGLD",
  "originalFullName": "Adventure Gold",
  "searchedQuery": "AGLD Adventure Gold",
  "retried": false,
  "isL1": false,
  "success": true,
  "tokenCount": 15,
  "resultCount": 10000,
  "tokens": [
    {
      "address": "0x68749665ff8d2d112fa859aa293f07a622782f38",
      "chainId": 1,
      "decimals": 6,
      "name": "Tether Gold",
      "symbol": "XAUt",
      "type": "ERC20",
      "hasLogo": true,
      "issuer": {
        "name": "tether",
        "metadata": {}
      },
      "blockListsCount": 0,
      "exchangeListsCount": 0,
      "flagListsCount": 0,
      "importedListsCount": 3,
      "buyTax": 0,
      "sellTax": 0,
      "isInDex": true,
      "isHoneypot": false,
      "manualUnblock": false,
      "transactionsHourly": 3,
      "transactionsDaily": 78,
      "transactionsWeekly": 353,
      "transactionsMonthly": 1330,
      "volumeUsdHourly": 1056.933663818158,
      "volumeUsdDaily": 863166.4329644464,
      "volumeUsdWeekly": 2529542.648242724,
      "volumeUsdMonthly": 5943618.2543013375,
      "logo": "https://matcha-image-proxy.api.0x.org/images/1/0x68749665ff8d2d112fa859aa293f07a622782f38"
    },
    {
      "address": "0x45804880de22913dafe09f4980848ece6ecbaf78",
      "chainId": 1,
      "decimals": 18,
      "name": "Paxos Gold",
      "symbol": "PAXG",
      "type": "ERC20",
      "hasLogo": true,
      "blockListsCount": 0,
      "exchangeListsCount": 1,
      "flagListsCount": 0,
      "importedListsCount": 4,
      "buyTax": 0,
      "sellTax": 0,
      "isInDex": true,
      "isHoneypot": false,
      "manualUnblock": false,
      "transactionsHourly": 5,
      "transactionsDaily": 93,
      "transactionsWeekly": 462,
      "transactionsMonthly": 1547,
      "volumeUsdHourly": 91800.39713921223,
      "volumeUsdDaily": 536168.1680086199,
      "volumeUsdWeekly": 11091205.349172805,
      "volumeUsdMonthly": 18331585.98713595,
      "logo": "https://matcha-image-proxy.api.0x.org/images/1/0x45804880de22913dafe09f4980848ece6ecbaf78"
    },
    {
      "address": "0x553d3d295e0f695b9228246232edf400ed3560b5",
      "chainId": 137,
      "decimals": 18,
      "name": "Paxos Gold (PoS)",
      "symbol": "PAXG",
      "type": "ERC20",
      "hasLogo": true,
      "blockListsCount": 0,
      "exchangeListsCount": 0,
      "flagListsCount": 0,
      "importedListsCount": 0,
      "buyTax": 0,
      "sellTax": 0,
      "isInDex": true,
      "isHoneypot": false,
      "transactionsHourly": 2,
      "transactionsDaily": 7,
      "transactionsWeekly": 42,
      "transactionsMonthly": 195,
      "volumeUsdHourly": 0.493800384663809,
      "volumeUsdDaily": 955.4466855949496,
      "volumeUsdWeekly": 6808.8828505517395,
      "volumeUsdMonthly": 35710.16648176688,
      "logo": "https://matcha-image-proxy.api.0x.org/images/137/0x553d3d295e0f695b9228246232edf400ed3560b5"
    },
    {
      "address": "0x698dc45e4f10966f6d1d98e3bfd7071d8144c233",
      "chainId": 8453,
      "decimals": 9,
      "name": "Pepe",
      "symbol": "PEPE",
      "type": "ERC20",
      "hasLogo": true,
      "blockListsCount": 0,
      "exchangeListsCount": 0,
      "flagListsCount": 0,
      "importedListsCount": 1,
      "buyTax": 0,
      "sellTax": 0,
      "isInDex": true,
      "isHoneypot": false,
      "manualUnblock": false,
      "transactionsHourly": 1,
      "transactionsDaily": 15,
      "transactionsWeekly": 261,
      "transactionsMonthly": 1406,
      "volumeUsdHourly": 12.50698734565,
      "volumeUsdDaily": 725.0062561241926,
      "volumeUsdWeekly": 14047.275094199184,
      "volumeUsdMonthly": 168804.92379316236,
      "logo": "https://matcha-image-proxy.api.0x.org/images/8453/0x698dc45e4f10966f6d1d98e3bfd7071d8144c233"
    },
    {
      "address": "0x04d5ddf5f3a8939889f11e97f8c4bb48317f1938",
      "chainId": 8453,
      "decimals": 18,
      "name": "USDz",
      "symbol": "USDz",
      "type": "ERC20",
      "hasLogo": true,
      "blockListsCount": 0,
      "exchangeListsCount": 0,
      "flagListsCount": 0,
      "importedListsCount": 1,
      "buyTax": 0,
      "sellTax": 0,
      "isInDex": true,
      "isHoneypot": false,
      "manualUnblock": false,
      "transactionsHourly": 1,
      "transactionsDaily": 114,
      "transactionsWeekly": 3597,
      "transactionsMonthly": 10255,
      "volumeUsdHourly": 35.7052943706601,
      "volumeUsdDaily": 1552.3809343672822,
      "volumeUsdWeekly": 45985.33755070413,
      "volumeUsdMonthly": 142310.70398192495,
      "logo": "https://matcha-image-proxy.api.0x.org/images/8453/0x04d5ddf5f3a8939889f11e97f8c4bb48317f1938"
    },
    {
      "address": "0x52d0ac6a76da6e4a5168a60c423f7ff0285534b1",
      "chainId": 8453,
      "decimals": 18,
      "name": "GOLDN",
      "symbol": "GOLDN",
      "type": "ERC20",
      "hasLogo": true,
      "blockListsCount": 0,
      "exchangeListsCount": 0,
      "flagListsCount": 0,
      "importedListsCount": 1,
      "buyTax": 0,
      "sellTax": 0,
      "isInDex": true,
      "isHoneypot": false,
      "manualUnblock": false,
      "transactionsHourly": 8,
      "transactionsDaily": 124,
      "transactionsWeekly": 1051,
      "transactionsMonthly": 4076,
      "volumeUsdHourly": 11.139010543870626,
      "volumeUsdDaily": 205.67404399612255,
      "volumeUsdWeekly": 3145.374020729088,
      "volumeUsdMonthly": 28096.5580637837,
      "logo": "https://matcha-image-proxy.api.0x.org/images/8453/0x52d0ac6a76da6e4a5168a60c423f7ff0285534b1"
    },
    {
      "address": "Xsv9hRk1z5ystj9MhnA7Lq4vjSsLwzL2nxrwmwtD3re",
      "chainId": 1399811149,
      "decimals": 8,
      "name": "Gold xStock",
      "symbol": "GLDx",
      "type": "Token2022",
      "issuer": {
        "name": "xstocks",
        "metadata": {}
      },
      "blockListsCount": 0,
      "exchangeListsCount": 0,
      "flagListsCount": 0,
      "importedListsCount": 0,
      "transactionsDaily": 32,
      "transactionsWeekly": 32,
      "transactionsMonthly": 32,
      "volumeUsdDaily": 927.1426792277668,
      "volumeUsdWeekly": 927.1426792277668,
      "volumeUsdMonthly": 927.1426792277668,
      "logo": "https://matcha-image-proxy.api.0x.org/images/1399811149/Xsv9hRk1z5ystj9MhnA7Lq4vjSsLwzL2nxrwmwtD3re"
    },
    {
      "address": "0xf8e24a1c37c2b140c1de3e1e49def9285e13eaeb",
      "chainId": 8453,
      "decimals": 18,
      "name": "AGLD Adventure Gold On Base",
      "symbol": "AGLD Adventure Gold On Base",
      "type": "ERC20",
      "blockListsCount": 0,
      "exchangeListsCount": 0,
      "flagListsCount": 0,
      "importedListsCount": 0,
      "logo": "https://matcha-image-proxy.api.0x.org/images/8453/0xf8e24a1c37c2b140c1de3e1e49def9285e13eaeb"
    },
    {
      "address": "0xdbb7a34bf10169d6d2d0d02a6cbb436cf4381bfa",
      "chainId": 1,
      "decimals": 18,
      "name": "Zentry",
      "symbol": "ZENT",
      "type": "ERC20",
      "hasLogo": true,
      "blockListsCount": 0,
      "exchangeListsCount": 0,
      "flagListsCount": 0,
      "importedListsCount": 3,
      "buyTax": 0,
      "sellTax": 0,
      "isInDex": true,
      "isHoneypot": false,
      "manualUnblock": false,
      "transactionsHourly": 1,
      "transactionsDaily": 5,
      "transactionsWeekly": 79,
      "transactionsMonthly": 162,
      "volumeUsdHourly": 14.3487115005112,
      "volumeUsdDaily": 261.3954542086981,
      "volumeUsdWeekly": 32812.12746667712,
      "volumeUsdMonthly": 103876.36767303616,
      "logo": "https://matcha-image-proxy.api.0x.org/images/1/0xdbb7a34bf10169d6d2d0d02a6cbb436cf4381bfa"
    },
    {
      "address": "0x8e870d67f660d95d5be530380d0ec0bd388289e1",
      "chainId": 1,
      "decimals": 18,
      "name": "Pax Dollar",
      "symbol": "USDP",
      "type": "ERC20",
      "hasLogo": true,
      "blockListsCount": 0,
      "exchangeListsCount": 1,
      "flagListsCount": 0,
      "importedListsCount": 3,
      "buyTax": 0,
      "sellTax": 0,
      "isInDex": true,
      "isHoneypot": false,
      "manualUnblock": false,
      "transactionsHourly": 1,
      "transactionsDaily": 3,
      "transactionsWeekly": 14,
      "transactionsMonthly": 34,
      "volumeUsdHourly": 0.258722210422817,
      "volumeUsdDaily": 392.74014911515013,
      "volumeUsdWeekly": 24664.333662657784,
      "volumeUsdMonthly": 26781.310359434152,
      "logo": "https://matcha-image-proxy.api.0x.org/images/1/0x8e870d67f660d95d5be530380d0ec0bd388289e1"
    },
    {
      "address": "0xb58238fb8f4bde6068aa4ae3aa3fb85c409dab07",
      "chainId": 8453,
      "decimals": 18,
      "name": "GOLD",
      "symbol": "GOLD",
      "type": "ERC20",
      "blockListsCount": 0,
      "exchangeListsCount": 0,
      "flagListsCount": 0,
      "importedListsCount": 0,
      "buyTax": 0,
      "sellTax": 0,
      "isInDex": true,
      "isHoneypot": false,
      "transactionsHourly": 6,
      "transactionsDaily": 212,
      "transactionsWeekly": 1157,
      "transactionsMonthly": 2273,
      "volumeUsdHourly": 41.28812043560233,
      "volumeUsdDaily": 36193.86369062271,
      "volumeUsdWeekly": 145673.15670562445,
      "volumeUsdMonthly": 256136.1778326106,
      "logo": "https://matcha-image-proxy.api.0x.org/images/8453/0xb58238fb8f4bde6068aa4ae3aa3fb85c409dab07"
    },
    {
      "address": "0x28743c20b1dec3a31bb2a21f8ccd045dd074912e",
      "chainId": 8453,
      "decimals": 18,
      "name": "Golden Donkey",
      "symbol": "GDK",
      "type": "ERC20",
      "hasLogo": true,
      "blockListsCount": 0,
      "exchangeListsCount": 0,
      "flagListsCount": 0,
      "importedListsCount": 1,
      "buyTax": 0,
      "sellTax": 0,
      "isInDex": true,
      "isHoneypot": false,
      "manualUnblock": false,
      "transactionsHourly": 1,
      "transactionsDaily": 4,
      "transactionsWeekly": 199,
      "transactionsMonthly": 931,
      "volumeUsdHourly": 97.6423604870214,
      "volumeUsdDaily": 950.689879269748,
      "volumeUsdWeekly": 26258.351406805752,
      "volumeUsdMonthly": 135178.0895325714,
      "logo": "https://matcha-image-proxy.api.0x.org/images/8453/0x28743c20b1dec3a31bb2a21f8ccd045dd074912e"
    },
    {
      "address": "0x64bc2ca1be492be7185faa2c8835d9b824c8a194",
      "chainId": 1,
      "decimals": 18,
      "name": "Big Time",
      "symbol": "BIGTIME",
      "type": "ERC20",
      "hasLogo": true,
      "blockListsCount": 0,
      "exchangeListsCount": 0,
      "flagListsCount": 0,
      "importedListsCount": 3,
      "buyTax": 0,
      "sellTax": 0,
      "isInDex": true,
      "isHoneypot": false,
      "manualUnblock": false,
      "transactionsHourly": 2,
      "transactionsDaily": 3,
      "transactionsWeekly": 12,
      "transactionsMonthly": 38,
      "volumeUsdHourly": 209.4430685304276,
      "volumeUsdDaily": 215.91958747508096,
      "volumeUsdWeekly": 2811.761935730476,
      "volumeUsdMonthly": 10716.523269035371,
      "logo": "https://matcha-image-proxy.api.0x.org/images/1/0x64bc2ca1be492be7185faa2c8835d9b824c8a194"
    },
    {
      "address": "0xfefe157c9d0ae025213092ff9a5cb56ab492bab8",
      "chainId": 1,
      "decimals": 9,
      "name": "Fefe",
      "symbol": "FEFE",
      "type": "ERC20",
      "hasLogo": true,
      "blockListsCount": 0,
      "exchangeListsCount": 0,
      "flagListsCount": 0,
      "importedListsCount": 2,
      "buyTax": 0,
      "sellTax": 0,
      "isInDex": true,
      "isHoneypot": false,
      "manualUnblock": false,
      "transactionsHourly": 1,
      "transactionsDaily": 3,
      "transactionsWeekly": 13,
      "transactionsMonthly": 45,
      "volumeUsdHourly": 100.256005998665,
      "volumeUsdDaily": 237.6195846487571,
      "volumeUsdWeekly": 1256.506910353144,
      "volumeUsdMonthly": 3728.7849491340976,
      "logo": "https://matcha-image-proxy.api.0x.org/images/1/0xfefe157c9d0ae025213092ff9a5cb56ab492bab8"
    },
    {
      "address": "0x0910320181889fefde0bb1ca63962b0a8882e413",
      "chainId": 56,
      "decimals": 3,
      "name": "Camly Coin",
      "symbol": "CAMLY",
      "type": "ERC20",
      "hasLogo": true,
      "blockListsCount": 0,
      "exchangeListsCount": 0,
      "flagListsCount": 0,
      "importedListsCount": 1,
      "buyTax": 0,
      "sellTax": 0,
      "isInDex": true,
      "isHoneypot": false,
      "manualUnblock": false,
      "transactionsHourly": 1,
      "transactionsDaily": 13,
      "transactionsWeekly": 83,
      "transactionsMonthly": 98,
      "volumeUsdHourly": 1.49904241943198,
      "volumeUsdDaily": 1388.5234159620372,
      "volumeUsdWeekly": 7361.198248845333,
      "volumeUsdMonthly": 7724.336778953882,
      "logo": "https://matcha-image-proxy.api.0x.org/images/56/0x0910320181889fefde0bb1ca63962b0a8882e413"
    }
  ],
  "searchTime": "2025-12-30T01:57:32.592Z",
  "error": null
}