{
  "originalSymbol": "CELO",
  "originalFullName": "Celo",
  "searchedQuery": "CELO Celo",
  "retried": false,
  "isL1": false,
  "success": true,
  "tokenCount": 15,
  "resultCount": 2975,
  "tokens": [
    {
      "address": "0x7d832122fcd4782d74a4bf258fb2c4c385731a3a",
      "chainId": 8453,
      "decimals": 18,
      "name": "Celo CELO",
      "symbol": "Celo CELO",
      "type": "ERC20",
      "blockListsCount": 0,
      "exchangeListsCount": 0,
      "flagListsCount": 0,
      "importedListsCount": 0,
      "logo": "https://matcha-image-proxy.api.0x.org/images/8453/0x7d832122fcd4782d74a4bf258fb2c4c385731a3a"
    },
    {
      "address": "0x314e4a5124a49fdac7693bb14ea122365208a94a",
      "chainId": 130,
      "decimals": 18,
      "name": "Celo CELO",
      "symbol": "Celo CELO",
      "type": "ERC20",
      "blockListsCount": 0,
      "exchangeListsCount": 0,
      "flagListsCount": 0,
      "importedListsCount": 0,
      "logo": "https://matcha-image-proxy.api.0x.org/images/130/0x314e4a5124a49fdac7693bb14ea122365208a94a"
    },
    {
      "address": "0x5e75688939199c03b500fae194dfda992437e597",
      "chainId": 8453,
      "decimals": 18,
      "name": "Celo CELO",
      "symbol": "Celo CELO",
      "type": "ERC20",
      "blockListsCount": 0,
      "exchangeListsCount": 0,
      "flagListsCount": 0,
      "importedListsCount": 0,
      "buyTax": 0,
      "sellTax": 0,
      "isInDex": true,
      "isHoneypot": false,
      "logo": "https://matcha-image-proxy.api.0x.org/images/8453/0x5e75688939199c03b500fae194dfda992437e597"
    },
    {
      "address": "0x7d110b29eccc2efc932540f4ce7745e8b6a25e3e",
      "chainId": 130,
      "decimals": 18,
      "name": "Celo CELO",
      "symbol": "Celo CELO",
      "type": "ERC20",
      "blockListsCount": 0,
      "exchangeListsCount": 0,
      "flagListsCount": 0,
      "importedListsCount": 0,
      "logo": "https://matcha-image-proxy.api.0x.org/images/130/0x7d110b29eccc2efc932540f4ce7745e8b6a25e3e"
    },
    {
      "address": "0x3c0d2ff93bd0f0d2120e29c289363b05b5471759",
      "chainId": 130,
      "decimals": 18,
      "name": "Celo CELO",
      "symbol": "Celo CELO",
      "type": "ERC20",
      "blockListsCount": 0,
      "exchangeListsCount": 0,
      "flagListsCount": 0,
      "importedListsCount": 0,
      "logo": "https://matcha-image-proxy.api.0x.org/images/130/0x3c0d2ff93bd0f0d2120e29c289363b05b5471759"
    },
    {
      "address": "0xe627fa2fe4d286ee762c86d1bfe7ddce8cff4186",
      "chainId": 8453,
      "decimals": 18,
      "name": "Celo CELO 2026",
      "symbol": "Celo CELO",
      "type": "ERC20",
      "blockListsCount": 0,
      "exchangeListsCount": 0,
      "flagListsCount": 0,
      "importedListsCount": 0,
      "logo": "https://matcha-image-proxy.api.0x.org/images/8453/0xe627fa2fe4d286ee762c86d1bfe7ddce8cff4186"
    },
    {
      "address": "0x7ee33f9a70c671a7fc38217fa3d76a87e2fb8379",
      "chainId": 8453,
      "decimals": 9,
      "name": "Trump - Celo CELO",
      "symbol": "Trump - Celo CELO",
      "type": "ERC20",
      "blockListsCount": 0,
      "exchangeListsCount": 0,
      "flagListsCount": 0,
      "importedListsCount": 0,
      "buyTax": 0,
      "sellTax": 0,
      "isInDex": true,
      "isHoneypot": false,
      "logo": "https://matcha-image-proxy.api.0x.org/images/8453/0x7ee33f9a70c671a7fc38217fa3d76a87e2fb8379"
    },
    {
      "address": "0x49ae7942a23e86198f31b35360c9b2bf58008ecd",
      "chainId": 8453,
      "decimals": 18,
      "name": "Celo CELO Reserve",
      "symbol": "Celo CELO Reserve",
      "type": "ERC20",
      "blockListsCount": 0,
      "exchangeListsCount": 0,
      "flagListsCount": 0,
      "importedListsCount": 0,
      "logo": "https://matcha-image-proxy.api.0x.org/images/8453/0x49ae7942a23e86198f31b35360c9b2bf58008ecd"
    },
    {
      "address": "0xe7d52334b2fc56175874aad1f719ddae70c91ee4",
      "chainId": 8453,
      "decimals": 18,
      "name": "Celo CELO V3",
      "symbol": "Celo CELO V3",
      "type": "ERC20",
      "blockListsCount": 0,
      "exchangeListsCount": 0,
      "flagListsCount": 0,
      "importedListsCount": 0,
      "logo": "https://matcha-image-proxy.api.0x.org/images/8453/0xe7d52334b2fc56175874aad1f719ddae70c91ee4"
    },
    {
      "address": "0x930bc363683a3626d5869315c6d3966e779bcf5b",
      "chainId": 8453,
      "decimals": 9,
      "name": "Celo CELO - AI",
      "symbol": "Celo CELO - AI",
      "type": "ERC20",
      "blockListsCount": 0,
      "exchangeListsCount": 0,
      "flagListsCount": 0,
      "importedListsCount": 0,
      "buyTax": 0,
      "sellTax": 0,
      "isInDex": true,
      "isHoneypot": false,
      "logo": "https://matcha-image-proxy.api.0x.org/images/8453/0x930bc363683a3626d5869315c6d3966e779bcf5b"
    },
    {
      "address": "0x94328cf6f8e5cca98a8b4938d6e3f6d4c97b5839",
      "chainId": 8453,
      "decimals": 9,
      "name": "Celo CELO Red",
      "symbol": "Celo CELO Red",
      "type": "ERC20",
      "blockListsCount": 0,
      "exchangeListsCount": 0,
      "flagListsCount": 0,
      "importedListsCount": 0,
      "buyTax": 0,
      "sellTax": 0,
      "isInDex": true,
      "isHoneypot": false,
      "logo": "https://matcha-image-proxy.api.0x.org/images/8453/0x94328cf6f8e5cca98a8b4938d6e3f6d4c97b5839"
    },
    {
      "address": "0x64ea349ecf154345e4afce474293fd4c8aa0a7ce",
      "chainId": 130,
      "decimals": 18,
      "name": "Celo CELO V2",
      "symbol": "Celo CELO V2",
      "type": "ERC20",
      "blockListsCount": 0,
      "exchangeListsCount": 0,
      "flagListsCount": 0,
      "importedListsCount": 0,
      "logo": "https://matcha-image-proxy.api.0x.org/images/130/0x64ea349ecf154345e4afce474293fd4c8aa0a7ce"
    },
    {
      "address": "0x1234b9ed57d945edbde668f97e5f1bb39dbac05a",
      "chainId": 8453,
      "decimals": 18,
      "name": "Celo CELO coin",
      "symbol": "Celo CELO coin",
      "type": "ERC20",
      "blockListsCount": 0,
      "exchangeListsCount": 0,
      "flagListsCount": 0,
      "importedListsCount": 0,
      "buyTax": 0,
      "sellTax": 0,
      "isInDex": true,
      "isHoneypot": false,
      "logo": "https://matcha-image-proxy.api.0x.org/images/8453/0x1234b9ed57d945edbde668f97e5f1bb39dbac05a"
    },
    {
      "address": "0xff6239169251e21bbc41c7b35c912e26dd8a6260",
      "chainId": 8453,
      "decimals": 9,
      "name": "Celo CELO TV",
      "symbol": "Celo CELO TV",
      "type": "ERC20",
      "blockListsCount": 0,
      "exchangeListsCount": 0,
      "flagListsCount": 0,
      "importedListsCount": 0,
      "logo": "https://matcha-image-proxy.api.0x.org/images/8453/0xff6239169251e21bbc41c7b35c912e26dd8a6260"
    },
    {
      "address": "0x870cad1adbe704a65ac855813ba23f02cd08f4c2",
      "chainId": 8453,
      "decimals": 18,
      "name": "Celo CELO AI",
      "symbol": "Celo CELO AI",
      "type": "ERC20",
      "blockListsCount": 0,
      "exchangeListsCount": 0,
      "flagListsCount": 0,
      "importedListsCount": 0,
      "logo": "https://matcha-image-proxy.api.0x.org/images/8453/0x870cad1adbe704a65ac855813ba23f02cd08f4c2"
    }
  ],
  "searchTime": "2025-12-30T01:57:18.179Z",
  "error": null
}