{
  "originalSymbol": "HUNT",
  "originalFullName": "HUNT",
  "searchedQuery": "HUNT HUNT",
  "retried": false,
  "isL1": false,
  "success": true,
  "tokenCount": 15,
  "resultCount": 10000,
  "tokens": [
    {
      "address": "0x37f0c2915cecc7e977183b8543fc0864d03e064c",
      "chainId": 8453,
      "decimals": 18,
      "name": "HuntToken",
      "symbol": "HUNT",
      "type": "ERC20",
      "hasLogo": true,
      "blockListsCount": 0,
      "exchangeListsCount": 0,
      "flagListsCount": 0,
      "importedListsCount": 2,
      "buyTax": 0,
      "sellTax": 0,
      "isInDex": true,
      "isHoneypot": false,
      "manualUnblock": false,
      "transactionsHourly": 4,
      "transactionsDaily": 104,
      "transactionsWeekly": 1267,
      "transactionsMonthly": 7191,
      "volumeUsdHourly": 2.3695609371801014,
      "volumeUsdDaily": 542.5644129087839,
      "volumeUsdWeekly": 9597.834803069403,
      "volumeUsdMonthly": 91016.3827552633,
      "logo": "https://matcha-image-proxy.api.0x.org/images/8453/0x37f0c2915cecc7e977183b8543fc0864d03e064c"
    },
    {
      "address": "0xffd9c0f944fa1daa7a4fb963e6dba8ae548c2a8a",
      "chainId": 8453,
      "decimals": 18,
      "name": "@CARV Mod Hunt: Hunt mods in a 5x5 grid on CARV testnet (#SVM)! C",
      "symbol": "@CARV Mod Hunt: Hunt mods in a 5x5 grid on CARV testnet (#SVM)! C",
      "type": "ERC20",
      "issuer": {
        "name": "zora",
        "metadata": {}
      },
      "blockListsCount": 0,
      "exchangeListsCount": 0,
      "flagListsCount": 0,
      "importedListsCount": 0,
      "logo": "https://matcha-image-proxy.api.0x.org/images/8453/0xffd9c0f944fa1daa7a4fb963e6dba8ae548c2a8a"
    },
    {
      "address": "0x767fe9edc9e0df98e07454847909b5e959d7ca0e",
      "chainId": 1,
      "decimals": 18,
      "name": "Illuvium",
      "symbol": "ILV",
      "type": "ERC20",
      "hasLogo": true,
      "blockListsCount": 0,
      "exchangeListsCount": 1,
      "flagListsCount": 0,
      "importedListsCount": 3,
      "buyTax": 0,
      "sellTax": 0,
      "isInDex": true,
      "isHoneypot": false,
      "manualUnblock": false,
      "transactionsHourly": 1,
      "transactionsDaily": 12,
      "transactionsWeekly": 70,
      "transactionsMonthly": 363,
      "volumeUsdHourly": 1426.57821450112,
      "volumeUsdDaily": 2175.1453670509245,
      "volumeUsdWeekly": 16976.42698878493,
      "volumeUsdMonthly": 248325.32228809773,
      "logo": "https://matcha-image-proxy.api.0x.org/images/1/0x767fe9edc9e0df98e07454847909b5e959d7ca0e"
    },
    {
      "address": "0x55296f69f40ea6d20e478533c15a6b08b654e758",
      "chainId": 1,
      "decimals": 18,
      "name": "XY Oracle",
      "symbol": "XYO",
      "type": "ERC20",
      "hasLogo": true,
      "blockListsCount": 0,
      "exchangeListsCount": 1,
      "flagListsCount": 0,
      "importedListsCount": 4,
      "buyTax": 0,
      "sellTax": 0,
      "isInDex": true,
      "isHoneypot": false,
      "manualUnblock": false,
      "transactionsHourly": 2,
      "transactionsDaily": 20,
      "transactionsWeekly": 65,
      "transactionsMonthly": 407,
      "volumeUsdHourly": 778.635646116858,
      "volumeUsdDaily": 5662.058910000321,
      "volumeUsdWeekly": 13227.746976049904,
      "volumeUsdMonthly": 294759.189392078,
      "logo": "https://matcha-image-proxy.api.0x.org/images/1/0x55296f69f40ea6d20e478533c15a6b08b654e758"
    },
    {
      "address": "0xe65756b1c01258114d91da35740165cb0daa0670",
      "chainId": 8453,
      "decimals": 18,
      "name": "HUNT HUNT",
      "symbol": "HUNT HUNT",
      "type": "ERC20",
      "blockListsCount": 0,
      "exchangeListsCount": 0,
      "flagListsCount": 0,
      "importedListsCount": 0,
      "logo": "https://matcha-image-proxy.api.0x.org/images/8453/0xe65756b1c01258114d91da35740165cb0daa0670"
    },
    {
      "address": "0x7a301425503736cbeef460929e6a21a03d20a96e",
      "chainId": 8453,
      "decimals": 9,
      "name": "HUNT HUNT",
      "symbol": "HUNT HUNT",
      "type": "ERC20",
      "blockListsCount": 0,
      "exchangeListsCount": 0,
      "flagListsCount": 0,
      "importedListsCount": 0,
      "logo": "https://matcha-image-proxy.api.0x.org/images/8453/0x7a301425503736cbeef460929e6a21a03d20a96e"
    },
    {
      "address": "0xef723f007e942f2ffadda1bbdd89b76db59c491b",
      "chainId": 8453,
      "decimals": 9,
      "name": "Hunt HUNT",
      "symbol": "Hunt HUNT",
      "type": "ERC20",
      "blockListsCount": 0,
      "exchangeListsCount": 0,
      "flagListsCount": 0,
      "importedListsCount": 0,
      "buyTax": 0,
      "sellTax": 0,
      "isInDex": true,
      "isHoneypot": false,
      "logo": "https://matcha-image-proxy.api.0x.org/images/8453/0xef723f007e942f2ffadda1bbdd89b76db59c491b"
    },
    {
      "address": "0xcaa5a358e2f0aa5e48cb0b48cc8f70d53a06180a",
      "chainId": 8453,
      "decimals": 18,
      "name": "HUNT Hunt Town On Base",
      "symbol": "HUNT Hunt Town On Base",
      "type": "ERC20",
      "blockListsCount": 0,
      "exchangeListsCount": 0,
      "flagListsCount": 0,
      "importedListsCount": 0,
      "logo": "https://matcha-image-proxy.api.0x.org/images/8453/0xcaa5a358e2f0aa5e48cb0b48cc8f70d53a06180a"
    },
    {
      "address": "0x9aab071b4129b083b01cb5a0cb513ce7eca26fa5",
      "chainId": 1,
      "decimals": 18,
      "name": "HuntToken",
      "symbol": "HUNT",
      "type": "ERC20",
      "hasLogo": true,
      "blockListsCount": 0,
      "exchangeListsCount": 0,
      "flagListsCount": 0,
      "importedListsCount": 3,
      "buyTax": 0,
      "sellTax": 0,
      "isInDex": true,
      "isHoneypot": false,
      "manualUnblock": false,
      "transactionsHourly": 2,
      "transactionsDaily": 2,
      "transactionsWeekly": 6,
      "transactionsMonthly": 80,
      "volumeUsdHourly": 4064.191747730062,
      "volumeUsdDaily": 4064.191747730062,
      "volumeUsdWeekly": 4479.924757350325,
      "volumeUsdMonthly": 268862.78823253774,
      "logo": "https://matcha-image-proxy.api.0x.org/images/1/0x9aab071b4129b083b01cb5a0cb513ce7eca26fa5"
    },
    {
      "address": "0xc555d625828c4527d477e595ff1dd5801b4a600e",
      "chainId": 1,
      "decimals": 18,
      "name": "MON",
      "symbol": "MON",
      "type": "ERC20",
      "hasLogo": true,
      "blockListsCount": 0,
      "exchangeListsCount": 0,
      "flagListsCount": 0,
      "importedListsCount": 2,
      "buyTax": 0,
      "sellTax": 0,
      "isInDex": true,
      "isHoneypot": false,
      "manualUnblock": false,
      "transactionsHourly": 1,
      "transactionsDaily": 3,
      "transactionsWeekly": 15,
      "transactionsMonthly": 115,
      "volumeUsdHourly": 0.454202992730446,
      "volumeUsdDaily": 984.6228694378904,
      "volumeUsdWeekly": 2503.502216332802,
      "volumeUsdMonthly": 13672.225018670322,
      "logo": "https://matcha-image-proxy.api.0x.org/images/1/0xc555d625828c4527d477e595ff1dd5801b4a600e"
    },
    {
      "address": "0x0203d275d2a65030889af45ed91d472be3948b92",
      "chainId": 56,
      "decimals": 18,
      "name": "Engines of Fury Token",
      "symbol": "FURY",
      "type": "ERC20",
      "hasLogo": true,
      "blockListsCount": 0,
      "exchangeListsCount": 0,
      "flagListsCount": 0,
      "importedListsCount": 1,
      "buyTax": 0,
      "sellTax": 0,
      "isInDex": true,
      "isHoneypot": false,
      "manualUnblock": false,
      "transactionsHourly": 1,
      "transactionsDaily": 3,
      "transactionsWeekly": 68,
      "transactionsMonthly": 259,
      "volumeUsdHourly": 0.528809329335742,
      "volumeUsdDaily": 21.86956888464504,
      "volumeUsdWeekly": 2527.3442837461766,
      "volumeUsdMonthly": 9400.314520529218,
      "logo": "https://matcha-image-proxy.api.0x.org/images/56/0x0203d275d2a65030889af45ed91d472be3948b92"
    },
    {
      "address": "0xf3b9569f82b18aef890de263b84189bd33ebe452",
      "chainId": 1,
      "decimals": 18,
      "name": "A Hunters Dream",
      "symbol": "CAW",
      "type": "ERC20",
      "hasLogo": true,
      "blockListsCount": 0,
      "exchangeListsCount": 0,
      "flagListsCount": 0,
      "importedListsCount": 2,
      "buyTax": 0,
      "sellTax": 0,
      "isInDex": true,
      "isHoneypot": false,
      "manualUnblock": false,
      "transactionsHourly": 1,
      "transactionsDaily": 4,
      "transactionsWeekly": 70,
      "transactionsMonthly": 246,
      "volumeUsdHourly": 223.7705987481,
      "volumeUsdDaily": 308.3747249421656,
      "volumeUsdWeekly": 30746.586819663247,
      "volumeUsdMonthly": 77725.7837888113,
      "logo": "https://matcha-image-proxy.api.0x.org/images/1/0xf3b9569f82b18aef890de263b84189bd33ebe452"
    },
    {
      "address": "0x74836cc0e821a6be18e407e6388e430b689c66e9",
      "chainId": 56,
      "decimals": 18,
      "name": "Jager Hunter",
      "symbol": "Jager",
      "type": "ERC20",
      "hasLogo": true,
      "blockListsCount": 0,
      "exchangeListsCount": 0,
      "flagListsCount": 0,
      "importedListsCount": 1,
      "buyTax": 0.05,
      "sellTax": 0.05,
      "isInDex": true,
      "isHoneypot": false,
      "manualUnblock": false,
      "transactionsHourly": 1,
      "transactionsDaily": 7,
      "transactionsWeekly": 65,
      "transactionsMonthly": 382,
      "volumeUsdHourly": 0.640699200763976,
      "volumeUsdDaily": 349.82735780899094,
      "volumeUsdWeekly": 2603.636203928263,
      "volumeUsdMonthly": 8595.819061338814,
      "logo": "https://matcha-image-proxy.api.0x.org/images/56/0x74836cc0e821a6be18e407e6388e430b689c66e9"
    },
    {
      "address": "0xf700d4c708c2be1463e355f337603183d20e0808",
      "chainId": 56,
      "decimals": 18,
      "name": "Galactic Quadrant",
      "symbol": "GQ",
      "type": "ERC20",
      "hasLogo": true,
      "blockListsCount": 0,
      "exchangeListsCount": 0,
      "flagListsCount": 0,
      "importedListsCount": 1,
      "buyTax": 0,
      "sellTax": 0,
      "isInDex": true,
      "isHoneypot": false,
      "manualUnblock": false,
      "transactionsHourly": 1,
      "transactionsDaily": 3,
      "transactionsWeekly": 9,
      "transactionsMonthly": 53,
      "volumeUsdHourly": 17.4804876008611,
      "volumeUsdDaily": 207.5510727834229,
      "volumeUsdWeekly": 417.274030837948,
      "volumeUsdMonthly": 4415.024858341692,
      "logo": "https://matcha-image-proxy.api.0x.org/images/56/0xf700d4c708c2be1463e355f337603183d20e0808"
    },
    {
      "address": "0xd402298a793948698b9a63311404fbbee944eafd",
      "chainId": 43114,
      "decimals": 18,
      "name": "SHRAPToken",
      "symbol": "SHRAP",
      "type": "ERC20",
      "hasLogo": true,
      "blockListsCount": 0,
      "exchangeListsCount": 0,
      "flagListsCount": 0,
      "importedListsCount": 1,
      "buyTax": null,
      "sellTax": null,
      "isInDex": true,
      "isHoneypot": false,
      "manualUnblock": false,
      "transactionsHourly": 1,
      "transactionsDaily": 1,
      "transactionsWeekly": 12,
      "transactionsMonthly": 89,
      "volumeUsdHourly": 46.4230109080815,
      "volumeUsdDaily": 46.4230109080815,
      "volumeUsdWeekly": 3540.3383206532017,
      "volumeUsdMonthly": 9891.904525013611,
      "logo": "https://matcha-image-proxy.api.0x.org/images/43114/0xd402298a793948698b9a63311404fbbee944eafd"
    }
  ],
  "searchTime": "2025-12-30T01:56:39.404Z",
  "error": null
}