{
  "originalSymbol": "POWR",
  "originalFullName": "Power ledger",
  "searchedQuery": "POWR Power ledger",
  "retried": false,
  "isL1": false,
  "success": true,
  "tokenCount": 15,
  "resultCount": 10000,
  "tokens": [
    {
      "address": "0x0eb3a705fc54725037cc9e008bdede697f62f335",
      "chainId": 56,
      "decimals": 18,
      "name": "Cosmos Token",
      "symbol": "ATOM",
      "type": "ERC20",
      "hasLogo": true,
      "issuer": {
        "name": "binance",
        "metadata": {}
      },
      "blockListsCount": 0,
      "exchangeListsCount": 0,
      "flagListsCount": 0,
      "importedListsCount": 1,
      "buyTax": 0,
      "sellTax": 0,
      "isInDex": true,
      "isHoneypot": false,
      "manualUnblock": false,
      "transactionsHourly": 1,
      "transactionsDaily": 7,
      "transactionsWeekly": 59,
      "transactionsMonthly": 319,
      "volumeUsdHourly": 3.4646837233204,
      "volumeUsdDaily": 1420.551392127992,
      "volumeUsdWeekly": 4786.11929518259,
      "volumeUsdMonthly": 17551.813092400767,
      "logo": "https://matcha-image-proxy.api.0x.org/images/56/0x0eb3a705fc54725037cc9e008bdede697f62f335"
    },
    {
      "address": "0x940181a94a35a4569e4529a3cdfb74e38fd98631",
      "chainId": 8453,
      "decimals": 18,
      "name": "Aerodrome",
      "symbol": "AERO",
      "type": "ERC20",
      "hasLogo": true,
      "blockListsCount": 0,
      "exchangeListsCount": 0,
      "flagListsCount": 0,
      "importedListsCount": 2,
      "buyTax": 0,
      "sellTax": 0,
      "isInDex": true,
      "isHoneypot": false,
      "manualUnblock": false,
      "transactionsHourly": 45,
      "transactionsDaily": 884,
      "transactionsWeekly": 14061,
      "transactionsMonthly": 70627,
      "volumeUsdHourly": 76324.47937510622,
      "volumeUsdDaily": 272911.6753339373,
      "volumeUsdWeekly": 1364705.4861352672,
      "volumeUsdMonthly": 18190629.015769176,
      "logo": "https://matcha-image-proxy.api.0x.org/images/8453/0x940181a94a35a4569e4529a3cdfb74e38fd98631"
    },
    {
      "address": "0xd1c3f94de7e5b45fa4edbba472491a9f4b166fc4",
      "chainId": 43114,
      "decimals": 18,
      "name": "Avalaunch",
      "symbol": "XAVA",
      "type": "ERC20",
      "hasLogo": true,
      "blockListsCount": 0,
      "exchangeListsCount": 0,
      "flagListsCount": 0,
      "importedListsCount": 1,
      "buyTax": null,
      "sellTax": null,
      "isInDex": true,
      "isHoneypot": false,
      "manualUnblock": false,
      "transactionsHourly": 11,
      "transactionsDaily": 60,
      "transactionsWeekly": 402,
      "transactionsMonthly": 429,
      "volumeUsdHourly": 113.1157111595771,
      "volumeUsdDaily": 424.9334922183053,
      "volumeUsdWeekly": 4395.988492159776,
      "volumeUsdMonthly": 18292.927416753155,
      "logo": "https://matcha-image-proxy.api.0x.org/images/43114/0xd1c3f94de7e5b45fa4edbba472491a9f4b166fc4"
    },
    {
      "address": "Cf735zbpRdPWC1B3AGCVaBTizPsnbGz3GbWb1zj3EGun",
      "chainId": 1399811149,
      "decimals": 6,
      "name": "Power Protocol 🎮",
      "symbol": "Power/SOL",
      "type": "SPL-Token",
      "blockListsCount": 0,
      "exchangeListsCount": 0,
      "flagListsCount": 0,
      "importedListsCount": 0,
      "transactionsDaily": 6324,
      "transactionsWeekly": 6324,
      "transactionsMonthly": 6324,
      "volumeUsdDaily": 826274.7746528885,
      "volumeUsdWeekly": 826274.7746528885,
      "volumeUsdMonthly": 826274.7746528885,
      "logo": "https://matcha-image-proxy.api.0x.org/images/1399811149/Cf735zbpRdPWC1B3AGCVaBTizPsnbGz3GbWb1zj3EGun"
    },
    {
      "address": "GghKtazEdjqRJmckwXnSuuqtdhkoHfFwAsSFBampwAL8",
      "chainId": 1399811149,
      "decimals": 6,
      "name": "Power Protocol",
      "symbol": "POWER-sol",
      "type": "SPL-Token",
      "blockListsCount": 0,
      "exchangeListsCount": 0,
      "flagListsCount": 0,
      "importedListsCount": 0,
      "transactionsDaily": 3163,
      "transactionsWeekly": 3163,
      "transactionsMonthly": 3163,
      "volumeUsdDaily": 366481.373270412,
      "volumeUsdWeekly": 366481.373270412,
      "volumeUsdMonthly": 366481.373270412,
      "logo": "https://matcha-image-proxy.api.0x.org/images/1399811149/GghKtazEdjqRJmckwXnSuuqtdhkoHfFwAsSFBampwAL8"
    },
    {
      "address": "0xeb2b7d5691878627eff20492ca7c9a71228d931d",
      "chainId": 56,
      "decimals": 9,
      "name": "CREPE",
      "symbol": "CREPE",
      "type": "ERC20",
      "hasLogo": true,
      "blockListsCount": 0,
      "exchangeListsCount": 0,
      "flagListsCount": 0,
      "importedListsCount": 1,
      "buyTax": 0,
      "sellTax": 0,
      "isInDex": true,
      "isHoneypot": false,
      "manualUnblock": false,
      "transactionsHourly": 6,
      "transactionsDaily": 254,
      "transactionsWeekly": 1419,
      "transactionsMonthly": 8778,
      "volumeUsdHourly": 5285.041849121569,
      "volumeUsdDaily": 71979.26662680155,
      "volumeUsdWeekly": 253673.73050426264,
      "volumeUsdMonthly": 1375538.5915961205,
      "logo": "https://matcha-image-proxy.api.0x.org/images/56/0xeb2b7d5691878627eff20492ca7c9a71228d931d"
    },
    {
      "address": "0x4ed4e862860bed51a9570b96d89af5e1b0efefed",
      "chainId": 8453,
      "decimals": 18,
      "name": "Degen",
      "symbol": "DEGEN",
      "type": "ERC20",
      "hasLogo": true,
      "blockListsCount": 0,
      "exchangeListsCount": 1,
      "flagListsCount": 0,
      "importedListsCount": 2,
      "buyTax": 0,
      "sellTax": 0,
      "isInDex": true,
      "isHoneypot": false,
      "manualUnblock": false,
      "transactionsHourly": 33,
      "transactionsDaily": 726,
      "transactionsWeekly": 4684,
      "transactionsMonthly": 20208,
      "volumeUsdHourly": 58.41491176296141,
      "volumeUsdDaily": 7173.038850492301,
      "volumeUsdWeekly": 146497.23334727588,
      "volumeUsdMonthly": 567311.3313116197,
      "logo": "https://matcha-image-proxy.api.0x.org/images/8453/0x4ed4e862860bed51a9570b96d89af5e1b0efefed"
    },
    {
      "address": "0xc9d23ed2adb0f551369946bd377f8644ce1ca5c4",
      "chainId": 8453,
      "decimals": 18,
      "name": "Hyperlane",
      "symbol": "HYPER",
      "type": "ERC20",
      "hasLogo": true,
      "blockListsCount": 0,
      "exchangeListsCount": 0,
      "flagListsCount": 0,
      "importedListsCount": 2,
      "buyTax": 0,
      "sellTax": 0,
      "isInDex": true,
      "isHoneypot": false,
      "manualUnblock": false,
      "transactionsHourly": 1,
      "transactionsDaily": 11,
      "transactionsWeekly": 65,
      "transactionsMonthly": 307,
      "volumeUsdHourly": 5.63546192952986,
      "volumeUsdDaily": 120.3000097168932,
      "volumeUsdWeekly": 1706.977878129863,
      "volumeUsdMonthly": 36298.21871288924,
      "logo": "https://matcha-image-proxy.api.0x.org/images/8453/0xc9d23ed2adb0f551369946bd377f8644ce1ca5c4"
    },
    {
      "address": "0x98d0baa52b2d063e780de12f615f963fe8537553",
      "chainId": 8453,
      "decimals": 18,
      "name": "KAITO",
      "symbol": "KAITO",
      "type": "ERC20",
      "hasLogo": true,
      "blockListsCount": 0,
      "exchangeListsCount": 0,
      "flagListsCount": 0,
      "importedListsCount": 2,
      "buyTax": 0,
      "sellTax": 0,
      "isInDex": true,
      "isHoneypot": false,
      "manualUnblock": false,
      "transactionsHourly": 21,
      "transactionsDaily": 211,
      "transactionsWeekly": 1268,
      "transactionsMonthly": 5884,
      "volumeUsdHourly": 107.1246539122804,
      "volumeUsdDaily": 1273.5035904556366,
      "volumeUsdWeekly": 39148.77520889303,
      "volumeUsdMonthly": 176198.29649808246,
      "logo": "https://matcha-image-proxy.api.0x.org/images/8453/0x98d0baa52b2d063e780de12f615f963fe8537553"
    },
    {
      "address": "0x6982508145454ce325ddbe47a25d4ec3d2311933",
      "chainId": 1,
      "decimals": 18,
      "name": "Pepe",
      "symbol": "PEPE",
      "type": "ERC20",
      "hasLogo": true,
      "blockListsCount": 0,
      "exchangeListsCount": 1,
      "flagListsCount": 0,
      "importedListsCount": 4,
      "buyTax": 0,
      "sellTax": 0,
      "isInDex": true,
      "isHoneypot": false,
      "manualUnblock": false,
      "transactionsHourly": 4,
      "transactionsDaily": 86,
      "transactionsWeekly": 589,
      "transactionsMonthly": 2960,
      "volumeUsdHourly": 61411.95048582388,
      "volumeUsdDaily": 131830.81438667828,
      "volumeUsdWeekly": 482100.0144582259,
      "volumeUsdMonthly": 3343308.2768236026,
      "logo": "https://matcha-image-proxy.api.0x.org/images/1/0x6982508145454ce325ddbe47a25d4ec3d2311933"
    },
    {
      "address": "0x77e06c9eccf2e797fd462a92b6d7642ef85b0a44",
      "chainId": 1,
      "decimals": 9,
      "name": "Wrapped TAO",
      "symbol": "wTAO",
      "type": "ERC20",
      "hasLogo": true,
      "blockListsCount": 0,
      "exchangeListsCount": 0,
      "flagListsCount": 0,
      "importedListsCount": 2,
      "buyTax": 0,
      "sellTax": 0,
      "isInDex": true,
      "isHoneypot": false,
      "manualUnblock": false,
      "transactionsHourly": 1,
      "transactionsDaily": 21,
      "transactionsWeekly": 177,
      "transactionsMonthly": 907,
      "volumeUsdHourly": 156.903314740392,
      "volumeUsdDaily": 44941.582612032595,
      "volumeUsdWeekly": 2191808.2667520395,
      "volumeUsdMonthly": 8671387.553422943,
      "logo": "https://matcha-image-proxy.api.0x.org/images/1/0x77e06c9eccf2e797fd462a92b6d7642ef85b0a44"
    },
    {
      "address": "0x7ddc52c4de30e94be3a6a0a2b259b2850f421989",
      "chainId": 56,
      "decimals": 18,
      "name": "GoMining Token",
      "symbol": "GMT",
      "type": "ERC20",
      "hasLogo": true,
      "blockListsCount": 0,
      "exchangeListsCount": 0,
      "flagListsCount": 0,
      "importedListsCount": 1,
      "buyTax": 0,
      "sellTax": 0,
      "isInDex": true,
      "isHoneypot": false,
      "manualUnblock": false,
      "transactionsHourly": 3,
      "transactionsDaily": 53,
      "transactionsWeekly": 364,
      "transactionsMonthly": 1273,
      "volumeUsdHourly": 444.632338106047,
      "volumeUsdDaily": 56194.90848100235,
      "volumeUsdWeekly": 377878.9178975538,
      "volumeUsdMonthly": 1011676.4930521052,
      "logo": "https://matcha-image-proxy.api.0x.org/images/56/0x7ddc52c4de30e94be3a6a0a2b259b2850f421989"
    },
    {
      "address": "0x6e84a6216ea6dacc71ee8e6b0a5b7322eebc0fdd",
      "chainId": 43114,
      "decimals": 18,
      "name": "JoeToken",
      "symbol": "JOE",
      "type": "ERC20",
      "hasLogo": true,
      "blockListsCount": 0,
      "exchangeListsCount": 0,
      "flagListsCount": 0,
      "importedListsCount": 1,
      "buyTax": 0,
      "sellTax": 0,
      "isInDex": true,
      "isHoneypot": false,
      "manualUnblock": false,
      "transactionsHourly": 3,
      "transactionsDaily": 129,
      "transactionsWeekly": 1130,
      "transactionsMonthly": 3390,
      "volumeUsdHourly": 20.4826277250805,
      "volumeUsdDaily": 4488.877570071951,
      "volumeUsdWeekly": 66043.53690209388,
      "volumeUsdMonthly": 178543.6776157034,
      "logo": "https://matcha-image-proxy.api.0x.org/images/43114/0x6e84a6216ea6dacc71ee8e6b0a5b7322eebc0fdd"
    },
    {
      "address": "0xc08cd26474722ce93f4d0c34d16201461c10aa8c",
      "chainId": 8453,
      "decimals": 18,
      "name": "CARV",
      "symbol": "CARV",
      "type": "ERC20",
      "hasLogo": true,
      "blockListsCount": 0,
      "exchangeListsCount": 0,
      "flagListsCount": 0,
      "importedListsCount": 1,
      "buyTax": 0,
      "sellTax": 0,
      "isInDex": true,
      "isHoneypot": false,
      "manualUnblock": false,
      "transactionsHourly": 2,
      "transactionsDaily": 41,
      "transactionsWeekly": 4325,
      "transactionsMonthly": 10275,
      "volumeUsdHourly": 1.04370555108511,
      "volumeUsdDaily": 1737.0648242410596,
      "volumeUsdWeekly": 82188.72562361164,
      "volumeUsdMonthly": 293088.0772420752,
      "logo": "https://matcha-image-proxy.api.0x.org/images/8453/0xc08cd26474722ce93f4d0c34d16201461c10aa8c"
    },
    {
      "address": "0x590830dfdf9a3f68afcdde2694773debdf267774",
      "chainId": 8453,
      "decimals": 18,
      "name": "Giza",
      "symbol": "GIZA",
      "type": "ERC20",
      "hasLogo": true,
      "blockListsCount": 0,
      "exchangeListsCount": 0,
      "flagListsCount": 0,
      "importedListsCount": 1,
      "buyTax": 0,
      "sellTax": 0,
      "isInDex": true,
      "isHoneypot": false,
      "manualUnblock": false,
      "transactionsHourly": 1,
      "transactionsDaily": 66,
      "transactionsWeekly": 1810,
      "transactionsMonthly": 2774,
      "volumeUsdHourly": 0.00888939409266954,
      "volumeUsdDaily": 7709.498288280651,
      "volumeUsdWeekly": 155800.02958275753,
      "volumeUsdMonthly": 459667.3392865392,
      "logo": "https://matcha-image-proxy.api.0x.org/images/8453/0x590830dfdf9a3f68afcdde2694773debdf267774"
    }
  ],
  "searchTime": "2025-12-30T01:57:11.142Z",
  "error": null
}