{
  "originalSymbol": "PENGU",
  "originalFullName": "Pudgy Penguins",
  "searchedQuery": "PENGU Pudgy Penguins",
  "retried": false,
  "isL1": false,
  "success": true,
  "tokenCount": 15,
  "resultCount": 10000,
  "tokens": [
    {
      "address": "2zMMhcVQEXDtdE6vsFS7S7D5oUodfJHE8vd1gnBouauv",
      "chainId": 1399811149,
      "decimals": 6,
      "name": "Pudgy Penguins",
      "symbol": "PENGU",
      "type": "SPL-Token",
      "blockListsCount": 0,
      "exchangeListsCount": 0,
      "flagListsCount": 0,
      "importedListsCount": 0,
      "isHoneypot": false,
      "transactionsDaily": 1811,
      "transactionsWeekly": 1811,
      "transactionsMonthly": 1811,
      "volumeUsdDaily": 497084.42657255335,
      "volumeUsdWeekly": 497084.42657255335,
      "volumeUsdMonthly": 497084.42657255335,
      "logo": "https://matcha-image-proxy.api.0x.org/images/1399811149/2zMMhcVQEXDtdE6vsFS7S7D5oUodfJHE8vd1gnBouauv"
    },
    {
      "address": "0x3b9625fe68fbc3beac156b27e6bd729774bac329",
      "chainId": 8453,
      "decimals": 18,
      "name": "PENGU PUDGY PENGUINS",
      "symbol": "PENGU PUDGY PENGUINS",
      "type": "ERC20",
      "issuer": {
        "name": "zora",
        "metadata": {}
      },
      "blockListsCount": 0,
      "exchangeListsCount": 0,
      "flagListsCount": 0,
      "importedListsCount": 0,
      "buyTax": null,
      "sellTax": null,
      "isInDex": false,
      "isHoneypot": false,
      "logo": "https://matcha-image-proxy.api.0x.org/images/8453/0x3b9625fe68fbc3beac156b27e6bd729774bac329"
    },
    {
      "address": "0x6418c0dd099a9fda397c766304cdd918233e8847",
      "chainId": 56,
      "decimals": 18,
      "name": "Pudgy Penguins",
      "symbol": "PENGU",
      "type": "ERC20",
      "hasLogo": true,
      "blockListsCount": 0,
      "exchangeListsCount": 0,
      "flagListsCount": 0,
      "importedListsCount": 1,
      "buyTax": 0,
      "sellTax": 0,
      "isInDex": true,
      "isHoneypot": false,
      "manualUnblock": false,
      "transactionsHourly": 1,
      "transactionsDaily": 4,
      "transactionsWeekly": 56,
      "transactionsMonthly": 414,
      "volumeUsdHourly": 0.920450120644601,
      "volumeUsdDaily": 542.7862974162795,
      "volumeUsdWeekly": 20024.24113985723,
      "volumeUsdMonthly": 198134.3482017505,
      "logo": "https://matcha-image-proxy.api.0x.org/images/56/0x6418c0dd099a9fda397c766304cdd918233e8847"
    },
    {
      "address": "0xf6e932ca12afa26665dc4dde7e27be02a7c02e50",
      "chainId": 8453,
      "decimals": 18,
      "name": "Mochi",
      "symbol": "MOCHI",
      "type": "ERC20",
      "hasLogo": true,
      "blockListsCount": 0,
      "exchangeListsCount": 0,
      "flagListsCount": 0,
      "importedListsCount": 1,
      "buyTax": 0,
      "sellTax": 0,
      "isInDex": true,
      "isHoneypot": false,
      "manualUnblock": false,
      "transactionsHourly": 3,
      "transactionsDaily": 14,
      "transactionsWeekly": 155,
      "transactionsMonthly": 776,
      "volumeUsdHourly": 40.207259918403174,
      "volumeUsdDaily": 920.1700848237258,
      "volumeUsdWeekly": 18926.95296640495,
      "volumeUsdMonthly": 117242.5321045396,
      "logo": "https://matcha-image-proxy.api.0x.org/images/8453/0xf6e932ca12afa26665dc4dde7e27be02a7c02e50"
    },
    {
      "address": "0x0815a9e048b6edde393bc66be59c83e9e65d0c4d",
      "chainId": 8453,
      "decimals": 18,
      "name": "PENGU Pudgy Penguins On Base",
      "symbol": "PENGU Pudgy Penguins On Base",
      "type": "ERC20",
      "blockListsCount": 0,
      "exchangeListsCount": 0,
      "flagListsCount": 0,
      "importedListsCount": 0,
      "logo": "https://matcha-image-proxy.api.0x.org/images/8453/0x0815a9e048b6edde393bc66be59c83e9e65d0c4d"
    },
    {
      "address": "0x6418c0dd099a9fda397c766304cdd918233e8847",
      "chainId": 1,
      "decimals": 18,
      "name": "Pudgy Penguins",
      "symbol": "PENGU",
      "type": "ERC20",
      "hasLogo": true,
      "blockListsCount": 0,
      "exchangeListsCount": 0,
      "flagListsCount": 0,
      "importedListsCount": 2,
      "buyTax": 0,
      "sellTax": 0,
      "isInDex": true,
      "isHoneypot": false,
      "manualUnblock": false,
      "transactionsHourly": 2,
      "transactionsDaily": 3,
      "transactionsWeekly": 17,
      "transactionsMonthly": 94,
      "volumeUsdWeekly": 565.003839166061,
      "volumeUsdMonthly": 3021.7922164551387,
      "logo": "https://matcha-image-proxy.api.0x.org/images/1/0x6418c0dd099a9fda397c766304cdd918233e8847"
    },
    {
      "address": "0x4e0debf0c8795a7861a64df7f136f989921d0247",
      "chainId": 8453,
      "decimals": 9,
      "name": "Pudgy Penguins",
      "symbol": "PENGU",
      "type": "ERC20",
      "blockListsCount": 0,
      "exchangeListsCount": 0,
      "flagListsCount": 0,
      "importedListsCount": 0,
      "buyTax": 0,
      "sellTax": 0,
      "isInDex": true,
      "isHoneypot": false,
      "transactionsHourly": 1,
      "transactionsDaily": 8,
      "transactionsWeekly": 20,
      "transactionsMonthly": 39,
      "volumeUsdHourly": 0.330089434417917,
      "volumeUsdDaily": 4792.545753871115,
      "volumeUsdWeekly": 4889.996926448725,
      "volumeUsdMonthly": 5452.941008017984,
      "logo": "https://matcha-image-proxy.api.0x.org/images/8453/0x4e0debf0c8795a7861a64df7f136f989921d0247"
    },
    {
      "address": "0x7438be751750930a6fcd4780e1a13ae1850a1a65",
      "chainId": 8453,
      "decimals": 18,
      "name": "PENGU (Pudgy Penguins)",
      "symbol": "PENGU",
      "type": "ERC20",
      "issuer": {
        "name": "zora",
        "metadata": {}
      },
      "blockListsCount": 0,
      "exchangeListsCount": 0,
      "flagListsCount": 0,
      "importedListsCount": 0,
      "logo": "https://matcha-image-proxy.api.0x.org/images/8453/0x7438be751750930a6fcd4780e1a13ae1850a1a65"
    },
    {
      "address": "0x3f9a9b56e359a3cd26907ea48478e3983f4de5a1",
      "chainId": 1,
      "decimals": 18,
      "name": "Pudgy Penguins",
      "symbol": "PUDGYSTR",
      "type": "ERC20",
      "blockListsCount": 0,
      "exchangeListsCount": 0,
      "flagListsCount": 0,
      "importedListsCount": 0,
      "buyTax": 0,
      "sellTax": 0,
      "isInDex": true,
      "isHoneypot": false,
      "transactionsHourly": 3,
      "transactionsDaily": 3,
      "transactionsWeekly": 3,
      "transactionsMonthly": 3,
      "volumeUsdHourly": 1474.6737564970044,
      "volumeUsdDaily": 1483.5787466934178,
      "volumeUsdWeekly": 1483.5787466934178,
      "volumeUsdMonthly": 1483.5787466934178,
      "logo": "https://matcha-image-proxy.api.0x.org/images/1/0x3f9a9b56e359a3cd26907ea48478e3983f4de5a1"
    },
    {
      "address": "94Gzk2TyNQXB1nCweG6kehMajHRUVjrsJLDPCYE55Ut7",
      "chainId": 1399811149,
      "decimals": 6,
      "name": "Pudgy Penguins",
      "symbol": "PENGU",
      "type": "SPL-Token",
      "blockListsCount": 0,
      "exchangeListsCount": 0,
      "flagListsCount": 0,
      "importedListsCount": 0,
      "transactionsMonthly": 533,
      "volumeUsdMonthly": 51581.79485070173,
      "logo": "https://matcha-image-proxy.api.0x.org/images/1399811149/94Gzk2TyNQXB1nCweG6kehMajHRUVjrsJLDPCYE55Ut7"
    },
    {
      "address": "9uCESiZQv2zFbZ2xhDxVhwDA57rApS4JgQn5QMgBpump",
      "chainId": 1399811149,
      "decimals": 6,
      "name": "PENGU Pudgy Penguins",
      "symbol": "PENGU",
      "type": "SPL-Token",
      "blockListsCount": 0,
      "exchangeListsCount": 0,
      "flagListsCount": 0,
      "importedListsCount": 0,
      "logo": "https://matcha-image-proxy.api.0x.org/images/1399811149/9uCESiZQv2zFbZ2xhDxVhwDA57rApS4JgQn5QMgBpump"
    },
    {
      "address": "iSF17PePGtKdqT4eQwN7aUjrREEJwXSyVusfpX1pump",
      "chainId": 1399811149,
      "decimals": 6,
      "name": "PENGU Pudgy Penguins",
      "symbol": "PENGU",
      "type": "SPL-Token",
      "blockListsCount": 0,
      "exchangeListsCount": 0,
      "flagListsCount": 0,
      "importedListsCount": 0,
      "logo": "https://matcha-image-proxy.api.0x.org/images/1399811149/iSF17PePGtKdqT4eQwN7aUjrREEJwXSyVusfpX1pump"
    },
    {
      "address": "E9H3G88kc27R9oQufTpUmN5Jh1LY45bAVxNx49DSpump",
      "chainId": 1399811149,
      "decimals": 6,
      "name": "PENGU: Pudgy Penguins",
      "symbol": "PENGU",
      "type": "SPL-Token",
      "blockListsCount": 0,
      "exchangeListsCount": 0,
      "flagListsCount": 0,
      "importedListsCount": 0,
      "logo": "https://matcha-image-proxy.api.0x.org/images/1399811149/E9H3G88kc27R9oQufTpUmN5Jh1LY45bAVxNx49DSpump"
    },
    {
      "address": "C8J6vhQCa8sWaLjRP7jaDLimbNCY7CcwUxT49rc1pump",
      "chainId": 1399811149,
      "decimals": 6,
      "name": "PENGU Pudgy Penguins",
      "symbol": "0.004999",
      "type": "SPL-Token",
      "blockListsCount": 0,
      "exchangeListsCount": 0,
      "flagListsCount": 0,
      "importedListsCount": 0,
      "logo": "https://matcha-image-proxy.api.0x.org/images/1399811149/C8J6vhQCa8sWaLjRP7jaDLimbNCY7CcwUxT49rc1pump"
    },
    {
      "address": "0x9f2d8f9b33a71a8c522a3577e8fa54590d387add",
      "chainId": 8453,
      "decimals": 18,
      "name": "PENGU Pudgy Penguins Perpetual",
      "symbol": "PENGUP",
      "type": "ERC20",
      "blockListsCount": 0,
      "exchangeListsCount": 0,
      "flagListsCount": 0,
      "importedListsCount": 0,
      "logo": "https://matcha-image-proxy.api.0x.org/images/8453/0x9f2d8f9b33a71a8c522a3577e8fa54590d387add"
    }
  ],
  "searchTime": "2025-12-30T01:56:39.932Z",
  "error": null
}