{
  "originalSymbol": "ALT",
  "originalFullName": "Altlayer",
  "searchedQuery": "ALT Altlayer",
  "retried": false,
  "isL1": false,
  "success": true,
  "tokenCount": 15,
  "resultCount": 9745,
  "tokens": [
    {
      "address": "0x9ae26f27f64e379d375e8252949343a8687bf0c1",
      "chainId": 8453,
      "decimals": 18,
      "name": "ALT Altlayer On Base",
      "symbol": "ALT Altlayer On Base",
      "type": "ERC20",
      "blockListsCount": 0,
      "exchangeListsCount": 0,
      "flagListsCount": 0,
      "importedListsCount": 0,
      "logo": "https://matcha-image-proxy.api.0x.org/images/8453/0x9ae26f27f64e379d375e8252949343a8687bf0c1"
    },
    {
      "address": "0x8457ca5040ad67fdebbcc8edce889a335bc0fbfb",
      "chainId": 1,
      "decimals": 18,
      "name": "AltLayer Token",
      "symbol": "ALT",
      "type": "ERC20",
      "hasLogo": true,
      "blockListsCount": 0,
      "exchangeListsCount": 0,
      "flagListsCount": 0,
      "importedListsCount": 4,
      "buyTax": 0,
      "sellTax": 0,
      "isInDex": true,
      "isHoneypot": false,
      "manualUnblock": false,
      "transactionsHourly": 1,
      "transactionsDaily": 1,
      "transactionsWeekly": 31,
      "transactionsMonthly": 151,
      "volumeUsdHourly": 1.28053296254019,
      "volumeUsdDaily": 1.28053296254019,
      "volumeUsdWeekly": 1275.3994349853508,
      "volumeUsdMonthly": 9694.95767465578,
      "logo": "https://matcha-image-proxy.api.0x.org/images/1/0x8457ca5040ad67fdebbcc8edce889a335bc0fbfb"
    },
    {
      "address": "0xd6c30dd37dd2a4ede1e203b0459d1a36ebf78f4c",
      "chainId": 8453,
      "decimals": 18,
      "name": "ALT-TRAD",
      "symbol": "ALT-TRAD",
      "type": "ERC20",
      "issuer": {
        "name": "zora",
        "metadata": {}
      },
      "blockListsCount": 0,
      "exchangeListsCount": 0,
      "flagListsCount": 0,
      "importedListsCount": 0,
      "isHoneypot": false,
      "transactionsHourly": 2,
      "transactionsDaily": 2,
      "transactionsWeekly": 33,
      "transactionsMonthly": 35,
      "volumeUsdHourly": 9.61183694167879,
      "volumeUsdDaily": 9.61398545478153,
      "volumeUsdWeekly": 48.620476369534074,
      "volumeUsdMonthly": 48.726578410466026,
      "logo": "https://matcha-image-proxy.api.0x.org/images/8453/0xd6c30dd37dd2a4ede1e203b0459d1a36ebf78f4c"
    },
    {
      "address": "0x8457ca5040ad67fdebbcc8edce889a335bc0fbfb",
      "chainId": 56,
      "decimals": 18,
      "name": "AltLayer Token",
      "symbol": "ALT",
      "type": "ERC20",
      "hasLogo": true,
      "blockListsCount": 0,
      "exchangeListsCount": 0,
      "flagListsCount": 0,
      "importedListsCount": 1,
      "buyTax": 0,
      "sellTax": 0,
      "isInDex": true,
      "isHoneypot": false,
      "manualUnblock": false,
      "transactionsHourly": 1,
      "transactionsDaily": 1,
      "transactionsWeekly": 3,
      "transactionsMonthly": 28,
      "volumeUsdHourly": 5.08592927023754,
      "volumeUsdDaily": 5.08592927023754,
      "volumeUsdWeekly": 66.78440812214964,
      "volumeUsdMonthly": 768.7511467112585,
      "logo": "https://matcha-image-proxy.api.0x.org/images/56/0x8457ca5040ad67fdebbcc8edce889a335bc0fbfb"
    },
    {
      "address": "D3hgZR66eBC8zM9Y2afw3ziznBT6unffDAitjRBbpump",
      "chainId": 1399811149,
      "decimals": 6,
      "name": "CTRL ALT DEFY",
      "symbol": "DEFY",
      "type": "SPL-Token",
      "blockListsCount": 0,
      "exchangeListsCount": 0,
      "flagListsCount": 0,
      "importedListsCount": 0,
      "transactionsDaily": 3,
      "transactionsWeekly": 3,
      "transactionsMonthly": 3,
      "volumeUsdDaily": 482.78288316450994,
      "volumeUsdWeekly": 482.78288316450994,
      "volumeUsdMonthly": 482.78288316450994,
      "logo": "https://matcha-image-proxy.api.0x.org/images/1399811149/D3hgZR66eBC8zM9Y2afw3ziznBT6unffDAitjRBbpump"
    },
    {
      "address": "0x20c274bc55ff6fb78636c83b0d0dc8f27a0c9369",
      "chainId": 130,
      "decimals": 18,
      "name": "Alt Adoption",
      "symbol": "Alt Adoption",
      "type": "ERC20",
      "blockListsCount": 1,
      "exchangeListsCount": 0,
      "flagListsCount": 1,
      "importedListsCount": 0,
      "manualUnblock": false,
      "logo": "https://matcha-image-proxy.api.0x.org/images/130/0x20c274bc55ff6fb78636c83b0d0dc8f27a0c9369"
    },
    {
      "address": "0x5996bed357f5598a531d6cd6d37a16c263be4444",
      "chainId": 56,
      "decimals": 18,
      "name": "Alt Season Index",
      "symbol": "Alt季节指数",
      "type": "ERC20",
      "blockListsCount": 1,
      "exchangeListsCount": 0,
      "flagListsCount": 1,
      "importedListsCount": 0,
      "manualUnblock": false,
      "logo": "https://matcha-image-proxy.api.0x.org/images/56/0x5996bed357f5598a531d6cd6d37a16c263be4444"
    },
    {
      "address": "0xed6f5d9eb5c50d8bbd19ccd5bbf9deab8a33eec8",
      "chainId": 8453,
      "decimals": 18,
      "name": "ALT LONG",
      "symbol": "ALTLONG",
      "type": "ERC20",
      "blockListsCount": 1,
      "exchangeListsCount": 0,
      "flagListsCount": 1,
      "importedListsCount": 0,
      "buyTax": 0,
      "sellTax": 0,
      "isInDex": false,
      "isHoneypot": false,
      "manualUnblock": false,
      "logo": "https://matcha-image-proxy.api.0x.org/images/8453/0xed6f5d9eb5c50d8bbd19ccd5bbf9deab8a33eec8"
    },
    {
      "address": "0x5b38e4b159731eb3dd510769b612ee890b170b07",
      "chainId": 8453,
      "decimals": 18,
      "name": "Alt Tesla",
      "symbol": "TSLA",
      "type": "ERC20",
      "blockListsCount": 1,
      "exchangeListsCount": 0,
      "flagListsCount": 1,
      "importedListsCount": 0,
      "buyTax": 0,
      "sellTax": 0,
      "isInDex": false,
      "isHoneypot": false,
      "manualUnblock": false,
      "logo": "https://matcha-image-proxy.api.0x.org/images/8453/0x5b38e4b159731eb3dd510769b612ee890b170b07"
    },
    {
      "address": "HNSwKHJGoJrvCZbrPokBNak6m9CY9w2kXAeXRbsmpump",
      "chainId": 1399811149,
      "decimals": 6,
      "name": "Fund $ALT",
      "symbol": "Fund",
      "type": "SPL-Token",
      "blockListsCount": 1,
      "exchangeListsCount": 0,
      "flagListsCount": 1,
      "importedListsCount": 0,
      "manualUnblock": false,
      "logo": "https://matcha-image-proxy.api.0x.org/images/1399811149/HNSwKHJGoJrvCZbrPokBNak6m9CY9w2kXAeXRbsmpump"
    },
    {
      "address": "BiNzUTdnubBdjXEaQye8wakHJg1dSvj5hwYQr8cBD777",
      "chainId": 1399811149,
      "decimals": 9,
      "name": "Alt Putin",
      "symbol": "ALTP",
      "type": "SPL-Token",
      "blockListsCount": 1,
      "exchangeListsCount": 0,
      "flagListsCount": 1,
      "importedListsCount": 0,
      "manualUnblock": false,
      "logo": "https://matcha-image-proxy.api.0x.org/images/1399811149/BiNzUTdnubBdjXEaQye8wakHJg1dSvj5hwYQr8cBD777"
    },
    {
      "address": "HBDN2KT74vLLvm1DA18gSbAJdrGpHyzrTSyY33jXZj56",
      "chainId": 1399811149,
      "decimals": 6,
      "name": "Alt Index",
      "symbol": "AI",
      "type": "SPL-Token",
      "blockListsCount": 1,
      "exchangeListsCount": 0,
      "flagListsCount": 1,
      "importedListsCount": 0,
      "manualUnblock": false,
      "logo": "https://matcha-image-proxy.api.0x.org/images/1399811149/HBDN2KT74vLLvm1DA18gSbAJdrGpHyzrTSyY33jXZj56"
    },
    {
      "address": "0xefaed5f16526dfa753ef39e253ed9b50318d2adf",
      "chainId": 8453,
      "decimals": 18,
      "name": "ALT Altlayer Perpetual",
      "symbol": "ALTALT",
      "type": "ERC20",
      "blockListsCount": 0,
      "exchangeListsCount": 0,
      "flagListsCount": 0,
      "importedListsCount": 0,
      "logo": "https://matcha-image-proxy.api.0x.org/images/8453/0xefaed5f16526dfa753ef39e253ed9b50318d2adf"
    },
    {
      "address": "6WKSgFqR6oqYeX9JrM42azwqihKWaoqY2AUJq4LEpump",
      "chainId": 1399811149,
      "decimals": 6,
      "name": "PRESS ALT + F4 FOR FREE 100X",
      "symbol": "ALT + F4",
      "type": "SPL-Token",
      "blockListsCount": 1,
      "exchangeListsCount": 0,
      "flagListsCount": 1,
      "importedListsCount": 0,
      "manualUnblock": false,
      "logo": "https://matcha-image-proxy.api.0x.org/images/1399811149/6WKSgFqR6oqYeX9JrM42azwqihKWaoqY2AUJq4LEpump"
    },
    {
      "address": "7AMHfdiDPG5vAKPmbUoby2MADVrmps3uCN8DLExppump",
      "chainId": 1399811149,
      "decimals": 6,
      "name": "Ctrl-Alt-100X",
      "symbol": "CTRLX",
      "type": "SPL-Token",
      "blockListsCount": 1,
      "exchangeListsCount": 0,
      "flagListsCount": 1,
      "importedListsCount": 0,
      "manualUnblock": false,
      "logo": "https://matcha-image-proxy.api.0x.org/images/1399811149/7AMHfdiDPG5vAKPmbUoby2MADVrmps3uCN8DLExppump"
    }
  ],
  "searchTime": "2025-12-30T01:57:09.556Z",
  "error": null
}