{
  "originalSymbol": "USD1",
  "originalFullName": "World Liberty Financial USD",
  "searchedQuery": "USD1 World Liberty Financial USD",
  "retried": false,
  "isL1": false,
  "success": true,
  "tokenCount": 15,
  "resultCount": 10000,
  "tokens": [
    {
      "address": "0x833589fcd6edb6e08f4c7c32d4f71b54bda02913",
      "chainId": 8453,
      "decimals": 6,
      "name": "USD Coin",
      "symbol": "USDC",
      "type": "ERC20",
      "hasLogo": true,
      "issuer": {
        "name": "circle",
        "metadata": {}
      },
      "blockListsCount": 0,
      "exchangeListsCount": 0,
      "flagListsCount": 0,
      "importedListsCount": 3,
      "buyTax": 0,
      "sellTax": 0,
      "isInDex": true,
      "isHoneypot": false,
      "manualUnblock": false,
      "transactionsHourly": 2480,
      "transactionsDaily": 72410,
      "transactionsWeekly": 748173,
      "transactionsMonthly": 3410970,
      "volumeUsdHourly": 591007.6321069509,
      "volumeUsdDaily": 16256443.957940713,
      "volumeUsdWeekly": 108432873.46401526,
      "volumeUsdMonthly": 691127389.360701,
      "logo": "https://matcha-image-proxy.api.0x.org/images/8453/0x833589fcd6edb6e08f4c7c32d4f71b54bda02913",
      "isNativeUsdc": true
    },
    {
      "address": "0xa0b86991c6218b36c1d19d4a2e9eb0ce3606eb48",
      "chainId": 1,
      "decimals": 6,
      "name": "USD Coin",
      "symbol": "USDC",
      "type": "ERC20",
      "hasLogo": true,
      "issuer": {
        "name": "circle",
        "metadata": {}
      },
      "blockListsCount": 0,
      "exchangeListsCount": 1,
      "flagListsCount": 0,
      "importedListsCount": 8,
      "buyTax": 0,
      "sellTax": 0,
      "isInDex": true,
      "isHoneypot": false,
      "manualUnblock": false,
      "transactionsHourly": 141,
      "transactionsDaily": 4160,
      "transactionsWeekly": 31483,
      "transactionsMonthly": 149773,
      "volumeUsdHourly": 622641.9045947444,
      "volumeUsdDaily": 18758262.16569803,
      "volumeUsdWeekly": 113595220.27101795,
      "volumeUsdMonthly": 729188376.1230068,
      "logo": "https://matcha-image-proxy.api.0x.org/images/1/0xa0b86991c6218b36c1d19d4a2e9eb0ce3606eb48",
      "isNativeUsdc": true
    },
    {
      "address": "0x55d398326f99059ff775485246999027b3197955",
      "chainId": 56,
      "decimals": 18,
      "name": "Tether USD",
      "symbol": "USDT",
      "type": "ERC20",
      "hasLogo": true,
      "issuer": {
        "name": "binance",
        "metadata": {}
      },
      "blockListsCount": 0,
      "exchangeListsCount": 0,
      "flagListsCount": 0,
      "importedListsCount": 2,
      "buyTax": 0,
      "sellTax": 0,
      "isInDex": true,
      "isHoneypot": false,
      "manualUnblock": false,
      "transactionsHourly": 226,
      "transactionsDaily": 10164,
      "transactionsWeekly": 61596,
      "transactionsMonthly": 360219,
      "volumeUsdHourly": 170922.22760683973,
      "volumeUsdDaily": 7382946.760196887,
      "volumeUsdWeekly": 41141589.43407426,
      "volumeUsdMonthly": 205917076.48513308,
      "logo": "https://matcha-image-proxy.api.0x.org/images/56/0x55d398326f99059ff775485246999027b3197955"
    },
    {
      "address": "0x754704bc059f8c67012fed69bc8a327a5aafb603",
      "chainId": 143,
      "decimals": 6,
      "name": "USDC",
      "symbol": "USDC",
      "type": "ERC20",
      "hasLogo": true,
      "issuer": {
        "name": "circle",
        "metadata": {}
      },
      "blockListsCount": 0,
      "exchangeListsCount": 0,
      "flagListsCount": 0,
      "importedListsCount": 3,
      "isHoneypot": false,
      "manualUnblock": false,
      "transactionsHourly": 55,
      "transactionsDaily": 1555,
      "transactionsWeekly": 11481,
      "transactionsMonthly": 115584,
      "volumeUsdHourly": 707356.1348688182,
      "volumeUsdDaily": 1944498.9073435904,
      "volumeUsdWeekly": 7370476.898497381,
      "volumeUsdMonthly": 64611454.54559621,
      "logo": "https://matcha-image-proxy.api.0x.org/images/143/0x754704bc059f8c67012fed69bc8a327a5aafb603",
      "isNativeUsdc": true
    },
    {
      "address": "0x8ac76a51cc950d9822d68b83fe1ad97b32cd580d",
      "chainId": 56,
      "decimals": 18,
      "name": "USD Coin",
      "symbol": "USDC",
      "type": "ERC20",
      "hasLogo": true,
      "issuer": {
        "name": "circle",
        "metadata": {}
      },
      "blockListsCount": 0,
      "exchangeListsCount": 0,
      "flagListsCount": 0,
      "importedListsCount": 2,
      "buyTax": 0,
      "sellTax": 0,
      "isInDex": true,
      "isHoneypot": false,
      "manualUnblock": false,
      "transactionsHourly": 162,
      "transactionsDaily": 9258,
      "transactionsWeekly": 56301,
      "transactionsMonthly": 375558,
      "volumeUsdHourly": 61812.651458121,
      "volumeUsdDaily": 7785879.923321946,
      "volumeUsdWeekly": 44354195.38206997,
      "volumeUsdMonthly": 227705580.2383177,
      "logo": "https://matcha-image-proxy.api.0x.org/images/56/0x8ac76a51cc950d9822d68b83fe1ad97b32cd580d"
    },
    {
      "address": "0xfd086bc7cd5c481dcc9c85ebe478a1c0b69fcbb9",
      "chainId": 42161,
      "decimals": 6,
      "name": "Tether USD",
      "symbol": "USDT",
      "type": "ERC20",
      "hasLogo": true,
      "issuer": {
        "name": "tether",
        "metadata": {}
      },
      "blockListsCount": 0,
      "exchangeListsCount": 0,
      "flagListsCount": 0,
      "importedListsCount": 1,
      "buyTax": 0,
      "sellTax": 0,
      "isInDex": true,
      "isHoneypot": false,
      "manualUnblock": false,
      "transactionsHourly": 16,
      "transactionsDaily": 1435,
      "transactionsWeekly": 10401,
      "transactionsMonthly": 75831,
      "volumeUsdHourly": 4740.676815705429,
      "volumeUsdDaily": 3509630.7519359174,
      "volumeUsdWeekly": 27070269.466951422,
      "volumeUsdMonthly": 174495301.62142164,
      "logo": "https://matcha-image-proxy.api.0x.org/images/42161/0xfd086bc7cd5c481dcc9c85ebe478a1c0b69fcbb9"
    },
    {
      "address": "0xdac17f958d2ee523a2206206994597c13d831ec7",
      "chainId": 1,
      "decimals": 6,
      "name": "Tether USD",
      "symbol": "USDT",
      "type": "ERC20",
      "hasLogo": true,
      "issuer": {
        "name": "tether",
        "metadata": {}
      },
      "blockListsCount": 0,
      "exchangeListsCount": 1,
      "flagListsCount": 0,
      "importedListsCount": 8,
      "buyTax": 0,
      "sellTax": 0,
      "isInDex": true,
      "isHoneypot": false,
      "manualUnblock": false,
      "transactionsHourly": 77,
      "transactionsDaily": 2530,
      "transactionsWeekly": 17161,
      "transactionsMonthly": 86058,
      "volumeUsdHourly": 269681.4199707312,
      "volumeUsdDaily": 19758971.37274556,
      "volumeUsdWeekly": 89063070.73021135,
      "volumeUsdMonthly": 559211770.9953557,
      "logo": "https://matcha-image-proxy.api.0x.org/images/1/0xdac17f958d2ee523a2206206994597c13d831ec7"
    },
    {
      "address": "0xb97ef9ef8734c71904d8002f8b6bc66dd9c48a6e",
      "chainId": 43114,
      "decimals": 6,
      "name": "USD Coin",
      "symbol": "USDC",
      "type": "ERC20",
      "hasLogo": true,
      "issuer": {
        "name": "circle",
        "metadata": {}
      },
      "blockListsCount": 0,
      "exchangeListsCount": 0,
      "flagListsCount": 0,
      "importedListsCount": 2,
      "buyTax": null,
      "sellTax": null,
      "isInDex": true,
      "isHoneypot": false,
      "manualUnblock": false,
      "transactionsHourly": 29,
      "transactionsDaily": 723,
      "transactionsWeekly": 4983,
      "transactionsMonthly": 18742,
      "volumeUsdHourly": 1497.7161319070044,
      "volumeUsdDaily": 161774.1964680085,
      "volumeUsdWeekly": 777419.2495993831,
      "volumeUsdMonthly": 7715034.62763015,
      "logo": "https://matcha-image-proxy.api.0x.org/images/43114/0xb97ef9ef8734c71904d8002f8b6bc66dd9c48a6e",
      "isNativeUsdc": true
    },
    {
      "address": "0xc2132d05d31c914a87c6611c10748aeb04b58e8f",
      "chainId": 137,
      "decimals": 6,
      "name": "(PoS) Tether USD",
      "symbol": "USDT",
      "type": "ERC20",
      "hasLogo": true,
      "issuer": {
        "name": "tether",
        "metadata": {}
      },
      "blockListsCount": 0,
      "exchangeListsCount": 0,
      "flagListsCount": 0,
      "importedListsCount": 2,
      "buyTax": 0,
      "sellTax": 0,
      "isInDex": true,
      "isHoneypot": false,
      "manualUnblock": false,
      "transactionsHourly": 104,
      "transactionsDaily": 2157,
      "transactionsWeekly": 16919,
      "transactionsMonthly": 81010,
      "volumeUsdHourly": 106956.35456000191,
      "volumeUsdDaily": 3138319.0551309013,
      "volumeUsdWeekly": 23038620.515303336,
      "volumeUsdMonthly": 50701102.39178197,
      "logo": "https://matcha-image-proxy.api.0x.org/images/137/0xc2132d05d31c914a87c6611c10748aeb04b58e8f"
    },
    {
      "address": "0xb8ce59fc3717ada4c02eadf9682a9e934f625ebb",
      "chainId": 9745,
      "decimals": 6,
      "name": "USDT0",
      "symbol": "USDT0",
      "type": "ERC20",
      "hasLogo": true,
      "issuer": {
        "name": "tether",
        "metadata": {}
      },
      "blockListsCount": 0,
      "exchangeListsCount": 0,
      "flagListsCount": 0,
      "importedListsCount": 2,
      "manualUnblock": false,
      "transactionsHourly": 13,
      "transactionsDaily": 1725,
      "transactionsWeekly": 3656,
      "transactionsMonthly": 10617,
      "volumeUsdHourly": 1882.894233862911,
      "volumeUsdDaily": 581078.5951519483,
      "volumeUsdWeekly": 2597081.4837714587,
      "volumeUsdMonthly": 34695214.200430654,
      "logo": "https://matcha-image-proxy.api.0x.org/images/9745/0xb8ce59fc3717ada4c02eadf9682a9e934f625ebb"
    },
    {
      "address": "0x2791bca1f2de4661ed88a30c99a7a9449aa84174",
      "chainId": 137,
      "decimals": 6,
      "name": "USD Coin (PoS)",
      "symbol": "USDC",
      "type": "ERC20",
      "hasLogo": true,
      "blockListsCount": 0,
      "exchangeListsCount": 0,
      "flagListsCount": 0,
      "importedListsCount": 2,
      "buyTax": 0,
      "sellTax": 0,
      "isInDex": true,
      "isHoneypot": false,
      "manualUnblock": false,
      "transactionsHourly": 269,
      "transactionsDaily": 6564,
      "transactionsWeekly": 34954,
      "transactionsMonthly": 181899,
      "volumeUsdHourly": 1290318.7966205028,
      "volumeUsdDaily": 18795541.2835983,
      "volumeUsdWeekly": 91179636.03456952,
      "volumeUsdMonthly": 397585129.6000752,
      "logo": "https://matcha-image-proxy.api.0x.org/images/137/0x2791bca1f2de4661ed88a30c99a7a9449aa84174"
    },
    {
      "address": "0x3c499c542cef5e3811e1192ce70d8cc03d5c3359",
      "chainId": 137,
      "decimals": 6,
      "name": "USD Coin",
      "symbol": "USDC",
      "type": "ERC20",
      "hasLogo": true,
      "issuer": {
        "name": "circle",
        "metadata": {}
      },
      "blockListsCount": 0,
      "exchangeListsCount": 0,
      "flagListsCount": 0,
      "importedListsCount": 2,
      "buyTax": 0,
      "sellTax": 0,
      "isInDex": true,
      "isHoneypot": false,
      "manualUnblock": false,
      "transactionsHourly": 321,
      "transactionsDaily": 7122,
      "transactionsWeekly": 59404,
      "transactionsMonthly": 197584,
      "volumeUsdHourly": 1381124.8670411122,
      "volumeUsdDaily": 21106592.83869887,
      "volumeUsdWeekly": 111299762.63129748,
      "volumeUsdMonthly": 429756715.74842066,
      "logo": "https://matcha-image-proxy.api.0x.org/images/137/0x3c499c542cef5e3811e1192ce70d8cc03d5c3359",
      "isNativeUsdc": true
    },
    {
      "address": "0xfde4c96c8593536e31f229ea8f37b2ada2699bb2",
      "chainId": 8453,
      "decimals": 6,
      "name": "Tether USD",
      "symbol": "USDT",
      "type": "ERC20",
      "hasLogo": true,
      "blockListsCount": 0,
      "exchangeListsCount": 0,
      "flagListsCount": 0,
      "importedListsCount": 2,
      "buyTax": 0,
      "sellTax": 0,
      "isInDex": true,
      "isHoneypot": false,
      "manualUnblock": false,
      "transactionsHourly": 121,
      "transactionsDaily": 4708,
      "transactionsWeekly": 50642,
      "transactionsMonthly": 469290,
      "volumeUsdHourly": 278102.40417732554,
      "volumeUsdDaily": 3002965.7305356106,
      "volumeUsdWeekly": 31533496.658192847,
      "volumeUsdMonthly": 246136887.73400265,
      "logo": "https://matcha-image-proxy.api.0x.org/images/8453/0xfde4c96c8593536e31f229ea8f37b2ada2699bb2"
    },
    {
      "address": "0x8d0d000ee44948fc98c9b98a4fa4921476f08b0d",
      "chainId": 56,
      "decimals": 18,
      "name": "World Liberty Financial USD",
      "symbol": "USD1",
      "type": "ERC20",
      "hasLogo": true,
      "blockListsCount": 0,
      "exchangeListsCount": 0,
      "flagListsCount": 0,
      "importedListsCount": 1,
      "buyTax": 0,
      "sellTax": 0,
      "isInDex": true,
      "isHoneypot": false,
      "manualUnblock": false,
      "transactionsHourly": 2,
      "transactionsDaily": 25,
      "transactionsWeekly": 177,
      "transactionsMonthly": 765,
      "volumeUsdHourly": 128894.5103289683,
      "volumeUsdDaily": 527536.2731226884,
      "volumeUsdWeekly": 867920.8125481065,
      "volumeUsdMonthly": 1766921.3295327222,
      "logo": "https://matcha-image-proxy.api.0x.org/images/56/0x8d0d000ee44948fc98c9b98a4fa4921476f08b0d"
    },
    {
      "address": "0xaf88d065e77c8cc2239327c5edb3a432268e5831",
      "chainId": 42161,
      "decimals": 6,
      "name": "USD Coin",
      "symbol": "USDC",
      "type": "ERC20",
      "hasLogo": true,
      "issuer": {
        "name": "circle",
        "metadata": {}
      },
      "blockListsCount": 0,
      "exchangeListsCount": 0,
      "flagListsCount": 0,
      "importedListsCount": 2,
      "buyTax": 0,
      "sellTax": 0,
      "isInDex": true,
      "isHoneypot": false,
      "manualUnblock": false,
      "transactionsHourly": 62,
      "transactionsDaily": 3317,
      "transactionsWeekly": 24007,
      "transactionsMonthly": 146542,
      "volumeUsdHourly": 149565.1858249071,
      "volumeUsdDaily": 6507267.129683354,
      "volumeUsdWeekly": 52608760.51157601,
      "volumeUsdMonthly": 321187197.2406798,
      "logo": "https://matcha-image-proxy.api.0x.org/images/42161/0xaf88d065e77c8cc2239327c5edb3a432268e5831",
      "isNativeUsdc": true
    }
  ],
  "searchTime": "2025-12-30T01:56:38.275Z",
  "error": null
}