{
  "originalSymbol": "USDT",
  "originalFullName": "Tether",
  "searchedQuery": "USDT Tether",
  "retried": false,
  "isL1": false,
  "success": true,
  "tokenCount": 15,
  "resultCount": 10000,
  "tokens": [
    {
      "address": "0x55d398326f99059ff775485246999027b3197955",
      "chainId": 56,
      "decimals": 18,
      "name": "Tether USD",
      "symbol": "USDT",
      "type": "ERC20",
      "hasLogo": true,
      "issuer": {
        "name": "binance",
        "metadata": {}
      },
      "blockListsCount": 0,
      "exchangeListsCount": 0,
      "flagListsCount": 0,
      "importedListsCount": 2,
      "buyTax": 0,
      "sellTax": 0,
      "isInDex": true,
      "isHoneypot": false,
      "manualUnblock": false,
      "transactionsHourly": 226,
      "transactionsDaily": 10164,
      "transactionsWeekly": 61596,
      "transactionsMonthly": 360219,
      "volumeUsdHourly": 170922.22760683973,
      "volumeUsdDaily": 7382946.760196887,
      "volumeUsdWeekly": 41141589.43407426,
      "volumeUsdMonthly": 205917076.48513308,
      "logo": "https://matcha-image-proxy.api.0x.org/images/56/0x55d398326f99059ff775485246999027b3197955"
    },
    {
      "address": "0xdac17f958d2ee523a2206206994597c13d831ec7",
      "chainId": 1,
      "decimals": 6,
      "name": "Tether USD",
      "symbol": "USDT",
      "type": "ERC20",
      "hasLogo": true,
      "issuer": {
        "name": "tether",
        "metadata": {}
      },
      "blockListsCount": 0,
      "exchangeListsCount": 1,
      "flagListsCount": 0,
      "importedListsCount": 8,
      "buyTax": 0,
      "sellTax": 0,
      "isInDex": true,
      "isHoneypot": false,
      "manualUnblock": false,
      "transactionsHourly": 77,
      "transactionsDaily": 2530,
      "transactionsWeekly": 17161,
      "transactionsMonthly": 86058,
      "volumeUsdHourly": 269681.4199707312,
      "volumeUsdDaily": 19758971.37274556,
      "volumeUsdWeekly": 89063070.73021135,
      "volumeUsdMonthly": 559211770.9953557,
      "logo": "https://matcha-image-proxy.api.0x.org/images/1/0xdac17f958d2ee523a2206206994597c13d831ec7"
    },
    {
      "address": "0xfd086bc7cd5c481dcc9c85ebe478a1c0b69fcbb9",
      "chainId": 42161,
      "decimals": 6,
      "name": "Tether USD",
      "symbol": "USDT",
      "type": "ERC20",
      "hasLogo": true,
      "issuer": {
        "name": "tether",
        "metadata": {}
      },
      "blockListsCount": 0,
      "exchangeListsCount": 0,
      "flagListsCount": 0,
      "importedListsCount": 1,
      "buyTax": 0,
      "sellTax": 0,
      "isInDex": true,
      "isHoneypot": false,
      "manualUnblock": false,
      "transactionsHourly": 16,
      "transactionsDaily": 1435,
      "transactionsWeekly": 10401,
      "transactionsMonthly": 75831,
      "volumeUsdHourly": 4740.676815705429,
      "volumeUsdDaily": 3509630.7519359174,
      "volumeUsdWeekly": 27070269.466951422,
      "volumeUsdMonthly": 174495301.62142164,
      "logo": "https://matcha-image-proxy.api.0x.org/images/42161/0xfd086bc7cd5c481dcc9c85ebe478a1c0b69fcbb9"
    },
    {
      "address": "0xc2132d05d31c914a87c6611c10748aeb04b58e8f",
      "chainId": 137,
      "decimals": 6,
      "name": "(PoS) Tether USD",
      "symbol": "USDT",
      "type": "ERC20",
      "hasLogo": true,
      "issuer": {
        "name": "tether",
        "metadata": {}
      },
      "blockListsCount": 0,
      "exchangeListsCount": 0,
      "flagListsCount": 0,
      "importedListsCount": 2,
      "buyTax": 0,
      "sellTax": 0,
      "isInDex": true,
      "isHoneypot": false,
      "manualUnblock": false,
      "transactionsHourly": 104,
      "transactionsDaily": 2157,
      "transactionsWeekly": 16919,
      "transactionsMonthly": 81010,
      "volumeUsdHourly": 106956.35456000191,
      "volumeUsdDaily": 3138319.0551309013,
      "volumeUsdWeekly": 23038620.515303336,
      "volumeUsdMonthly": 50701102.39178197,
      "logo": "https://matcha-image-proxy.api.0x.org/images/137/0xc2132d05d31c914a87c6611c10748aeb04b58e8f"
    },
    {
      "address": "0x94b008aa00579c1307b0ef2c499ad98a8ce58e58",
      "chainId": 10,
      "decimals": 6,
      "name": "Tether USD",
      "symbol": "USDT",
      "type": "ERC20",
      "hasLogo": true,
      "blockListsCount": 0,
      "exchangeListsCount": 0,
      "flagListsCount": 0,
      "importedListsCount": 3,
      "buyTax": null,
      "sellTax": null,
      "isInDex": true,
      "isHoneypot": false,
      "manualUnblock": false,
      "transactionsHourly": 52,
      "transactionsDaily": 6588,
      "transactionsWeekly": 45374,
      "transactionsMonthly": 101300,
      "volumeUsdHourly": 162091.97966696747,
      "volumeUsdDaily": 581669.974771761,
      "volumeUsdWeekly": 2676887.977393105,
      "volumeUsdMonthly": 10561551.863196824,
      "logo": "https://matcha-image-proxy.api.0x.org/images/10/0x94b008aa00579c1307b0ef2c499ad98a8ce58e58"
    },
    {
      "address": "0x9702230a8ea53601f5cd2dc00fdbc13d4df4a8c7",
      "chainId": 43114,
      "decimals": 6,
      "name": "TetherToken",
      "symbol": "USDt",
      "type": "ERC20",
      "hasLogo": true,
      "issuer": {
        "name": "tether",
        "metadata": {}
      },
      "blockListsCount": 0,
      "exchangeListsCount": 0,
      "flagListsCount": 0,
      "importedListsCount": 2,
      "buyTax": null,
      "sellTax": null,
      "isInDex": true,
      "isHoneypot": false,
      "manualUnblock": false,
      "transactionsHourly": 1,
      "transactionsDaily": 85,
      "transactionsWeekly": 575,
      "transactionsMonthly": 3543,
      "volumeUsdHourly": 289.787552142528,
      "volumeUsdDaily": 80458.76120059178,
      "volumeUsdWeekly": 178636.96689824978,
      "volumeUsdMonthly": 2531666.6391220693,
      "logo": "https://matcha-image-proxy.api.0x.org/images/43114/0x9702230a8ea53601f5cd2dc00fdbc13d4df4a8c7"
    },
    {
      "address": "0xfde4c96c8593536e31f229ea8f37b2ada2699bb2",
      "chainId": 8453,
      "decimals": 6,
      "name": "Tether USD",
      "symbol": "USDT",
      "type": "ERC20",
      "hasLogo": true,
      "blockListsCount": 0,
      "exchangeListsCount": 0,
      "flagListsCount": 0,
      "importedListsCount": 2,
      "buyTax": 0,
      "sellTax": 0,
      "isInDex": true,
      "isHoneypot": false,
      "manualUnblock": false,
      "transactionsHourly": 121,
      "transactionsDaily": 4708,
      "transactionsWeekly": 50642,
      "transactionsMonthly": 469290,
      "volumeUsdHourly": 278102.40417732554,
      "volumeUsdDaily": 3002965.7305356106,
      "volumeUsdWeekly": 31533496.658192847,
      "volumeUsdMonthly": 246136887.73400265,
      "logo": "https://matcha-image-proxy.api.0x.org/images/8453/0xfde4c96c8593536e31f229ea8f37b2ada2699bb2"
    },
    {
      "address": "Es9vMFrzaCERmJfrF4H2FYD4KCoNkY11McCe8BenwNYB",
      "chainId": 1399811149,
      "decimals": 6,
      "name": "USDT",
      "symbol": "USDT",
      "type": "SPL-Token",
      "issuer": {
        "name": "tether",
        "metadata": {}
      },
      "blockListsCount": 0,
      "exchangeListsCount": 0,
      "flagListsCount": 0,
      "importedListsCount": 0,
      "isHoneypot": false,
      "transactionsDaily": 15557,
      "transactionsWeekly": 15557,
      "transactionsMonthly": 15557,
      "volumeUsdDaily": 3289445.001346114,
      "volumeUsdWeekly": 3289445.001346114,
      "volumeUsdMonthly": 3289445.001346114,
      "logo": "https://matcha-image-proxy.api.0x.org/images/1399811149/Es9vMFrzaCERmJfrF4H2FYD4KCoNkY11McCe8BenwNYB"
    },
    {
      "address": "0x1af3f329e8be154074d8769d1ffa4ee058b1dbc3",
      "chainId": 56,
      "decimals": 18,
      "name": "Dai Token",
      "symbol": "DAI",
      "type": "ERC20",
      "hasLogo": true,
      "issuer": {
        "name": "binance",
        "metadata": {}
      },
      "blockListsCount": 0,
      "exchangeListsCount": 0,
      "flagListsCount": 0,
      "importedListsCount": 2,
      "buyTax": 0,
      "sellTax": 0,
      "isInDex": true,
      "isHoneypot": false,
      "manualUnblock": false,
      "transactionsHourly": 1,
      "transactionsDaily": 37,
      "transactionsWeekly": 276,
      "transactionsMonthly": 1282,
      "volumeUsdHourly": 0.282870597065549,
      "volumeUsdDaily": 42034.30310383126,
      "volumeUsdWeekly": 70140.21396442348,
      "volumeUsdMonthly": 420775.9664970556,
      "logo": "https://matcha-image-proxy.api.0x.org/images/56/0x1af3f329e8be154074d8769d1ffa4ee058b1dbc3"
    },
    {
      "address": "0xb8ce59fc3717ada4c02eadf9682a9e934f625ebb",
      "chainId": 9745,
      "decimals": 6,
      "name": "USDT0",
      "symbol": "USDT0",
      "type": "ERC20",
      "hasLogo": true,
      "issuer": {
        "name": "tether",
        "metadata": {}
      },
      "blockListsCount": 0,
      "exchangeListsCount": 0,
      "flagListsCount": 0,
      "importedListsCount": 2,
      "manualUnblock": false,
      "transactionsHourly": 13,
      "transactionsDaily": 1725,
      "transactionsWeekly": 3656,
      "transactionsMonthly": 10617,
      "volumeUsdHourly": 1882.894233862911,
      "volumeUsdDaily": 581078.5951519483,
      "volumeUsdWeekly": 2597081.4837714587,
      "volumeUsdMonthly": 34695214.200430654,
      "logo": "https://matcha-image-proxy.api.0x.org/images/9745/0xb8ce59fc3717ada4c02eadf9682a9e934f625ebb"
    },
    {
      "address": "0xe7cd86e13ac4309349f30b3435a9d337750fc82d",
      "chainId": 143,
      "decimals": 6,
      "name": "USDT0",
      "symbol": "USDT0",
      "type": "ERC20",
      "hasLogo": true,
      "issuer": {
        "name": "tether",
        "metadata": {}
      },
      "blockListsCount": 0,
      "exchangeListsCount": 0,
      "flagListsCount": 0,
      "importedListsCount": 3,
      "isHoneypot": false,
      "manualUnblock": false,
      "transactionsHourly": 1,
      "transactionsDaily": 43,
      "transactionsWeekly": 397,
      "transactionsMonthly": 2259,
      "volumeUsdHourly": 240.180667327962,
      "volumeUsdDaily": 46714.06980910384,
      "volumeUsdWeekly": 332218.42219773354,
      "volumeUsdMonthly": 3368001.912121615,
      "logo": "https://matcha-image-proxy.api.0x.org/images/143/0xe7cd86e13ac4309349f30b3435a9d337750fc82d"
    },
    {
      "address": "0xda10009cbd5d07dd0cecc66161fc93d7c9000da1",
      "chainId": 42161,
      "decimals": 18,
      "name": "Dai Stablecoin",
      "symbol": "DAI",
      "type": "ERC20",
      "hasLogo": true,
      "blockListsCount": 0,
      "exchangeListsCount": 1,
      "flagListsCount": 0,
      "importedListsCount": 2,
      "buyTax": 0,
      "sellTax": 0,
      "isInDex": true,
      "isHoneypot": false,
      "manualUnblock": false,
      "transactionsHourly": 1,
      "transactionsDaily": 105,
      "transactionsWeekly": 379,
      "transactionsMonthly": 2246,
      "volumeUsdHourly": 2000.4806291892,
      "volumeUsdDaily": 41298.31212953114,
      "volumeUsdWeekly": 161504.6568356495,
      "volumeUsdMonthly": 3441577.732039836,
      "logo": "https://matcha-image-proxy.api.0x.org/images/42161/0xda10009cbd5d07dd0cecc66161fc93d7c9000da1"
    },
    {
      "address": "0x9151434b16b9763660705744891fa906f660ecc5",
      "chainId": 130,
      "decimals": 6,
      "name": "USD₮0",
      "symbol": "USD₮0",
      "type": "ERC20",
      "hasLogo": true,
      "issuer": {
        "name": "tether",
        "metadata": {}
      },
      "blockListsCount": 0,
      "exchangeListsCount": 0,
      "flagListsCount": 0,
      "importedListsCount": 2,
      "buyTax": 0,
      "sellTax": 0,
      "isInDex": true,
      "isHoneypot": false,
      "manualUnblock": false,
      "transactionsHourly": 5,
      "transactionsDaily": 55,
      "transactionsWeekly": 470,
      "transactionsMonthly": 3903,
      "volumeUsdHourly": 1245.4152907215766,
      "volumeUsdDaily": 16399.175661991347,
      "volumeUsdWeekly": 148782.3591523615,
      "volumeUsdMonthly": 832988.1322326864,
      "logo": "https://matcha-image-proxy.api.0x.org/images/130/0x9151434b16b9763660705744891fa906f660ecc5"
    },
    {
      "address": "0x68749665ff8d2d112fa859aa293f07a622782f38",
      "chainId": 1,
      "decimals": 6,
      "name": "Tether Gold",
      "symbol": "XAUt",
      "type": "ERC20",
      "hasLogo": true,
      "issuer": {
        "name": "tether",
        "metadata": {}
      },
      "blockListsCount": 0,
      "exchangeListsCount": 0,
      "flagListsCount": 0,
      "importedListsCount": 3,
      "buyTax": 0,
      "sellTax": 0,
      "isInDex": true,
      "isHoneypot": false,
      "manualUnblock": false,
      "transactionsHourly": 3,
      "transactionsDaily": 78,
      "transactionsWeekly": 353,
      "transactionsMonthly": 1330,
      "volumeUsdHourly": 1056.933663818158,
      "volumeUsdDaily": 863166.4329644464,
      "volumeUsdWeekly": 2529542.648242724,
      "volumeUsdMonthly": 5943618.2543013375,
      "logo": "https://matcha-image-proxy.api.0x.org/images/1/0x68749665ff8d2d112fa859aa293f07a622782f38"
    },
    {
      "address": "0x50c5725949a6f0c72e6c4a641f24049a917db0cb",
      "chainId": 8453,
      "decimals": 18,
      "name": "Dai Stablecoin",
      "symbol": "DAI",
      "type": "ERC20",
      "hasLogo": true,
      "blockListsCount": 0,
      "exchangeListsCount": 0,
      "flagListsCount": 0,
      "importedListsCount": 3,
      "buyTax": 0,
      "sellTax": 0,
      "isInDex": true,
      "isHoneypot": false,
      "manualUnblock": false,
      "transactionsHourly": 38,
      "transactionsDaily": 1135,
      "transactionsWeekly": 9403,
      "transactionsMonthly": 72975,
      "volumeUsdHourly": 3487.7439517048733,
      "volumeUsdDaily": 172889.73827937353,
      "volumeUsdWeekly": 1377424.3541202338,
      "volumeUsdMonthly": 9848547.312499717,
      "logo": "https://matcha-image-proxy.api.0x.org/images/8453/0x50c5725949a6f0c72e6c4a641f24049a917db0cb"
    }
  ],
  "searchTime": "2025-12-30T01:56:47.232Z",
  "error": null
}