{
  "originalSymbol": "STEEM",
  "originalFullName": "Steem",
  "searchedQuery": "STEEM Steem",
  "retried": false,
  "isL1": false,
  "success": true,
  "tokenCount": 15,
  "resultCount": 881,
  "tokens": [
    {
      "address": "0xd714b8b989fa7760afec0ab203d35306673b9980",
      "chainId": 8453,
      "decimals": 18,
      "name": "Steem STEEM",
      "symbol": "Steem STEEM",
      "type": "ERC20",
      "blockListsCount": 0,
      "exchangeListsCount": 0,
      "flagListsCount": 0,
      "importedListsCount": 0,
      "buyTax": 0,
      "sellTax": 0,
      "isInDex": true,
      "isHoneypot": false,
      "logo": "https://matcha-image-proxy.api.0x.org/images/8453/0xd714b8b989fa7760afec0ab203d35306673b9980"
    },
    {
      "address": "0x0cd4b470081068194a2750fb48bb20a2fc64c087",
      "chainId": 130,
      "decimals": 18,
      "name": "Steem STEEM",
      "symbol": "Steem STEEM",
      "type": "ERC20",
      "blockListsCount": 0,
      "exchangeListsCount": 0,
      "flagListsCount": 0,
      "importedListsCount": 0,
      "logo": "https://matcha-image-proxy.api.0x.org/images/130/0x0cd4b470081068194a2750fb48bb20a2fc64c087"
    },
    {
      "address": "0xa70c657c93435245623aeb37cc7749ab0d37fbef",
      "chainId": 130,
      "decimals": 18,
      "name": "Steem STEEM",
      "symbol": "Steem STEEM",
      "type": "ERC20",
      "blockListsCount": 0,
      "exchangeListsCount": 0,
      "flagListsCount": 0,
      "importedListsCount": 0,
      "logo": "https://matcha-image-proxy.api.0x.org/images/130/0xa70c657c93435245623aeb37cc7749ab0d37fbef"
    },
    {
      "address": "0x5d09900d9d19145b553c827382cee947fbec2827",
      "chainId": 130,
      "decimals": 18,
      "name": "Steem STEEM",
      "symbol": "Steem STEEM",
      "type": "ERC20",
      "blockListsCount": 0,
      "exchangeListsCount": 0,
      "flagListsCount": 0,
      "importedListsCount": 0,
      "logo": "https://matcha-image-proxy.api.0x.org/images/130/0x5d09900d9d19145b553c827382cee947fbec2827"
    },
    {
      "address": "0x4db8713429f10b351e8ed44a08d62054f0c3b92d",
      "chainId": 130,
      "decimals": 18,
      "name": "Steem STEEM Unichain",
      "symbol": "Steem STEEM Unichain",
      "type": "ERC20",
      "blockListsCount": 0,
      "exchangeListsCount": 0,
      "flagListsCount": 0,
      "importedListsCount": 0,
      "logo": "https://matcha-image-proxy.api.0x.org/images/130/0x4db8713429f10b351e8ed44a08d62054f0c3b92d"
    },
    {
      "address": "0xbfbe4ee3b6ba0eb89bc05c4dfe03d89466c64818",
      "chainId": 8453,
      "decimals": 9,
      "name": "Trump - Steem STEEM",
      "symbol": "Trump - Steem STEEM",
      "type": "ERC20",
      "blockListsCount": 0,
      "exchangeListsCount": 0,
      "flagListsCount": 0,
      "importedListsCount": 0,
      "buyTax": 0,
      "sellTax": 0,
      "isInDex": true,
      "isHoneypot": false,
      "logo": "https://matcha-image-proxy.api.0x.org/images/8453/0xbfbe4ee3b6ba0eb89bc05c4dfe03d89466c64818"
    },
    {
      "address": "0xe4420d14bfeb313f1724385a948cff5039dca2a7",
      "chainId": 8453,
      "decimals": 18,
      "name": "Steem STEEM Reserve",
      "symbol": "Steem STEEM Reserve",
      "type": "ERC20",
      "blockListsCount": 0,
      "exchangeListsCount": 0,
      "flagListsCount": 0,
      "importedListsCount": 0,
      "logo": "https://matcha-image-proxy.api.0x.org/images/8453/0xe4420d14bfeb313f1724385a948cff5039dca2a7"
    },
    {
      "address": "0xaa659692e7ffeceab72125910bd13073f6605b16",
      "chainId": 8453,
      "decimals": 18,
      "name": "Steem STEEM V2",
      "symbol": "Steem STEEM V2",
      "type": "ERC20",
      "blockListsCount": 0,
      "exchangeListsCount": 0,
      "flagListsCount": 0,
      "importedListsCount": 0,
      "buyTax": 0,
      "sellTax": 0,
      "isInDex": true,
      "isHoneypot": false,
      "logo": "https://matcha-image-proxy.api.0x.org/images/8453/0xaa659692e7ffeceab72125910bd13073f6605b16"
    },
    {
      "address": "0x6351ac9d5790fea24592171ea00cb1b0a115b7c3",
      "chainId": 130,
      "decimals": 18,
      "name": "Steem STEEM V2",
      "symbol": "Steem STEEM V2",
      "type": "ERC20",
      "blockListsCount": 0,
      "exchangeListsCount": 0,
      "flagListsCount": 0,
      "importedListsCount": 0,
      "logo": "https://matcha-image-proxy.api.0x.org/images/130/0x6351ac9d5790fea24592171ea00cb1b0a115b7c3"
    },
    {
      "address": "0x181577c5fa481a882202e6184c119499b612ae9d",
      "chainId": 8453,
      "decimals": 18,
      "name": "Steem STEEM AI",
      "symbol": "Steem STEEM AI",
      "type": "ERC20",
      "blockListsCount": 0,
      "exchangeListsCount": 0,
      "flagListsCount": 0,
      "importedListsCount": 0,
      "logo": "https://matcha-image-proxy.api.0x.org/images/8453/0x181577c5fa481a882202e6184c119499b612ae9d"
    },
    {
      "address": "0xfa537346b4630c4c8741fd4e61f55cc80f5a33e9",
      "chainId": 130,
      "decimals": 18,
      "name": "Steem STEEM AI",
      "symbol": "Steem STEEM AI",
      "type": "ERC20",
      "blockListsCount": 0,
      "exchangeListsCount": 0,
      "flagListsCount": 0,
      "importedListsCount": 0,
      "logo": "https://matcha-image-proxy.api.0x.org/images/130/0xfa537346b4630c4c8741fd4e61f55cc80f5a33e9"
    },
    {
      "address": "0xd136cad2c23f4b41348c13dc3ab9ef091463d45c",
      "chainId": 8453,
      "decimals": 18,
      "name": "Steem STEEM - Free",
      "symbol": "Steem STEEM - Free",
      "type": "ERC20",
      "blockListsCount": 0,
      "exchangeListsCount": 0,
      "flagListsCount": 0,
      "importedListsCount": 0,
      "buyTax": 0,
      "sellTax": 0,
      "isInDex": true,
      "isHoneypot": false,
      "logo": "https://matcha-image-proxy.api.0x.org/images/8453/0xd136cad2c23f4b41348c13dc3ab9ef091463d45c"
    },
    {
      "address": "0x1448f27cba33c1b56520ccdc733663dc475076fa",
      "chainId": 8453,
      "decimals": 9,
      "name": "Steem STEEM Red",
      "symbol": "Steem STEEM Red",
      "type": "ERC20",
      "blockListsCount": 0,
      "exchangeListsCount": 0,
      "flagListsCount": 0,
      "importedListsCount": 0,
      "buyTax": 0,
      "sellTax": 0,
      "isInDex": true,
      "isHoneypot": false,
      "logo": "https://matcha-image-proxy.api.0x.org/images/8453/0x1448f27cba33c1b56520ccdc733663dc475076fa"
    },
    {
      "address": "0x7f0d65475121b4fd95e46baf04d5d9ecfa319ed0",
      "chainId": 8453,
      "decimals": 18,
      "name": "Steem STEEM V3",
      "symbol": "Steem STEEM V3",
      "type": "ERC20",
      "blockListsCount": 0,
      "exchangeListsCount": 0,
      "flagListsCount": 0,
      "importedListsCount": 0,
      "logo": "https://matcha-image-proxy.api.0x.org/images/8453/0x7f0d65475121b4fd95e46baf04d5d9ecfa319ed0"
    },
    {
      "address": "0x735abcaef94b39c2d681ac988aecd94c3632a893",
      "chainId": 8453,
      "decimals": 9,
      "name": "Steem STEEM Mobile",
      "symbol": "Steem STEEM Mobile",
      "type": "ERC20",
      "blockListsCount": 0,
      "exchangeListsCount": 0,
      "flagListsCount": 0,
      "importedListsCount": 0,
      "logo": "https://matcha-image-proxy.api.0x.org/images/8453/0x735abcaef94b39c2d681ac988aecd94c3632a893"
    }
  ],
  "searchTime": "2025-12-30T01:58:22.782Z",
  "error": null
}