{
  "originalSymbol": "ONT",
  "originalFullName": "Ontology",
  "searchedQuery": "ONT Ontology",
  "retried": true,
  "isL1": true,
  "success": true,
  "tokenCount": 15,
  "resultCount": 1849,
  "tokens": [
    {
      "address": "0xfd7b3a77848f1c2d67e05e54d78d174a0c850335",
      "chainId": 56,
      "decimals": 18,
      "name": "Ontology Token",
      "symbol": "ONT",
      "type": "ERC20",
      "hasLogo": true,
      "issuer": {
        "name": "binance",
        "metadata": {}
      },
      "blockListsCount": 0,
      "exchangeListsCount": 0,
      "flagListsCount": 0,
      "importedListsCount": 1,
      "buyTax": 0,
      "sellTax": 0,
      "isInDex": true,
      "isHoneypot": false,
      "manualUnblock": false,
      "transactionsHourly": 1,
      "transactionsDaily": 8,
      "transactionsWeekly": 35,
      "transactionsMonthly": 83,
      "volumeUsdHourly": 0.381136897269291,
      "volumeUsdDaily": 50.25932231049642,
      "volumeUsdWeekly": 1050.3872080815602,
      "volumeUsdMonthly": 2415.653578418368,
      "logo": "https://matcha-image-proxy.api.0x.org/images/56/0xfd7b3a77848f1c2d67e05e54d78d174a0c850335"
    },
    {
      "address": "0xb1f1ee126e9c96231cc3d3fad7c08b4cf873b1f1",
      "chainId": 1,
      "decimals": 18,
      "name": "Beefy",
      "symbol": "BIFI",
      "type": "ERC20",
      "hasLogo": true,
      "blockListsCount": 0,
      "exchangeListsCount": 0,
      "flagListsCount": 0,
      "importedListsCount": 2,
      "buyTax": 0,
      "sellTax": 0,
      "isInDex": true,
      "isHoneypot": false,
      "manualUnblock": false,
      "transactionsHourly": 2,
      "transactionsDaily": 5,
      "transactionsWeekly": 192,
      "transactionsMonthly": 225,
      "volumeUsdHourly": 990.8389426694444,
      "volumeUsdDaily": 1000.8322351325712,
      "volumeUsdWeekly": 165061.68815598325,
      "volumeUsdMonthly": 172664.8674307592,
      "logo": "https://matcha-image-proxy.api.0x.org/images/1/0xb1f1ee126e9c96231cc3d3fad7c08b4cf873b1f1"
    },
    {
      "address": "6Qpkjx6oZE5mbRFjv2crfaPg9gZFwW5f55Qv77TGpump",
      "chainId": 1399811149,
      "decimals": 6,
      "name": "this wont bond",
      "symbol": "WONT",
      "type": "SPL-Token",
      "blockListsCount": 1,
      "exchangeListsCount": 0,
      "flagListsCount": 1,
      "importedListsCount": 0,
      "manualUnblock": false,
      "logo": "https://matcha-image-proxy.api.0x.org/images/1399811149/6Qpkjx6oZE5mbRFjv2crfaPg9gZFwW5f55Qv77TGpump"
    },
    {
      "address": "DKKeECexCE3otfNRsoMTKwKerKBH19Lbg56FP7QFpump",
      "chainId": 1399811149,
      "decimals": 6,
      "name": "XRP WONT GO 10X",
      "symbol": "XWG10X",
      "type": "SPL-Token",
      "blockListsCount": 1,
      "exchangeListsCount": 0,
      "flagListsCount": 1,
      "importedListsCount": 0,
      "manualUnblock": false,
      "logo": "https://matcha-image-proxy.api.0x.org/images/1399811149/DKKeECexCE3otfNRsoMTKwKerKBH19Lbg56FP7QFpump"
    },
    {
      "address": "DKfmzQHHZ93roYnG6JFSZTBgfEowYnyh95vxCVeopump",
      "chainId": 1399811149,
      "decimals": 6,
      "name": "this wont last long",
      "symbol": "CEASEFIRE",
      "type": "SPL-Token",
      "blockListsCount": 1,
      "exchangeListsCount": 0,
      "flagListsCount": 1,
      "importedListsCount": 0,
      "manualUnblock": false,
      "logo": "https://matcha-image-proxy.api.0x.org/images/1399811149/DKfmzQHHZ93roYnG6JFSZTBgfEowYnyh95vxCVeopump"
    },
    {
      "address": "9UUH1rdDbmhsysNGdBjbFHzFVW51iqyJoNNq781jpump",
      "chainId": 1399811149,
      "decimals": 6,
      "name": "This Coin Wont Bond",
      "symbol": "JACWB",
      "type": "SPL-Token",
      "blockListsCount": 1,
      "exchangeListsCount": 0,
      "flagListsCount": 1,
      "importedListsCount": 0,
      "manualUnblock": false,
      "logo": "https://matcha-image-proxy.api.0x.org/images/1399811149/9UUH1rdDbmhsysNGdBjbFHzFVW51iqyJoNNq781jpump"
    },
    {
      "address": "4bnzWw17AiJTL9QtQqb21VNzn1GLSqHgNY8vNgsTpump",
      "chainId": 1399811149,
      "decimals": 6,
      "name": "wont sell till bond",
      "symbol": "bond",
      "type": "SPL-Token",
      "blockListsCount": 1,
      "exchangeListsCount": 0,
      "flagListsCount": 1,
      "importedListsCount": 0,
      "manualUnblock": false,
      "logo": "https://matcha-image-proxy.api.0x.org/images/1399811149/4bnzWw17AiJTL9QtQqb21VNzn1GLSqHgNY8vNgsTpump"
    },
    {
      "address": "0xa23e1986fce06bd31db896ff5e7f333d0a83b33d",
      "chainId": 8453,
      "decimals": 18,
      "name": "Wont get",
      "symbol": "Wont",
      "type": "ERC20",
      "issuer": {
        "name": "zora",
        "metadata": {}
      },
      "blockListsCount": 0,
      "exchangeListsCount": 0,
      "flagListsCount": 0,
      "importedListsCount": 0,
      "logo": "https://matcha-image-proxy.api.0x.org/images/8453/0xa23e1986fce06bd31db896ff5e7f333d0a83b33d"
    },
    {
      "address": "0xecb392a4de3a5196791c76bcca9edee788c0f616",
      "chainId": 8453,
      "decimals": 18,
      "name": "Wont stop",
      "symbol": "Wont stop",
      "type": "ERC20",
      "issuer": {
        "name": "zora",
        "metadata": {}
      },
      "blockListsCount": 0,
      "exchangeListsCount": 0,
      "flagListsCount": 0,
      "importedListsCount": 0,
      "logo": "https://matcha-image-proxy.api.0x.org/images/8453/0xecb392a4de3a5196791c76bcca9edee788c0f616"
    },
    {
      "address": "6VdzU21vnHwMn3eQE9ZbF1Uy7sifrxWiuVYAmgqpump",
      "chainId": 1399811149,
      "decimals": 6,
      "name": "Solo You Wont Bond This",
      "symbol": "Pussy",
      "type": "SPL-Token",
      "blockListsCount": 1,
      "exchangeListsCount": 0,
      "flagListsCount": 1,
      "importedListsCount": 0,
      "manualUnblock": false,
      "logo": "https://matcha-image-proxy.api.0x.org/images/1399811149/6VdzU21vnHwMn3eQE9ZbF1Uy7sifrxWiuVYAmgqpump"
    },
    {
      "address": "CEyA36LCJC2KgH9pkquxoRS9peJvruVZgFBuYQ3Bpump",
      "chainId": 1399811149,
      "decimals": 6,
      "name": "This CA wont bond shit….",
      "symbol": "Shit…",
      "type": "SPL-Token",
      "blockListsCount": 1,
      "exchangeListsCount": 0,
      "flagListsCount": 1,
      "importedListsCount": 0,
      "manualUnblock": false,
      "logo": "https://matcha-image-proxy.api.0x.org/images/1399811149/CEyA36LCJC2KgH9pkquxoRS9peJvruVZgFBuYQ3Bpump"
    },
    {
      "address": "64YWePkWzzb9unq9WakpJX7F9BUrKqvxQqT3yLfapump",
      "chainId": 1399811149,
      "decimals": 6,
      "name": "ticker too long wont bond",
      "symbol": "TOOOOOLONG",
      "type": "SPL-Token",
      "blockListsCount": 1,
      "exchangeListsCount": 0,
      "flagListsCount": 1,
      "importedListsCount": 0,
      "manualUnblock": false,
      "logo": "https://matcha-image-proxy.api.0x.org/images/1399811149/64YWePkWzzb9unq9WakpJX7F9BUrKqvxQqT3yLfapump"
    },
    {
      "address": "C2UvY7R3w7MoubjZ6Nk9Doa6p4dKNFNSu392ypDppump",
      "chainId": 1399811149,
      "decimals": 6,
      "name": "Solo You Wont Bond This",
      "symbol": "Pussy",
      "type": "SPL-Token",
      "blockListsCount": 1,
      "exchangeListsCount": 0,
      "flagListsCount": 1,
      "importedListsCount": 0,
      "manualUnblock": false,
      "logo": "https://matcha-image-proxy.api.0x.org/images/1399811149/C2UvY7R3w7MoubjZ6Nk9Doa6p4dKNFNSu392ypDppump"
    },
    {
      "address": "37p5iJb1zM1Cas4SKDkKEJcmDWmioVogDRbhi7gJpump",
      "chainId": 1399811149,
      "decimals": 6,
      "name": "wont be put down retards",
      "symbol": "retard",
      "type": "Token2022",
      "blockListsCount": 1,
      "exchangeListsCount": 0,
      "flagListsCount": 1,
      "importedListsCount": 0,
      "manualUnblock": false,
      "logo": "https://matcha-image-proxy.api.0x.org/images/1399811149/37p5iJb1zM1Cas4SKDkKEJcmDWmioVogDRbhi7gJpump"
    },
    {
      "address": "1mrqcWbZsRTw5N2iiLVWSs3JZdsBpVPisAsRAphbPiE",
      "chainId": 1399811149,
      "decimals": 6,
      "name": "I wont long the breakout AGAIN",
      "symbol": "AGAIN",
      "type": "SPL-Token",
      "blockListsCount": 1,
      "exchangeListsCount": 0,
      "flagListsCount": 1,
      "importedListsCount": 0,
      "manualUnblock": false,
      "logo": "https://matcha-image-proxy.api.0x.org/images/1399811149/1mrqcWbZsRTw5N2iiLVWSs3JZdsBpVPisAsRAphbPiE"
    }
  ],
  "searchTime": "2025-12-30T01:58:52.602Z",
  "error": null
}