{
  "originalSymbol": "ANKR",
  "originalFullName": "Ankr",
  "searchedQuery": "ANKR Ankr",
  "retried": false,
  "isL1": false,
  "success": true,
  "tokenCount": 15,
  "resultCount": 2204,
  "tokens": [
    {
      "address": "0x8290333cef9e6d528dd5618fb97a76f268f3edd4",
      "chainId": 1,
      "decimals": 18,
      "name": "Ankr Network",
      "symbol": "ANKR",
      "type": "ERC20",
      "hasLogo": true,
      "blockListsCount": 0,
      "exchangeListsCount": 1,
      "flagListsCount": 0,
      "importedListsCount": 4,
      "buyTax": 0,
      "sellTax": 0,
      "isInDex": true,
      "isHoneypot": false,
      "manualUnblock": false,
      "transactionsHourly": 1,
      "transactionsDaily": 7,
      "transactionsWeekly": 66,
      "transactionsMonthly": 301,
      "volumeUsdHourly": 5.39547155359242,
      "volumeUsdDaily": 1621.0239825825224,
      "volumeUsdWeekly": 4732.834384421938,
      "volumeUsdMonthly": 22948.976427273927,
      "logo": "https://matcha-image-proxy.api.0x.org/images/1/0x8290333cef9e6d528dd5618fb97a76f268f3edd4"
    },
    {
      "address": "0xf307910a4c7bbc79691fd374889b36d8531b08e3",
      "chainId": 56,
      "decimals": 18,
      "name": "Ankr",
      "symbol": "ANKR",
      "type": "ERC20",
      "hasLogo": true,
      "blockListsCount": 0,
      "exchangeListsCount": 0,
      "flagListsCount": 0,
      "importedListsCount": 2,
      "buyTax": 0,
      "sellTax": 0,
      "isInDex": true,
      "isHoneypot": false,
      "manualUnblock": false,
      "transactionsHourly": 2,
      "transactionsDaily": 3,
      "transactionsWeekly": 27,
      "transactionsMonthly": 75,
      "volumeUsdHourly": 44.47689307729514,
      "volumeUsdDaily": 131.17131385375865,
      "volumeUsdWeekly": 1203.8172436452633,
      "volumeUsdMonthly": 2573.09744089234,
      "logo": "https://matcha-image-proxy.api.0x.org/images/56/0xf307910a4c7bbc79691fd374889b36d8531b08e3"
    },
    {
      "address": "0xe6fc9c792bbe3241bd6392f8c3a17861cfb609f0",
      "chainId": 130,
      "decimals": 18,
      "name": "Ankr ANKR",
      "symbol": "Ankr ANKR",
      "type": "ERC20",
      "blockListsCount": 0,
      "exchangeListsCount": 0,
      "flagListsCount": 0,
      "importedListsCount": 0,
      "logo": "https://matcha-image-proxy.api.0x.org/images/130/0xe6fc9c792bbe3241bd6392f8c3a17861cfb609f0"
    },
    {
      "address": "0xeb7d43b093861fafadb742e0b6a4ef745ec5016e",
      "chainId": 130,
      "decimals": 18,
      "name": "Ankr ANKR",
      "symbol": "Ankr ANKR",
      "type": "ERC20",
      "blockListsCount": 0,
      "exchangeListsCount": 0,
      "flagListsCount": 0,
      "importedListsCount": 0,
      "logo": "https://matcha-image-proxy.api.0x.org/images/130/0xeb7d43b093861fafadb742e0b6a4ef745ec5016e"
    },
    {
      "address": "0x42733fa764531b18455956f2f2ba0ef1fb246a62",
      "chainId": 130,
      "decimals": 18,
      "name": "Ankr ANKR",
      "symbol": "Ankr ANKR",
      "type": "ERC20",
      "blockListsCount": 0,
      "exchangeListsCount": 0,
      "flagListsCount": 0,
      "importedListsCount": 0,
      "logo": "https://matcha-image-proxy.api.0x.org/images/130/0x42733fa764531b18455956f2f2ba0ef1fb246a62"
    },
    {
      "address": "0x6f1d07f06ff287ed2b77a2dc94e7d836ab49847c",
      "chainId": 8453,
      "decimals": 18,
      "name": "Ankr ANKR",
      "symbol": "Ankr ANKR",
      "type": "ERC20",
      "blockListsCount": 0,
      "exchangeListsCount": 0,
      "flagListsCount": 0,
      "importedListsCount": 0,
      "buyTax": 0,
      "sellTax": 0,
      "isInDex": true,
      "isHoneypot": false,
      "logo": "https://matcha-image-proxy.api.0x.org/images/8453/0x6f1d07f06ff287ed2b77a2dc94e7d836ab49847c"
    },
    {
      "address": "0x19d3e4e6de7dd07632d4947d1ca06179027dafa5",
      "chainId": 8453,
      "decimals": 18,
      "name": "Ankr ANKR 2026",
      "symbol": "Ankr ANKR",
      "type": "ERC20",
      "blockListsCount": 0,
      "exchangeListsCount": 0,
      "flagListsCount": 0,
      "importedListsCount": 0,
      "logo": "https://matcha-image-proxy.api.0x.org/images/8453/0x19d3e4e6de7dd07632d4947d1ca06179027dafa5"
    },
    {
      "address": "0x136627b0d0a005334796d38ea09958eaca276fee",
      "chainId": 130,
      "decimals": 18,
      "name": "Ankr ANKR V3",
      "symbol": "Ankr ANKR V3",
      "type": "ERC20",
      "blockListsCount": 0,
      "exchangeListsCount": 0,
      "flagListsCount": 0,
      "importedListsCount": 0,
      "logo": "https://matcha-image-proxy.api.0x.org/images/130/0x136627b0d0a005334796d38ea09958eaca276fee"
    },
    {
      "address": "0x1704896279bc12079a16daf720c04d527e3d423b",
      "chainId": 8453,
      "decimals": 9,
      "name": "Ankr ANKR Red",
      "symbol": "Ankr ANKR Red",
      "type": "ERC20",
      "blockListsCount": 0,
      "exchangeListsCount": 0,
      "flagListsCount": 0,
      "importedListsCount": 0,
      "buyTax": 0,
      "sellTax": 0,
      "isInDex": true,
      "isHoneypot": false,
      "logo": "https://matcha-image-proxy.api.0x.org/images/8453/0x1704896279bc12079a16daf720c04d527e3d423b"
    },
    {
      "address": "0x6472e599299c992700e10180b31c8592bb5b9891",
      "chainId": 8453,
      "decimals": 9,
      "name": "Ankr ANKR - AI",
      "symbol": "Ankr ANKR - AI",
      "type": "ERC20",
      "blockListsCount": 0,
      "exchangeListsCount": 0,
      "flagListsCount": 0,
      "importedListsCount": 0,
      "buyTax": 0,
      "sellTax": 0,
      "isInDex": true,
      "isHoneypot": false,
      "logo": "https://matcha-image-proxy.api.0x.org/images/8453/0x6472e599299c992700e10180b31c8592bb5b9891"
    },
    {
      "address": "0xea50e1389b2e781494d59ee67804690fe2b92813",
      "chainId": 8453,
      "decimals": 9,
      "name": "Ankr ANKR TV",
      "symbol": "Ankr ANKR TV",
      "type": "ERC20",
      "blockListsCount": 0,
      "exchangeListsCount": 0,
      "flagListsCount": 0,
      "importedListsCount": 0,
      "logo": "https://matcha-image-proxy.api.0x.org/images/8453/0xea50e1389b2e781494d59ee67804690fe2b92813"
    },
    {
      "address": "0x7d3c6842513bfa5412418b7f922c3ac5c132e0b1",
      "chainId": 8453,
      "decimals": 18,
      "name": "Ankr ANKR AI",
      "symbol": "Ankr ANKR AI",
      "type": "ERC20",
      "blockListsCount": 0,
      "exchangeListsCount": 0,
      "flagListsCount": 0,
      "importedListsCount": 0,
      "logo": "https://matcha-image-proxy.api.0x.org/images/8453/0x7d3c6842513bfa5412418b7f922c3ac5c132e0b1"
    },
    {
      "address": "0x542f047b673e5d29922db395ff9cda3a26b975f0",
      "chainId": 8453,
      "decimals": 18,
      "name": "Ankr ANKR V3",
      "symbol": "Ankr ANKR V3",
      "type": "ERC20",
      "blockListsCount": 0,
      "exchangeListsCount": 0,
      "flagListsCount": 0,
      "importedListsCount": 0,
      "logo": "https://matcha-image-proxy.api.0x.org/images/8453/0x542f047b673e5d29922db395ff9cda3a26b975f0"
    },
    {
      "address": "0xaea31f1bd0910e00e5acd9f0d66ffbd2fd3aea6a",
      "chainId": 8453,
      "decimals": 9,
      "name": "Ankr ANKR Mobile",
      "symbol": "Ankr ANKR Mobile",
      "type": "ERC20",
      "blockListsCount": 0,
      "exchangeListsCount": 0,
      "flagListsCount": 0,
      "importedListsCount": 0,
      "logo": "https://matcha-image-proxy.api.0x.org/images/8453/0xaea31f1bd0910e00e5acd9f0d66ffbd2fd3aea6a"
    },
    {
      "address": "0x462ed02d2bd4d42f72a68159e35967cc1c525a80",
      "chainId": 8453,
      "decimals": 18,
      "name": "Ankr ANKR V2",
      "symbol": "Ankr ANKR V2",
      "type": "ERC20",
      "blockListsCount": 0,
      "exchangeListsCount": 0,
      "flagListsCount": 0,
      "importedListsCount": 0,
      "buyTax": 0,
      "sellTax": 0,
      "isInDex": true,
      "isHoneypot": false,
      "logo": "https://matcha-image-proxy.api.0x.org/images/8453/0x462ed02d2bd4d42f72a68159e35967cc1c525a80"
    }
  ],
  "searchTime": "2025-12-30T01:56:54.276Z",
  "error": null
}