{
  "originalSymbol": "BIGTIME",
  "originalFullName": "Big Time",
  "searchedQuery": "BIGTIME Big Time",
  "retried": false,
  "isL1": false,
  "success": true,
  "tokenCount": 15,
  "resultCount": 10000,
  "tokens": [
    {
      "address": "0x2b591e99afe9f32eaa6214f7b7629768c40eeb39",
      "chainId": 1,
      "decimals": 8,
      "name": "HEX",
      "symbol": "HEX",
      "type": "ERC20",
      "hasLogo": true,
      "blockListsCount": 0,
      "exchangeListsCount": 0,
      "flagListsCount": 0,
      "importedListsCount": 3,
      "buyTax": 0,
      "sellTax": 0,
      "isInDex": true,
      "isHoneypot": false,
      "manualUnblock": false,
      "transactionsHourly": 2,
      "transactionsDaily": 42,
      "transactionsWeekly": 284,
      "transactionsMonthly": 1036,
      "volumeUsdHourly": 1305.2637007576786,
      "volumeUsdDaily": 24498.33730492869,
      "volumeUsdWeekly": 206184.78085172328,
      "volumeUsdMonthly": 700976.954638017,
      "logo": "https://matcha-image-proxy.api.0x.org/images/1/0x2b591e99afe9f32eaa6214f7b7629768c40eeb39"
    },
    {
      "address": "0x95ad61b0a150d79219dcf64e1e6cc01f0b64c4ce",
      "chainId": 1,
      "decimals": 18,
      "name": "SHIBA INU",
      "symbol": "SHIB",
      "type": "ERC20",
      "hasLogo": true,
      "blockListsCount": 0,
      "exchangeListsCount": 1,
      "flagListsCount": 0,
      "importedListsCount": 4,
      "buyTax": 0,
      "sellTax": 0,
      "isInDex": true,
      "isHoneypot": false,
      "manualUnblock": false,
      "transactionsHourly": 2,
      "transactionsDaily": 93,
      "transactionsWeekly": 589,
      "transactionsMonthly": 2755,
      "volumeUsdHourly": 0.794743850621092,
      "volumeUsdDaily": 33606.35719572585,
      "volumeUsdWeekly": 195135.32053402544,
      "volumeUsdMonthly": 933944.9176936948,
      "logo": "https://matcha-image-proxy.api.0x.org/images/1/0x95ad61b0a150d79219dcf64e1e6cc01f0b64c4ce"
    },
    {
      "address": "0xb8c77482e45f1f44de1745f52c74426c631bdd52",
      "chainId": 1,
      "decimals": 18,
      "name": "BNB",
      "symbol": "BNB",
      "type": "ERC20",
      "hasLogo": true,
      "blockListsCount": 0,
      "exchangeListsCount": 0,
      "flagListsCount": 0,
      "importedListsCount": 2,
      "buyTax": 0,
      "sellTax": 0,
      "isInDex": true,
      "isHoneypot": false,
      "manualUnblock": false,
      "transactionsHourly": 1,
      "transactionsDaily": 27,
      "transactionsWeekly": 243,
      "transactionsMonthly": 674,
      "volumeUsdHourly": 3.00016072140891,
      "volumeUsdDaily": 8555.833824543613,
      "volumeUsdWeekly": 76067.71258349542,
      "volumeUsdMonthly": 114305.00168281552,
      "logo": "https://matcha-image-proxy.api.0x.org/images/1/0xb8c77482e45f1f44de1745f52c74426c631bdd52"
    },
    {
      "address": "0x7f5c764cbc14f9669b88837ca1490cca17c31607",
      "chainId": 10,
      "decimals": 6,
      "name": "USD Coin",
      "symbol": "USDC",
      "type": "ERC20",
      "hasLogo": true,
      "blockListsCount": 0,
      "exchangeListsCount": 1,
      "flagListsCount": 0,
      "importedListsCount": 3,
      "buyTax": null,
      "sellTax": null,
      "isInDex": true,
      "isHoneypot": false,
      "manualUnblock": false,
      "transactionsHourly": 4,
      "transactionsDaily": 28,
      "transactionsWeekly": 539,
      "transactionsMonthly": 5026,
      "volumeUsdHourly": 240.4899665793222,
      "volumeUsdDaily": 3253.268406580367,
      "volumeUsdWeekly": 173530.85072906272,
      "volumeUsdMonthly": 1049570.9241263922,
      "logo": "https://matcha-image-proxy.api.0x.org/images/10/0x7f5c764cbc14f9669b88837ca1490cca17c31607"
    },
    {
      "address": "0xd9aaec86b65d86f6a7b5b1b0c42ffa531710b6ca",
      "chainId": 8453,
      "decimals": 6,
      "name": "USD Base Coin",
      "symbol": "USDbC",
      "type": "ERC20",
      "hasLogo": true,
      "blockListsCount": 0,
      "exchangeListsCount": 0,
      "flagListsCount": 0,
      "importedListsCount": 3,
      "buyTax": 0,
      "sellTax": 0,
      "isInDex": true,
      "isHoneypot": false,
      "manualUnblock": false,
      "transactionsHourly": 198,
      "transactionsDaily": 2009,
      "transactionsWeekly": 14368,
      "transactionsMonthly": 86329,
      "volumeUsdHourly": 5623.7357873560895,
      "volumeUsdDaily": 150384.2770527056,
      "volumeUsdWeekly": 1762122.8848556892,
      "volumeUsdMonthly": 19057333.83775555,
      "logo": "https://matcha-image-proxy.api.0x.org/images/8453/0xd9aaec86b65d86f6a7b5b1b0c42ffa531710b6ca"
    },
    {
      "address": "0x352cb5e19b12fc216548a2677bd0fce83bae434b",
      "chainId": 56,
      "decimals": 18,
      "name": "BitTorrent",
      "symbol": "BTT",
      "type": "ERC20",
      "hasLogo": true,
      "blockListsCount": 0,
      "exchangeListsCount": 0,
      "flagListsCount": 0,
      "importedListsCount": 1,
      "buyTax": 0,
      "sellTax": 0,
      "isInDex": true,
      "isHoneypot": false,
      "manualUnblock": false,
      "transactionsHourly": 1,
      "transactionsDaily": 9,
      "transactionsWeekly": 87,
      "transactionsMonthly": 368,
      "volumeUsdHourly": 20.9763045022102,
      "volumeUsdDaily": 56.61074600243429,
      "volumeUsdWeekly": 1270.363801839125,
      "volumeUsdMonthly": 15816.688807472598,
      "logo": "https://matcha-image-proxy.api.0x.org/images/56/0x352cb5e19b12fc216548a2677bd0fce83bae434b"
    },
    {
      "address": "0x8595f9da7b868b1822194faed312235e43007b49",
      "chainId": 56,
      "decimals": 18,
      "name": "BitTorrent",
      "symbol": "BTT",
      "type": "ERC20",
      "hasLogo": true,
      "blockListsCount": 0,
      "exchangeListsCount": 0,
      "flagListsCount": 0,
      "importedListsCount": 1,
      "buyTax": 0,
      "sellTax": 0,
      "isInDex": true,
      "isHoneypot": false,
      "manualUnblock": false,
      "transactionsHourly": 1,
      "transactionsDaily": 5,
      "transactionsWeekly": 37,
      "transactionsMonthly": 131,
      "volumeUsdHourly": 12.6796835649837,
      "volumeUsdDaily": 28.176133303523823,
      "volumeUsdWeekly": 9249.14490042961,
      "volumeUsdMonthly": 21233.47966228871,
      "logo": "https://matcha-image-proxy.api.0x.org/images/56/0x8595f9da7b868b1822194faed312235e43007b49"
    },
    {
      "address": "0xc669928185dbce49d2230cc9b0979be6dc797957",
      "chainId": 1,
      "decimals": 18,
      "name": "BitTorrent",
      "symbol": "BTT",
      "type": "ERC20",
      "hasLogo": true,
      "blockListsCount": 0,
      "exchangeListsCount": 0,
      "flagListsCount": 0,
      "importedListsCount": 2,
      "buyTax": 0,
      "sellTax": 0,
      "isInDex": true,
      "isHoneypot": false,
      "manualUnblock": false,
      "transactionsHourly": 3,
      "transactionsDaily": 5,
      "transactionsWeekly": 18,
      "transactionsMonthly": 106,
      "volumeUsdHourly": 56.1813240171947,
      "volumeUsdDaily": 90.24228419069937,
      "volumeUsdWeekly": 555.0219293542157,
      "volumeUsdMonthly": 6514.95116176183,
      "logo": "https://matcha-image-proxy.api.0x.org/images/1/0xc669928185dbce49d2230cc9b0979be6dc797957"
    },
    {
      "address": "0x0c880f6761f1af8d9aa9c466984b80dab9a8c9e8",
      "chainId": 42161,
      "decimals": 18,
      "name": "Pendle",
      "symbol": "PENDLE",
      "type": "ERC20",
      "hasLogo": true,
      "blockListsCount": 0,
      "exchangeListsCount": 0,
      "flagListsCount": 0,
      "importedListsCount": 2,
      "buyTax": 0,
      "sellTax": 0,
      "isInDex": true,
      "isHoneypot": false,
      "manualUnblock": false,
      "transactionsHourly": 2,
      "transactionsDaily": 195,
      "transactionsWeekly": 855,
      "transactionsMonthly": 2189,
      "volumeUsdHourly": 205.5659765901725,
      "volumeUsdDaily": 189054.0056429404,
      "volumeUsdWeekly": 574597.4344733419,
      "volumeUsdMonthly": 1305686.240605231,
      "logo": "https://matcha-image-proxy.api.0x.org/images/42161/0x0c880f6761f1af8d9aa9c466984b80dab9a8c9e8"
    },
    {
      "address": "0x9ac9468e7e3e1d194080827226b45d0b892c77fd",
      "chainId": 1,
      "decimals": 9,
      "name": "Yee Token",
      "symbol": "Yee",
      "type": "ERC20",
      "hasLogo": true,
      "blockListsCount": 0,
      "exchangeListsCount": 0,
      "flagListsCount": 0,
      "importedListsCount": 2,
      "buyTax": 0,
      "sellTax": 0,
      "isInDex": true,
      "isHoneypot": false,
      "manualUnblock": false,
      "transactionsHourly": 5,
      "transactionsDaily": 89,
      "transactionsWeekly": 786,
      "transactionsMonthly": 3589,
      "volumeUsdHourly": 3740.573705113945,
      "volumeUsdDaily": 177402.02779978924,
      "volumeUsdWeekly": 700915.0858314718,
      "volumeUsdMonthly": 2246020.24007648,
      "logo": "https://matcha-image-proxy.api.0x.org/images/1/0x9ac9468e7e3e1d194080827226b45d0b892c77fd"
    },
    {
      "address": "0xe06bd4f5aac8d0aa337d13ec88db6defc6eaeefe",
      "chainId": 137,
      "decimals": 18,
      "name": "PlanetIX",
      "symbol": "IXT",
      "type": "ERC20",
      "hasLogo": true,
      "blockListsCount": 0,
      "exchangeListsCount": 0,
      "flagListsCount": 0,
      "importedListsCount": 1,
      "buyTax": 0,
      "sellTax": 0,
      "isInDex": false,
      "isHoneypot": false,
      "manualUnblock": false,
      "transactionsHourly": 2,
      "transactionsDaily": 13,
      "transactionsWeekly": 130,
      "transactionsMonthly": 931,
      "volumeUsdHourly": 1699.138206161297,
      "volumeUsdDaily": 7398.239332835308,
      "volumeUsdWeekly": 23990.326873506165,
      "volumeUsdMonthly": 99356.7995972081,
      "logo": "https://matcha-image-proxy.api.0x.org/images/137/0xe06bd4f5aac8d0aa337d13ec88db6defc6eaeefe"
    },
    {
      "address": "0x0d8775f648430679a709e98d2b0cb6250d2887ef",
      "chainId": 1,
      "decimals": 18,
      "name": "Basic Attention Token",
      "symbol": "BAT",
      "type": "ERC20",
      "hasLogo": true,
      "blockListsCount": 0,
      "exchangeListsCount": 1,
      "flagListsCount": 0,
      "importedListsCount": 6,
      "buyTax": 0,
      "sellTax": 0,
      "isInDex": true,
      "isHoneypot": false,
      "manualUnblock": false,
      "transactionsHourly": 1,
      "transactionsDaily": 4,
      "transactionsWeekly": 47,
      "transactionsMonthly": 352,
      "volumeUsdHourly": 2478.45411464031,
      "volumeUsdDaily": 4187.44841344956,
      "volumeUsdWeekly": 26186.77204307648,
      "volumeUsdMonthly": 638091.7822146413,
      "logo": "https://matcha-image-proxy.api.0x.org/images/1/0x0d8775f648430679a709e98d2b0cb6250d2887ef"
    },
    {
      "address": "0x9b8df6e244526ab5f6e6400d331db28c8fdddb55",
      "chainId": 8453,
      "decimals": 18,
      "name": "Solana (Universal)",
      "symbol": "uSOL",
      "type": "ERC20",
      "hasLogo": true,
      "blockListsCount": 0,
      "exchangeListsCount": 0,
      "flagListsCount": 0,
      "importedListsCount": 1,
      "buyTax": 0,
      "sellTax": 0,
      "isInDex": true,
      "isHoneypot": false,
      "manualUnblock": false,
      "transactionsHourly": 1,
      "transactionsDaily": 87,
      "transactionsWeekly": 461,
      "transactionsMonthly": 2286,
      "volumeUsdHourly": 14.2367093226215,
      "volumeUsdDaily": 99996.52474080712,
      "volumeUsdWeekly": 267087.188239129,
      "volumeUsdMonthly": 1354256.4531264736,
      "logo": "https://matcha-image-proxy.api.0x.org/images/8453/0x9b8df6e244526ab5f6e6400d331db28c8fdddb55"
    },
    {
      "address": "0x9e6a46f294bb67c20f1d1e7afb0bbef614403b55",
      "chainId": 8453,
      "decimals": 8,
      "name": "MAG7.ssi",
      "symbol": "MAG7.ssi",
      "type": "ERC20",
      "hasLogo": true,
      "blockListsCount": 0,
      "exchangeListsCount": 0,
      "flagListsCount": 0,
      "importedListsCount": 1,
      "buyTax": 0,
      "sellTax": 0,
      "isInDex": true,
      "isHoneypot": false,
      "manualUnblock": false,
      "transactionsHourly": 3,
      "transactionsDaily": 170,
      "transactionsWeekly": 4370,
      "transactionsMonthly": 13350,
      "volumeUsdHourly": 16.980224332500004,
      "volumeUsdDaily": 2044.3110043601432,
      "volumeUsdWeekly": 51504.75151248709,
      "volumeUsdMonthly": 169051.9936436105,
      "logo": "https://matcha-image-proxy.api.0x.org/images/8453/0x9e6a46f294bb67c20f1d1e7afb0bbef614403b55"
    },
    {
      "address": "0x4b87f578d6fabf381f43bd2197fbb2a877da6ef8",
      "chainId": 56,
      "decimals": 9,
      "name": "The Big Five Token",
      "symbol": "BFT",
      "type": "ERC20",
      "hasLogo": true,
      "blockListsCount": 0,
      "exchangeListsCount": 0,
      "flagListsCount": 0,
      "importedListsCount": 1,
      "buyTax": 0,
      "sellTax": 0,
      "isInDex": true,
      "isHoneypot": false,
      "manualUnblock": false,
      "transactionsHourly": 1,
      "transactionsDaily": 14,
      "transactionsWeekly": 71,
      "transactionsMonthly": 374,
      "volumeUsdHourly": 12.3116728988518,
      "volumeUsdDaily": 445.352999039322,
      "volumeUsdWeekly": 3157.8567156452436,
      "volumeUsdMonthly": 14570.179832490852,
      "logo": "https://matcha-image-proxy.api.0x.org/images/56/0x4b87f578d6fabf381f43bd2197fbb2a877da6ef8"
    }
  ],
  "searchTime": "2025-12-30T01:58:32.200Z",
  "error": null
}