{
  "originalSymbol": "BTT",
  "originalFullName": "BitTorrent",
  "searchedQuery": "BTT BitTorrent",
  "retried": false,
  "isL1": false,
  "success": true,
  "tokenCount": 15,
  "resultCount": 3002,
  "tokens": [
    {
      "address": "0x352cb5e19b12fc216548a2677bd0fce83bae434b",
      "chainId": 56,
      "decimals": 18,
      "name": "BitTorrent",
      "symbol": "BTT",
      "type": "ERC20",
      "hasLogo": true,
      "blockListsCount": 0,
      "exchangeListsCount": 0,
      "flagListsCount": 0,
      "importedListsCount": 1,
      "buyTax": 0,
      "sellTax": 0,
      "isInDex": true,
      "isHoneypot": false,
      "manualUnblock": false,
      "transactionsHourly": 1,
      "transactionsDaily": 9,
      "transactionsWeekly": 87,
      "transactionsMonthly": 368,
      "volumeUsdHourly": 20.9763045022102,
      "volumeUsdDaily": 56.61074600243429,
      "volumeUsdWeekly": 1270.363801839125,
      "volumeUsdMonthly": 15816.688807472598,
      "logo": "https://matcha-image-proxy.api.0x.org/images/56/0x352cb5e19b12fc216548a2677bd0fce83bae434b"
    },
    {
      "address": "0x8595f9da7b868b1822194faed312235e43007b49",
      "chainId": 56,
      "decimals": 18,
      "name": "BitTorrent",
      "symbol": "BTT",
      "type": "ERC20",
      "hasLogo": true,
      "blockListsCount": 0,
      "exchangeListsCount": 0,
      "flagListsCount": 0,
      "importedListsCount": 1,
      "buyTax": 0,
      "sellTax": 0,
      "isInDex": true,
      "isHoneypot": false,
      "manualUnblock": false,
      "transactionsHourly": 1,
      "transactionsDaily": 5,
      "transactionsWeekly": 37,
      "transactionsMonthly": 131,
      "volumeUsdHourly": 12.6796835649837,
      "volumeUsdDaily": 28.176133303523823,
      "volumeUsdWeekly": 9249.14490042961,
      "volumeUsdMonthly": 21233.47966228871,
      "logo": "https://matcha-image-proxy.api.0x.org/images/56/0x8595f9da7b868b1822194faed312235e43007b49"
    },
    {
      "address": "0xc669928185dbce49d2230cc9b0979be6dc797957",
      "chainId": 1,
      "decimals": 18,
      "name": "BitTorrent",
      "symbol": "BTT",
      "type": "ERC20",
      "hasLogo": true,
      "blockListsCount": 0,
      "exchangeListsCount": 0,
      "flagListsCount": 0,
      "importedListsCount": 2,
      "buyTax": 0,
      "sellTax": 0,
      "isInDex": true,
      "isHoneypot": false,
      "manualUnblock": false,
      "transactionsHourly": 3,
      "transactionsDaily": 5,
      "transactionsWeekly": 18,
      "transactionsMonthly": 106,
      "volumeUsdHourly": 56.1813240171947,
      "volumeUsdDaily": 90.24228419069937,
      "volumeUsdWeekly": 555.0219293542157,
      "volumeUsdMonthly": 6514.95116176183,
      "logo": "https://matcha-image-proxy.api.0x.org/images/1/0xc669928185dbce49d2230cc9b0979be6dc797957"
    },
    {
      "address": "0x14a4053483fb95f3c341f2acfb241d858207d630",
      "chainId": 8453,
      "decimals": 18,
      "name": "BTT BitTorrent New On Base",
      "symbol": "BTT BitTorrent New On Base",
      "type": "ERC20",
      "blockListsCount": 0,
      "exchangeListsCount": 0,
      "flagListsCount": 0,
      "importedListsCount": 0,
      "logo": "https://matcha-image-proxy.api.0x.org/images/8453/0x14a4053483fb95f3c341f2acfb241d858207d630"
    },
    {
      "address": "0x2151a500a1d01846f06b460e27181e95066fe7eb",
      "chainId": 8453,
      "decimals": 18,
      "name": "BitTorrent (BTT)",
      "symbol": "BitTorrent (BTT)",
      "type": "ERC20",
      "issuer": {
        "name": "zora",
        "metadata": {}
      },
      "blockListsCount": 0,
      "exchangeListsCount": 0,
      "flagListsCount": 0,
      "importedListsCount": 0,
      "buyTax": null,
      "sellTax": null,
      "isInDex": false,
      "isHoneypot": false,
      "transactionsHourly": 1,
      "transactionsDaily": 1,
      "transactionsWeekly": 2,
      "transactionsMonthly": 10,
      "volumeUsdHourly": 19.9001904581617,
      "volumeUsdDaily": 19.9001904581617,
      "volumeUsdWeekly": 44.3089559307577,
      "volumeUsdMonthly": 245.25294474127784,
      "logo": "https://matcha-image-proxy.api.0x.org/images/8453/0x2151a500a1d01846f06b460e27181e95066fe7eb"
    },
    {
      "address": "0x9547543e2951bd703fbfc488a4d7102bbb8435e9",
      "chainId": 1,
      "decimals": 18,
      "name": "BTT TRON INC",
      "symbol": "BTT",
      "type": "ERC20",
      "blockListsCount": 1,
      "exchangeListsCount": 0,
      "flagListsCount": 1,
      "importedListsCount": 0,
      "buyTax": 0,
      "sellTax": null,
      "isInDex": true,
      "isHoneypot": null,
      "manualUnblock": false,
      "logo": "https://matcha-image-proxy.api.0x.org/images/1/0x9547543e2951bd703fbfc488a4d7102bbb8435e9"
    },
    {
      "address": "0x4b803d6ea09df25c5cf4e8eae5e465d9c4f95159",
      "chainId": 56,
      "decimals": 8,
      "name": "3X SHORP BTT",
      "symbol": "3xBTT",
      "type": "ERC20",
      "blockListsCount": 1,
      "exchangeListsCount": 0,
      "flagListsCount": 1,
      "importedListsCount": 0,
      "buyTax": 0,
      "sellTax": 0,
      "isInDex": true,
      "isHoneypot": false,
      "manualUnblock": false,
      "logo": "https://matcha-image-proxy.api.0x.org/images/56/0x4b803d6ea09df25c5cf4e8eae5e465d9c4f95159"
    },
    {
      "address": "0xd948abbb16835bec5090196f95069f36cdbde269",
      "chainId": 8453,
      "decimals": 18,
      "name": "BTT BitTorrent New Perpetual",
      "symbol": "BTTBIT",
      "type": "ERC20",
      "blockListsCount": 0,
      "exchangeListsCount": 0,
      "flagListsCount": 0,
      "importedListsCount": 0,
      "logo": "https://matcha-image-proxy.api.0x.org/images/8453/0xd948abbb16835bec5090196f95069f36cdbde269"
    },
    {
      "address": "0xe795490a3cc5343657d7c4319abb5a4f51575f28",
      "chainId": 8453,
      "decimals": 18,
      "name": "BTT",
      "symbol": "BTT",
      "type": "ERC20",
      "issuer": {
        "name": "zora",
        "metadata": {}
      },
      "blockListsCount": 0,
      "exchangeListsCount": 0,
      "flagListsCount": 0,
      "importedListsCount": 0,
      "logo": "https://matcha-image-proxy.api.0x.org/images/8453/0xe795490a3cc5343657d7c4319abb5a4f51575f28"
    },
    {
      "address": "0x14777937a2f2e1e7d4ba348bdaa9e6529e17f7c9",
      "chainId": 8453,
      "decimals": 18,
      "name": "btt",
      "symbol": "btt",
      "type": "ERC20",
      "issuer": {
        "name": "zora",
        "metadata": {}
      },
      "blockListsCount": 0,
      "exchangeListsCount": 0,
      "flagListsCount": 0,
      "importedListsCount": 0,
      "buyTax": 0,
      "sellTax": 0,
      "isInDex": true,
      "isHoneypot": false,
      "logo": "https://matcha-image-proxy.api.0x.org/images/8453/0x14777937a2f2e1e7d4ba348bdaa9e6529e17f7c9"
    },
    {
      "address": "0xbe3df7150bef293f8f2e484469b5a9e21c60d6c9",
      "chainId": 8453,
      "decimals": 18,
      "name": "btt",
      "symbol": "btt",
      "type": "ERC20",
      "issuer": {
        "name": "zora",
        "metadata": {}
      },
      "blockListsCount": 0,
      "exchangeListsCount": 0,
      "flagListsCount": 0,
      "importedListsCount": 0,
      "buyTax": null,
      "sellTax": null,
      "isInDex": false,
      "isHoneypot": false,
      "logo": "https://matcha-image-proxy.api.0x.org/images/8453/0xbe3df7150bef293f8f2e484469b5a9e21c60d6c9"
    },
    {
      "address": "0xee1bfcd0e5b3904a31ff8fdc849b5b6d5635f86b",
      "chainId": 8453,
      "decimals": 18,
      "name": "BTT",
      "symbol": "BTT",
      "type": "ERC20",
      "issuer": {
        "name": "zora",
        "metadata": {}
      },
      "blockListsCount": 0,
      "exchangeListsCount": 0,
      "flagListsCount": 0,
      "importedListsCount": 0,
      "logo": "https://matcha-image-proxy.api.0x.org/images/8453/0xee1bfcd0e5b3904a31ff8fdc849b5b6d5635f86b"
    },
    {
      "address": "0x5d31e16b6f229a9caca808e92052d15cfdd7dadd",
      "chainId": 8453,
      "decimals": 18,
      "name": "BTT",
      "symbol": "BTT",
      "type": "ERC20",
      "issuer": {
        "name": "zora",
        "metadata": {}
      },
      "blockListsCount": 0,
      "exchangeListsCount": 0,
      "flagListsCount": 0,
      "importedListsCount": 0,
      "logo": "https://matcha-image-proxy.api.0x.org/images/8453/0x5d31e16b6f229a9caca808e92052d15cfdd7dadd"
    },
    {
      "address": "0xc53545c6207eb5c717a606d33d54eb245e67ce4f",
      "chainId": 8453,
      "decimals": 18,
      "name": "btt",
      "symbol": "btt",
      "type": "ERC20",
      "issuer": {
        "name": "zora",
        "metadata": {}
      },
      "blockListsCount": 0,
      "exchangeListsCount": 0,
      "flagListsCount": 0,
      "importedListsCount": 0,
      "buyTax": null,
      "sellTax": null,
      "isInDex": false,
      "isHoneypot": false,
      "logo": "https://matcha-image-proxy.api.0x.org/images/8453/0xc53545c6207eb5c717a606d33d54eb245e67ce4f"
    },
    {
      "address": "0x198d14f2ad9ce69e76ea330b374de4957c3f850a",
      "chainId": 1,
      "decimals": 6,
      "name": "APENFT",
      "symbol": "NFT",
      "type": "ERC20",
      "hasLogo": true,
      "blockListsCount": 0,
      "exchangeListsCount": 0,
      "flagListsCount": 0,
      "importedListsCount": 2,
      "buyTax": 0,
      "sellTax": 0,
      "isInDex": true,
      "isHoneypot": false,
      "manualUnblock": false,
      "transactionsHourly": 1,
      "transactionsDaily": 1,
      "transactionsWeekly": 6,
      "transactionsMonthly": 39,
      "volumeUsdHourly": 50.0004785380946,
      "volumeUsdDaily": 50.0004785380946,
      "volumeUsdWeekly": 56.19117894053816,
      "volumeUsdMonthly": 530.0892238072688,
      "logo": "https://matcha-image-proxy.api.0x.org/images/1/0x198d14f2ad9ce69e76ea330b374de4957c3f850a"
    }
  ],
  "searchTime": "2025-12-30T01:58:51.442Z",
  "error": null
}