{
  "originalSymbol": "BARD",
  "originalFullName": "Lombard",
  "searchedQuery": "BARD Lombard",
  "retried": false,
  "isL1": false,
  "success": true,
  "tokenCount": 15,
  "resultCount": 1611,
  "tokens": [
    {
      "address": "0x8236a87084f8b84306f72007f36f2618a5634494",
      "chainId": 1,
      "decimals": 8,
      "name": "Lombard Staked Bitcoin",
      "symbol": "LBTC",
      "type": "ERC20",
      "hasLogo": true,
      "blockListsCount": 0,
      "exchangeListsCount": 0,
      "flagListsCount": 0,
      "importedListsCount": 2,
      "buyTax": 0,
      "sellTax": 0,
      "isInDex": true,
      "isHoneypot": false,
      "manualUnblock": false,
      "transactionsHourly": 6,
      "transactionsDaily": 6,
      "transactionsWeekly": 38,
      "transactionsMonthly": 162,
      "volumeUsdHourly": 272640.4706685052,
      "volumeUsdDaily": 272640.4706685052,
      "volumeUsdWeekly": 385695.08909030026,
      "volumeUsdMonthly": 755975.9430470223,
      "logo": "https://matcha-image-proxy.api.0x.org/images/1/0x8236a87084f8b84306f72007f36f2618a5634494"
    },
    {
      "address": "0x4fe09a4692fb5ad9f3c3f29eb6d3536fff583dd1",
      "chainId": 8453,
      "decimals": 18,
      "name": "$BARD LOMBARD$BARD",
      "symbol": "$BARD LOMBARD$BARD",
      "type": "ERC20",
      "blockListsCount": 0,
      "exchangeListsCount": 0,
      "flagListsCount": 0,
      "importedListsCount": 0,
      "logo": "https://matcha-image-proxy.api.0x.org/images/8453/0x4fe09a4692fb5ad9f3c3f29eb6d3536fff583dd1"
    },
    {
      "address": "0x0bb086a96a0d3080a2f3c7aedb684ad9e96d4691",
      "chainId": 8453,
      "decimals": 18,
      "name": "$BARD $LOMBARD",
      "symbol": "$BARD $LOMBARD",
      "type": "ERC20",
      "blockListsCount": 0,
      "exchangeListsCount": 0,
      "flagListsCount": 0,
      "importedListsCount": 0,
      "logo": "https://matcha-image-proxy.api.0x.org/images/8453/0x0bb086a96a0d3080a2f3c7aedb684ad9e96d4691"
    },
    {
      "address": "0xecac9c5f704e954931349da37f60e39f515c11c1",
      "chainId": 8453,
      "decimals": 8,
      "name": "Lombard Staked Bitcoin",
      "symbol": "LBTC",
      "type": "ERC20",
      "hasLogo": true,
      "blockListsCount": 0,
      "exchangeListsCount": 0,
      "flagListsCount": 0,
      "importedListsCount": 1,
      "buyTax": null,
      "sellTax": null,
      "isInDex": true,
      "isHoneypot": false,
      "manualUnblock": false,
      "transactionsHourly": 1,
      "transactionsDaily": 6,
      "transactionsWeekly": 70,
      "transactionsMonthly": 331,
      "volumeUsdHourly": 357.189499943491,
      "volumeUsdDaily": 385.78586659045857,
      "volumeUsdWeekly": 21905.25873963165,
      "volumeUsdMonthly": 465331.8852160968,
      "logo": "https://matcha-image-proxy.api.0x.org/images/8453/0xecac9c5f704e954931349da37f60e39f515c11c1"
    },
    {
      "address": "0xf0db65d17e30a966c2ae6a21f6bba71cea6e9754",
      "chainId": 1,
      "decimals": 18,
      "name": "Lombard",
      "symbol": "BARD",
      "type": "ERC20",
      "hasLogo": true,
      "blockListsCount": 0,
      "exchangeListsCount": 0,
      "flagListsCount": 0,
      "importedListsCount": 3,
      "buyTax": 0,
      "sellTax": 0,
      "isInDex": true,
      "isHoneypot": false,
      "manualUnblock": false,
      "transactionsHourly": 1,
      "transactionsDaily": 1,
      "transactionsWeekly": 31,
      "transactionsMonthly": 232,
      "volumeUsdHourly": 55.447091743614,
      "volumeUsdDaily": 55.447091743614,
      "volumeUsdWeekly": 1572.0436820832851,
      "volumeUsdMonthly": 69602.25227992624,
      "logo": "https://matcha-image-proxy.api.0x.org/images/1/0xf0db65d17e30a966c2ae6a21f6bba71cea6e9754"
    },
    {
      "address": "0xc43c6bfeda065fe2c4c11765bf838789bd0bb5de",
      "chainId": 1,
      "decimals": 18,
      "name": "Redstone",
      "symbol": "RED",
      "type": "ERC20",
      "hasLogo": true,
      "blockListsCount": 0,
      "exchangeListsCount": 0,
      "flagListsCount": 0,
      "importedListsCount": 3,
      "buyTax": 0,
      "sellTax": 0,
      "isInDex": true,
      "isHoneypot": false,
      "manualUnblock": false,
      "transactionsHourly": 1,
      "transactionsDaily": 16,
      "transactionsWeekly": 32,
      "transactionsMonthly": 132,
      "volumeUsdHourly": 476.726816859568,
      "volumeUsdDaily": 1522.5307918952913,
      "volumeUsdWeekly": 5373.157942959159,
      "volumeUsdMonthly": 40081.70412267077,
      "logo": "https://matcha-image-proxy.api.0x.org/images/1/0xc43c6bfeda065fe2c4c11765bf838789bd0bb5de"
    },
    {
      "address": "0xbc544207ff1c5b2bc47a35f745010b603b97e99e",
      "chainId": 1,
      "decimals": 18,
      "name": "AI PIN",
      "symbol": "AI",
      "type": "ERC20",
      "hasLogo": true,
      "blockListsCount": 0,
      "exchangeListsCount": 0,
      "flagListsCount": 0,
      "importedListsCount": 2,
      "buyTax": 0,
      "sellTax": 0,
      "isInDex": true,
      "isHoneypot": false,
      "manualUnblock": false,
      "transactionsHourly": 1,
      "transactionsDaily": 4,
      "transactionsWeekly": 13,
      "transactionsMonthly": 23,
      "volumeUsdHourly": 4.3208927120883,
      "volumeUsdDaily": 20.85881504307433,
      "volumeUsdWeekly": 569.7164665038808,
      "volumeUsdMonthly": 777.5793982868757,
      "logo": "https://matcha-image-proxy.api.0x.org/images/1/0xbc544207ff1c5b2bc47a35f745010b603b97e99e"
    },
    {
      "address": "0xd23a186a78c0b3b805505e5f8ea4083295ef9f3a",
      "chainId": 56,
      "decimals": 18,
      "name": "Lombard",
      "symbol": "BARD",
      "type": "ERC20",
      "hasLogo": true,
      "blockListsCount": 0,
      "exchangeListsCount": 0,
      "flagListsCount": 0,
      "importedListsCount": 1,
      "buyTax": 0,
      "sellTax": 0,
      "isInDex": true,
      "isHoneypot": false,
      "manualUnblock": false,
      "transactionsHourly": 1,
      "transactionsDaily": 1,
      "transactionsWeekly": 4,
      "transactionsMonthly": 71,
      "volumeUsdHourly": 70.6664362338732,
      "volumeUsdDaily": 70.6664362338732,
      "volumeUsdWeekly": 267.50026224496094,
      "volumeUsdMonthly": 5389.210082296199,
      "logo": "https://matcha-image-proxy.api.0x.org/images/56/0xd23a186a78c0b3b805505e5f8ea4083295ef9f3a"
    },
    {
      "address": "0x657e8c867d8b37dcc18fa4caead9c45eb088c642",
      "chainId": 1,
      "decimals": 8,
      "name": "ether.fi BTC",
      "symbol": "eBTC",
      "type": "ERC20",
      "hasLogo": true,
      "blockListsCount": 0,
      "exchangeListsCount": 0,
      "flagListsCount": 0,
      "importedListsCount": 2,
      "buyTax": 0,
      "sellTax": 0,
      "isInDex": false,
      "isHoneypot": false,
      "manualUnblock": false,
      "transactionsHourly": 1,
      "transactionsDaily": 1,
      "transactionsWeekly": 4,
      "transactionsMonthly": 34,
      "volumeUsdDaily": 40282.7870622685,
      "volumeUsdWeekly": 42933.44087498841,
      "volumeUsdMonthly": 77497.4324425193,
      "logo": "https://matcha-image-proxy.api.0x.org/images/1/0x657e8c867d8b37dcc18fa4caead9c45eb088c642"
    },
    {
      "address": "0xffef543fb68d5129a13b670654ccd0e8ea4b9442",
      "chainId": 8453,
      "decimals": 18,
      "name": "BARD",
      "symbol": "BARD",
      "type": "ERC20",
      "blockListsCount": 0,
      "exchangeListsCount": 0,
      "flagListsCount": 0,
      "importedListsCount": 0,
      "buyTax": null,
      "sellTax": null,
      "isInDex": false,
      "isHoneypot": false,
      "transactionsHourly": 6,
      "transactionsDaily": 6,
      "transactionsWeekly": 6,
      "transactionsMonthly": 6,
      "volumeUsdHourly": 209.30037138908725,
      "volumeUsdDaily": 209.30037138908725,
      "volumeUsdWeekly": 209.51773676409852,
      "volumeUsdMonthly": 209.51773676409852,
      "logo": "https://matcha-image-proxy.api.0x.org/images/8453/0xffef543fb68d5129a13b670654ccd0e8ea4b9442"
    },
    {
      "address": "0x1fb389cd55ed320b2210d75fa12a5619812e0cea",
      "chainId": 8453,
      "decimals": 18,
      "name": "BARD",
      "symbol": "BARD",
      "type": "ERC20",
      "blockListsCount": 0,
      "exchangeListsCount": 0,
      "flagListsCount": 0,
      "importedListsCount": 0,
      "buyTax": null,
      "sellTax": null,
      "isInDex": false,
      "isHoneypot": false,
      "transactionsHourly": 8,
      "transactionsDaily": 8,
      "transactionsWeekly": 8,
      "transactionsMonthly": 8,
      "volumeUsdHourly": 31.469656451537077,
      "volumeUsdDaily": 31.469656451537077,
      "volumeUsdWeekly": 31.6950403787549,
      "volumeUsdMonthly": 31.6950403787549,
      "logo": "https://matcha-image-proxy.api.0x.org/images/8453/0x1fb389cd55ed320b2210d75fa12a5619812e0cea"
    },
    {
      "address": "0x9e7e87608a34bc66396d53e69b9495bd8f5414df",
      "chainId": 1,
      "decimals": 9,
      "name": "Bard Protocol",
      "symbol": "BARD",
      "type": "ERC20",
      "hasLogo": true,
      "blockListsCount": 1,
      "exchangeListsCount": 0,
      "flagListsCount": 1,
      "importedListsCount": 0,
      "buyTax": 0.04,
      "sellTax": 0.04,
      "isInDex": true,
      "isHoneypot": false,
      "manualUnblock": false,
      "transactionsHourly": 1,
      "transactionsDaily": 1,
      "transactionsWeekly": 1,
      "transactionsMonthly": 1,
      "volumeUsdHourly": 3.98098605622475,
      "volumeUsdDaily": 3.9666880893186,
      "volumeUsdWeekly": 3.9666880893186,
      "volumeUsdMonthly": 3.9666880893186,
      "logo": "https://matcha-image-proxy.api.0x.org/images/1/0x9e7e87608a34bc66396d53e69b9495bd8f5414df"
    },
    {
      "address": "0x704d8ef9dc0c9bdf289f60e75e1a7bc2c39bdc31",
      "chainId": 8453,
      "decimals": 18,
      "name": "BARD",
      "symbol": "BARD",
      "type": "ERC20",
      "blockListsCount": 0,
      "exchangeListsCount": 0,
      "flagListsCount": 0,
      "importedListsCount": 0,
      "buyTax": null,
      "sellTax": null,
      "isInDex": false,
      "isHoneypot": false,
      "transactionsHourly": 4,
      "transactionsDaily": 4,
      "transactionsWeekly": 4,
      "transactionsMonthly": 4,
      "volumeUsdHourly": 103.66214004292507,
      "volumeUsdDaily": 103.66214004292507,
      "volumeUsdWeekly": 103.76979661226332,
      "volumeUsdMonthly": 103.76979661226332,
      "logo": "https://matcha-image-proxy.api.0x.org/images/8453/0x704d8ef9dc0c9bdf289f60e75e1a7bc2c39bdc31"
    },
    {
      "address": "0xb993deb0798f1eae6404da246e8d6831e620bddf",
      "chainId": 8453,
      "decimals": 18,
      "name": "BARD",
      "symbol": "BARD",
      "type": "ERC20",
      "blockListsCount": 0,
      "exchangeListsCount": 0,
      "flagListsCount": 0,
      "importedListsCount": 0,
      "buyTax": null,
      "sellTax": null,
      "isInDex": false,
      "isHoneypot": false,
      "transactionsHourly": 6,
      "transactionsDaily": 6,
      "transactionsWeekly": 6,
      "transactionsMonthly": 6,
      "volumeUsdHourly": 31.43906446048048,
      "volumeUsdDaily": 31.43906446048048,
      "volumeUsdWeekly": 31.664229289561767,
      "volumeUsdMonthly": 31.664229289561767,
      "logo": "https://matcha-image-proxy.api.0x.org/images/8453/0xb993deb0798f1eae6404da246e8d6831e620bddf"
    },
    {
      "address": "0xe05c99fd798c09c066b87d841ecf89dac4b4856e",
      "chainId": 1,
      "decimals": 4,
      "name": "Bard",
      "symbol": "BARD",
      "type": "ERC20",
      "hasLogo": true,
      "blockListsCount": 0,
      "exchangeListsCount": 0,
      "flagListsCount": 0,
      "importedListsCount": 0,
      "buyTax": 0,
      "sellTax": 0,
      "isInDex": false,
      "isHoneypot": false,
      "logo": "https://matcha-image-proxy.api.0x.org/images/1/0xe05c99fd798c09c066b87d841ecf89dac4b4856e"
    }
  ],
  "searchTime": "2025-12-30T01:58:14.714Z",
  "error": null
}