{
  "originalSymbol": "ARKM",
  "originalFullName": "Arkham",
  "searchedQuery": "ARKM Arkham",
  "retried": false,
  "isL1": false,
  "success": true,
  "tokenCount": 15,
  "resultCount": 1191,
  "tokens": [
    {
      "address": "0x6e2a43be0b1d33b726f0ca3b8de60b3482b8b050",
      "chainId": 1,
      "decimals": 18,
      "name": "Arkham",
      "symbol": "ARKM",
      "type": "ERC20",
      "hasLogo": true,
      "blockListsCount": 0,
      "exchangeListsCount": 1,
      "flagListsCount": 0,
      "importedListsCount": 3,
      "buyTax": 0,
      "sellTax": 0,
      "isInDex": true,
      "isHoneypot": false,
      "manualUnblock": false,
      "transactionsHourly": 1,
      "transactionsDaily": 4,
      "transactionsWeekly": 25,
      "transactionsMonthly": 145,
      "volumeUsdHourly": 10.1725161751112,
      "volumeUsdDaily": 1369.0529003680967,
      "volumeUsdWeekly": 13424.55769597426,
      "volumeUsdMonthly": 58602.35800313786,
      "logo": "https://matcha-image-proxy.api.0x.org/images/1/0x6e2a43be0b1d33b726f0ca3b8de60b3482b8b050"
    },
    {
      "address": "0x48bec5613cd7ee883c48762ce740722a6d1f4bb4",
      "chainId": 8453,
      "decimals": 18,
      "name": "ARKM Arkham On Base",
      "symbol": "ARKM Arkham On Base",
      "type": "ERC20",
      "blockListsCount": 0,
      "exchangeListsCount": 0,
      "flagListsCount": 0,
      "importedListsCount": 0,
      "logo": "https://matcha-image-proxy.api.0x.org/images/8453/0x48bec5613cd7ee883c48762ce740722a6d1f4bb4"
    },
    {
      "address": "0xe4ba6e4f90d2428b55a73f6f7465f7ec5cea444c",
      "chainId": 56,
      "decimals": 9,
      "name": "ARKM Arkham AI Presale v2",
      "symbol": "ARKM Arkham AI Presale v2",
      "type": "ERC20",
      "blockListsCount": 0,
      "exchangeListsCount": 0,
      "flagListsCount": 0,
      "importedListsCount": 0,
      "logo": "https://matcha-image-proxy.api.0x.org/images/56/0xe4ba6e4f90d2428b55a73f6f7465f7ec5cea444c"
    },
    {
      "address": "0x0db503e99f5a027ecb79ac3fbd72ecfa79f3c242",
      "chainId": 130,
      "decimals": 18,
      "name": "Google Arkm",
      "symbol": "Google Arkm",
      "type": "ERC20",
      "blockListsCount": 1,
      "exchangeListsCount": 0,
      "flagListsCount": 1,
      "importedListsCount": 0,
      "manualUnblock": false,
      "logo": "https://matcha-image-proxy.api.0x.org/images/130/0x0db503e99f5a027ecb79ac3fbd72ecfa79f3c242"
    },
    {
      "address": "0x3b75f7e57549b00af06c4133ae74b8ad85643a89",
      "chainId": 56,
      "decimals": 18,
      "name": "ARKM Arkham On Binance Alpha",
      "symbol": "ARKM Arkha",
      "type": "ERC20",
      "blockListsCount": 0,
      "exchangeListsCount": 0,
      "flagListsCount": 0,
      "importedListsCount": 0,
      "logo": "https://matcha-image-proxy.api.0x.org/images/56/0x3b75f7e57549b00af06c4133ae74b8ad85643a89"
    },
    {
      "address": "0x971c6ee6db7823ae874c493f1db917f70ecdd0c8",
      "chainId": 8453,
      "decimals": 18,
      "name": "ARKM Arkham Perpetual",
      "symbol": "ARKMAR",
      "type": "ERC20",
      "blockListsCount": 0,
      "exchangeListsCount": 0,
      "flagListsCount": 0,
      "importedListsCount": 0,
      "logo": "https://matcha-image-proxy.api.0x.org/images/8453/0x971c6ee6db7823ae874c493f1db917f70ecdd0c8"
    },
    {
      "address": "0x8ddfb3d10200b180e3b2bc105abf175357ab9a3f",
      "chainId": 8453,
      "decimals": 18,
      "name": "ARKM",
      "symbol": "ARKM",
      "type": "ERC20",
      "issuer": {
        "name": "zora",
        "metadata": {}
      },
      "blockListsCount": 0,
      "exchangeListsCount": 0,
      "flagListsCount": 0,
      "importedListsCount": 0,
      "logo": "https://matcha-image-proxy.api.0x.org/images/8453/0x8ddfb3d10200b180e3b2bc105abf175357ab9a3f"
    },
    {
      "address": "0xe8682c2d9c190a00ffce4f253da75142ae22ae27",
      "chainId": 8453,
      "decimals": 18,
      "name": "ARKM",
      "symbol": "ARKM",
      "type": "ERC20",
      "issuer": {
        "name": "zora",
        "metadata": {}
      },
      "blockListsCount": 0,
      "exchangeListsCount": 0,
      "flagListsCount": 0,
      "importedListsCount": 0,
      "logo": "https://matcha-image-proxy.api.0x.org/images/8453/0xe8682c2d9c190a00ffce4f253da75142ae22ae27"
    },
    {
      "address": "0xc1289ab45b8210d8379ffbac0d460b0d669b7ec6",
      "chainId": 8453,
      "decimals": 18,
      "name": "ARKM",
      "symbol": "ARKM",
      "type": "ERC20",
      "issuer": {
        "name": "zora",
        "metadata": {}
      },
      "blockListsCount": 0,
      "exchangeListsCount": 0,
      "flagListsCount": 0,
      "importedListsCount": 0,
      "logo": "https://matcha-image-proxy.api.0x.org/images/8453/0xc1289ab45b8210d8379ffbac0d460b0d669b7ec6"
    },
    {
      "address": "0xcda6c8354c4ce764d2ff53efe9d28465bea3b83f",
      "chainId": 8453,
      "decimals": 18,
      "name": "arkm points",
      "symbol": "arkm points",
      "type": "ERC20",
      "issuer": {
        "name": "zora",
        "metadata": {}
      },
      "blockListsCount": 0,
      "exchangeListsCount": 0,
      "flagListsCount": 0,
      "importedListsCount": 0,
      "buyTax": 0,
      "sellTax": 0,
      "isInDex": true,
      "isHoneypot": false,
      "logo": "https://matcha-image-proxy.api.0x.org/images/8453/0xcda6c8354c4ce764d2ff53efe9d28465bea3b83f"
    },
    {
      "address": "0x30387b365fa8da7233962e7618bf0f40cd798eee",
      "chainId": 8453,
      "decimals": 18,
      "name": "%What you 🤔 should we enter ? $arkm",
      "symbol": "%What you 🤔 should we enter ? $arkm",
      "type": "ERC20",
      "issuer": {
        "name": "zora",
        "metadata": {}
      },
      "blockListsCount": 0,
      "exchangeListsCount": 0,
      "flagListsCount": 0,
      "importedListsCount": 0,
      "logo": "https://matcha-image-proxy.api.0x.org/images/8453/0x30387b365fa8da7233962e7618bf0f40cd798eee"
    },
    {
      "address": "0x71a00826eeaa10df19f7389b2c4dfeff0268f056",
      "chainId": 8453,
      "decimals": 18,
      "name": "@portfolioRwa: $plume $ondoMemecoin/ip: $doodAi: $kled $arkm",
      "symbol": "?portfolioRwa: $plume $ondoMemecoin/ip: $doodAi: $kled $arkm",
      "type": "ERC20",
      "issuer": {
        "name": "zora",
        "metadata": {}
      },
      "blockListsCount": 0,
      "exchangeListsCount": 0,
      "flagListsCount": 0,
      "importedListsCount": 0,
      "logo": "https://matcha-image-proxy.api.0x.org/images/8453/0x71a00826eeaa10df19f7389b2c4dfeff0268f056"
    },
    {
      "address": "0x09b55f94371899e81361c3f9174e98215bbda1e8",
      "chainId": 42161,
      "decimals": 18,
      "name": "ARKM",
      "symbol": "ARKM",
      "type": "ERC20",
      "blockListsCount": 0,
      "exchangeListsCount": 0,
      "flagListsCount": 0,
      "importedListsCount": 0,
      "buyTax": null,
      "sellTax": null,
      "isInDex": false,
      "isHoneypot": null,
      "logo": "https://matcha-image-proxy.api.0x.org/images/42161/0x09b55f94371899e81361c3f9174e98215bbda1e8"
    },
    {
      "address": "9qDwrBVDrnCAtcuvi2pzJLxvWrU8URsC5fUTV4iXpump",
      "chainId": 1399811149,
      "decimals": 6,
      "name": "Arkm",
      "symbol": "Arkm",
      "type": "SPL-Token",
      "blockListsCount": 0,
      "exchangeListsCount": 0,
      "flagListsCount": 0,
      "importedListsCount": 0,
      "logo": "https://matcha-image-proxy.api.0x.org/images/1399811149/9qDwrBVDrnCAtcuvi2pzJLxvWrU8URsC5fUTV4iXpump"
    },
    {
      "address": "0x59eecabf61011553c655e5c08e2dff2b4bd32c11",
      "chainId": 137,
      "decimals": 9,
      "name": "ARKM",
      "symbol": "ARKM",
      "type": "ERC20",
      "blockListsCount": 0,
      "exchangeListsCount": 0,
      "flagListsCount": 0,
      "importedListsCount": 0,
      "buyTax": null,
      "sellTax": null,
      "isInDex": false,
      "isHoneypot": null,
      "logo": "https://matcha-image-proxy.api.0x.org/images/137/0x59eecabf61011553c655e5c08e2dff2b4bd32c11"
    }
  ],
  "searchTime": "2025-12-30T01:57:12.198Z",
  "error": null
}