{
  "originalSymbol": "BOUNTY",
  "originalFullName": "Chainbounty",
  "searchedQuery": "BOUNTY Chainbounty",
  "retried": false,
  "isL1": false,
  "success": true,
  "tokenCount": 15,
  "resultCount": 2488,
  "tokens": [
    {
      "address": "0x4b0f1812e5df2a09796481ff14017e6005508003",
      "chainId": 56,
      "decimals": 18,
      "name": "Trust Wallet",
      "symbol": "TWT",
      "type": "ERC20",
      "hasLogo": true,
      "blockListsCount": 0,
      "exchangeListsCount": 0,
      "flagListsCount": 0,
      "importedListsCount": 1,
      "buyTax": 0,
      "sellTax": 0,
      "isInDex": true,
      "isHoneypot": false,
      "manualUnblock": false,
      "transactionsHourly": 8,
      "transactionsDaily": 189,
      "transactionsWeekly": 1808,
      "transactionsMonthly": 7294,
      "volumeUsdHourly": 186.64897322289175,
      "volumeUsdDaily": 16332.646607411956,
      "volumeUsdWeekly": 138724.81347323657,
      "volumeUsdMonthly": 680465.9321856552,
      "logo": "https://matcha-image-proxy.api.0x.org/images/56/0x4b0f1812e5df2a09796481ff14017e6005508003"
    },
    {
      "address": "0xa88594d404727625a9437c3f886c7643872296ae",
      "chainId": 8453,
      "decimals": 18,
      "name": "WELL",
      "symbol": "WELL",
      "type": "ERC20",
      "hasLogo": true,
      "blockListsCount": 0,
      "exchangeListsCount": 1,
      "flagListsCount": 0,
      "importedListsCount": 2,
      "buyTax": 0,
      "sellTax": 0,
      "isInDex": true,
      "isHoneypot": false,
      "manualUnblock": false,
      "transactionsHourly": 8,
      "transactionsDaily": 146,
      "transactionsWeekly": 1303,
      "transactionsMonthly": 5326,
      "volumeUsdHourly": 7.369613518089504,
      "volumeUsdDaily": 1621.5310392539611,
      "volumeUsdWeekly": 16069.528493785783,
      "volumeUsdMonthly": 300683.2692021864,
      "logo": "https://matcha-image-proxy.api.0x.org/images/8453/0xa88594d404727625a9437c3f886c7643872296ae"
    },
    {
      "address": "0xfbb75a59193a3525a8825bebe7d4b56899e2f7e1",
      "chainId": 8453,
      "decimals": 18,
      "name": "ResearchCoin",
      "symbol": "RSC",
      "type": "ERC20",
      "hasLogo": true,
      "blockListsCount": 0,
      "exchangeListsCount": 1,
      "flagListsCount": 0,
      "importedListsCount": 3,
      "buyTax": 0,
      "sellTax": 0,
      "isInDex": true,
      "isHoneypot": false,
      "manualUnblock": false,
      "transactionsHourly": 1,
      "transactionsDaily": 23,
      "transactionsWeekly": 153,
      "transactionsMonthly": 531,
      "volumeUsdHourly": 427.611738097741,
      "volumeUsdDaily": 9431.721236475,
      "volumeUsdWeekly": 44111.00504026845,
      "volumeUsdMonthly": 137688.7478378718,
      "logo": "https://matcha-image-proxy.api.0x.org/images/8453/0xfbb75a59193a3525a8825bebe7d4b56899e2f7e1"
    },
    {
      "address": "0xd101dcc414f310268c37eeb4cd376ccfa507f571",
      "chainId": 1,
      "decimals": 18,
      "name": "ResearchCoin",
      "symbol": "RSC",
      "type": "ERC20",
      "hasLogo": true,
      "blockListsCount": 0,
      "exchangeListsCount": 0,
      "flagListsCount": 0,
      "importedListsCount": 3,
      "buyTax": 0,
      "sellTax": 0,
      "isInDex": true,
      "isHoneypot": false,
      "manualUnblock": false,
      "transactionsHourly": 2,
      "transactionsDaily": 8,
      "transactionsWeekly": 176,
      "transactionsMonthly": 373,
      "volumeUsdHourly": 426.3053412780542,
      "volumeUsdDaily": 1124.673278592055,
      "volumeUsdWeekly": 22091.79575062109,
      "volumeUsdMonthly": 104833.36658688956,
      "logo": "https://matcha-image-proxy.api.0x.org/images/1/0xd101dcc414f310268c37eeb4cd376ccfa507f571"
    },
    {
      "address": "0x52a8845df664d76c69d2eea607cd793565af42b8",
      "chainId": 1,
      "decimals": 18,
      "name": "ApeX Token",
      "symbol": "APEX",
      "type": "ERC20",
      "hasLogo": true,
      "blockListsCount": 0,
      "exchangeListsCount": 0,
      "flagListsCount": 0,
      "importedListsCount": 2,
      "buyTax": 0,
      "sellTax": 0,
      "isInDex": true,
      "isHoneypot": false,
      "manualUnblock": false,
      "transactionsHourly": 1,
      "transactionsDaily": 6,
      "transactionsWeekly": 23,
      "transactionsMonthly": 89,
      "volumeUsdHourly": 2730.67900683909,
      "volumeUsdDaily": 6070.060641386564,
      "volumeUsdWeekly": 22886.779664529535,
      "volumeUsdMonthly": 113352.88644447264,
      "logo": "https://matcha-image-proxy.api.0x.org/images/1/0x52a8845df664d76c69d2eea607cd793565af42b8"
    },
    {
      "address": "0x61a1ff55c5216b636a294a07d77c6f4df10d3b56",
      "chainId": 42161,
      "decimals": 18,
      "name": "ApeX Token",
      "symbol": "APEX",
      "type": "ERC20",
      "hasLogo": true,
      "blockListsCount": 0,
      "exchangeListsCount": 0,
      "flagListsCount": 0,
      "importedListsCount": 1,
      "buyTax": null,
      "sellTax": null,
      "isInDex": true,
      "isHoneypot": false,
      "manualUnblock": false,
      "transactionsHourly": 2,
      "transactionsDaily": 6,
      "transactionsWeekly": 24,
      "transactionsMonthly": 189,
      "volumeUsdHourly": 20.492274211173555,
      "volumeUsdDaily": 843.286579409065,
      "volumeUsdWeekly": 8817.095476630117,
      "volumeUsdMonthly": 96108.57018507693,
      "logo": "https://matcha-image-proxy.api.0x.org/images/42161/0x61a1ff55c5216b636a294a07d77c6f4df10d3b56"
    },
    {
      "address": "0x17cc7a0dc4dfe3c2e9a0b4eb67fff1ef70d13ce2",
      "chainId": 8453,
      "decimals": 18,
      "name": "BOUNTY Chainbounty On Base",
      "symbol": "BOUNTY Chainbounty On Base",
      "type": "ERC20",
      "blockListsCount": 0,
      "exchangeListsCount": 0,
      "flagListsCount": 0,
      "importedListsCount": 0,
      "logo": "https://matcha-image-proxy.api.0x.org/images/8453/0x17cc7a0dc4dfe3c2e9a0b4eb67fff1ef70d13ce2"
    },
    {
      "address": "0x6e2a43be0b1d33b726f0ca3b8de60b3482b8b050",
      "chainId": 1,
      "decimals": 18,
      "name": "Arkham",
      "symbol": "ARKM",
      "type": "ERC20",
      "hasLogo": true,
      "blockListsCount": 0,
      "exchangeListsCount": 1,
      "flagListsCount": 0,
      "importedListsCount": 3,
      "buyTax": 0,
      "sellTax": 0,
      "isInDex": true,
      "isHoneypot": false,
      "manualUnblock": false,
      "transactionsHourly": 1,
      "transactionsDaily": 4,
      "transactionsWeekly": 25,
      "transactionsMonthly": 145,
      "volumeUsdHourly": 10.1725161751112,
      "volumeUsdDaily": 1369.0529003680967,
      "volumeUsdWeekly": 13424.55769597426,
      "volumeUsdMonthly": 58602.35800313786,
      "logo": "https://matcha-image-proxy.api.0x.org/images/1/0x6e2a43be0b1d33b726f0ca3b8de60b3482b8b050"
    },
    {
      "address": "0xbe1a001fe942f96eea22ba08783140b9dcc09d28",
      "chainId": 56,
      "decimals": 18,
      "name": "Beta Token",
      "symbol": "BETA",
      "type": "ERC20",
      "hasLogo": true,
      "blockListsCount": 0,
      "exchangeListsCount": 0,
      "flagListsCount": 0,
      "importedListsCount": 1,
      "buyTax": 0,
      "sellTax": 0,
      "isInDex": true,
      "isHoneypot": false,
      "manualUnblock": false,
      "transactionsHourly": 1,
      "transactionsDaily": 4,
      "transactionsWeekly": 10,
      "transactionsMonthly": 23,
      "volumeUsdHourly": 2.72035474860099,
      "volumeUsdDaily": 22.16303193828894,
      "volumeUsdWeekly": 70.80744884861903,
      "volumeUsdMonthly": 424.39145494252546,
      "logo": "https://matcha-image-proxy.api.0x.org/images/56/0xbe1a001fe942f96eea22ba08783140b9dcc09d28"
    },
    {
      "address": "0x4455ef8b4b4a007a93daa12de63a47eeac700d9d",
      "chainId": 137,
      "decimals": 18,
      "name": "Forest Knight",
      "symbol": "KNIGHT",
      "type": "ERC20",
      "hasLogo": true,
      "blockListsCount": 0,
      "exchangeListsCount": 0,
      "flagListsCount": 0,
      "importedListsCount": 1,
      "buyTax": 0,
      "sellTax": 0,
      "isInDex": true,
      "isHoneypot": false,
      "manualUnblock": false,
      "transactionsHourly": 1,
      "transactionsDaily": 4,
      "transactionsWeekly": 14,
      "transactionsMonthly": 45,
      "volumeUsdHourly": 3.04814585998637,
      "volumeUsdDaily": 30.92494187426389,
      "volumeUsdWeekly": 192.5087098666268,
      "volumeUsdMonthly": 368.8118897531794,
      "logo": "https://matcha-image-proxy.api.0x.org/images/137/0x4455ef8b4b4a007a93daa12de63a47eeac700d9d"
    },
    {
      "address": "0xaa52167bd14b1b22c74a80390469f796f1f82632",
      "chainId": 56,
      "decimals": 18,
      "name": "GRADE",
      "symbol": "GRD",
      "type": "ERC20",
      "hasLogo": true,
      "blockListsCount": 0,
      "exchangeListsCount": 0,
      "flagListsCount": 0,
      "importedListsCount": 0,
      "buyTax": 0,
      "sellTax": 0,
      "isInDex": true,
      "isHoneypot": false,
      "transactionsHourly": 1,
      "transactionsDaily": 2,
      "transactionsWeekly": 5,
      "transactionsMonthly": 33,
      "volumeUsdHourly": 19.0836750708459,
      "volumeUsdDaily": 19.296393490905512,
      "volumeUsdWeekly": 70.98074341088504,
      "volumeUsdMonthly": 248.4091000129159,
      "logo": "https://matcha-image-proxy.api.0x.org/images/56/0xaa52167bd14b1b22c74a80390469f796f1f82632"
    },
    {
      "address": "0x431ad2ff6a9c365805ebad47ee021148d6f7dbe0",
      "chainId": 1,
      "decimals": 18,
      "name": "dForce",
      "symbol": "DF",
      "type": "ERC20",
      "hasLogo": true,
      "blockListsCount": 0,
      "exchangeListsCount": 0,
      "flagListsCount": 0,
      "importedListsCount": 4,
      "buyTax": 0,
      "sellTax": 0,
      "isInDex": true,
      "isHoneypot": false,
      "manualUnblock": false,
      "transactionsHourly": 1,
      "transactionsDaily": 1,
      "transactionsWeekly": 1,
      "transactionsMonthly": 1,
      "volumeUsdHourly": 106.231075916649,
      "volumeUsdDaily": 107.056982461435,
      "volumeUsdWeekly": 107.056982461435,
      "volumeUsdMonthly": 107.056982461435,
      "logo": "https://matcha-image-proxy.api.0x.org/images/1/0x431ad2ff6a9c365805ebad47ee021148d6f7dbe0"
    },
    {
      "address": "8d7NnrmY6sVs7yPXhXQiKt1AzBH3mLrEga3Jxaeipump",
      "chainId": 1399811149,
      "decimals": 6,
      "name": "BOUNTY",
      "symbol": "BTY",
      "type": "SPL-Token",
      "blockListsCount": 0,
      "exchangeListsCount": 0,
      "flagListsCount": 0,
      "importedListsCount": 0,
      "transactionsDaily": 10,
      "transactionsWeekly": 10,
      "transactionsMonthly": 10,
      "volumeUsdDaily": 48.20662694250001,
      "volumeUsdWeekly": 48.20662694250001,
      "volumeUsdMonthly": 48.20662694250001,
      "logo": "https://matcha-image-proxy.api.0x.org/images/1399811149/8d7NnrmY6sVs7yPXhXQiKt1AzBH3mLrEga3Jxaeipump"
    },
    {
      "address": "0xbe1a001fe942f96eea22ba08783140b9dcc09d28",
      "chainId": 1,
      "decimals": 18,
      "name": "Beta Token",
      "symbol": "BETA",
      "type": "ERC20",
      "hasLogo": true,
      "blockListsCount": 0,
      "exchangeListsCount": 0,
      "flagListsCount": 0,
      "importedListsCount": 2,
      "buyTax": 0,
      "sellTax": 0,
      "isInDex": true,
      "isHoneypot": false,
      "manualUnblock": false,
      "transactionsHourly": 1,
      "transactionsDaily": 2,
      "transactionsWeekly": 5,
      "transactionsMonthly": 15,
      "volumeUsdHourly": -1.16776563116629,
      "volumeUsdDaily": 15.29080168658841,
      "volumeUsdWeekly": 24.543092673850616,
      "volumeUsdMonthly": 673.391261808863,
      "logo": "https://matcha-image-proxy.api.0x.org/images/1/0xbe1a001fe942f96eea22ba08783140b9dcc09d28"
    },
    {
      "address": "0x925206b8a707096ed26ae47c84747fe0bb734f59",
      "chainId": 1,
      "decimals": 8,
      "name": "WBT",
      "symbol": "WBT",
      "type": "ERC20",
      "hasLogo": true,
      "blockListsCount": 0,
      "exchangeListsCount": 0,
      "flagListsCount": 0,
      "importedListsCount": 2,
      "buyTax": 0,
      "sellTax": 0,
      "isInDex": false,
      "isHoneypot": false,
      "manualUnblock": false,
      "transactionsHourly": 3,
      "transactionsDaily": 3,
      "transactionsWeekly": 4,
      "transactionsMonthly": 26,
      "volumeUsdHourly": 8.032469774654796,
      "volumeUsdDaily": 8.032469774654796,
      "volumeUsdWeekly": 11.242863412251204,
      "volumeUsdMonthly": 26255.28749228181,
      "logo": "https://matcha-image-proxy.api.0x.org/images/1/0x925206b8a707096ed26ae47c84747fe0bb734f59"
    }
  ],
  "searchTime": "2025-12-30T01:56:49.196Z",
  "error": null
}