{
  "originalSymbol": "WAVES",
  "originalFullName": "Waves",
  "searchedQuery": "WAVES Waves",
  "retried": true,
  "isL1": true,
  "success": true,
  "tokenCount": 15,
  "resultCount": 5207,
  "tokens": [
    {
      "address": "0x3b991130eae3cca364406d718da22fa1c3e7c256",
      "chainId": 1,
      "decimals": 18,
      "name": "Shrub",
      "symbol": "SHRUB",
      "type": "ERC20",
      "hasLogo": true,
      "blockListsCount": 0,
      "exchangeListsCount": 0,
      "flagListsCount": 0,
      "importedListsCount": 2,
      "buyTax": 0,
      "sellTax": 0,
      "isInDex": true,
      "isHoneypot": false,
      "manualUnblock": false,
      "transactionsHourly": 1,
      "transactionsDaily": 20,
      "transactionsWeekly": 143,
      "transactionsMonthly": 974,
      "volumeUsdHourly": 512.210473392579,
      "volumeUsdDaily": 9131.99155104888,
      "volumeUsdWeekly": 50832.884535688034,
      "volumeUsdMonthly": 616724.9879697994,
      "logo": "https://matcha-image-proxy.api.0x.org/images/1/0x3b991130eae3cca364406d718da22fa1c3e7c256"
    },
    {
      "address": "0xb1f1ee126e9c96231cc3d3fad7c08b4cf873b1f1",
      "chainId": 1,
      "decimals": 18,
      "name": "Beefy",
      "symbol": "BIFI",
      "type": "ERC20",
      "hasLogo": true,
      "blockListsCount": 0,
      "exchangeListsCount": 0,
      "flagListsCount": 0,
      "importedListsCount": 2,
      "buyTax": 0,
      "sellTax": 0,
      "isInDex": true,
      "isHoneypot": false,
      "manualUnblock": false,
      "transactionsHourly": 2,
      "transactionsDaily": 5,
      "transactionsWeekly": 192,
      "transactionsMonthly": 225,
      "volumeUsdHourly": 990.8389426694444,
      "volumeUsdDaily": 1000.8322351325712,
      "volumeUsdWeekly": 165061.68815598325,
      "volumeUsdMonthly": 172664.8674307592,
      "logo": "https://matcha-image-proxy.api.0x.org/images/1/0xb1f1ee126e9c96231cc3d3fad7c08b4cf873b1f1"
    },
    {
      "address": "0x55296f69f40ea6d20e478533c15a6b08b654e758",
      "chainId": 1,
      "decimals": 18,
      "name": "XY Oracle",
      "symbol": "XYO",
      "type": "ERC20",
      "hasLogo": true,
      "blockListsCount": 0,
      "exchangeListsCount": 1,
      "flagListsCount": 0,
      "importedListsCount": 4,
      "buyTax": 0,
      "sellTax": 0,
      "isInDex": true,
      "isHoneypot": false,
      "manualUnblock": false,
      "transactionsHourly": 2,
      "transactionsDaily": 20,
      "transactionsWeekly": 65,
      "transactionsMonthly": 407,
      "volumeUsdHourly": 778.635646116858,
      "volumeUsdDaily": 5662.058910000321,
      "volumeUsdWeekly": 13227.746976049904,
      "volumeUsdMonthly": 294759.189392078,
      "logo": "https://matcha-image-proxy.api.0x.org/images/1/0x55296f69f40ea6d20e478533c15a6b08b654e758"
    },
    {
      "address": "0x0bf852ebb243b963652b71103a2b97cf446f22c3",
      "chainId": 8453,
      "decimals": 18,
      "name": "AI ROCKET by Virtuals",
      "symbol": "ROCKET",
      "type": "ERC20",
      "hasLogo": true,
      "blockListsCount": 0,
      "exchangeListsCount": 0,
      "flagListsCount": 0,
      "importedListsCount": 1,
      "buyTax": 0,
      "sellTax": 0,
      "isInDex": true,
      "isHoneypot": false,
      "manualUnblock": false,
      "transactionsHourly": 1,
      "transactionsDaily": 11,
      "transactionsWeekly": 72,
      "transactionsMonthly": 258,
      "volumeUsdHourly": 49.791005040484,
      "volumeUsdDaily": 2336.228359596395,
      "volumeUsdWeekly": 10238.974799940725,
      "volumeUsdMonthly": 28647.775166212938,
      "logo": "https://matcha-image-proxy.api.0x.org/images/8453/0x0bf852ebb243b963652b71103a2b97cf446f22c3"
    },
    {
      "address": "0xddb3422497e61e13543bea06989c0789117555c5",
      "chainId": 1,
      "decimals": 18,
      "name": "COTI Token",
      "symbol": "COTI",
      "type": "ERC20",
      "hasLogo": true,
      "blockListsCount": 0,
      "exchangeListsCount": 0,
      "flagListsCount": 0,
      "importedListsCount": 3,
      "buyTax": 0,
      "sellTax": 0,
      "isInDex": true,
      "isHoneypot": false,
      "manualUnblock": false,
      "transactionsHourly": 1,
      "transactionsDaily": 7,
      "transactionsWeekly": 36,
      "transactionsMonthly": 137,
      "volumeUsdHourly": 511.046212628569,
      "volumeUsdDaily": 6028.985765692998,
      "volumeUsdWeekly": 11853.463243896977,
      "volumeUsdMonthly": 54059.97822210984,
      "logo": "https://matcha-image-proxy.api.0x.org/images/1/0xddb3422497e61e13543bea06989c0789117555c5"
    },
    {
      "address": "0x6e2c81b6c2c0e02360f00a0da694e489acb0b05e",
      "chainId": 8453,
      "decimals": 18,
      "name": "Reflect",
      "symbol": "RFL",
      "type": "ERC20",
      "hasLogo": true,
      "blockListsCount": 0,
      "exchangeListsCount": 0,
      "flagListsCount": 0,
      "importedListsCount": 1,
      "buyTax": 0,
      "sellTax": 0,
      "isInDex": true,
      "isHoneypot": false,
      "manualUnblock": false,
      "transactionsHourly": 1,
      "transactionsDaily": 12,
      "transactionsWeekly": 38,
      "transactionsMonthly": 516,
      "volumeUsdHourly": 50.9079668733295,
      "volumeUsdDaily": 172.84537491800185,
      "volumeUsdWeekly": 692.4027568389049,
      "volumeUsdMonthly": 89228.04738246715,
      "logo": "https://matcha-image-proxy.api.0x.org/images/8453/0x6e2c81b6c2c0e02360f00a0da694e489acb0b05e"
    },
    {
      "address": "0x88b985007d714d1578bccdec2303212c14946cdc",
      "chainId": 56,
      "decimals": 18,
      "name": "FART COIN",
      "symbol": "FRTC",
      "type": "ERC20",
      "hasLogo": true,
      "blockListsCount": 0,
      "exchangeListsCount": 0,
      "flagListsCount": 0,
      "importedListsCount": 1,
      "buyTax": 0,
      "sellTax": 0,
      "isInDex": true,
      "isHoneypot": false,
      "manualUnblock": false,
      "transactionsHourly": 1,
      "transactionsDaily": 4,
      "transactionsWeekly": 29,
      "transactionsMonthly": 168,
      "volumeUsdHourly": 26.4673466651557,
      "volumeUsdDaily": 74.85558642000531,
      "volumeUsdWeekly": 497.2821194675545,
      "volumeUsdMonthly": 5041.523533219633,
      "logo": "https://matcha-image-proxy.api.0x.org/images/56/0x88b985007d714d1578bccdec2303212c14946cdc"
    },
    {
      "address": "0xff62ddfa80e513114c3a0bf4d6ffff1c1d17aadf",
      "chainId": 8453,
      "decimals": 18,
      "name": "Boe",
      "symbol": "Boe",
      "type": "ERC20",
      "hasLogo": true,
      "blockListsCount": 0,
      "exchangeListsCount": 0,
      "flagListsCount": 0,
      "importedListsCount": 1,
      "buyTax": 0,
      "sellTax": 0,
      "isInDex": true,
      "isHoneypot": false,
      "manualUnblock": false,
      "transactionsHourly": 2,
      "transactionsDaily": 5,
      "transactionsWeekly": 39,
      "transactionsMonthly": 165,
      "volumeUsdHourly": 0.0000425402621460307,
      "volumeUsdDaily": 7.348974505118106,
      "volumeUsdWeekly": 98.67876246438436,
      "volumeUsdMonthly": 13869.483077441397,
      "logo": "https://matcha-image-proxy.api.0x.org/images/8453/0xff62ddfa80e513114c3a0bf4d6ffff1c1d17aadf"
    },
    {
      "address": "0x095a7e0d6f3c9201fa867799e14221ea8b33562e",
      "chainId": 56,
      "decimals": 9,
      "name": "TOAD",
      "symbol": "TOAD",
      "type": "ERC20",
      "hasLogo": true,
      "blockListsCount": 0,
      "exchangeListsCount": 0,
      "flagListsCount": 0,
      "importedListsCount": 1,
      "buyTax": 0.02,
      "sellTax": 0.0175,
      "isInDex": true,
      "isHoneypot": false,
      "manualUnblock": false,
      "transactionsHourly": 1,
      "transactionsDaily": 4,
      "transactionsWeekly": 32,
      "transactionsMonthly": 248,
      "volumeUsdHourly": 11.614686573334,
      "volumeUsdDaily": 11.801831073177434,
      "volumeUsdWeekly": 122.01938117518,
      "volumeUsdMonthly": 827.5468726057322,
      "logo": "https://matcha-image-proxy.api.0x.org/images/56/0x095a7e0d6f3c9201fa867799e14221ea8b33562e"
    },
    {
      "address": "0x1196c6704789620514fd25632abe15f69a50bc4f",
      "chainId": 8453,
      "decimals": 18,
      "name": "PEPE Clanker",
      "symbol": "PEPEC",
      "type": "ERC20",
      "hasLogo": true,
      "blockListsCount": 0,
      "exchangeListsCount": 0,
      "flagListsCount": 0,
      "importedListsCount": 1,
      "buyTax": 0,
      "sellTax": 0,
      "isInDex": true,
      "isHoneypot": false,
      "manualUnblock": false,
      "transactionsHourly": 1,
      "transactionsDaily": 2,
      "transactionsWeekly": 13,
      "transactionsMonthly": 145,
      "volumeUsdHourly": 10.7581382174862,
      "volumeUsdDaily": 15.75937199727477,
      "volumeUsdWeekly": 1197.7741583451266,
      "volumeUsdMonthly": 16839.122429723768,
      "logo": "https://matcha-image-proxy.api.0x.org/images/8453/0x1196c6704789620514fd25632abe15f69a50bc4f"
    },
    {
      "address": "0x2d5f3b0722acd35fbb749cb936dfdd93247bbc95",
      "chainId": 56,
      "decimals": 18,
      "name": "BabyBNB",
      "symbol": "BABYBNB",
      "type": "ERC20",
      "hasLogo": true,
      "blockListsCount": 0,
      "exchangeListsCount": 0,
      "flagListsCount": 0,
      "importedListsCount": 1,
      "buyTax": 0,
      "sellTax": 0,
      "isInDex": true,
      "isHoneypot": false,
      "manualUnblock": false,
      "transactionsHourly": 2,
      "transactionsDaily": 2,
      "transactionsWeekly": 9,
      "transactionsMonthly": 59,
      "volumeUsdHourly": 34.22216651713514,
      "volumeUsdDaily": 33.89600535678989,
      "volumeUsdWeekly": 566.2496325886774,
      "volumeUsdMonthly": 3213.0026436316293,
      "logo": "https://matcha-image-proxy.api.0x.org/images/56/0x2d5f3b0722acd35fbb749cb936dfdd93247bbc95"
    },
    {
      "address": "0xc8f69a9b46b235de8d0b77c355fff7994f1b090f",
      "chainId": 1,
      "decimals": 18,
      "name": "SPEEDY",
      "symbol": "$SPEEDY",
      "type": "ERC20",
      "hasLogo": true,
      "blockListsCount": 0,
      "exchangeListsCount": 0,
      "flagListsCount": 0,
      "importedListsCount": 2,
      "buyTax": 0,
      "sellTax": 0,
      "isInDex": true,
      "isHoneypot": false,
      "manualUnblock": false,
      "transactionsHourly": 1,
      "transactionsDaily": 1,
      "transactionsWeekly": 5,
      "transactionsMonthly": 41,
      "volumeUsdHourly": 400.987682847995,
      "volumeUsdDaily": 400.987682847995,
      "volumeUsdWeekly": 858.7005330387174,
      "volumeUsdMonthly": 27379.669746283864,
      "logo": "https://matcha-image-proxy.api.0x.org/images/1/0xc8f69a9b46b235de8d0b77c355fff7994f1b090f"
    },
    {
      "address": "0x86bb94ddd16efc8bc58e6b056e8df71d9e666429",
      "chainId": 56,
      "decimals": 18,
      "name": "Test",
      "symbol": "TST",
      "type": "ERC20",
      "hasLogo": true,
      "blockListsCount": 0,
      "exchangeListsCount": 0,
      "flagListsCount": 0,
      "importedListsCount": 1,
      "buyTax": 0,
      "sellTax": 0,
      "isInDex": true,
      "isHoneypot": false,
      "manualUnblock": false,
      "transactionsHourly": 1,
      "transactionsDaily": 1,
      "transactionsWeekly": 37,
      "transactionsMonthly": 178,
      "volumeUsdDaily": 1.81192050040338,
      "volumeUsdWeekly": 4027.223498502348,
      "volumeUsdMonthly": 27211.961310898343,
      "logo": "https://matcha-image-proxy.api.0x.org/images/56/0x86bb94ddd16efc8bc58e6b056e8df71d9e666429"
    },
    {
      "address": "0x16c22a91c705ec3c2d5945dbe2aca37924f1d2ed",
      "chainId": 1,
      "decimals": 9,
      "name": "ERIC",
      "symbol": "ERIC",
      "type": "ERC20",
      "hasLogo": true,
      "blockListsCount": 0,
      "exchangeListsCount": 0,
      "flagListsCount": 0,
      "importedListsCount": 2,
      "buyTax": 0,
      "sellTax": 0,
      "isInDex": true,
      "isHoneypot": false,
      "manualUnblock": false,
      "transactionsHourly": 1,
      "transactionsDaily": 1,
      "transactionsWeekly": 3,
      "transactionsMonthly": 18,
      "volumeUsdHourly": 797.664008272186,
      "volumeUsdDaily": 788.37004504502,
      "volumeUsdWeekly": 1253.904466637411,
      "volumeUsdMonthly": 3928.315005766677,
      "logo": "https://matcha-image-proxy.api.0x.org/images/1/0x16c22a91c705ec3c2d5945dbe2aca37924f1d2ed"
    },
    {
      "address": "0x71297312753ea7a2570a5a3278ed70d9a75f4f44",
      "chainId": 1,
      "decimals": 9,
      "name": "ETHEREUM IS GOOD",
      "symbol": "EBULL",
      "type": "ERC20",
      "hasLogo": true,
      "blockListsCount": 0,
      "exchangeListsCount": 0,
      "flagListsCount": 0,
      "importedListsCount": 2,
      "buyTax": 0,
      "sellTax": 0,
      "isInDex": true,
      "isHoneypot": false,
      "manualUnblock": false,
      "transactionsHourly": 1,
      "transactionsDaily": 1,
      "transactionsWeekly": 3,
      "transactionsMonthly": 23,
      "volumeUsdHourly": 261.988791585685,
      "volumeUsdDaily": 261.988791585685,
      "volumeUsdWeekly": 536.888590904742,
      "volumeUsdMonthly": 3873.750629068991,
      "logo": "https://matcha-image-proxy.api.0x.org/images/1/0x71297312753ea7a2570a5a3278ed70d9a75f4f44"
    }
  ],
  "searchTime": "2025-12-30T01:56:42.256Z",
  "error": null
}