{
  "originalSymbol": "ME",
  "originalFullName": "Magic Eden",
  "searchedQuery": "ME Magic Eden",
  "retried": false,
  "isL1": false,
  "success": true,
  "tokenCount": 15,
  "resultCount": 10000,
  "tokens": [
    {
      "address": "0x532f27101965dd16442e59d40670faf5ebb142e4",
      "chainId": 8453,
      "decimals": 18,
      "name": "Brett",
      "symbol": "BRETT",
      "type": "ERC20",
      "hasLogo": true,
      "blockListsCount": 0,
      "exchangeListsCount": 0,
      "flagListsCount": 0,
      "importedListsCount": 1,
      "buyTax": 0,
      "sellTax": 0,
      "isInDex": true,
      "isHoneypot": false,
      "manualUnblock": false,
      "transactionsHourly": 14,
      "transactionsDaily": 393,
      "transactionsWeekly": 3805,
      "transactionsMonthly": 17151,
      "volumeUsdHourly": 5254.00098973257,
      "volumeUsdDaily": 33717.84632277612,
      "volumeUsdWeekly": 856379.8610153093,
      "volumeUsdMonthly": 3810107.849586768,
      "logo": "https://matcha-image-proxy.api.0x.org/images/8453/0x532f27101965dd16442e59d40670faf5ebb142e4"
    },
    {
      "address": "0x6921b130d297cc43754afba22e5eac0fbf8db75b",
      "chainId": 8453,
      "decimals": 18,
      "name": "doginme",
      "symbol": "doginme",
      "type": "ERC20",
      "hasLogo": true,
      "blockListsCount": 0,
      "exchangeListsCount": 1,
      "flagListsCount": 0,
      "importedListsCount": 2,
      "buyTax": 0,
      "sellTax": 0,
      "isInDex": true,
      "isHoneypot": false,
      "manualUnblock": false,
      "transactionsHourly": 11,
      "transactionsDaily": 160,
      "transactionsWeekly": 1219,
      "transactionsMonthly": 4989,
      "volumeUsdHourly": 318.57914153242797,
      "volumeUsdDaily": 9681.45772974179,
      "volumeUsdWeekly": 27661.40970223301,
      "volumeUsdMonthly": 180216.0449428073,
      "logo": "https://matcha-image-proxy.api.0x.org/images/8453/0x6921b130d297cc43754afba22e5eac0fbf8db75b"
    },
    {
      "address": "0xfea7a6a0b346362bf88a9e4a88416b77a57d6c2a",
      "chainId": 42161,
      "decimals": 18,
      "name": "Magic Internet Money",
      "symbol": "MIM",
      "type": "ERC20",
      "hasLogo": true,
      "blockListsCount": 0,
      "exchangeListsCount": 0,
      "flagListsCount": 0,
      "importedListsCount": 1,
      "buyTax": 0,
      "sellTax": 0,
      "isInDex": true,
      "isHoneypot": false,
      "manualUnblock": false,
      "transactionsHourly": 1,
      "transactionsDaily": 1,
      "transactionsWeekly": 12,
      "transactionsMonthly": 53,
      "volumeUsdHourly": 13.8376909651899,
      "volumeUsdDaily": 13.8376909651899,
      "volumeUsdWeekly": 1370.101628527872,
      "volumeUsdMonthly": 102466.16684967224,
      "logo": "https://matcha-image-proxy.api.0x.org/images/42161/0xfea7a6a0b346362bf88a9e4a88416b77a57d6c2a"
    },
    {
      "address": "0x642e993fa91ffe9fb24d39a8eb0e0663145f8e92",
      "chainId": 8453,
      "decimals": 18,
      "name": "BASED RABBIT",
      "symbol": "RABBIT",
      "type": "ERC20",
      "hasLogo": true,
      "blockListsCount": 0,
      "exchangeListsCount": 0,
      "flagListsCount": 0,
      "importedListsCount": 1,
      "buyTax": 0,
      "sellTax": 0,
      "isInDex": true,
      "isHoneypot": false,
      "manualUnblock": false,
      "transactionsHourly": 2,
      "transactionsDaily": 4,
      "transactionsWeekly": 39,
      "transactionsMonthly": 846,
      "volumeUsdHourly": 1347.9473232128105,
      "volumeUsdDaily": 1353.1936224396443,
      "volumeUsdWeekly": 4505.282556941394,
      "volumeUsdMonthly": 109047.27345804156,
      "logo": "https://matcha-image-proxy.api.0x.org/images/8453/0x642e993fa91ffe9fb24d39a8eb0e0663145f8e92"
    },
    {
      "address": "0xc438b0c0e80a8fa1b36898d1b36a3fc2ec371c54",
      "chainId": 8453,
      "decimals": 18,
      "name": "Blep Super Meme",
      "symbol": "BLEP",
      "type": "ERC20",
      "hasLogo": true,
      "blockListsCount": 0,
      "exchangeListsCount": 0,
      "flagListsCount": 0,
      "importedListsCount": 1,
      "buyTax": 0,
      "sellTax": 0,
      "isInDex": true,
      "isHoneypot": false,
      "manualUnblock": false,
      "transactionsHourly": 2,
      "transactionsDaily": 13,
      "transactionsWeekly": 75,
      "transactionsMonthly": 315,
      "volumeUsdHourly": 103.66567793568012,
      "volumeUsdDaily": 130.2631429192839,
      "volumeUsdWeekly": 3074.2959841089505,
      "volumeUsdMonthly": 25213.202921209384,
      "logo": "https://matcha-image-proxy.api.0x.org/images/8453/0xc438b0c0e80a8fa1b36898d1b36a3fc2ec371c54"
    },
    {
      "address": "0x99d8a9c45b2eca8864373a26d1459e3dff1e17f3",
      "chainId": 1,
      "decimals": 18,
      "name": "Magic Internet Money",
      "symbol": "MIM",
      "type": "ERC20",
      "hasLogo": true,
      "blockListsCount": 0,
      "exchangeListsCount": 0,
      "flagListsCount": 0,
      "importedListsCount": 4,
      "buyTax": 0,
      "sellTax": 0,
      "isInDex": true,
      "isHoneypot": false,
      "manualUnblock": false,
      "transactionsHourly": 1,
      "transactionsDaily": 1,
      "transactionsWeekly": 1,
      "transactionsMonthly": 14,
      "volumeUsdHourly": 314.617902825055,
      "volumeUsdDaily": 314.617902825055,
      "volumeUsdWeekly": 314.617902825055,
      "volumeUsdMonthly": 25364.593235213768,
      "logo": "https://matcha-image-proxy.api.0x.org/images/1/0x99d8a9c45b2eca8864373a26d1459e3dff1e17f3"
    },
    {
      "address": "0xf1572d1da5c3cce14ee5a1c9327d17e9ff0e3f43",
      "chainId": 8453,
      "decimals": 18,
      "name": "MAGIC",
      "symbol": "MAGIC",
      "type": "ERC20",
      "hasLogo": true,
      "blockListsCount": 0,
      "exchangeListsCount": 0,
      "flagListsCount": 0,
      "importedListsCount": 1,
      "buyTax": 0,
      "sellTax": 0,
      "isInDex": true,
      "isHoneypot": false,
      "manualUnblock": false,
      "transactionsHourly": 1,
      "transactionsDaily": 5,
      "transactionsWeekly": 136,
      "transactionsMonthly": 219,
      "volumeUsdHourly": 0.00000499858458216241,
      "volumeUsdDaily": 2.288041520434791,
      "volumeUsdWeekly": 151.5557744380944,
      "volumeUsdMonthly": 23277.191177950495,
      "logo": "https://matcha-image-proxy.api.0x.org/images/8453/0xf1572d1da5c3cce14ee5a1c9327d17e9ff0e3f43"
    },
    {
      "address": "0xb13ae020b2d8ca8f31b2c17b0b0a42430172ef0c",
      "chainId": 8453,
      "decimals": 18,
      "name": "ME Magic Eden On Base",
      "symbol": "ME Magic Eden On Base",
      "type": "ERC20",
      "blockListsCount": 0,
      "exchangeListsCount": 0,
      "flagListsCount": 0,
      "importedListsCount": 0,
      "logo": "https://matcha-image-proxy.api.0x.org/images/8453/0xb13ae020b2d8ca8f31b2c17b0b0a42430172ef0c"
    },
    {
      "address": "0x12bb890508c125661e03b09ec06e404bc9289040",
      "chainId": 56,
      "decimals": 18,
      "name": "Radio Caca V2",
      "symbol": "RACA",
      "type": "ERC20",
      "hasLogo": true,
      "blockListsCount": 0,
      "exchangeListsCount": 0,
      "flagListsCount": 0,
      "importedListsCount": 1,
      "buyTax": 0,
      "sellTax": 0,
      "isInDex": true,
      "isHoneypot": false,
      "manualUnblock": false,
      "transactionsHourly": 1,
      "transactionsDaily": 12,
      "transactionsWeekly": 57,
      "transactionsMonthly": 301,
      "volumeUsdHourly": 38.3664488463035,
      "volumeUsdDaily": 124.18092837805894,
      "volumeUsdWeekly": 2823.9060511914554,
      "volumeUsdMonthly": 27120.84393731292,
      "logo": "https://matcha-image-proxy.api.0x.org/images/56/0x12bb890508c125661e03b09ec06e404bc9289040"
    },
    {
      "address": "0x07822e4d7c57d48ac92ccf678472eed2af38cb00",
      "chainId": 56,
      "decimals": 9,
      "name": "ME Magic Eden AI Presale v2",
      "symbol": "ME Magic Eden AI Presale v2",
      "type": "ERC20",
      "blockListsCount": 0,
      "exchangeListsCount": 0,
      "flagListsCount": 0,
      "importedListsCount": 0,
      "logo": "https://matcha-image-proxy.api.0x.org/images/56/0x07822e4d7c57d48ac92ccf678472eed2af38cb00"
    },
    {
      "address": "0x539bde0d7dbd336b79148aa742883198bbf60342",
      "chainId": 42161,
      "decimals": 18,
      "name": "MAGIC",
      "symbol": "MAGIC",
      "type": "ERC20",
      "hasLogo": true,
      "blockListsCount": 0,
      "exchangeListsCount": 1,
      "flagListsCount": 0,
      "importedListsCount": 2,
      "buyTax": 0,
      "sellTax": 0,
      "isInDex": true,
      "isHoneypot": false,
      "manualUnblock": false,
      "transactionsHourly": 1,
      "transactionsDaily": 4,
      "transactionsWeekly": 38,
      "transactionsMonthly": 387,
      "volumeUsdHourly": 0.0404033902303749,
      "volumeUsdDaily": 1.34734548009456,
      "volumeUsdWeekly": 2795.4592337030854,
      "volumeUsdMonthly": 76125.98187192813,
      "logo": "https://matcha-image-proxy.api.0x.org/images/42161/0x539bde0d7dbd336b79148aa742883198bbf60342"
    },
    {
      "address": "0x91d67d8741371c489ec0bf8b69971cbcd89a39c4",
      "chainId": 8453,
      "decimals": 18,
      "name": "FOUND ME",
      "symbol": "FOUND ME",
      "type": "ERC20",
      "issuer": {
        "name": "zora",
        "metadata": {}
      },
      "blockListsCount": 0,
      "exchangeListsCount": 0,
      "flagListsCount": 0,
      "importedListsCount": 0,
      "isHoneypot": false,
      "transactionsHourly": 1,
      "transactionsDaily": 43,
      "transactionsWeekly": 43,
      "transactionsMonthly": 43,
      "volumeUsdHourly": 0.00999819378322972,
      "volumeUsdDaily": 172.11302001293518,
      "volumeUsdWeekly": 172.11302001293518,
      "volumeUsdMonthly": 172.11302001293518,
      "logo": "https://matcha-image-proxy.api.0x.org/images/8453/0x91d67d8741371c489ec0bf8b69971cbcd89a39c4"
    },
    {
      "address": "MEFNBXixkEbait3xn9bkm8WsJzXtVsaJEn4c8Sam21u",
      "chainId": 1399811149,
      "decimals": 6,
      "name": "Magic Eden",
      "symbol": "ME",
      "type": "SPL-Token",
      "blockListsCount": 0,
      "exchangeListsCount": 0,
      "flagListsCount": 0,
      "importedListsCount": 0,
      "isHoneypot": false,
      "transactionsDaily": 59,
      "transactionsWeekly": 59,
      "transactionsMonthly": 59,
      "volumeUsdDaily": 2809.9613244013094,
      "volumeUsdWeekly": 2809.9613244013094,
      "volumeUsdMonthly": 2809.9613244013094,
      "logo": "https://matcha-image-proxy.api.0x.org/images/1399811149/MEFNBXixkEbait3xn9bkm8WsJzXtVsaJEn4c8Sam21u"
    },
    {
      "address": "0x2b72867c32cf673f7b02d208b26889fed353b1f8",
      "chainId": 56,
      "decimals": 8,
      "name": "Magic Square",
      "symbol": "SQR",
      "type": "ERC20",
      "hasLogo": true,
      "blockListsCount": 0,
      "exchangeListsCount": 0,
      "flagListsCount": 0,
      "importedListsCount": 1,
      "buyTax": 0,
      "sellTax": 0,
      "isInDex": true,
      "isHoneypot": false,
      "manualUnblock": false,
      "transactionsHourly": 1,
      "transactionsDaily": 3,
      "transactionsWeekly": 14,
      "transactionsMonthly": 49,
      "volumeUsdHourly": 0.29309942494743,
      "volumeUsdDaily": 23.31746447383248,
      "volumeUsdWeekly": 92.24906343834144,
      "volumeUsdMonthly": 438.15647563453086,
      "logo": "https://matcha-image-proxy.api.0x.org/images/56/0x2b72867c32cf673f7b02d208b26889fed353b1f8"
    },
    {
      "address": "0xc841b4ead3f70be99472ffdb88e5c3c7af6a481a",
      "chainId": 8453,
      "decimals": 18,
      "name": "$TRUST ME BROs by Virtuals",
      "symbol": "TRUST",
      "type": "ERC20",
      "hasLogo": true,
      "blockListsCount": 0,
      "exchangeListsCount": 0,
      "flagListsCount": 0,
      "importedListsCount": 1,
      "buyTax": 0,
      "sellTax": 0,
      "isInDex": true,
      "isHoneypot": false,
      "manualUnblock": false,
      "transactionsHourly": 1,
      "transactionsDaily": 2,
      "transactionsWeekly": 4,
      "transactionsMonthly": 41,
      "volumeUsdHourly": 4.00183915580779,
      "volumeUsdDaily": 264.8436867332858,
      "volumeUsdWeekly": 354.7474929665791,
      "volumeUsdMonthly": 5240.327307121011,
      "logo": "https://matcha-image-proxy.api.0x.org/images/8453/0xc841b4ead3f70be99472ffdb88e5c3c7af6a481a"
    }
  ],
  "searchTime": "2025-12-30T01:57:42.211Z",
  "error": null
}